Action,Transaction Date,Time,Ticker,Name,No. of shares,Price / share,Currency (Price / share),Exchange rate,Result of Sell,Currency (Result),Total (GBP),Currency (Total),Withholding tax,Currency (Withholding tax),Charge amount,Currency (Charge amount),Stamp duty reserve tax,Currency (Stamp duty reserve tax),Notes,ID,Unnamed: 22,Unnamed: 23,Unnamed: 24,Unnamed: 25,Unnamed: 26,Unnamed: 27
Deposit,2020-04-30,17:20:49,,,,,,,,,1000.0,GBP,,,1000,GBP,,,,71c8854b-7580-427e-a533-e8fba79e6db1,,,,,,
Market buy,2020-04-30,17:21:18,PBCT,People's United Financial,50.0,12.76,USD,1.25847,,GBP,506.96,GBP,,,,,,,,EOF194834082,,,,,,
Deposit,2020-05-04,10:43:01,,,,,,,,,9.35,GBP,,,9.35,GBP,,,Free Shares Promotion,e115471e-f0f2-46a9-a510-78e0ab283f2e,,,,,,
Market buy,2020-05-04,10:43:01,NG,National Grid,1.0,929.8,GBX,100,,GBP,9.34,GBP,,,,,0.05,GBP,,EOF197523693,,,,,,
Market buy,2020-05-04,15:39:01,T,AT&T,15.0,29.34,USD,1.24252,,GBP,354.19,GBP,,,,,,,,EOF198326960,,,,,,
Deposit,2020-05-11,17:17:25,,,,,,,,,500.0,GBP,,,500,GBP,,,Transaction ID: 1855892174452842,f853c15b-de57-4843-bf7b-5e7f279539cb,,,,,,
Market buy,2020-05-11,17:17:53,META,Meta Platforms,2.5,213.32,USD,1.23427,,GBP,432.07,GBP,,,,,,,,EOF206854492,,,,,,
Deposit,2020-05-18,17:55:13,,,,,,,,,500.0,GBP,,,500,GBP,,,Transaction ID: 4725898245125699,5860d694-a7da-4834-85c9-0ce5d22052c5,,,,,,
Market buy,2020-05-18,17:55:24,WELL,Welltower,15.0,44.68,USD,1.2196,,GBP,549.51,GBP,,,,,,,,EOF216691130,,,,,,
Deposit,2020-05-28,20:23:35,,,,,,,,,1000.0,GBP,,,1000,GBP,,,Transaction ID: 4525906974155480,c0a3b932-ea94-4b36-bfd8-14ec7eb2d1f4,,,,,,
Market buy,2020-05-29,13:30:16,META,Meta Platforms,2.5,225.42,USD,1.23391,,GBP,456.71,GBP,,,,,,,,EOF232674244,,,,,,
Market buy,2020-05-29,13:30:22,EXPE,Expedia,8.0,78.6,USD,1.23403,,GBP,509.55,GBP,,,,,,,,EOF232680118,,,,,,
Deposit,2020-06-02,20:19:54,,,,,,,,,320.0,GBP,,,320,GBP,,,Transaction ID: 1825911291937415,0acbaafe-ded4-4d91-a8ca-36145c40133b,,,,,,
Market buy,2020-06-03,13:31:06,NET,Cloudflare,20.0,30.55,USD,1.25616,,GBP,486.4,GBP,,,,,,,,EOF238824613,,,,,,
Deposit,2020-06-04,23:42:38,,,,,,,,,520.0,GBP,,,520,GBP,,,Transaction ID: 1335913141589738,415d741f-1b97-4f93-8318-90af4fff254b,,,,,,
Market buy,2020-06-05,13:32:00,AVGO,Broadcom,2.0,320.0,USD,1.26977,,GBP,504.03,GBP,,,,,,,,EOF244503313,,,,,,
Deposit,2020-06-30,13:24:00,,,,,,,,,6000.0,GBP,,,6000,GBP,,,Transaction ID: 4635935234404682,8899b423-c916-471e-a563-eddb61903212,,,,,,
Market buy,2020-06-30,13:31:08,GOOGL,Alphabet (Class A),1.0,1396.62,USD,1.23097,,GBP,1134.57,GBP,,,,,,,,EOF289215241,,,,,,
Market buy,2020-06-30,13:31:11,EXPE,Expedia,7.0,82.76,USD,1.23091,,GBP,470.64,GBP,,,,,,,,EOF289216554,,,,,,
Market buy,2020-06-30,13:31:36,QCOM,Qualcomm,15.0,89.23,USD,1.23096,,GBP,1087.32,GBP,,,,,,,,EOF289230573,,,,,,
Market buy,2020-06-30,13:32:22,META,Meta Platforms,3.0,219.94,USD,1.23101,,GBP,536.0,GBP,,,,,,,,EOF289255972,,,,,,
Market buy,2020-06-30,13:33:45,FSLY,Fastly,8.0,82.4,USD,1.23137,,GBP,535.33,GBP,,,,,,,,EOF289279890,,,,,,
Market buy,2020-06-30,13:35:03,NET,Cloudflare,18.0,35.43,USD,1.23113,,GBP,518.01,GBP,,,,,,,,EOF289295661,,,,,,
Market buy,2020-06-30,13:36:57,AVGO,Broadcom,4.0,310.46,USD,1.23226,,GBP,1007.77,GBP,,,,,,,,EOF289318595,,,,,,
Deposit,2020-06-30,13:52:17,,,,,,,,,1000.0,GBP,,,1000,GBP,,,,c8b71ddf-7334-4abf-9764-80997da838d5,,,,,,
Dividend (Ordinary),2020-07-01,09:02:28,AVGO,Broadcom,2.0,2.76,USD,Not available,,,4.46,GBP,0.98,USD,,,,,,,,,,,,
Deposit,2020-07-01,12:20:24,,,,,,,,,1000.0,GBP,,,1000,GBP,,,,fc5f30f8-ddb7-4f0c-a7e8-b83e91e4597f,,,,,,
Market buy,2020-07-01,13:30:35,META,Meta Platforms,4.0,228.57,USD,1.24134,,GBP,736.52,GBP,,,,,,,,EOF291610569,,,,,,
Market buy,2020-07-01,13:31:23,AAPL,Apple,2.0,365.09,USD,1.24158,,GBP,588.11,GBP,,,,,,,,EOF291640166,,,,,,
Market buy,2020-07-01,13:31:39,NET,Cloudflare,20.0,36.05,USD,1.24145,,GBP,580.77,GBP,,,,,,,,EOF291650703,,,,,,
Market buy,2020-07-01,13:31:54,FSLY,Fastly,8.0,84.01,USD,1.24158,,GBP,541.31,GBP,,,,,,,,EOF291658939,,,,,,
Market buy,2020-07-09,13:30:12,LVGO,Livongo,3.5,98.97,USD,1.2667,,GBP,273.46,GBP,,,,,,,,EOF305052094,,,,,,
Deposit,2020-07-31,12:57:00,,,,,,,,,1000.0,GBP,,,1000,GBP,,,Transaction ID: 1345962002199564,90e39be1-42ac-4aea-990a-07c6b12f8da0,,,,,,
Market buy,2020-07-31,13:30:16,LVGO,Livongo,5.0,126.57,USD,1.31455,,GBP,481.42,GBP,,,,,,,,EOF343980549,,,,,,
Market buy,2020-07-31,13:30:26,NFLX,Netflix,0.3,489.0,USD,1.31466,,GBP,111.59,GBP,,,,,,,,EOF343992225,,,,,,
Market buy,2020-07-31,13:31:01,AAPL,Apple,0.5,411.67,USD,1.31453,,GBP,156.58,GBP,,,,,,,,EOF344016745,,,,,,
Market buy,2020-07-31,13:31:42,QCOM,Qualcomm,2.0,105.77,USD,1.31444,,GBP,160.93,GBP,,,,,,,,EOF344044594,,,,,,
Market buy,2020-07-31,13:31:45,T,AT&T,5.0,29.5,USD,1.31447,,GBP,112.21,GBP,,,,,,,,EOF344046768,,,,,,
Dividend (Ordinary),2020-08-04,09:42:17,T,AT&T,15.0,0.44,USD,Not available,,,5.07,GBP,1.17,USD,,,,,,,,,,,,
Deposit,2020-08-12,21:43:27,,,,,,,,,250.0,GBP,,,250,GBP,,,Transaction ID: 1745972686063479,e542fc3e-598b-40a5-b2fa-526bfc96b83d,,,,,,
Market buy,2020-08-13,13:30:15,SEDG,SolarEdge Technologies,1.0,216.75,USD,1.31014,,GBP,165.44,GBP,,,,,,,,EOF371666003,,,,,,
Dividend (Ordinary),2020-08-14,13:17:32,AAPL,Apple,2.5,0.7,USD,Not available,,,1.33,GBP,0.31,USD,,,,,,,,,,,,
Dividend (Ordinary),2020-08-19,08:05:02,PBCT,People's United Financial,50.0,0.15,USD,Not available,,,5.77,GBP,1.35,USD,,,,,,,,,,,,
Market buy,2020-08-21,13:31:56,T,AT&T,4.0,29.72,USD,1.30977,,GBP,90.76,GBP,,,,,,,,EOF384536564,,,,,,
Dividend (Ordinary),2020-08-25,08:49:19,NG,National Grid,1.0,32.0,GBX,Not available,,,0.32,GBP,0.0,GBX,,,,,,,,,,,,
Dividend (Ordinary),2020-08-28,12:36:31,WELL,Welltower,15.0,0.52,USD,Not available,,,5.85,GBP,1.37,USD,,,,,,,,,,,,
Deposit,2020-08-28,16:20:08,,,,,,,,,1000.0,GBP,,,1000,GBP,,,Transaction ID: 1345986316070625,be96b29a-e313-4ad2-a753-196518887033,,,,,,
Market buy,2020-08-28,16:22:49,AVGO,Broadcom,1.0,340.52,USD,1.33481,,GBP,255.11,GBP,,,,,,,,EOF397943601,,,,,,
Market buy,2020-08-28,16:24:14,QCOM,Qualcomm,2.0,117.23,USD,1.3346,,GBP,175.68,GBP,,,,,,,,EOF397946537,,,,,,
Market buy,2020-08-28,16:25:32,GOOD,Gladstone Commercial,7.0,19.03,USD,1.33426,,GBP,99.84,GBP,,,,,,,,EOF397949411,,,,,,
Market buy,2020-08-28,16:28:33,SEDG,SolarEdge Technologies,1.0,220.44,USD,1.33413,,GBP,165.23,GBP,,,,,,,,EOF397955433,,,,,,
Market buy,2020-08-28,16:29:18,NFLX,Netflix,0.5,526.0,USD,1.33403,,GBP,197.15,GBP,,,,,,,,EOF397956877,,,,,,
Market buy,2020-08-28,16:29:21,T,AT&T,5.0,30.0,USD,1.33402,,GBP,112.44,GBP,,,,,,,,EOF397956964,,,,,,
Deposit,2020-09-15,14:03:41,,,,,,,,,391.0,GBP,,,391,GBP,,,Transaction ID: 4556001786212596,cba4f4c3-bd4c-4916-bfb6-2eeda27be23c,,,,,,
Market buy,2020-09-15,14:04:01,NEE,NextEra Energy,1.0,298.44,USD,1.28825,,GBP,231.66,GBP,,,,,,,,EOF429753347,,,,,,
Market buy,2020-09-15,14:05:30,SEDG,SolarEdge Technologies,1.0,197.5,USD,1.28886,,GBP,153.24,GBP,,,,,,,,EOF429764493,,,,,,
Deposit,2020-09-16,19:11:57,,,,,,,,,420.0,GBP,,,420,GBP,,,Transaction ID: 4736002835172875,6d0909eb-d76d-4adc-bb72-65c8e3d802d7,,,,,,
Market buy,2020-09-16,19:12:13,SNOW,Snowflake,2.0,266.0,USD,1.29553,,GBP,410.64,GBP,,,,,,,,EOF433697080,,,,,,
Dividend (Ordinary),2020-09-25,09:16:43,QCOM,Qualcomm,19.0,0.55,USD,Not available,,,8.23,GBP,1.85,USD,,,,,,,,,,,,
Deposit,2020-09-29,16:38:58,,,,,,,,,1000.0,GBP,,,1000,GBP,,,Transaction ID: 1656013975379966,d50cd46c-68d3-4e8a-bd60-637e566df8ed,,,,,,
Market buy,2020-09-29,16:44:22,QCOM,Qualcomm,2.0,118.17,USD,1.28502,,GBP,183.92,GBP,,,,,,,,EOF458662771,,,,,,
Market buy,2020-09-29,16:45:01,GOOD,Gladstone Commercial,10.0,16.87,USD,1.28504,,GBP,131.28,GBP,,,,,,,,EOF458664558,,,,,,
Market buy,2020-09-29,16:56:32,HASI,Hannon Armstrong Sustainable Infrastructure Capital,8.0,41.65,USD,1.28536,,GBP,259.2,GBP,,,,,,,,EOF458696847,,,,,,
Market buy,2020-09-29,16:58:28,GOOD,Gladstone Commercial,10.0,16.85,USD,1.28558,,GBP,131.07,GBP,,,,,,,,EOF458702633,,,,,,
Market buy,2020-09-29,17:09:30,NEE,NextEra Energy,1.0,283.32,USD,1.28463,,GBP,220.54,GBP,,,,,,,,EOF458733238,,,,,,
Market buy,2020-09-29,17:10:55,T,AT&T,4.0,28.17,USD,1.2847,,GBP,87.71,GBP,,,,,,,,EOF458736762,,,,,,
Dividend (Ordinary),2020-10-02,10:59:19,AVGO,Broadcom,7.0,2.76,USD,Not available,,,14.97,GBP,3.41,USD,,,,,,,,,,,,
Dividend (Ordinary),2020-10-02,13:01:47,GOOD,Gladstone Commercial,7.0,0.11,USD,Not available,,,0.58,GBP,0.13,USD,,,,,,,,,,,,
Deposit,2020-10-06,16:00:53,,,,,,,,,866.0,GBP,,,866,GBP,,,Transaction ID: 4546020000513459,a56988d2-aa17-4cd0-a8aa-0cd519b48366,,,,,,
Market buy,2020-10-06,16:02:49,STOR,STORE Capital,38.0,28.95,USD,1.29438,,GBP,849.9,GBP,,,,,,,,EOF472936374,,,,,,
Market buy,2020-10-08,13:30:10,CWEN,Clearway Energy,2.0,30.29,USD,1.2918,,GBP,46.9,GBP,,,,,,,,EOF477437618,,,,,,
Dividend (Ordinary),2020-10-13,09:09:44,HASI,Hannon Armstrong Sustainable Infrastructure Capital,8.0,0.29,USD,Not available,,,1.77,GBP,0.41,USD,,,,,,,,,,,,
Deposit,2020-10-15,14:20:02,,,,,,,,,926.0,GBP,,,926,GBP,,,Transaction ID: 1326027716022263,68aae0fd-8b3c-455e-8b71-435ea8a9e2f0,,,,,,
Deposit,2020-10-15,14:21:20,,,,,,,,,75.0,GBP,,,75,GBP,,,Transaction ID: 4626027716792502,e4c203cb-a90d-4cb9-803d-66a184cbbda1,,,,,,
Market buy,2020-10-15,14:21:45,AMT,American Tower,5.0,238.64,USD,1.29169,,GBP,923.74,GBP,,,,,,,,EOF491408291,,,,,,
Deposit,2020-10-22,17:03:56,,,,,,,,,1326.0,GBP,,,1326,GBP,,,Transaction ID: 6159033862359567,4ffbbf33-032c-40fd-9e2a-f634c6c34fab,,,,,,
Market buy,2020-10-22,17:04:20,DLR,Digital Realty Trust,11.0,152.84,USD,1.30918,,GBP,1284.18,GBP,,,,,,,,EOF503393340,,,,,,
Deposit,2020-10-28,16:02:05,,,,,,,,,1756.0,GBP,,,1756,GBP,,,Transaction ID: 6239039009246512,828b1f3a-6d67-4db9-93dc-0efe66c735f7,,,,,,
Market buy,2020-10-28,16:03:13,NKE,Nike,18.0,123.82,USD,1.29931,,GBP,1715.27,GBP,,,,,,,,EOF512565017,,,,,,
Deposit,2020-10-29,12:20:21,,,,,,,,,1100.0,GBP,,,1100,GBP,,,Transaction ID: 1856039740206547,5372ff2b-793a-4880-9416-559fbc1acdc9,,,,,,
Market buy,2020-10-29,13:37:28,PBCT,People's United Financial,30.0,10.39,USD,1.29264,,GBP,241.13,GBP,,,,,,,,EOF514069986,,,,,,
Market buy,2020-10-29,13:38:26,CWEN,Clearway Energy,10.0,28.05,USD,1.29293,,GBP,216.95,GBP,,,,,,,,EOF514077538,,,,,,
Market buy,2020-10-29,13:39:00,HASI,Hannon Armstrong Sustainable Infrastructure Capital,6.0,43.11,USD,1.29256,,GBP,200.11,GBP,,,,,,,,EOF514081768,,,,,,
Market buy,2020-10-29,13:39:26,NEE,NextEra Energy,4.0,73.58,USD,1.29199,,GBP,227.8,GBP,,,,,,,,EOF514085046,,,,,,
Market buy,2020-10-29,13:40:06,DLR,Digital Realty Trust,2.0,148.22,USD,1.29166,,GBP,229.5,GBP,,,,,,,,EOF514090135,,,,,,
Market buy,2020-10-29,13:40:42,PBCT,People's United Financial,10.0,10.39,USD,1.29096,,GBP,80.48,GBP,,,,,,,,EOF514095292,,,,,,
Deposit,2020-11-03,15:08:51,,,,,,,,,15.99,GBP,,,15.99,GBP,,,"Acquired by Teladoc Health, Inc.",def600c0-3956-41fb-b63a-e3889c22d95d,,,,,,
Dividend (Ordinary),2020-11-04,14:55:54,T,AT&T,33.0,0.44,USD,Not available,,,11.24,GBP,2.57,USD,,,,,,,,,,,,
Dividend (Return of capital non us),2020-11-04,15:56:16,LVGO,Livongo,8.5,7.09,USD,Not available,,,46.39,GBP,0.0,USD,,,,,,,,,,,,
Dividend (Ordinary),2020-11-04,16:23:14,GOOD,Gladstone Commercial,27.0,0.11,USD,Not available,,,2.21,GBP,0.51,USD,,,,,,,,,,,,
Deposit,2020-11-06,13:42:38,,,,,,,,,1328.0,GBP,,,1328,GBP,,,Transaction ID: 1549046701589244,046a7c89-ae4a-4e53-ba4c-e4b322646285,,,,,,
Market buy,2020-11-06,14:30:23,O,Realty Income,30.0,58.37,USD,1.3127,,GBP,1333.97,GBP,,,,,,,,EOF529362857,,,,,,
Market buy,2020-11-06,20:00:44,HASI,Hannon Armstrong Sustainable Infrastructure Capital,4.0,47.83,USD,1.31573,,GBP,145.41,GBP,,,,,,,,EOF531158916,,,,,,
Market buy,2020-11-06,20:02:03,NEE,NextEra Energy,6.0,75.6,USD,1.3157,,GBP,344.76,GBP,,,,,,,,EOF531162251,,,,,,
Market buy,2020-11-06,20:03:32,CWEN,Clearway Energy,15.0,29.51,USD,1.31542,,GBP,336.49,GBP,,,,,,,,EOF531165752,,,,,,
Deposit,2020-11-13,13:17:08,,,,,,,,,1333.0,GBP,,,1333,GBP,,,Transaction ID: 1859052734280946,4008b174-b03f-4b24-bd8b-66f1ee505ceb,,,,,,
Deposit,2020-11-13,13:19:59,,,,,,,,,100.0,GBP,,,100,GBP,,,Transaction ID: 4526052735996802,38e88940-4b30-4a14-a0cb-f9a94798da21,,,,,,
Market buy,2020-11-13,14:30:10,NEE,NextEra Energy,24.0,77.22,USD,1.31585,,GBP,1408.42,GBP,,,,,,,,EOF548467815,,,,,,
Deposit,2020-11-16,13:07:18,,,,,,,,,860.0,GBP,,,860,GBP,,,Transaction ID: 1749055320377251,bb06876d-37a7-4b7c-b2de-ac2beab15a08,,,,,,
Market buy,2020-11-16,14:30:56,SICP,Silvergate Capital,2.0,28.58,USD,1.31866,,GBP,43.35,GBP,,,,,,,,EOF552469086,,,,,,
Market buy,2020-11-16,14:30:58,SICP,Silvergate Capital,18.0,28.96,USD,1.31878,,GBP,395.27,GBP,,,,,,,,EOF552470432,,,,,,
Market buy,2020-11-16,14:31:02,HI,Hillenbrand,16.0,34.86,USD,1.31882,,GBP,422.92,GBP,,,,,,,,EOF552472510,,,,,,
Dividend (Ordinary),2020-11-17,13:03:36,AAPL,Apple,10.0,0.17,USD,Not available,,,1.31,GBP,0.31,USD,,,,,,,,,,,,
Dividend (Ordinary),2020-11-18,15:50:04,PBCT,People's United Financial,90.0,0.15,USD,Not available,,,10.35,GBP,2.43,USD,,,,,,,,,,,,
Deposit,2020-11-19,11:58:26,,,,,,,,,106.0,GBP,,,106,GBP,,,Transaction ID: 1326057871069494,7b6b148c-3480-4503-8fbb-98f5cc71f950,,,,,,
Market buy,2020-11-19,14:30:03,LTC,LTC Properties,4.0,37.24,USD,1.32072,,GBP,112.79,GBP,,,,,,,,EOF563237218,,,,,,
Deposit,2020-11-20,15:49:22,,,,,,,,,738.0,GBP,,,738,GBP,,,Transaction ID: 4336058873629501,60369888-3913-4bbe-9c8f-07f547e57304,,,,,,
Market buy,2020-11-20,15:56:52,WELL,Welltower,5.0,64.11,USD,1.32822,,GBP,241.34,GBP,,,,,,,,EOF567735761,,,,,,
Market buy,2020-11-20,15:57:27,STOR,STORE Capital,10.0,31.79,USD,1.32839,,GBP,239.31,GBP,,,,,,,,EOF567740720,,,,,,
Market buy,2020-11-20,15:58:00,SPG,Simon Property,4.0,79.8,USD,1.32842,,GBP,240.28,GBP,,,,,,,,EOF567745250,,,,,,
Market buy,2020-11-20,16:00:17,PBCT,People's United Financial,2.0,12.73,USD,1.32847,,GBP,19.16,GBP,,,,,,,,EOF567763362,,,,,,
Deposit,2020-11-24,12:55:44,,,,,,,,,1405.0,GBP,,,1405,GBP,,,Transaction ID: 6159062225436077,c6842872-4e16-412c-bfbc-8fb4b11b969e,,,,,,
Deposit,2020-11-24,12:57:11,,,,,,,,,25.0,GBP,,,25,GBP,,,Transaction ID: 1836062226311123,2a6973fe-4418-40b8-bca4-6cdc5745ee79,,,,,,
Market buy,2020-11-24,14:30:17,PETS,PetMed Express,1.0,30.18,USD,1.33099,,GBP,22.67,GBP,,,,,,,,EOF600207169,,,,,,
Market buy,2020-11-24,14:33:10,PETS,PetMed Express,64.0,30.18,USD,1.33094,,GBP,1451.23,GBP,,,,,,,,EOF600323062,,,,,,
Dividend (Ordinary),2020-11-25,10:16:34,WELL,Welltower,15.0,0.52,USD,Not available,,,5.83,GBP,1.37,USD,,,,,,,,,,,,
Deposit,2020-11-27,16:58:42,,,,,,,,,1000.0,GBP,,,1000,GBP,,,Transaction ID: 4656064963225541,c6d6b676-2b20-4d80-b6bc-bf98150dbf97,,,,,,
Market buy,2020-11-27,16:59:04,SEDG,SolarEdge Technologies,1.0,293.67,USD,1.33036,,GBP,220.74,GBP,,,,,,,,EOF610921538,,,,,,
Market buy,2020-11-27,17:02:08,DLR,Digital Realty Trust,2.0,135.96,USD,1.33075,,GBP,204.34,GBP,,,,,,,,EOF610938046,,,,,,
Market buy,2020-11-27,17:03:30,ABBV,AbbVie,2.0,104.98,USD,1.33055,,GBP,157.8,GBP,,,,,,,,EOF610945510,,,,,,
Market buy,2020-11-27,17:06:20,STOR,STORE Capital,10.0,33.38,USD,1.33019,,GBP,250.94,GBP,,,,,,,,EOF610958736,,,,,,
Market buy,2020-11-27,17:08:26,SICP,Silvergate Capital,4.0,33.04,USD,1.32991,,GBP,99.38,GBP,,,,,,,,EOF610968841,,,,,,
Market buy,2020-11-27,17:10:28,WELL,Welltower,2.0,64.69,USD,1.33021,,GBP,97.26,GBP,,,,,,,,EOF610979288,,,,,,
Deposit,2020-12-01,18:24:36,,,,,,,,,500.0,GBP,,,500,GBP,,,Transaction ID: 1636068470758960,150bed3e-7b83-445f-8a45-1f18698768e9,,,,,,
Market buy,2020-12-01,18:25:27,DLR,Digital Realty Trust,1.0,135.39,USD,1.34195,,GBP,100.89,GBP,,,,,,,,EOF620979035,,,,,,
Market buy,2020-12-01,18:25:53,STOR,STORE Capital,8.0,32.71,USD,1.34197,,GBP,195.0,GBP,,,,,,,,EOF620980708,,,,,,
Market buy,2020-12-01,18:26:48,ABBV,AbbVie,2.0,104.5,USD,1.34207,,GBP,155.73,GBP,,,,,,,,EOF620983943,,,,,,
Market sell,2020-12-02,08:00:36,NG,National Grid,1.0,854.2,GBX,100,-0.76,GBP,8.54,GBP,,,,,,,,EOF621805558,,,,,,
Dividend (Ordinary),2020-12-04,09:59:12,GOOD,Gladstone Commercial,27.0,0.11,USD,Not available,,,2.13,GBP,0.51,USD,,,,,,,,,,,,
Deposit,2020-12-04,16:50:33,,,,,,,,,200.0,GBP,,,200,GBP,,,Transaction ID: 4346071006334590,902fa2fc-6ee1-450d-bbe0-f62341205acb,,,,,,
Market buy,2020-12-04,16:50:46,SICP,Silvergate Capital,6.0,42.73,USD,1.34788,,GBP,190.21,GBP,,,,,,,,EOF630609783,,,,,,
Deposit,2020-12-09,15:28:15,,,,,,,,,250.0,GBP,,,250,GBP,,,Transaction ID: 1826075276950709,f59018a7-6ab9-4cd7-86f4-ba2fe054ac75,,,,,,
Market buy,2020-12-09,15:28:47,ABBV,AbbVie,2.0,108.59,USD,1.34198,,GBP,161.84,GBP,,,,,,,,EOF640938183,,,,,,
Market buy,2020-12-09,15:30:51,T,AT&T,5.0,31.49,USD,1.34172,,GBP,117.35,GBP,,,,,,,,EOF640938902,,,,,,
Deposit,2020-12-14,14:07:32,,,,,,,,,750.0,GBP,,,750,GBP,,,Transaction ID: 1659079548523718,97cba2c9-8aea-4e89-b699-457c8951f3a5,,,,,,
Market buy,2020-12-14,14:30:03,AWR,American States Water,1.0,78.05,USD,1.33805,,GBP,58.33,GBP,,,,,,,,EOF654586182,,,,,,
Market buy,2020-12-14,14:30:05,AWR,American States Water,3.0,78.05,USD,1.33781,,GBP,175.02,GBP,,,,,,,,EOF654586315,,,,,,
Market buy,2020-12-14,14:30:06,WM,Waste Management,2.0,116.32,USD,1.33792,,GBP,173.88,GBP,,,,,,,,EOF654586426,,,,,,
Market buy,2020-12-14,14:30:07,WM,Waste Management,1.0,116.32,USD,1.33792,,GBP,86.94,GBP,,,,,,,,EOF654586515,,,,,,
Market buy,2020-12-14,14:30:13,MRK,Merck & Co,3.0,82.8,USD,1.33789,,GBP,185.67,GBP,,,,,,,,EOF654587120,,,,,,
Market buy,2020-12-14,14:30:37,NLY,Annaly Capital Management,20.0,8.35,USD,1.33813,,GBP,124.8,GBP,,,,,,,,EOF654590799,,,,,,
Deposit,2020-12-18,11:10:11,,,,,,,,,1000.0,GBP,,,1000,GBP,,,Transaction ID: 1859082898101679,05787d4a-3c6b-4f4e-9f12-cd8f8ab1ef66,,,,,,
Market buy,2020-12-18,14:30:04,SICP,Silvergate Capital,15.0,52.41,USD,1.35094,,GBP,581.93,GBP,,,,,,,,EOF670013899,,,,,,
Market buy,2020-12-18,14:30:08,AMT,American Tower,1.0,223.01,USD,1.35093,,GBP,165.08,GBP,,,,,,,,EOF670014476,,,,,,
Market buy,2020-12-18,14:30:19,JNJ,Johnson & Johnson,2.0,153.75,USD,1.35087,,GBP,227.63,GBP,,,,,,,,EOF670015996,,,,,,
Dividend (Ordinary),2020-12-21,14:55:25,CWEN,Clearway Energy,27.0,0.27,USD,Not available,,,5.49,GBP,1.29,USD,,,,,,,,,,,,
Dividend (Ordinary),2020-12-22,09:41:08,QCOM,Qualcomm,21.0,0.55,USD,Not available,,,8.63,GBP,2.05,USD,,,,,,,,,,,,
Dividend (Ordinary),2020-12-22,14:27:52,NEE,NextEra Energy,42.0,0.3,USD,Not available,,,9.33,GBP,2.21,USD,,,,,,,,,,,,
Deposit,2020-12-22,16:24:24,,,,,,,,,230.0,GBP,,,230,GBP,,,Transaction ID: 1656086542649764,db238bf1-7cee-48ae-9d12-b2f2087ec712,,,,,,
Market buy,2020-12-22,16:24:42,SICP,Silvergate Capital,5.0,63.27,USD,1.33544,,GBP,236.88,GBP,,,,,,,,EOF688319518,,,,,,
Deposit,2020-12-23,12:11:40,,,,,,,,,250.0,GBP,,,250,GBP,,,Transaction ID: 1339087254996844,f029e763-0610-4206-99bd-44c9ddeb5db1,,,,,,
Market buy,2020-12-23,14:30:13,SICP,Silvergate Capital,5.0,70.44,USD,1.35263,,GBP,260.38,GBP,,,,,,,,EOF693661907,,,,,,
Market sell,2020-12-23,14:30:38,NFLX,Netflix,0.8,524.75,USD,1.35308,1.51,GBP,310.25,GBP,,,,,,,,EOF693666173,,,,,,
Market buy,2020-12-23,14:31:14,SICP,Silvergate Capital,6.0,70.52,USD,1.35245,,GBP,312.85,GBP,,,,,,,,EOF693676217,,,,,,
Dividend (Ordinary),2020-12-24,09:26:04,O,Realty Income,30.0,0.2,USD,Not available,,,4.39,GBP,1.05,USD,,,,,,,,,,,,
Dividend (Ordinary),2020-12-30,12:17:41,NKE,Nike,18.0,0.23,USD,Not available,,,3.09,GBP,0.74,USD,,,,,,,,,,,,
Market buy,2020-12-31,20:39:31,BTBT,Bit Digital,2.0,22.35,USD,1.36709,,GBP,32.7,GBP,,,,,,,,EOF731657257,,,,,,
Deposit,2021-01-04,14:25:40,,,,,,,,,500.0,GBP,,,500,GBP,,,,,Transaction ID: 1839097703393373,2069752c-51d7-4604-a5b2-d3d47b215fe1,,,,
Market buy,2021-01-04,14:31:00,RIOT,Riot Platforms,10.0,18.79,USD,1.36275,,GBP,137.88,GBP,,,,,,,,,,EOF738679570,,,,
Market buy,2021-01-04,14:34:04,BTBT,Bit Digital,10.0,26.69,USD,1.36192,,GBP,195.97,GBP,,,,,,,,,,EOF738760867,,,,
Market buy,2021-01-04,14:57:58,BTBT,Bit Digital,5.0,31.4,USD,1.36104,,GBP,115.35,GBP,,,,,,,,,,EOF740475646,,,,
Deposit,2021-01-08,15:40:55,,,,,,,,,300.0,GBP,,,300,GBP,,,,,Transaction ID: 1629101204542001,9817517e-36d1-417e-9820-7b24cc2b5d4f,,,,
Market buy,2021-01-08,15:41:15,RIOT,Riot Platforms,15.0,25.8,USD,1.35554,,GBP,285.5,GBP,,,,,,,,,,EOF793505784,,,,
Dividend (Ordinary),2021-01-11,15:49:16,AVGO,Broadcom,7.0,3.06,USD,Not available,,,15.88,GBP,3.78,USD,,,,,,,,,,,,
Dividend (Ordinary),2021-01-12,09:18:48,GOOD,Gladstone Commercial,27.0,0.11,USD,Not available,,,2.12,GBP,0.51,USD,,,,,,,,,,,,
Dividend (Ordinary),2021-01-12,09:19:59,HI,Hillenbrand,16.0,0.18,USD,Not available,,,2.15,GBP,0.52,USD,,,,,,,,,,,,
Dividend (Ordinary),2021-01-12,09:29:02,LTC,LTC Properties,4.0,0.16,USD,Not available,,,0.48,GBP,0.11,USD,,,,,,,,,,,,
Dividend (Ordinary),2021-01-13,16:04:39,HASI,Hannon Armstrong Sustainable Infrastructure Capital,18.0,0.29,USD,Not available,,,3.82,GBP,0.92,USD,,,,,,,,,,,,
Deposit,2021-01-14,15:56:43,,,,,,,,,200.0,GBP,,,200,GBP,,,,,Transaction ID: 4756106398038715,88650eb2-32ea-4a22-8b76-ea7c4ff2b2f7,,,,
Market buy,2021-01-14,15:57:23,CMCSA,Comcast,6.0,49.91,USD,1.36683,,GBP,219.09,GBP,,,,,,,,,,EOF831743514,,,,
Dividend (Ordinary),2021-01-19,09:58:49,DLR,Digital Realty Trust,16.0,0.95,USD,Not available,,,11.19,GBP,2.69,USD,,,,,,,,,,,,
Dividend (Ordinary),2021-01-19,10:56:43,O,Realty Income,30.0,0.2,USD,Not available,,,4.39,GBP,1.06,USD,,,,,,,,,,,,
Dividend (Ordinary),2021-01-19,11:12:11,STOR,STORE Capital,66.0,0.31,USD,Not available,,,14.82,GBP,3.56,USD,,,,,,,,,,,,
Market buy,2021-01-21,17:10:46,CMCSA,Comcast,2.0,48.86,USD,1.37166,,GBP,71.24,GBP,,,,,,,,,,EOF869271964,,,,
Dividend (Ordinary),2021-01-22,13:40:36,NG,National Grid,1.0,17.0,GBX,Not available,,,0.17,GBP,0.0,GBX,,,,,,,,,,,,
Deposit,2021-01-25,00:17:45,,,,,,,,,200.0,GBP,,,200,GBP,,,,,Transaction ID: 4846115338658138,529c002b-4f25-4259-8b69-6ed976417685,,,,
Market buy,2021-01-25,14:30:23,WTRG,Essential Utilities,1.0,45.34,USD,1.36803,,GBP,33.14,GBP,,,,,,,,,,EOF883232952,,,,
Market buy,2021-01-25,14:30:23,WTRG,Essential Utilities,1.0,45.34,USD,1.36803,,GBP,33.14,GBP,,,,,,,,,,EOF883232994,,,,
Market buy,2021-01-25,14:31:06,AMT,American Tower,1.0,224.0,USD,1.36834,,GBP,163.7,GBP,,,,,,,,,,EOF883241320,,,,
Dividend (Ordinary),2021-01-28,11:47:19,SPG,Simon Property,4.0,1.11,USD,Not available,,,3.23,GBP,0.78,USD,,,,,,,,,,,,
Deposit,2021-01-28,14:18:40,,,,,,,,,1000.0,GBP,,,1001.4,GBP,1.4,GBP,,,Transaction ID: 4756118435207419,c76d5c8e-3c01-4db0-9c58-0073747e6cbd,,,,
Market buy,2021-01-28,14:30:04,WELL,Welltower,6.0,60.54,USD,1.36887,,GBP,265.36,GBP,,,,,,,,,,EOF920032891,,,,
Market buy,2021-01-28,14:30:08,VZ,Verizon Communications,6.0,55.16,USD,1.36858,,GBP,241.83,GBP,,,,,,,,,,EOF920033839,,,,
Market buy,2021-01-28,14:30:22,HON,Honeywell International,1.0,201.0,USD,1.36818,,GBP,146.91,GBP,,,,,,,,,,EOF920037594,,,,
Market buy,2021-01-28,14:30:25,V,Visa,2.0,200.0,USD,1.36821,,GBP,292.35,GBP,,,,,,,,,,EOF920038339,,,,
Deposit,2021-02-01,14:08:20,,,,,,,,,500.0,GBP,,,503.5,GBP,3.5,GBP,,,Transaction ID: 1639121885003212,bb618a37-07ba-466f-8366-cc3c881f15a1,,,,
Market buy,2021-02-01,14:30:06,MDT,Medtronic,1.0,113.22,USD,1.36923,,GBP,82.69,GBP,,,,,,,,,,EOF943350849,,,,
Market buy,2021-02-01,14:30:24,ECL,Ecolab,2.0,207.86,USD,1.36923,,GBP,303.62,GBP,,,,,,,,,,EOF943355377,,,,
Market buy,2021-02-01,14:30:32,WM,Waste Management,2.0,112.0,USD,1.36924,,GBP,163.59,GBP,,,,,,,,,,EOF943358018,,,,
Withdrawal,2021-02-03,15:51:00,,,,,,,,,1.0,GBP,,,,,,,Sent to card *6926,068dd5be-a4ff-4540-a774-7bc748c21881,,,,,,
Dividend (Ordinary),2021-02-04,19:06:29,GOOD,Gladstone Commercial,27.0,0.11,USD,Not available,,,2.1,GBP,0.51,USD,,,,,,,,,,,,
Dividend (Ordinary),2021-02-04,19:20:10,LTC,LTC Properties,4.0,0.16,USD,Not available,,,0.47,GBP,0.11,USD,,,,,,,,,,,,
Dividend (Ordinary),2021-02-04,19:24:31,NLY,Annaly Capital Management,20.0,0.19,USD,Not available,,,2.74,GBP,0.66,USD,,,,,,,,,,,,
Deposit,2021-02-04,23:47:18,,,,,,,,,550.0,GBP,,,553.85,GBP,3.85,GBP,,,Transaction ID: 1539124824382714,9c16a016-922b-438d-aae2-c976298c8ce1,,,,
Dividend (Ordinary),2021-02-05,11:06:17,AMT,American Tower,6.0,1.03,USD,Not available,,,4.51,GBP,1.09,USD,,,,,,,,,,,,
Market buy,2021-02-05,14:30:22,SBNY,Signature Bank,4.0,179.0,USD,1.3713,,GBP,522.13,GBP,,,,,,,,,,EOF986837225,,,,
Dividend (Ordinary),2021-02-08,10:07:00,T,AT&T,38.0,0.44,USD,Not available,,,12.25,GBP,2.96,USD,,,,,,,,,,,,
Market sell,2021-02-10,14:30:08,BTBT,Bit Digital,17.0,24.6,USD,1.3863,-42.36,GBP,301.66,GBP,,,,,,,,,,EOF1021330814,,,,
Market buy,2021-02-10,14:59:25,SBNY,Signature Bank,2.0,216.02,USD,1.38431,,GBP,312.1,GBP,,,,,,,,,,EOF1024732150,,,,
Deposit,2021-02-12,14:32:33,,,,,,,,,150.0,GBP,,,151.05,GBP,1.05,GBP,,,Transaction ID: 1329131403535210,26281b37-358e-4acc-962d-49ded6b938c0,,,,
Deposit,2021-02-12,14:33:16,,,,,,,,,150.0,GBP,,,151.05,GBP,1.05,GBP,,,Transaction ID: 1729131403968375,a49fe949-88c9-4bf7-a4db-9e562e0d201f,,,,
Market buy,2021-02-12,14:33:31,SBNY,Signature Bank,1.0,213.58,USD,1.38018,,GBP,154.75,GBP,,,,,,,,,,EOF1042291151,,,,
Market buy,2021-02-12,17:30:57,SBNY,Signature Bank,1.0,213.39,USD,1.38574,,GBP,153.99,GBP,,,,,,,,,,EOF1045436638,,,,
Market sell,2021-02-16,14:30:13,META,Meta Platforms,12.0,270.11,USD,1.3891,172.04,GBP,2333.3,GBP,,,,,,,0.05,0,,EOF1053882126,,,GBP,GBP
Market buy,2021-02-16,14:33:11,RIOT,Riot Platforms,25.0,56.25,USD,1.38831,,GBP,1012.92,GBP,,,,,,,,,,EOF1053913243,,,,
Market buy,2021-02-16,14:35:02,SBNY,Signature Bank,6.0,218.01,USD,1.3887,,GBP,941.91,GBP,,,,,,,,,,EOF1053918806,,,,
Market buy,2021-02-16,14:36:26,RIOT,Riot Platforms,10.0,57.43,USD,1.38824,,GBP,413.69,GBP,,,,,,,,,,EOF1053922783,,,,
Deposit,2021-02-17,16:39:48,,,,,,,,,1.0,GBP,,,1,GBP,,,,,Bank Transfer,26f3d1bf-80c9-4705-b382-0bdf0a56073a,,,,
Dividend (Ordinary),2021-02-17,17:54:57,PETS,PetMed Express,65.0,0.24,USD,Not available,,,11.17,GBP,2.73,USD,,,,,,,,,,,,
Market buy,2021-02-17,19:02:57,NLY,Annaly Capital Management,5.0,8.36,USD,1.38588,,GBP,30.16,GBP,,,,,,,,,,EOF1070796281,,,,
Deposit,2021-02-17,16:02:28,,,,,,,,,19999.0,GBP,,,19999,GBP,,,Bank Transfer,691696d4-a448-43e3-ae39-2ec436754279,,,,,,
Deposit,2021-02-17,16:02:54,,,,,,,,,41099.25,GBP,,,41099.25,GBP,,,Bank Transfer,f3f3ec54-83fb-4136-adfc-be276bce037c,,,,,,
Market buy,2021-02-17,16:41:42,WM,Waste Management,10.0,112.57,USD,1.38444,,GBP,813.1,GBP,,,,,,,,EOF1069436952,,,,,,
Market buy,2021-02-17,16:41:54,DIS,Walt Disney,23.0,184.06,USD,1.38439,,GBP,3057.92,GBP,,,,,,,,EOF1069437097,,,,,,
Market buy,2021-02-17,16:42:21,MMM,3M,17.0,176.59,USD,1.38438,,GBP,2168.5,GBP,,,,,,,,EOF1069437364,,,,,,
Market buy,2021-02-17,16:42:53,V,Visa,7.0,207.25,USD,1.38439,,GBP,1047.93,GBP,,,,,,,,EOF1069437620,,,,,,
Market buy,2021-02-17,16:43:27,VZ,Verizon Communications,21.0,56.47,USD,1.38441,,GBP,856.58,GBP,,,,,,,,EOF1069437982,,,,,,
Market buy,2021-02-17,16:43:54,UNP,Union Pacific,8.0,210.13,USD,1.38432,,GBP,1214.34,GBP,,,,,,,,EOF1069438241,,,,,,
Market buy,2021-02-17,16:44:15,TGT,Target,22.0,190.75,USD,1.38375,,GBP,3032.68,GBP,,,,,,,,EOF1069438420,,,,,,
Market buy,2021-02-17,16:44:46,AOS,A O Smith,62.0,59.28,USD,1.38402,,GBP,2655.55,GBP,,,,,,,,EOF1069438630,,,,,,
Market buy,2021-02-17,16:45:50,SPG,Simon Property,20.0,107.65,USD,1.38373,,GBP,1555.94,GBP,,,,,,,,EOF1069439127,,,,,,
Market buy,2021-02-17,16:47:16,STX,Seagate Technology,25.0,70.71,USD,1.38366,,GBP,1277.55,GBP,,,,,,,,EOF1069439818,,,,,,
Market buy,2021-02-17,16:47:45,O,Realty Income,25.0,61.93,USD,1.38341,,GBP,1119.06,GBP,,,,,,,,EOF1069440298,,,,,,
Market buy,2021-02-17,16:48:08,QCOM,Qualcomm,2.0,143.76,USD,1.3832,,GBP,207.86,GBP,,,,,,,,EOF1069440645,,,,,,
Market buy,2021-02-17,16:48:36,PSA,Public Storage,7.0,233.24,USD,1.38327,,GBP,1180.3,GBP,,,,,,,,EOF1069441221,,,,,,
Market buy,2021-02-17,16:49:01,PETS,PetMed Express,36.0,36.42,USD,1.38337,,GBP,947.77,GBP,,,,,,,,EOF1069441383,,,,,,
Market buy,2021-02-17,16:49:29,PBCT,People's United Financial,47.0,15.53,USD,1.38347,,GBP,527.59,GBP,,,,,,,,EOF1069441573,,,,,,
Market buy,2021-02-17,16:50:00,OHI,Omega Healthcare Investors,16.0,37.08,USD,1.38334,,GBP,428.88,GBP,,,,,,,,EOF1069441771,,,,,,
Market buy,2021-02-17,16:50:25,NYMT,New York Mortgage Trust,286.0,3.99,USD,1.38331,,GBP,823.9,GBP,,,,,,,,EOF1069441971,,,,,,
Market buy,2021-02-17,16:50:53,RITM,Rithm Capital,100.0,9.85,USD,1.38328,,GBP,712.07,GBP,,,,,,,,EOF1069442176,,,,,,
Market buy,2021-02-17,16:50:53,RITM,Rithm Capital,60.0,9.85,USD,1.38328,,GBP,427.24,GBP,,,,,,,,EOF1069442180,,,,,,
Market buy,2021-02-17,16:51:19,MRK,Merck & Co,16.0,75.84,USD,1.38361,,GBP,877.0,GBP,,,,,,,,EOF1069442358,,,,,,
Market buy,2021-02-17,16:51:43,MDT,Medtronic,13.0,118.54,USD,1.38366,,GBP,1113.73,GBP,,,,,,,,EOF1069442614,,,,,,
Market buy,2021-02-17,16:52:07,LTC,LTC Properties,27.0,41.71,USD,1.38361,,GBP,813.94,GBP,,,,,,,,EOF1069442794,,,,,,
Market buy,2021-02-17,16:52:30,JNJ,Johnson & Johnson,7.0,165.94,USD,1.38367,,GBP,839.49,GBP,,,,,,,,EOF1069443035,,,,,,
Market buy,2021-02-17,16:52:57,ICE,Intercontinental Exchange,15.0,112.07,USD,1.38397,,GBP,1214.65,GBP,,,,,,,,EOF1069443200,,,,,,
Market buy,2021-02-17,16:53:26,HON,Honeywell International,7.0,202.01,USD,1.38402,,GBP,1021.71,GBP,,,,,,,,EOF1069443616,,,,,,
Market buy,2021-02-17,16:53:53,HD,Home Depot,12.0,279.0,USD,1.3841,,GBP,2418.87,GBP,,,,,,,,EOF1069443888,,,,,,
Market buy,2021-02-17,16:54:22,HI,Hillenbrand,63.0,43.92,USD,1.38414,,GBP,1999.05,GBP,,,,,,,,EOF1069444030,,,,,,
Market buy,2021-02-17,16:54:45,HASI,Hannon Armstrong Sustainable Infrastructure Capital,45.0,60.33,USD,1.38414,,GBP,1961.4,GBP,,,,,,,,EOF1069444252,,,,,,
Market buy,2021-02-17,16:55:20,GOOD,Gladstone Commercial,129.0,19.74,USD,1.38418,,GBP,1839.69,GBP,,,,,,,,EOF1069444544,,,,,,
Market buy,2021-02-17,16:55:41,EXR,Extra Space Storage,15.0,118.23,USD,1.38408,,GBP,1281.31,GBP,,,,,,,,EOF1069444684,,,,,,
Market buy,2021-02-17,16:56:02,WTRG,Essential Utilities,30.0,45.4,USD,1.38396,,GBP,984.13,GBP,,,,,,,,EOF1069444812,,,,,,
Market buy,2021-02-17,16:56:21,ECL,Ecolab,7.0,208.25,USD,1.38407,,GBP,1053.23,GBP,,,,,,,,EOF1069444969,,,,,,
Market buy,2021-02-17,16:56:44,CVS,CVS Health,21.0,72.16,USD,1.38393,,GBP,1094.88,GBP,,,,,,,,EOF1069445100,,,,,,
Market buy,2021-02-17,16:57:03,COST,Costco Wholesale,5.0,354.32,USD,1.38412,,GBP,1279.95,GBP,,,,,,,,EOF1069445233,,,,,,
Market buy,2021-02-17,16:57:24,CMCSA,Comcast,22.0,52.88,USD,1.38411,,GBP,840.51,GBP,,,,,,,,EOF1069445407,,,,,,
Market buy,2021-02-17,16:57:53,CWEN,Clearway Energy,75.0,31.68,USD,1.38403,,GBP,1716.73,GBP,,,,,,,,EOF1069445629,,,,,,
Market buy,2021-02-17,16:58:11,CAT,Caterpillar,21.0,201.05,USD,1.38431,,GBP,3049.91,GBP,,,,,,,,EOF1069445753,,,,,,
Market buy,2021-02-17,16:58:31,AVGO,Broadcom,2.0,477.05,USD,1.38435,,GBP,689.2,GBP,,,,,,,,EOF1069445901,,,,,,
Market buy,2021-02-17,16:58:51,BYND,Beyond Meat,20.0,168.07,USD,1.38425,,GBP,2428.32,GBP,,,,,,,,EOF1069446028,,,,,,
Market buy,2021-02-17,16:59:16,T,AT&T,40.0,29.41,USD,1.38413,,GBP,849.91,GBP,,,,,,,,EOF1069446153,,,,,,
Market buy,2021-02-17,16:59:36,AAPL,Apple,20.0,130.22,USD,1.38435,,GBP,1881.32,GBP,,,,,,,,EOF1069446262,,,,,,
Market buy,2021-02-17,17:00:03,NLY,Annaly Capital Management,110.0,8.35,USD,1.3845,,GBP,663.42,GBP,,,,,,,,EOF1069446455,,,,,,
Market buy,2021-02-17,17:00:16,AWR,American States Water,15.0,78.26,USD,1.38442,,GBP,847.93,GBP,,,,,,,,EOF1069446528,,,,,,
Market buy,2021-02-17,17:00:34,ABBV,AbbVie,10.0,106.44,USD,1.3845,,GBP,768.79,GBP,,,,,,,,EOF1069446767,,,,,,
Market buy,2021-02-17,17:00:34,ABBV,AbbVie,6.0,106.44,USD,1.3845,,GBP,461.28,GBP,,,,,,,,EOF1069446769,,,,,,
Market buy,2021-02-17,17:01:17,UBER,Uber Technologies,27.0,59.77,USD,1.38448,,GBP,1165.62,GBP,,,,,,,,EOF1069447045,,,,,,
Market buy,2021-02-17,17:02:02,WORK,Slack,15.0,43.21,USD,1.3842,,GBP,468.25,GBP,,,,,,,,EOF1069447306,,,,,,
Market buy,2021-02-17,17:02:43,CRON,Cronos,45.0,12.32,USD,1.38444,,GBP,400.45,GBP,,,,,,,,EOF1069447538,,,,,,
Market sell,2021-02-17,17:06:07,CRON,Cronos,45.0,12.3,USD,1.38504,-0.83,GBP,399.62,GBP,,,,,,,,EOF1069448829,,,,,,
Market buy,2021-02-17,17:06:27,RIOT,Riot Platforms,10.0,67.48,USD,1.38484,,GBP,487.27,GBP,,,,,,,,EOF1069448999,,,,,,
Market buy,2021-02-17,17:07:20,SBNY,Signature Bank,5.0,210.76,USD,1.38492,,GBP,760.9,GBP,,,,,,,,EOF1069449307,,,,,,
Market buy,2021-02-17,17:07:58,RIOT,Riot Platforms,3.0,67.49,USD,1.38497,,GBP,146.19,GBP,,,,,,,,EOF1069449925,,,,,,
Market sell,2021-02-18,14:30:09,WORK,Slack,15.0,43.18,USD,1.39609,-4.31,GBP,463.94,GBP,,,,,,,,EOF1076346440,,,,,,
Market buy,2021-02-18,17:30:37,OHI,Omega Healthcare Investors,17.0,36.83,USD,1.39533,,GBP,448.72,GBP,,,,,,,,EOF1078873149,,,,,,
Dividend (Ordinary),2021-02-19,09:06:44,AAPL,Apple,10.0,0.17,USD,Not available,,,1.24,GBP,0.31,USD,,,,,,,,,,,,
Dividend (Ordinary),2021-02-19,09:10:49,AAPL,Apple,10.0,0.17,USD,Not available,,,1.24,GBP,0.31,USD,,,,,,,,,,,,
Dividend (Ordinary),2021-02-19,09:14:52,AAPL,Apple,10.0,0.17,USD,Not available,,,1.24,GBP,0.31,USD,,,,,,,,,,,,
Withdrawal,2021-02-19,10:17:35,,,,,,,,,2.48,GBP,,,,,,,,,Apple Inc. - Dividend Correction due to wrongfully distribution,85fd3d98-a45b-4155-b388-b39261bc49ea,,,,
Market sell,2021-02-19,14:30:05,UBER,Uber Technologies,27.0,58.35,USD,1.40152,-41.52,GBP,1124.08,GBP,,,,,0.02,0,,EOF1083345257,,,GBP,GBP,,
Market buy,2021-02-19,15:08:10,SCI,Service Corp International,30.0,48.8,USD,1.40138,,GBP,1044.64,GBP,,,,,,,,EOF1085360748,,,,,,
Market buy,2021-02-19,15:09:04,SCI,Service Corp International,3.0,48.79,USD,1.40151,,GBP,104.44,GBP,,,,,,,,EOF1085361480,,,,,,
Market sell,2021-02-22,14:30:14,SNOW,Snowflake,2.0,286.0,USD,1.40359,-3.11,GBP,407.53,GBP,,,,,,,,,,EOF1092634649,,,,
Market buy,2021-02-22,15:06:54,RIOT,Riot Platforms,8.0,67.63,USD,1.40456,,GBP,385.2,GBP,,,,,,,,,,EOF1093859441,,,,
Dividend (Ordinary),2021-02-23,12:39:16,PBCT,People's United Financial,92.0,0.15,USD,Not available,,,10.0,GBP,2.48,USD,,,,,,,,,,,,
Dividend (Ordinary),2021-02-23,12:44:14,ABBV,AbbVie,6.0,1.11,USD,Not available,,,4.71,GBP,1.17,USD,,,,,,,,,,,,
Dividend (Ordinary),2021-02-23,15:31:55,O,Realty Income,30.0,0.2,USD,Not available,,,4.24,GBP,1.06,USD,,,,,,,,,,,,
Market buy,2021-02-23,19:54:09,NYMT,New York Mortgage Trust,15.0,4.11,USD,1.4107,,GBP,43.7,GBP,,,,,,,,,,EOF1104428934,,,,
Deposit,2021-02-24,16:12:11,,,,,,,,,200.0,GBP,,,201.4,GBP,1.4,GBP,,,Transaction ID: 4536141831311376,7e06ff30-6fdc-49de-9b7b-5c1233172b3e,,,,
Market buy,2021-02-24,16:13:16,NYMT,New York Mortgage Trust,35.0,4.29,USD,1.41003,,GBP,106.49,GBP,,,,,,,,,,EOF1108415553,,,,
Market buy,2021-02-24,16:18:42,NLY,Annaly Capital Management,15.0,8.51,USD,1.40941,,GBP,90.57,GBP,,,,,,,,,,EOF1108417865,,,,
Deposit,2021-02-25,12:22:21,,,,,,,,,1000.0,GBP,,,1000,GBP,,,,,Transaction ID: 63554ff6-41c2-4c28-93f7-b8f501338f58,81207ab2-9853-4215-8cd5-399eaf596683,,,,
Market buy,2021-02-25,14:30:03,LTC,LTC Properties,8.0,42.38,USD,1.41576,,GBP,239.48,GBP,,,,,,,,,,EOF1112393022,,,,
Market buy,2021-02-25,14:30:15,NLY,Annaly Capital Management,40.0,8.56,USD,1.41602,,GBP,241.8,GBP,,,,,,,,,,EOF1112397050,,,,
Market buy,2021-02-26,14:30:02,WTRG,Essential Utilities,2.0,43.32,USD,1.39697,,GBP,62.02,GBP,,,,,,,,,,EOF1118742825,,,,
Market buy,2021-02-26,14:30:02,WTRG,Essential Utilities,8.0,43.32,USD,1.39697,,GBP,248.08,GBP,,,,,,,,,,EOF1118742854,,,,
Market buy,2021-02-26,14:30:03,AWR,American States Water,3.0,74.81,USD,1.39706,,GBP,160.64,GBP,,,,,,,,,,EOF1118743319,,,,
Market buy,2021-02-26,14:30:03,AWR,American States Water,1.0,74.81,USD,1.39706,,GBP,53.55,GBP,,,,,,,,,,EOF1118743325,,,,
Deposit,2021-03-01,10:57:33,,,,,,,,,500.0,GBP,,,500,GBP,,,,,Transaction ID: 585b3c45-1009-4ffc-8e2a-96a4c451d2f9,2326c270-12ae-4c39-bd54-76b3d04ba0c3,,,,
Market buy,2021-03-01,14:30:44,JNJ,Johnson & Johnson,2.0,161.06,USD,1.39326,,GBP,231.2,GBP,,,,,,,,,,EOF1125800139,,,,
Market buy,2021-03-01,14:30:46,MRK,Merck & Co,5.0,73.11,USD,1.39338,,GBP,262.35,GBP,,,,,,,,,,EOF1125801346,,,,
Dividend (Ordinary),2021-03-08,18:24:38,GOOD,Gladstone Commercial,27.0,0.11,USD,Not available,,,2.08,GBP,0.51,USD,,,,,,,,,,,,
Dividend (Ordinary),2021-03-08,18:39:20,WELL,Welltower,28.0,0.52,USD,Not available,,,10.49,GBP,2.56,USD,,,,,,,,,,,,
Dividend (Ordinary),2021-03-08,19:07:27,LTC,LTC Properties,4.0,0.16,USD,Not available,,,0.47,GBP,0.11,USD,,,,,,,,,,,,
Dividend (Ordinary),2021-03-09,14:21:02,V,Visa,2.0,0.27,USD,Not available,,,0.39,GBP,0.1,USD,,,,,,,,,,,,
Dividend (Ordinary),2021-03-09,15:02:44,WTRG,Essential Utilities,2.0,0.21,USD,Not available,,,0.31,GBP,0.08,USD,,,,,,,,,,,,
Market buy,2021-03-10,16:43:57,NLY,Annaly Capital Management,3.0,8.61,USD,1.38865,,GBP,18.6,GBP,,,,,,,,,,EOF1168249994,,,,
Dividend (Ordinary),2021-03-12,19:20:13,AWR,American States Water,4.0,0.28,USD,Not available,,,0.82,GBP,0.2,USD,,,,,,,,,,,,
Dividend (Ordinary),2021-03-16,09:55:13,JNJ,Johnson & Johnson,2.0,0.86,USD,Not available,,,1.24,GBP,0.3,USD,,,,,,,,,,,,
Dividend (Ordinary),2021-03-16,09:55:13,JNJ,Johnson & Johnson,7.0,0.86,USD,Not available,,,4.35,GBP,1.06,USD,,,,,,,,,,,,
Dividend (Ordinary),2021-03-17,14:46:41,HON,Honeywell International,1.0,0.79,USD,Not available,,,0.57,GBP,0.14,USD,,,,,,,,,,,,
Dividend (Ordinary),2021-03-17,15:07:56,CWEN,Clearway Energy,27.0,0.28,USD,Not available,,,5.36,GBP,1.31,USD,,,,,,,,,,,,
Dividend (Ordinary),2021-03-17,14:46:41,HON,Honeywell International,7.0,0.79,USD,Not available,,,3.98,GBP,0.98,USD,,,,,,,,,,,,
Dividend (Ordinary),2021-03-17,15:07:56,CWEN,Clearway Energy,75.0,0.28,USD,Not available,,,14.88,GBP,3.65,USD,,,,,,,,,,,,
Dividend (Ordinary),2021-03-18,14:34:19,NEE,NextEra Energy,42.0,0.33,USD,Not available,,,9.87,GBP,2.43,USD,,,,,,,,,,,,
Dividend (Ordinary),2021-03-18,14:54:34,O,Realty Income,30.0,0.2,USD,Not available,,,4.29,GBP,1.06,USD,,,,,,,,,,,,
Dividend (Ordinary),2021-03-18,14:54:34,O,Realty Income,25.0,0.2,USD,Not available,,,3.58,GBP,0.88,USD,,,,,,,,,,,,
Deposit,2021-03-19,21:01:27,,,,,,,,,100.0,GBP,,,100,GBP,,,,,Transaction ID: 02dfb45d-150f-42f8-afd4-0fafed39c571,a231b638-0b4e-4ee3-8a86-4cd614e0a966,,,,
Market buy,2021-03-22,13:30:13,VZ,Verizon Communications,2.0,55.99,USD,1.38296,,GBP,80.97,GBP,,,,,,,,,,EOF1219808296,,,,
Deposit,2021-03-25,14:59:13,,,,,,,,,200.0,GBP,,,200,GBP,,,,,Transaction ID: 5150cf48-d536-4d85-b514-4138563badcb,b18adfc8-8735-40fc-af2e-fd9a7ca25095,,,,
Market buy,2021-03-25,18:29:50,CVS,CVS Health,4.0,73.72,USD,1.37348,,GBP,214.69,GBP,,,,,,,,,,EOF1232962309,,,,
Dividend (Ordinary),2021-03-29,11:36:26,QCOM,Qualcomm,21.0,0.55,USD,Not available,,,8.38,GBP,2.05,USD,,,,,,,,,,,,
Dividend (Ordinary),2021-03-29,15:37:14,WM,Waste Management,5.0,0.49,USD,Not available,,,1.77,GBP,0.43,USD,,,,,,,,,,,,
Dividend (Ordinary),2021-03-29,10:57:13,HD,Home Depot,12.0,1.4,USD,Not available,,,12.17,GBP,2.97,USD,,,,,,,,,,,,
Dividend (Ordinary),2021-03-29,11:36:26,QCOM,Qualcomm,2.0,0.55,USD,Not available,,,0.8,GBP,0.2,USD,,,,,,,,,,,,
Market buy,2021-03-29,13:30:52,LTC,LTC Properties,1.0,42.93,USD,1.38299,,GBP,31.04,GBP,,,,,,,,EOF1239718482,,,,,,
Dividend (Ordinary),2021-03-29,15:37:14,WM,Waste Management,10.0,0.49,USD,Not available,,,3.54,GBP,0.86,USD,,,,,,,,,,,,
Deposit,2021-03-30,14:09:37,,,,,,,,,1000.0,GBP,,,1000,GBP,,,,,Transaction ID: d7d387b8-02ea-4d9f-9237-61e5adb6b916,ea4478cd-95cd-4a79-a4ff-5e2b035d36c5,,,,
Market buy,2021-03-30,14:53:47,AMT,American Tower,1.0,237.64,USD,1.37154,,GBP,173.26,GBP,,,,,,,,,,EOF1242764390,,,,
Market buy,2021-03-30,14:56:12,CMCSA,Comcast,6.0,54.69,USD,1.37086,,GBP,239.37,GBP,,,,,,,,,,EOF1242764947,,,,
Market buy,2021-03-30,15:00:44,MDT,Medtronic,2.0,118.96,USD,1.37106,,GBP,173.53,GBP,,,,,,,,,,EOF1242765998,,,,
Market buy,2021-03-30,15:09:48,ICE,Intercontinental Exchange,3.0,111.94,USD,1.37187,,GBP,244.79,GBP,,,,,,,,,,EOF1243918554,,,,
Market buy,2021-03-30,15:13:27,VZ,Verizon Communications,4.0,58.32,USD,1.37185,,GBP,170.05,GBP,,,,,,,,,,EOF1243919341,,,,
Market buy,2021-03-30,15:16:53,SCI,Service Corp International,1.0,51.34,USD,1.37188,,GBP,37.42,GBP,,,,,,,,,,EOF1243920159,,,,
Market buy,2021-03-30,15:04:54,NYMT,New York Mortgage Trust,7.0,4.51,USD,1.37161,,GBP,23.02,GBP,,,,,,,,EOF1243253944,,,,,,
Dividend (Ordinary),2021-04-02,10:30:04,LTC,LTC Properties,12.0,0.16,USD,Not available,,,1.4,GBP,0.34,USD,,,,,,,,,,,,
Dividend (Ordinary),2021-04-02,08:51:40,UNP,Union Pacific,8.0,0.82,USD,Not available,,,4.77,GBP,1.16,USD,,,,,,,,,,,,
Dividend (Ordinary),2021-04-02,09:49:32,SCI,Service Corp International,33.0,0.18,USD,Not available,,,4.26,GBP,1.04,USD,,,,,,,,,,,,
Dividend (Ordinary),2021-04-02,09:54:43,PSA,Public Storage,7.0,1.7,USD,Not available,,,8.6,GBP,2.1,USD,,,,,,,,,,,,
Dividend (Ordinary),2021-04-02,10:30:04,LTC,LTC Properties,27.0,0.16,USD,Not available,,,3.15,GBP,0.77,USD,,,,,,,,,,,,
Dividend (Ordinary),2021-04-05,14:28:38,HI,Hillenbrand,16.0,0.18,USD,Not available,,,2.1,GBP,0.52,USD,,,,,,,,,,,,
Dividend (Ordinary),2021-04-05,14:33:57,GOOD,Gladstone Commercial,27.0,0.11,USD,Not available,,,2.07,GBP,0.51,USD,,,,,,,,,,,,
Dividend (Ordinary),2021-04-05,14:24:14,ICE,Intercontinental Exchange,15.0,0.28,USD,Not available,,,3.03,GBP,0.74,USD,,,,,,,,,,,,
Dividend (Ordinary),2021-04-05,14:28:38,HI,Hillenbrand,63.0,0.18,USD,Not available,,,8.28,GBP,2.03,USD,,,,,,,,,,,,
Dividend (Ordinary),2021-04-05,14:33:57,GOOD,Gladstone Commercial,129.0,0.11,USD,Not available,,,9.87,GBP,2.42,USD,,,,,,,,,,,,
Market buy,2021-04-05,18:58:40,LTC,LTC Properties,1.0,42.95,USD,1.39015,,GBP,30.95,GBP,,,,,,,,EOF1257669402,0.05,GBP,,,,
Market buy,2021-04-05,19:03:31,NYMT,New York Mortgage Trust,4.0,4.52,USD,1.39021,,GBP,13.03,GBP,,,,,,,,EOF1257670320,0.02,GBP,,,,
Market sell,2021-04-06,13:30:29,ABBV,AbbVie,6.0,105.49,USD,1.38443,-18.19,GBP,456.5,GBP,,,,,,,,,,EOF1259776332,0.68,GBP,,
Withdrawal,2021-04-06,13:47:43,,,,,,,,,466.0,GBP,,,,,,,,,,8eb5132f-bbfc-4c0d-b640-b729126ee916,,,,
Dividend (Ordinary),2021-04-06,14:11:59,NKE,Nike,18.0,0.23,USD,Not available,,,3.04,GBP,0.74,USD,,,,,,,,,,,,
Dividend (Ordinary),2021-04-06,14:17:16,DLR,Digital Realty Trust,16.0,0.99,USD,Not available,,,11.39,GBP,2.78,USD,,,,,,,,,,,,
Dividend (Ordinary),2021-04-06,14:40:54,AVGO,Broadcom,7.0,3.06,USD,Not available,,,15.47,GBP,3.78,USD,,,,,,,,,,,,
Deposit,2021-04-06,12:40:44,,,,,,,,,500.0,GBP,,,500,GBP,,,Transaction ID: 312645fa-81f2-46d0-8268-01f03aef6cd7,3538bec2-f017-4f66-b44e-c3c0a8fdc4f9,,,,,,
Market buy,2021-04-06,13:30:03,SCI,Service Corp International,1.0,51.9,USD,1.38378,,GBP,37.57,GBP,,,,,,,,EOF1259113050,0.06,GBP,,,,
Market buy,2021-04-06,13:30:04,V,Visa,1.0,217.69,USD,1.38379,,GBP,157.55,GBP,,,,,,,,EOF1259113259,0.24,GBP,,,,
Market buy,2021-04-06,13:30:23,AWR,American States Water,5.0,76.69,USD,1.38407,,GBP,277.46,GBP,,,,,,,,EOF1259971014,0.42,GBP,,,,
Deposit,2021-04-06,13:47:43,,,,,,,,,466.0,GBP,,,466,GBP,,,,361e32c9-d963-4d75-95ba-f7a110d56251,,,,,,
Market buy,2021-04-06,13:48:51,ABBV,AbbVie,6.0,105.79,USD,1.38509,,GBP,458.95,GBP,,,,,,,,EOF1259992725,0.69,GBP,,,,
Market buy,2021-04-06,13:51:01,NYMT,New York Mortgage Trust,10.0,4.55,USD,1.38475,,GBP,32.91,GBP,,,,,,,,EOF1259994664,0.05,GBP,,,,
Dividend (Ordinary),2021-04-06,14:08:27,EXR,Extra Space Storage,15.0,0.85,USD,Not available,,,9.21,GBP,2.25,USD,,,,,,,,,,,,
Dividend (Ordinary),2021-04-06,14:40:54,AVGO,Broadcom,2.0,3.06,USD,Not available,,,4.42,GBP,1.08,USD,,,,,,,,,,,,
Market sell,2021-04-07,13:30:03,AMT,American Tower,8.0,243.34,USD,1.37599,-10.98,GBP,1414.77,GBP,,,,,,,0.03,0,,EOF1264254752,,,GBP,GBP
Withdrawal,2021-04-07,13:53:08,,,,,,,,,1440.0,GBP,,,,,,,,,,91e12be8-a00c-4b67-b406-96038c68a881,,,,
Deposit,2021-04-07,13:53:08,,,,,,,,,1440.0,GBP,,,1440,GBP,,,,c02080a4-64c2-43f4-a8b0-4b8dd496e6ae,,,,,,
Market buy,2021-04-07,13:53:53,AMT,American Tower,7.0,244.33,USD,1.37322,,GBP,1247.34,GBP,,,,,,,,EOF1264977690,1.87,GBP,,,,
Market buy,2021-04-07,13:54:07,AMT,American Tower,1.0,244.26,USD,1.37316,,GBP,178.15,GBP,,,,,,,,EOF1264977762,0.27,GBP,,,,
Market sell,2021-04-08,14:12:40,AWR,American States Water,8.0,77.06,USD,1.37653,0.31,GBP,447.85,GBP,,,,,,,,,,EOF1268618236,,,,
Withdrawal,2021-04-08,14:13:30,,,,,,,,,446.0,GBP,,,,,,,,,,969987e1-6433-4dd8-81a1-d306518291cf,,,,
Market sell,2021-04-08,14:15:37,SCI,Service Corp International,1.0,51.18,USD,1.3762,-0.23,GBP,37.19,GBP,,,,,,,,0,,EOF1268619688,,,,GBP
Withdrawal,2021-04-08,14:16:04,,,,,,,,,37.0,GBP,,,,,,,,,,1b9b6296-8c09-47dc-ab29-30aaa8f2a140,,,,
Deposit,2021-04-08,14:13:30,,,,,,,,,446.0,GBP,,,446,GBP,,,,e30626bc-5078-405b-935a-00f82d5cd209,,,,,,
Market buy,2021-04-08,14:14:11,AWR,American States Water,8.0,77.26,USD,1.37559,,GBP,449.99,GBP,,,,,,,,EOF1267855453,0.67,GBP,,,,
Deposit,2021-04-08,14:16:04,,,,,,,,,37.0,GBP,,,37,GBP,,,,ac6b8863-7e3f-4517-a89d-fbe563ff6728,,,,,,
Market buy,2021-04-08,14:16:20,SCI,Service Corp International,1.0,51.27,USD,1.37606,,GBP,37.32,GBP,,,,,,,,EOF1267856397,0.06,GBP,,,,
Deposit,2021-04-09,07:36:50,,,,,,,,,0.68,GBP,,,0.68,GBP,,,,,FX fee refund,fbdf9103-675c-4f39-a368-6373cc3079f1,,,,
Dividend (Ordinary),2021-04-09,08:58:44,MRK,Merck & Co,8.0,0.55,USD,Not available,,,3.22,GBP,0.78,USD,,,,,,,,,,,,
Market sell,2021-04-09,13:30:32,T,AT&T,38.0,30.01,USD,1.37364,-44.48,GBP,830.19,GBP,,,,,,,,,,EOF1270873851,,,,
Withdrawal,2021-04-09,13:43:35,,,,,,,,,831.0,GBP,,,,,,,,,,592d0762-8f2e-4f9a-95aa-ce6e33c3fa1f,,,,
Market sell,2021-04-09,13:48:53,NEE,NextEra Energy,42.0,77.95,USD,1.37363,-49.79,GBP,2383.34,GBP,,,,,,,0.05,0,,EOF1270888556,,,GBP,GBP
Withdrawal,2021-04-09,13:49:56,,,,,,,,,2385.0,GBP,,,,,,,,,,8071ec9e-2c01-4f37-a11e-8935b39129a0,,,,
Dividend (Ordinary),2021-04-09,08:58:44,MRK,Merck & Co,16.0,0.55,USD,Not available,,,6.44,GBP,1.56,USD,,,,,,,,,,,,
Deposit,2021-04-09,13:43:35,,,,,,,,,831.0,GBP,,,831,GBP,,,,dadef18e-8afa-488d-846b-9e7f271d7037,,,,,,
Market buy,2021-04-09,13:44:16,T,AT&T,37.0,30.15,USD,1.37335,,GBP,813.5,GBP,,,,,,,,EOF1270211509,1.22,GBP,,,,
Market buy,2021-04-09,13:44:51,T,AT&T,1.0,30.16,USD,1.37325,,GBP,21.99,GBP,,,,,,,,EOF1270211769,0.03,GBP,,,,
Deposit,2021-04-09,13:49:56,,,,,,,,,2385.0,GBP,,,2385,GBP,,,,e098c781-70b9-4410-a9f9-dfa850985821,,,,,,
Market buy,2021-04-09,13:50:32,NEE,NextEra Energy,40.0,78.01,USD,1.37326,,GBP,2275.65,GBP,,,,,,,,EOF1270216196,3.41,GBP,,,,
Market buy,2021-04-09,13:50:44,NEE,NextEra Energy,2.0,78.0,USD,1.37333,,GBP,113.76,GBP,,,,,,,,EOF1270216281,0.17,GBP,,,,
Market sell,2021-04-12,13:30:05,CWEN,Clearway Energy,27.0,28.61,USD,1.37505,-38.67,GBP,561.66,GBP,,,,,,,0.01,0,,EOF1273060829,,,GBP,GBP
Withdrawal,2021-04-12,14:06:15,,,,,,,,,565.0,GBP,,,,,,,,,,3d36c6ba-f11b-4559-8879-86e247a8f9aa,,,,
Market sell,2021-04-12,14:08:31,DLR,Digital Realty Trust,16.0,140.42,USD,1.37476,-184.66,GBP,1634.21,GBP,,,,,,,0.04,0,,EOF1273953937,,,GBP,GBP
Withdrawal,2021-04-12,14:08:58,,,,,,,,,1635.0,GBP,,,,,,,,,,8edab1d8-b03d-4121-b42a-3683dd49fd13,,,,
Dividend (Ordinary),2021-04-12,10:08:18,STX,Seagate Technology,25.0,0.43,USD,Not available,,,7.77,GBP,1.88,USD,,,,,,,,,,,,
Deposit,2021-04-12,14:06:15,,,,,,,,,565.0,GBP,,,565,GBP,,,,4c3e7a6c-b57e-44b0-b8c9-714a3b27700b,,,,,,
Market buy,2021-04-12,14:06:47,CWEN,Clearway Energy,27.0,28.49,USD,1.37428,,GBP,560.57,GBP,,,,,,,,EOF1273609478,0.84,GBP,,,,
Deposit,2021-04-12,14:08:58,,,,,,,,,1635.0,GBP,,,1635,GBP,,,,298041a4-1637-4fa0-b3e3-75e235222183,,,,,,
Market buy,2021-04-12,14:09:31,DLR,Digital Realty Trust,15.0,140.49,USD,1.37445,,GBP,1535.52,GBP,,,,,,,,EOF1273610472,2.3,GBP,,,,
Market buy,2021-04-12,14:09:40,DLR,Digital Realty Trust,1.0,140.5,USD,1.37446,,GBP,102.37,GBP,,,,,,,,EOF1273610526,0.15,GBP,,,,
Market sell,2021-04-13,13:30:02,FSLY,Fastly,16.0,69.5,USD,1.3729,-266.68,GBP,809.96,GBP,,,,,,,,,,EOF1275959770,,,,
Withdrawal,2021-04-13,13:56:36,,,,,,,,,803.0,GBP,,,,,,,,,,b3d447b4-d95f-4e28-ba3a-73bef0cc99cf,,,,
Market sell,2021-04-13,13:58:34,MRK,Merck & Co,8.0,76.52,USD,1.37487,-2.77,GBP,445.25,GBP,,,,,,,,,,EOF1276984161,,,,
Withdrawal,2021-04-13,13:59:18,,,,,,,,,445.0,GBP,,,,,,,,,,5c776bce-f397-4ee0-9b8d-43b27b25c5d9,,,,
Market sell,2021-04-13,14:01:11,CVS,CVS Health,4.0,73.87,USD,1.37544,0.14,GBP,214.83,GBP,,,,,,,,,,EOF1276985443,,,,
Withdrawal,2021-04-13,14:01:33,,,,,,,,,215.0,GBP,,,,,,,,,,8c7b90c8-aa87-4800-b7cb-fa6df185026d,,,,
Deposit,2021-04-13,13:56:36,,,,,,,,,803.0,GBP,,,803,GBP,,,,3059f62e-eec5-40fc-b035-118d335d35fb,,,,,,
Market buy,2021-04-13,13:57:05,FSLY,Fastly,15.0,69.13,USD,1.37443,,GBP,755.59,GBP,,,,,,,,EOF1277121270,1.13,GBP,,,,
Market buy,2021-04-13,13:57:17,FSLY,Fastly,1.0,69.12,USD,1.37445,,GBP,50.37,GBP,,,,,,,,EOF1277121411,0.08,GBP,,,,
Deposit,2021-04-13,13:59:18,,,,,,,,,445.0,GBP,,,445,GBP,,,,b6ca9439-6046-42e5-acb7-60bbd4183cfc,,,,,,
Market buy,2021-04-13,13:59:31,MRK,Merck & Co,8.0,76.54,USD,1.37508,,GBP,445.97,GBP,,,,,,,,EOF1277122151,0.67,GBP,,,,
Deposit,2021-04-13,14:01:33,,,,,,,,,215.0,GBP,,,215,GBP,,,,7914d872-18db-4231-b140-ee7442ae9217,,,,,,
Market buy,2021-04-13,14:01:52,CVS,CVS Health,4.0,73.94,USD,1.375,,GBP,215.42,GBP,,,,,,,,EOF1277122982,0.32,GBP,,,,
Dividend (Ordinary),2021-04-14,09:34:32,HASI,Hannon Armstrong Sustainable Infrastructure Capital,18.0,0.3,USD,Not available,,,3.88,GBP,0.95,USD,,,,,,,,,,,,
Market sell,2021-04-14,13:30:02,CMCSA,Comcast,14.0,53.53,USD,1.37774,14.24,GBP,543.94,GBP,,,,,,,,,,EOF1278993759,,,,
Withdrawal,2021-04-14,15:12:07,,,,,,,,,549.0,GBP,,,,,,,,,,51972304-7ed6-4093-bcc7-e0302022f13c,,,,
Dividend (Ordinary),2021-04-14,09:34:32,HASI,Hannon Armstrong Sustainable Infrastructure Capital,45.0,0.3,USD,Not available,,,9.71,GBP,2.36,USD,,,,,,,,,,,,
Deposit,2021-04-14,15:12:07,,,,,,,,,549.0,GBP,,,549,GBP,,,,caab56ea-282e-4146-9a4c-1a00514e01aa,,,,,,
Market buy,2021-04-14,15:12:57,CMCSA,Comcast,14.0,53.7,USD,1.37864,,GBP,546.14,GBP,,,,,,,,EOF1280773454,0.82,GBP,,,,
Market sell,2021-04-15,13:30:03,ECL,Ecolab,2.0,218.78,USD,1.37937,13.6,GBP,317.22,GBP,,,,,,,,,,EOF1284621382,,,,
Withdrawal,2021-04-15,14:21:58,,,,,,,,,317.0,GBP,,,,,,,,,,f6d55a9a-8657-4887-b46e-f935f4eea07f,,,,
Market sell,2021-04-15,14:25:06,WTRG,Essential Utilities,12.0,47.05,USD,1.3784,33.22,GBP,409.59,GBP,,,,,,,0.01,0,,EOF1284655365,,,GBP,GBP
Withdrawal,2021-04-15,14:25:52,,,,,,,,,410.0,GBP,,,,,,,,,,b4939899-f588-428c-8cc2-2cd8b8fd3602,,,,
Market sell,2021-04-15,15:34:41,HON,Honeywell International,1.0,229.28,USD,1.37852,19.41,GBP,166.32,GBP,,,,,,,,,,EOF1285776158,,,,
Withdrawal,2021-04-15,15:35:09,,,,,,,,,167.0,GBP,,,,,,,,,,ce5e0a6f-5b76-49b5-b561-947252a5db46,,,,
Market sell,2021-04-15,15:38:37,VZ,Verizon Communications,12.0,57.7,USD,1.37848,9.44,GBP,502.29,GBP,,,,,,,,,,EOF1285777104,,,,
Withdrawal,2021-04-15,15:39:02,,,,,,,,,503.0,GBP,,,,,,,,,,be0ed87e-7d29-478b-a7a3-e813a47d9f90,,,,
Deposit,2021-04-15,14:21:58,,,,,,,,,317.0,GBP,,,317,GBP,,,,da2fcdc3-9a79-4334-b487-4c4fa349b9d1,,,,,,
Market buy,2021-04-15,14:22:53,ECL,Ecolab,2.0,219.85,USD,1.37774,,GBP,319.62,GBP,,,,,,,,EOF1284602821,0.48,GBP,,,,
Deposit,2021-04-15,14:25:52,,,,,,,,,410.0,GBP,,,410,GBP,,,,16745053-a538-45dd-b357-1838479b331c,,,,,,
Market buy,2021-04-15,14:26:06,WTRG,Essential Utilities,12.0,47.04,USD,1.37816,,GBP,410.19,GBP,,,,,,,,EOF1284603680,0.62,GBP,,,,
Deposit,2021-04-15,15:35:09,,,,,,,,,167.0,GBP,,,167,GBP,,,,48f25127-479f-4964-8b0d-df54b8680638,,,,,,
Market buy,2021-04-15,15:35:36,HON,Honeywell International,1.0,229.37,USD,1.37787,,GBP,166.72,GBP,,,,,,,,EOF1285871430,0.25,GBP,,,,
Deposit,2021-04-15,15:39:02,,,,,,,,,503.0,GBP,,,503,GBP,,,,a4a0427e-fa2d-414d-9133-563fab22aa63,,,,,,
Market buy,2021-04-15,15:39:18,VZ,Verizon Communications,12.0,57.71,USD,1.37822,,GBP,503.22,GBP,,,,,,,,EOF1285872020,0.75,GBP,,,,
Market sell,2021-04-16,13:54:25,RIOT,Riot Platforms,68.0,43.27,USD,1.37959,-102.43,GBP,2132.76,GBP,,,,,,,,,,EOF1287971774,,,,
Withdrawal,2021-04-16,13:54:58,,,,,,,,,2132.0,GBP,,,,,,,,,,61ebbd81-db85-4a7b-8f7d-3ad781d58909,,,,
Deposit,2021-04-16,13:54:58,,,,,,,,,2132.0,GBP,,,2132,GBP,,,,9b918d1c-de9b-4e3e-b6e5-1bd5a921a67a,,,,,,
Market buy,2021-04-16,13:55:38,RIOT,Riot Platforms,65.0,43.43,USD,1.37906,,GBP,2050.08,GBP,,,,,,,,EOF1287165222,3.08,GBP,,,,
Market buy,2021-04-16,13:55:53,RIOT,Riot Platforms,3.0,43.54,USD,1.37906,,GBP,94.86,GBP,,,,,,,,EOF1287165290,0.14,GBP,,,,
Market sell,2021-04-19,13:53:10,NKE,Nike,18.0,132.5,USD,1.39556,-6.28,GBP,1708.99,GBP,,,,,,,,,,EOF1291038367,,,,
Withdrawal,2021-04-19,13:53:33,,,,,,,,,1710.0,GBP,,,,,,,,,,93ed7da9-a97c-42fb-b11a-cbf7b859204b,,,,
Market sell,2021-04-19,13:55:46,PETS,PetMed Express,65.0,31.28,USD,1.39571,-17.15,GBP,1456.71,GBP,,,,,,,0.03,0.01,,EOF1291039531,,,GBP,GBP
Withdrawal,2021-04-19,13:56:14,,,,,,,,,1455.0,GBP,,,,,,,,,,db4f4948-405f-4831-b810-7cd9b3d65d3e,,,,
Dividend (Return of capital non us),2021-04-19,14:49:09,MDT,Medtronic,1.0,0.44,USD,Not available,,,0.31,GBP,0.0,USD,,,,,,,,,,,,
Dividend (Ordinary),2021-04-19,15:36:50,ECL,Ecolab,2.0,0.41,USD,Not available,,,0.58,GBP,0.14,USD,,,,,,,,,,,,
Dividend (Ordinary),2021-04-19,16:07:33,O,Realty Income,30.0,0.2,USD,Not available,,,4.29,GBP,1.06,USD,,,,,,,,,,,,
Dividend (Ordinary),2021-04-19,16:40:38,STOR,STORE Capital,66.0,0.31,USD,Not available,,,14.44,GBP,3.56,USD,,,,,,,,,,,,
Deposit,2021-04-19,13:53:33,,,,,,,,,1710.0,GBP,,,1710,GBP,,,,8598f492-7d48-405b-b292-92549dc17c9a,,,,,,
Market buy,2021-04-19,13:54:05,NKE,Nike,17.0,132.66,USD,1.39514,,GBP,1618.9,GBP,,,,,,,,EOF1291285469,2.43,GBP,,,,
Market buy,2021-04-19,13:54:15,NKE,Nike,1.0,132.62,USD,1.39502,,GBP,95.21,GBP,,,,,,,,EOF1291285509,0.14,GBP,,,,
Deposit,2021-04-19,13:56:14,,,,,,,,,1455.0,GBP,,,1455,GBP,,,,ddfb7944-0784-453b-a365-66a1ea91fbee,,,,,,
Market buy,2021-04-19,13:57:30,PETS,PetMed Express,62.0,31.49,USD,1.39553,,GBP,1401.11,GBP,,,,,,,,EOF1291286645,2.1,GBP,,,,
Market buy,2021-04-19,13:58:19,PETS,PetMed Express,3.0,31.49,USD,1.39559,,GBP,67.79,GBP,,,,,,,,EOF1291286884,0.1,GBP,,,,
Dividend (Return of capital non us),2021-04-19,14:49:09,MDT,Medtronic,13.0,0.44,USD,Not available,,,4.04,GBP,0.0,USD,,,,,,,,,,,,
Dividend (Ordinary),2021-04-19,15:36:50,ECL,Ecolab,7.0,0.41,USD,Not available,,,2.04,GBP,0.5,USD,,,,,,,,,,,,
Dividend (Ordinary),2021-04-19,16:07:33,O,Realty Income,25.0,0.2,USD,Not available,,,3.57,GBP,0.88,USD,,,,,,,,,,,,
Dividend (Return of capital non us),2021-04-19,18:28:24,STX,Seagate Technology,25.0,0.05,USD,Not available,,,0.9,GBP,0.0,USD,,,,,,,,,,,,
Market sell,2021-04-20,14:53:17,NLY,Annaly Capital Management,83.0,8.7,USD,1.39564,11.46,GBP,517.39,GBP,,,,,,,,,,EOF1294577177,,,,
Withdrawal,2021-04-20,14:53:42,,,,,,,,,518.0,GBP,,,,,,,,,,d4559893-75da-4d74-9d24-05e181353e65,,,,
Market sell,2021-04-20,14:57:31,ICE,Intercontinental Exchange,3.0,120.01,USD,1.39559,13.19,GBP,257.98,GBP,,,,,,,,,,EOF1294578695,,,,
Withdrawal,2021-04-20,14:57:58,,,,,,,,,270.0,GBP,,,,,,,,,,689c3ea8-b8d2-4d2a-b633-de2ecf8b6715,,,,
Deposit,2021-04-20,14:53:42,,,,,,,,,518.0,GBP,,,518,GBP,,,,bde20758-d079-482f-8c48-a9a4c8b2b2a8,,,,,,
Market buy,2021-04-20,14:54:11,NLY,Annaly Capital Management,81.0,8.71,USD,1.39523,,GBP,506.41,GBP,,,,,,,,EOF1293814293,0.76,GBP,,,,
Market buy,2021-04-20,14:55:51,NLY,Annaly Capital Management,2.0,8.7,USD,1.39451,,GBP,12.5,GBP,,,,,,,,EOF1293814755,0.02,GBP,,,,
Deposit,2021-04-20,14:57:58,,,,,,,,,270.0,GBP,,,270,GBP,,,,ee7dacd9-64ae-4e84-bedb-bd2c4447ca9e,,,,,,
Market buy,2021-04-20,14:58:15,ICE,Intercontinental Exchange,3.0,120.13,USD,1.39497,,GBP,258.74,GBP,,,,,,,,EOF1293815535,0.39,GBP,,,,
Market sell,2021-04-21,13:30:07,SEDG,SolarEdge Technologies,4.0,240.55,USD,1.38931,-12.08,GBP,692.57,GBP,,,,,,,,,,EOF1295759386,,,,
Withdrawal,2021-04-21,13:45:28,,,,,,,,,700.0,GBP,,,,,,,,,,998626b8-1daf-417b-a18e-1a24c977d956,,,,
Deposit,2021-04-21,13:45:28,,,,,,,,,700.0,GBP,,,700,GBP,,,,7e9112e0-fb9a-42de-b953-5c813947c3ea,,,,,,
Market buy,2021-04-21,13:46:04,SEDG,SolarEdge Technologies,4.0,243.0,USD,1.3897,,GBP,700.48,GBP,,,,,,,,EOF1296093687,1.05,GBP,,,,
Market sell,2021-04-22,14:09:01,V,Visa,2.0,229.48,USD,1.38472,39.1,GBP,331.45,GBP,,,,,,,,,,EOF1298474264,,,,
Withdrawal,2021-04-22,14:09:27,,,,,,,,,332.0,GBP,,,,,,,,,,2a9accc7-159a-4c21-a0c3-71974dc9cfed,,,,
Market sell,2021-04-22,16:47:33,LTC,LTC Properties,12.0,43.31,USD,1.38525,22.91,GBP,375.18,GBP,,,,,,,,,,EOF1298502469,,,,
Withdrawal,2021-04-22,16:47:56,,,,,,,,,376.0,GBP,,,,,,,,,,550733e8-090e-41b9-b904-06d52501b50d,,,,
Deposit,2021-04-22,14:09:27,,,,,,,,,332.0,GBP,,,332,GBP,,,,ea93f837-fccf-48f7-ba94-6d4224f08352,,,,,,
Market buy,2021-04-22,14:09:39,V,Visa,2.0,229.66,USD,1.38425,,GBP,332.32,GBP,,,,,,,,EOF1298330417,0.5,GBP,,,,
Deposit,2021-04-22,14:34:49,,,,,,,,,200.0,GBP,,,200,GBP,,,Transaction ID: 9857d912-b66c-4040-a04a-43e6ae70ed16,5df787dd-1a30-4b79-8694-542aec81bd9f,,,,,,
Market buy,2021-04-22,14:39:11,UNP,Union Pacific,1.0,218.77,USD,1.38374,,GBP,158.34,GBP,,,,,,,,EOF1298337938,0.24,GBP,,,,
Market buy,2021-04-22,14:41:35,LTC,LTC Properties,1.0,43.62,USD,1.38394,,GBP,31.57,GBP,,,,,,,,EOF1298338324,0.05,GBP,,,,
Deposit,2021-04-22,16:47:56,,,,,,,,,376.0,GBP,,,376,GBP,,,,a4d85075-d969-4a5a-8593-db9d137bc86d,,,,,,
Market buy,2021-04-22,16:48:13,LTC,LTC Properties,12.0,43.46,USD,1.38486,,GBP,377.15,GBP,,,,,,,,EOF1298358248,0.57,GBP,,,,
Dividend (Ordinary),2021-04-26,17:09:08,SPG,Simon Property,4.0,1.11,USD,Not available,,,3.18,GBP,0.78,USD,,,,,,,,,,,,
Deposit,2021-04-26,13:42:58,,,,,,,,,200.0,GBP,,,200,GBP,,,Transaction ID: 188640cc-c9c4-45e3-bac8-229418a5e61f,fe202170-0129-4c1d-9db1-1517355887c4,,,,,,
Market buy,2021-04-26,13:47:01,HON,Honeywell International,1.0,223.93,USD,1.38853,,GBP,161.51,GBP,,,,,,,,EOF1304223862,0.24,GBP,,,,
Market buy,2021-04-26,13:49:38,LTC,LTC Properties,1.0,43.32,USD,1.38852,,GBP,31.25,GBP,,,,,,,,EOF1304224693,0.05,GBP,,,,
Dividend (Ordinary),2021-04-26,17:09:08,SPG,Simon Property,20.0,1.11,USD,Not available,,,15.91,GBP,3.9,USD,,,,,,,,,,,,
Market buy,2021-04-26,17:16:23,SCI,Service Corp International,1.0,52.8,USD,1.38878,,GBP,38.08,GBP,,,,,,,,EOF1305718622,0.06,GBP,,,,
Dividend (Ordinary),2021-04-27,13:06:07,NYMT,New York Mortgage Trust,50.0,0.09,USD,Not available,,,3.06,GBP,0.75,USD,,,,,,,,,,,,
Dividend (Ordinary),2021-04-27,13:06:07,NYMT,New York Mortgage Trust,286.0,0.09,USD,Not available,,,17.49,GBP,4.29,USD,,,,,,,,,,,,
Deposit,2021-04-28,10:55:04,,,,,,,,,100.0,GBP,,,100,GBP,,,Transaction ID: 773d12ad-c141-42b9-b628-811fac8749fd,2b2b76f1-de61-452e-acb1-68824cb75311,,,,,,
Market buy,2021-04-28,13:30:06,JNJ,Johnson & Johnson,1.0,162.93,USD,1.38731,,GBP,117.62,GBP,,,,,,,,EOF1307911650,0.18,GBP,,,,
Deposit,2021-04-29,13:12:26,,,,,,,,,1000.0,GBP,,,1000,GBP,,,,,Transaction ID: 56c9504d-517e-4939-95ee-daf4f0aa4c00,65455978-a16f-4150-997a-3bfcbbb61030,,,,
Market buy,2021-04-29,13:30:13,VZ,Verizon Communications,4.0,56.61,USD,1.39485,,GBP,162.58,GBP,,,,,,,,,,EOF1310458990,0.24,GBP,,
Market buy,2021-04-29,13:31:22,CVS,CVS Health,3.0,76.08,USD,1.39467,,GBP,163.9,GBP,,,,,,,,,,EOF1310461837,0.25,GBP,,
Market buy,2021-04-29,13:32:44,PSA,Public Storage,1.0,277.0,USD,1.39471,,GBP,198.91,GBP,,,,,,,,,,EOF1310462664,0.3,GBP,,
Market buy,2021-04-29,13:33:38,SCI,Service Corp International,4.0,53.41,USD,1.39482,,GBP,153.4,GBP,,,,,,,,,,EOF1310462944,0.23,GBP,,
Market buy,2021-04-29,13:34:10,JNJ,Johnson & Johnson,1.0,162.21,USD,1.39485,,GBP,116.46,GBP,,,,,,,,,,EOF1310463254,0.17,GBP,,
Market buy,2021-04-29,13:34:55,WTRG,Essential Utilities,3.0,46.96,USD,1.39468,,GBP,101.16,GBP,,,,,,,,,,EOF1310463983,0.15,GBP,,
Market buy,2021-04-29,14:14:03,MRK,Merck & Co,1.0,73.87,USD,1.39447,,GBP,53.05,GBP,,,,,,,,,,EOF1311331628,0.08,GBP,,
Market buy,2021-04-29,14:14:15,MRK,Merck & Co,1.0,73.83,USD,1.39433,,GBP,53.03,GBP,,,,,,,,,,EOF1311331689,0.08,GBP,,
Deposit,2021-04-29,13:10:52,,,,,,,,,293.0,GBP,,,293,GBP,,,Transaction ID: 313a2552-6ee8-4da5-b691-9ccc19503dba,0973261f-9b70-42b9-a201-a1d5b4a582e7,,,,,,
Market buy,2021-04-29,13:30:06,COST,Costco Wholesale,1.0,368.8,USD,1.39495,,GBP,264.78,GBP,,,,,,,,EOF1310116356,0.4,GBP,,,,
Market buy,2021-04-29,14:17:42,LTC,LTC Properties,1.0,43.07,USD,1.3943,,GBP,30.94,GBP,,,,,,,,EOF1311290384,0.05,GBP,,,,
Market buy,2021-04-29,14:29:35,NYMT,New York Mortgage Trust,5.0,4.61,USD,1.39553,,GBP,16.54,GBP,,,,,,,,EOF1311293958,0.02,GBP,,,,
Dividend (Ordinary),2021-04-30,11:39:24,CMCSA,Comcast,14.0,0.21,USD,Not available,,,2.14,GBP,0.53,USD,,,,,,,,,,,,
Dividend (Ordinary),2021-04-30,11:39:24,CMCSA,Comcast,22.0,0.21,USD,Not available,,,3.36,GBP,0.83,USD,,,,,,,,,,,,
Dividend (Ordinary),2021-05-03,19:51:33,NLY,Annaly Capital Management,83.0,0.19,USD,Not available,,,11.16,GBP,2.74,USD,,,,,,,,,,,,
Dividend (Ordinary),2021-05-03,12:11:09,AMT,American Tower,8.0,1.05,USD,Not available,,,6.08,GBP,1.49,USD,,,,,,,,,,,,
Dividend (Ordinary),2021-05-03,19:50:49,RITM,Rithm Capital,160.0,0.17,USD,Not available,,,19.55,GBP,4.8,USD,,,,,,,,,,,,
Dividend (Ordinary),2021-05-03,19:51:33,NLY,Annaly Capital Management,110.0,0.19,USD,Not available,,,14.79,GBP,3.63,USD,,,,,,,,,,,,
Deposit,2021-05-04,09:55:29,,,,,,,,,600.0,GBP,,,600,GBP,,,,,Transaction ID: 6db8e539-e368-4779-9e38-05dd0aa13011,07b74c22-798a-4c97-b50a-73df0420f850,,,,
Dividend (Ordinary),2021-05-04,10:22:51,LTC,LTC Properties,12.0,0.16,USD,Not available,,,1.4,GBP,0.34,USD,,,,,,,,,,,,
Dividend (Ordinary),2021-05-04,10:37:53,GOOD,Gladstone Commercial,27.0,0.11,USD,Not available,,,2.07,GBP,0.51,USD,,,,,,,,,,,,
Market buy,2021-05-04,13:30:04,LTC,LTC Properties,5.0,42.45,USD,1.38483,,GBP,153.5,GBP,,,,,,,,,,EOF1318262606,0.23,GBP,,
Market buy,2021-05-04,13:32:25,MRK,Merck & Co,2.0,76.02,USD,1.38523,,GBP,109.92,GBP,,,,,,,,,,EOF1319273735,0.16,GBP,,
Market buy,2021-05-04,13:32:48,OHI,Omega Healthcare Investors,3.0,38.45,USD,1.38513,,GBP,83.41,GBP,,,,,,,,,,EOF1319274341,0.13,GBP,,
Market buy,2021-05-04,13:32:48,OHI,Omega Healthcare Investors,5.0,38.45,USD,1.38513,,GBP,139.0,GBP,,,,,,,,,,EOF1319274345,0.21,GBP,,
Market buy,2021-05-04,13:32:48,OHI,Omega Healthcare Investors,5.0,38.45,USD,1.38513,,GBP,139.0,GBP,,,,,,,,,,EOF1319274348,0.21,GBP,,
Dividend (Ordinary),2021-05-04,10:22:51,LTC,LTC Properties,29.0,0.16,USD,Not available,,,3.37,GBP,0.83,USD,,,,,,,,,,,,
Dividend (Ordinary),2021-05-04,10:37:53,GOOD,Gladstone Commercial,129.0,0.11,USD,Not available,,,9.88,GBP,2.42,USD,,,,,,,,,,,,
Market buy,2021-05-04,13:30:09,NYMT,New York Mortgage Trust,12.0,4.62,USD,1.385,,GBP,40.09,GBP,,,,,,,,EOF1318355954,0.06,GBP,,,,
Dividend (Ordinary),2021-05-05,08:42:31,T,AT&T,38.0,0.44,USD,Not available,,,12.09,GBP,2.96,USD,,,,,,,,,,,,
Dividend (Ordinary),2021-05-05,13:59:10,VZ,Verizon Communications,12.0,0.53,USD,Not available,,,4.6,GBP,1.13,USD,,,,,,,,,,,,
Market buy,2021-05-05,15:42:33,NYMT,New York Mortgage Trust,5.0,4.6,USD,1.39126,,GBP,16.55,GBP,,,,,,,,,,EOF1323571866,0.02,GBP,,
Dividend (Ordinary),2021-05-05,08:25:04,CVS,CVS Health,25.0,0.43,USD,Not available,,,7.65,GBP,1.88,USD,,,,,,,,,,,,
Dividend (Ordinary),2021-05-05,08:42:31,T,AT&T,40.0,0.44,USD,Not available,,,12.73,GBP,3.12,USD,,,,,,,,,,,,
Dividend (Ordinary),2021-05-05,13:59:10,VZ,Verizon Communications,21.0,0.53,USD,Not available,,,8.06,GBP,1.98,USD,,,,,,,,,,,,
Market buy,2021-05-05,15:36:17,OHI,Omega Healthcare Investors,1.0,36.1,USD,1.39114,,GBP,25.99,GBP,,,,,,,,EOF1322694913,0.04,GBP,,,,
Market buy,2021-05-05,15:38:12,RITM,Rithm Capital,2.0,10.57,USD,1.39105,,GBP,15.22,GBP,,,,,,,,EOF1322695067,0.02,GBP,,,,
Dividend (Ordinary),2021-05-17,14:21:17,AAPL,Apple,10.0,0.19,USD,Not available,,,1.33,GBP,0.33,USD,,,,,,,,,,,,
Dividend (Ordinary),2021-05-17,13:13:37,ABBV,AbbVie,22.0,1.11,USD,Not available,,,17.23,GBP,4.29,USD,,,,,,,,,,,,
Dividend (Ordinary),2021-05-17,14:21:17,AAPL,Apple,20.0,0.19,USD,Not available,,,2.65,GBP,0.66,USD,,,,,,,,,,,,
Dividend (Ordinary),2021-05-18,12:04:46,O,Realty Income,30.0,0.2,USD,Not available,,,4.22,GBP,1.06,USD,,,,,,,,,,,,
Dividend (Ordinary),2021-05-18,12:32:51,SBNY,Signature Bank,14.0,0.48,USD,Not available,,,4.69,GBP,1.18,USD,,,,,,,,,,,,
Dividend (Ordinary),2021-05-18,10:42:14,COST,Costco Wholesale,5.0,0.67,USD,Not available,,,2.36,GBP,0.59,USD,,,,,,,,,,,,
Dividend (Ordinary),2021-05-18,12:04:46,O,Realty Income,25.0,0.2,USD,Not available,,,3.51,GBP,0.88,USD,,,,,,,,,,,,
Dividend (Ordinary),2021-05-18,12:32:51,SBNY,Signature Bank,5.0,0.48,USD,Not available,,,1.68,GBP,0.42,USD,,,,,,,,,,,,
Dividend (Ordinary),2021-05-19,14:22:04,PBCT,People's United Financial,92.0,0.16,USD,Not available,,,10.09,GBP,2.52,USD,,,,,,,,,,,,
Dividend (Ordinary),2021-05-19,11:31:57,AOS,A O Smith,62.0,0.22,USD,Not available,,,9.69,GBP,2.42,USD,,,,,,,,,,,,
Dividend (Ordinary),2021-05-19,14:21:15,OHI,Omega Healthcare Investors,33.0,0.57,USD,Not available,,,13.28,GBP,3.32,USD,,,,,,,,,,,,
Dividend (Ordinary),2021-05-19,14:22:04,PBCT,People's United Financial,47.0,0.16,USD,Not available,,,5.15,GBP,1.29,USD,,,,,,,,,,,,
Market buy,2021-05-19,16:10:03,OHI,Omega Healthcare Investors,1.0,35.69,USD,1.41658,,GBP,25.23,GBP,,,,,,,,EOF1347052578,0.04,GBP,,,,
Market buy,2021-05-19,16:12:01,OHI,Omega Healthcare Investors,1.0,35.68,USD,1.41688,,GBP,25.22,GBP,,,,,,,,EOF1347052714,0.04,GBP,,,,
Deposit,2021-05-20,14:27:46,,,,,,,,,100.0,GBP,,,100,GBP,,,,,Transaction ID: ada05949-fad5-4c54-8993-e8282939b3db,ee95d712-239e-4319-8151-1a564945c5ee,,,,
Market buy,2021-05-20,14:30:13,OHI,Omega Healthcare Investors,4.0,36.01,USD,1.41523,,GBP,101.93,GBP,,,,,,,,,,EOF1348387551,0.15,GBP,,
Deposit,2021-05-24,11:41:36,,,,,,,,,400.0,GBP,,,400,GBP,,,,,Transaction ID: b9a5ae29-ae8a-4f5b-9142-b288abe3384a,9df168b1-4936-4342-a469-c47e8f62303b,,,,
Market buy,2021-05-24,13:30:03,OHI,Omega Healthcare Investors,1.0,36.42,USD,1.41478,,GBP,25.78,GBP,,,,,,,,,,EOF1352889629,0.04,GBP,,
Market buy,2021-05-24,13:30:03,CMCSA,Comcast,2.0,55.5,USD,1.41477,,GBP,78.58,GBP,,,,,,,,,,EOF1352889587,0.12,GBP,,
Market buy,2021-05-24,13:30:04,ECL,Ecolab,1.0,215.95,USD,1.41481,,GBP,152.87,GBP,,,,,,,,,,EOF1352889927,0.23,GBP,,
Market buy,2021-05-24,13:30:05,UNP,Union Pacific,1.0,223.9,USD,1.41473,,GBP,158.5,GBP,,,,,,,,,,EOF1352890349,0.24,GBP,,
Dividend (Ordinary),2021-05-25,10:21:50,WELL,Welltower,28.0,0.52,USD,Not available,,,10.24,GBP,2.56,USD,,,,,,,,,,,,
Dividend (Ordinary),2021-05-25,08:53:36,CAT,Caterpillar,21.0,0.88,USD,Not available,,,12.96,GBP,3.24,USD,,,,,,,,,,,,
Deposit,2021-05-27,10:16:15,,,,,,,,,1300.0,GBP,,,1300,GBP,,,,,Transaction ID: bb5c19f5-b60b-452e-abb1-0f1320439ea1,6338ce58-5a31-4bc0-b1e7-e5c89ccb2da9,,,,
Market buy,2021-05-27,13:30:01,LTC,LTC Properties,5.0,39.65,USD,1.4161,,GBP,140.21,GBP,,,,,,,,,,EOF1358056124,0.21,GBP,,
Market buy,2021-05-27,13:30:01,AMT,American Tower,1.0,254.32,USD,1.41609,,GBP,179.86,GBP,,,,,,,,,,EOF1358056144,0.27,GBP,,
Market buy,2021-05-27,13:30:01,OHI,Omega Healthcare Investors,5.0,37.11,USD,1.4161,,GBP,131.23,GBP,,,,,,,,,,EOF1358056113,0.2,GBP,,
Market buy,2021-05-27,13:30:02,RITM,Rithm Capital,20.0,10.5,USD,1.41611,,GBP,148.51,GBP,,,,,,,,,,EOF1358056286,0.22,GBP,,
Market buy,2021-05-27,13:30:02,SCI,Service Corp International,5.0,52.56,USD,1.41609,,GBP,185.86,GBP,,,,,,,,,,EOF1358056367,0.28,GBP,,
Market buy,2021-05-27,13:30:03,MDT,Medtronic,2.0,125.04,USD,1.41611,,GBP,176.87,GBP,,,,,,,,,,EOF1358056486,0.27,GBP,,
Market buy,2021-05-27,13:30:03,HON,Honeywell International,1.0,226.69,USD,1.41611,,GBP,160.32,GBP,,,,,,,,,,EOF1358056503,0.24,GBP,,
Market buy,2021-05-27,13:30:06,ICE,Intercontinental Exchange,2.0,112.96,USD,1.41609,,GBP,159.78,GBP,,,,,,,,,,EOF1358057510,0.24,GBP,,
Dividend (Ordinary),2021-05-27,07:40:00,PETS,PetMed Express,101.0,0.26,USD,Not available,,,18.23,GBP,4.55,USD,,,,,,,,,,,,
Market buy,2021-05-27,13:31:10,NYMT,New York Mortgage Trust,12.0,4.54,USD,1.41622,,GBP,38.53,GBP,,,,,,,,EOF1358598061,0.06,GBP,,,,
Dividend (Ordinary),2021-06-01,11:37:09,LTC,LTC Properties,5.0,0.16,USD,Not available,,,0.57,GBP,0.14,USD,,,,,,,,,,,,
Deposit,2021-06-01,11:58:00,,,,,,,,,500.0,GBP,,,500,GBP,,,,,Transaction ID: b5b26a37-7849-4bdc-b112-7f887ed4d960,5f86fef1-43a6-4c1e-b31d-ffabac2bf3c8,,,,
Market buy,2021-06-01,13:30:05,LTC,LTC Properties,3.0,39.54,USD,1.41833,,GBP,83.76,GBP,,,,,,,,,,EOF1364814998,0.13,GBP,,
Market buy,2021-06-01,13:30:06,VZ,Verizon Communications,3.0,56.72,USD,1.41834,,GBP,120.15,GBP,,,,,,,,,,EOF1364815039,0.18,GBP,,
Market buy,2021-06-01,13:30:07,NYMT,New York Mortgage Trust,35.0,4.54,USD,1.41832,,GBP,112.2,GBP,,,,,,,,,,EOF1364815486,0.17,GBP,,
Market buy,2021-06-01,13:30:08,WELL,Welltower,2.0,75.0,USD,1.41834,,GBP,105.92,GBP,,,,,,,,,,EOF1364815677,0.16,GBP,,
Market buy,2021-06-01,13:30:08,NLY,Annaly Capital Management,15.0,9.33,USD,1.41843,,GBP,98.81,GBP,,,,,,,,,,EOF1364815772,0.15,GBP,,
Dividend (Ordinary),2021-06-01,11:37:09,LTC,LTC Properties,44.0,0.16,USD,Not available,,,5.01,GBP,1.25,USD,,,,,,,,,,,,
Dividend (Ordinary),2021-06-02,07:34:52,GOOD,Gladstone Commercial,27.0,0.11,USD,Not available,,,2.03,GBP,0.51,USD,,,,,,,,,,,,
Dividend (Ordinary),2021-06-02,07:34:52,GOOD,Gladstone Commercial,129.0,0.11,USD,Not available,,,9.7,GBP,2.42,USD,,,,,,,,,,,,
Dividend (Ordinary),2021-06-03,11:38:40,WTRG,Essential Utilities,3.0,0.21,USD,Not available,,,0.45,GBP,0.11,USD,,,,,,,,,,,,
Dividend (Ordinary),2021-06-03,11:31:02,V,Visa,10.0,0.27,USD,Not available,,,1.92,GBP,0.48,USD,,,,,,,,,,,,
Dividend (Ordinary),2021-06-03,11:38:40,WTRG,Essential Utilities,42.0,0.21,USD,Not available,,,6.31,GBP,1.58,USD,,,,,,,,,,,,
Dividend (Ordinary),2021-06-04,13:23:18,AWR,American States Water,28.0,0.28,USD,Not available,,,5.62,GBP,1.41,USD,,,,,,,,,,,,
Dividend (Demerger),2021-06-09,14:35:24,MRK,Merck & Co,4.0,2.81,USD,Not available,,,7.95,GBP,0.0,USD,,,,,,,,,,,,
Dividend (Demerger),2021-06-09,14:35:24,MRK,Merck & Co,24.0,2.81,USD,Not available,,,47.69,GBP,0.0,USD,,,,,,,,,,,,
Dividend (Ordinary),2021-06-09,14:46:17,HON,Honeywell International,9.0,0.79,USD,Not available,,,5.04,GBP,1.26,USD,,,,,,,,,,,,
Market buy,2021-06-09,16:19:46,NLY,Annaly Capital Management,12.0,9.6,USD,1.41134,,GBP,81.74,GBP,,,,,,,,EOF1383379648,0.12,GBP,,,,
Dividend (Ordinary),2021-06-11,15:38:44,JNJ,Johnson & Johnson,5.0,0.9,USD,Not available,,,3.19,GBP,0.8,USD,,,,,,,,,,,,
Dividend (Ordinary),2021-06-11,11:04:28,TGT,Target,22.0,0.58,USD,Not available,,,8.98,GBP,2.24,USD,,,,,,,,,,,,
Dividend (Ordinary),2021-06-11,15:38:44,JNJ,Johnson & Johnson,8.0,0.9,USD,Not available,,,5.11,GBP,1.27,USD,,,,,,,,,,,,
Deposit,2021-06-12,20:27:09,,,,,,,,,200.0,GBP,,,200,GBP,,,,,Transaction ID: 16951495-171b-4f98-8958-dbae16064fb8,b42d3a52-9913-4973-9f09-cce2ca60f010,,,,
Market buy,2021-06-14,13:30:05,NYMT,New York Mortgage Trust,30.0,4.75,USD,1.41144,,GBP,101.11,GBP,,,,,,,,,,EOF1390142593,0.15,GBP,,
Market buy,2021-06-14,13:30:05,RITM,Rithm Capital,15.0,11.08,USD,1.41145,,GBP,117.93,GBP,,,,,,,,,,EOF1390142612,0.18,GBP,,
Dividend (Ordinary),2021-06-16,07:33:25,MMM,3M,17.0,1.26,USD,Not available,,,15.16,GBP,3.77,USD,,,,,,,,,,,,
Dividend (Ordinary),2021-06-16,12:22:10,CWEN,Clearway Energy,102.0,0.28,USD,Not available,,,20.19,GBP,5.03,USD,,,,,,,,,,,,
Dividend (Ordinary),2021-06-17,12:40:01,O,Realty Income,30.0,0.2,USD,Not available,,,4.29,GBP,1.06,USD,,,,,,,,,,,,
Dividend (Ordinary),2021-06-17,12:31:45,NEE,NextEra Energy,42.0,0.33,USD,Not available,,,9.85,GBP,2.43,USD,,,,,,,,,,,,
Dividend (Ordinary),2021-06-17,12:40:01,O,Realty Income,25.0,0.2,USD,Not available,,,3.58,GBP,0.88,USD,,,,,,,,,,,,
Market buy,2021-06-18,15:46:33,NLY,Annaly Capital Management,1.0,9.02,USD,1.38079,,GBP,6.54,GBP,,,,,,,,EOF1399565474,0.01,GBP,,,,
Market buy,2021-06-18,15:46:33,NLY,Annaly Capital Management,9.0,9.02,USD,1.38079,,GBP,58.88,GBP,,,,,,,,EOF1399565473,0.09,GBP,,,,
Deposit,2021-06-21,14:28:30,,,,,,,,,200.0,GBP,,,200,GBP,,,,,Transaction ID: 6d94f6eb-c042-406e-b384-bbe88decf79c,77c84298-2cec-40dd-8be9-b7e4b537de61,,,,
Market buy,2021-06-21,14:30:59,WM,Waste Management,1.0,139.12,USD,1.39105,,GBP,100.16,GBP,,,,,,,,,,EOF1403733184,0.15,GBP,,
Market buy,2021-06-21,14:32:35,RITM,Rithm Capital,14.0,10.56,USD,1.39089,,GBP,106.45,GBP,,,,,,,,,,EOF1403733706,0.16,GBP,,
Dividend (Ordinary),2021-06-21,12:58:31,HD,Home Depot,12.0,1.4,USD,Not available,,,12.13,GBP,2.97,USD,,,,,,,,,,,,
Dividend (Ordinary),2021-06-22,12:39:48,WM,Waste Management,5.0,0.49,USD,Not available,,,1.76,GBP,0.43,USD,,,,,,,,,,,,
Dividend (Ordinary),2021-06-22,12:39:48,WM,Waste Management,10.0,0.49,USD,Not available,,,3.52,GBP,0.86,USD,,,,,,,,,,,,
Deposit,2021-06-23,14:33:26,,,,,,,,,100.0,GBP,,,100,GBP,,,,,Transaction ID: c0a7e58d-d581-4a60-8b99-11b76c0f4934,077c9925-8846-4b5a-abad-b85d2ee3af30,,,,
Market buy,2021-06-23,15:05:28,WTRG,Essential Utilities,3.0,46.33,USD,1.39647,,GBP,99.68,GBP,,,,,,,,,,EOF1408006212,0.15,GBP,,
Deposit,2021-06-24,14:24:44,,,,,,,,,300.0,GBP,,,300,GBP,,,,,Transaction ID: 34dc4249-1e0e-463b-95d2-ed8fd5f0b040,7e29a23c-460d-426a-a325-e6d6084d3a1f,,,,
Market buy,2021-06-24,14:45:35,HRZN,Horizon Technology Finance,20.0,17.44,USD,1.39035,,GBP,251.25,GBP,,,,,,,,,,EOF1410679718,0.38,GBP,,
Market buy,2021-06-24,14:46:43,NYMT,New York Mortgage Trust,15.0,4.55,USD,1.39044,,GBP,49.15,GBP,,,,,,,,,,EOF1410679911,0.07,GBP,,
Dividend (Ordinary),2021-06-25,09:22:25,QCOM,Qualcomm,21.0,0.58,USD,Not available,,,8.73,GBP,2.14,USD,,,,,,,,,,,,
Dividend (Ordinary),2021-06-25,09:22:25,QCOM,Qualcomm,2.0,0.58,USD,Not available,,,0.83,GBP,0.2,USD,,,,,,,,,,,,
Deposit,2021-06-29,09:23:43,,,,,,,,,1100.0,GBP,,,1100,GBP,,,,,Transaction ID: 348492d6-5f56-4b7b-a6dc-8047aa56bfb1,cee62e9a-9a20-4217-a8f2-049d69eef956,,,,
Market buy,2021-06-29,13:30:00,HRZN,Horizon Technology Finance,50.0,17.15,USD,1.38311,,GBP,620.91,GBP,,,,,,,,,,EOF1418879376,0.93,GBP,,
Market buy,2021-06-29,13:30:01,ECL,Ecolab,1.0,209.96,USD,1.38307,,GBP,152.04,GBP,,,,,,,,,,EOF1418879463,0.23,GBP,,
Market buy,2021-06-29,13:30:04,OHI,Omega Healthcare Investors,1.0,36.56,USD,1.38307,,GBP,26.47,GBP,,,,,,,,,,EOF1418879950,0.04,GBP,,
Market buy,2021-06-29,13:30:04,NLY,Annaly Capital Management,2.0,9.02,USD,1.38307,,GBP,13.06,GBP,,,,,,,,,,EOF1418880124,0.02,GBP,,
Market buy,2021-06-29,13:30:04,NYMT,New York Mortgage Trust,30.0,4.47,USD,1.38306,,GBP,97.11,GBP,,,,,,,,,,EOF1418880081,0.15,GBP,,
Market buy,2021-06-29,13:30:04,NLY,Annaly Capital Management,10.0,9.02,USD,1.38307,,GBP,65.32,GBP,,,,,,,,,,EOF1418880131,0.1,GBP,,
Market buy,2021-06-29,13:30:06,CMCSA,Comcast,2.0,56.38,USD,1.38317,,GBP,81.64,GBP,,,,,,,,,,EOF1418880434,0.12,GBP,,
Market buy,2021-06-29,13:31:43,MRK,Merck & Co,1.0,76.93,USD,1.38299,,GBP,55.71,GBP,,,,,,,,,,EOF1418887811,0.08,GBP,,
Deposit,2021-07-01,13:59:46,,,,,,,,,500.0,GBP,,,500,GBP,,,,,Transaction ID: ab9afed2-56c7-431a-99a7-07bc0b8037a9,896a391f-a502-4a1e-b8a9-cd039eda63dc,,,,
Market buy,2021-07-01,14:00:50,HRZN,Horizon Technology Finance,30.0,17.3,USD,1.3808,,GBP,376.43,GBP,,,,,,,,,,EOF1424584876,0.56,GBP,,
Market buy,2021-07-01,14:01:39,JNJ,Johnson & Johnson,1.0,165.54,USD,1.38115,,GBP,120.04,GBP,,,,,,,,,,EOF1424585101,0.18,GBP,,
Dividend (Ordinary),2021-07-05,10:27:35,AVGO,Broadcom,7.0,3.06,USD,Not available,,,15.47,GBP,3.78,USD,,,,,,,,,,,,
Dividend (Ordinary),2021-07-05,11:52:11,GOOD,Gladstone Commercial,27.0,0.11,USD,Not available,,,2.07,GBP,0.51,USD,,,,,,,,,,,,
Dividend (Ordinary),2021-07-05,11:59:29,HI,Hillenbrand,16.0,0.18,USD,Not available,,,2.11,GBP,0.52,USD,,,,,,,,,,,,
Dividend (Ordinary),2021-07-05,12:02:58,ICE,Intercontinental Exchange,2.0,0.28,USD,Not available,,,0.4,GBP,0.1,USD,,,,,,,,,,,,
Dividend (Ordinary),2021-07-05,12:21:09,LTC,LTC Properties,13.0,0.16,USD,Not available,,,1.52,GBP,0.37,USD,,,,,,,,,,,,
Dividend (Ordinary),2021-07-05,13:32:54,PSA,Public Storage,1.0,1.7,USD,Not available,,,1.23,GBP,0.3,USD,,,,,,,,,,,,
Dividend (Ordinary),2021-07-05,13:42:36,SCI,Service Corp International,9.0,0.18,USD,Not available,,,1.16,GBP,0.28,USD,,,,,,,,,,,,
Dividend (Ordinary),2021-07-05,14:04:38,UNP,Union Pacific,1.0,0.91,USD,Not available,,,0.66,GBP,0.16,USD,,,,,,,,,,,,
Dividend (Ordinary),2021-07-05,10:27:35,AVGO,Broadcom,2.0,3.06,USD,Not available,,,4.42,GBP,1.08,USD,,,,,,,,,,,,
Dividend (Ordinary),2021-07-05,11:24:23,DLR,Digital Realty Trust,16.0,0.99,USD,Not available,,,11.38,GBP,2.78,USD,,,,,,,,,,,,
Dividend (Ordinary),2021-07-05,11:44:44,EXR,Extra Space Storage,15.0,0.85,USD,Not available,,,9.2,GBP,2.25,USD,,,,,,,,,,,,
Dividend (Ordinary),2021-07-05,11:52:11,GOOD,Gladstone Commercial,129.0,0.11,USD,Not available,,,9.9,GBP,2.42,USD,,,,,,,,,,,,
Dividend (Ordinary),2021-07-05,11:59:29,HI,Hillenbrand,63.0,0.18,USD,Not available,,,8.31,GBP,2.03,USD,,,,,,,,,,,,
Dividend (Ordinary),2021-07-05,12:02:58,ICE,Intercontinental Exchange,18.0,0.28,USD,Not available,,,3.64,GBP,0.89,USD,,,,,,,,,,,,
Dividend (Ordinary),2021-07-05,12:21:09,LTC,LTC Properties,44.0,0.16,USD,Not available,,,5.13,GBP,1.25,USD,,,,,,,,,,,,
Dividend (Ordinary),2021-07-05,13:32:54,PSA,Public Storage,7.0,1.7,USD,Not available,,,8.6,GBP,2.1,USD,,,,,,,,,,,,
Dividend (Ordinary),2021-07-05,13:42:36,SCI,Service Corp International,36.0,0.18,USD,Not available,,,4.64,GBP,1.13,USD,,,,,,,,,,,,
Dividend (Ordinary),2021-07-05,14:04:38,UNP,Union Pacific,9.0,0.91,USD,Not available,,,5.91,GBP,1.44,USD,,,,,,,,,,,,
Dividend (Ordinary),2021-07-05,14:40:44,NKE,Nike,18.0,0.23,USD,Not available,,,3.04,GBP,0.74,USD,,,,,,,,,,,,
Market buy,2021-07-06,13:30:04,NLY,Annaly Capital Management,4.0,8.95,USD,1.38426,,GBP,25.9,GBP,,,,,,,,EOF1430677592,0.04,GBP,,,,
Market buy,2021-07-06,13:30:14,STX,Seagate Technology,1.0,86.99,USD,1.38402,,GBP,62.94,GBP,,,,,,,,EOF1430679896,0.09,GBP,,,,
Dividend (Ordinary),2021-07-12,13:07:02,MRK,Merck & Co,4.0,0.55,USD,Not available,,,1.6,GBP,0.39,USD,,,,,,,,,,,,
Dividend (Return of capital non us),2021-07-12,12:44:53,STX,Seagate Technology,25.0,0.5,USD,Not available,,,9.07,GBP,0.0,USD,,,,,,,,,,,,
Dividend (Ordinary),2021-07-12,13:07:02,MRK,Merck & Co,24.0,0.55,USD,Not available,,,9.58,GBP,2.34,USD,,,,,,,,,,,,
Dividend (Ordinary),2021-07-13,08:59:22,AMT,American Tower,1.0,1.08,USD,Not available,,,0.78,GBP,0.19,USD,,,,,,,,,,,,
Dividend (Ordinary),2021-07-13,09:16:15,HASI,Hannon Armstrong Sustainable Infrastructure Capital,18.0,0.3,USD,Not available,,,3.87,GBP,0.95,USD,,,,,,,,,,,,
Dividend (Ordinary),2021-07-13,08:59:22,AMT,American Tower,8.0,1.08,USD,Not available,,,6.23,GBP,1.52,USD,,,,,,,,,,,,
Dividend (Ordinary),2021-07-13,09:16:15,HASI,Hannon Armstrong Sustainable Infrastructure Capital,45.0,0.3,USD,Not available,,,9.66,GBP,2.36,USD,,,,,,,,,,,,
Deposit,2021-07-18,19:25:49,,,,,,,,,150.0,GBP,,,150,GBP,,,,,Transaction ID: 4749c3d3-d478-4103-8711-3a36d9ea8d70,2ad69772-f405-4562-a719-742deb74595e,,,,
Dividend (Ordinary),2021-07-19,09:03:51,ECL,Ecolab,1.0,0.41,USD,Not available,,,0.3,GBP,0.07,USD,,,,,,,,,,,,
Dividend (Return of capital non us),2021-07-19,11:44:06,MDT,Medtronic,5.0,0.47,USD,Not available,,,1.72,GBP,0.0,USD,,,,,,,,,,,,
Dividend (Ordinary),2021-07-19,13:06:26,O,Realty Income,30.0,0.2,USD,Not available,,,4.38,GBP,1.06,USD,,,,,,,,,,,,
Market buy,2021-07-19,13:49:48,UNP,Union Pacific,1.0,213.97,USD,1.37137,,GBP,156.26,GBP,,,,,,,,,,EOF1452641799,0.23,GBP,,
Market buy,2021-07-19,13:51:34,RITM,Rithm Capital,5.0,9.06,USD,1.37081,,GBP,33.1,GBP,,,,,,,,,,EOF1452642303,0.05,GBP,,
Dividend (Ordinary),2021-07-19,09:03:51,ECL,Ecolab,9.0,0.41,USD,Not available,,,2.68,GBP,0.65,USD,,,,,,,,,,,,
Dividend (Return of capital non us),2021-07-19,11:44:06,MDT,Medtronic,13.0,0.47,USD,Not available,,,4.48,GBP,0.0,USD,,,,,,,,,,,,
Dividend (Ordinary),2021-07-19,13:06:26,O,Realty Income,25.0,0.2,USD,Not available,,,3.65,GBP,0.88,USD,,,,,,,,,,,,
Market buy,2021-07-19,13:53:09,RITM,Rithm Capital,7.0,9.06,USD,1.37086,,GBP,46.33,GBP,,,,,,,,EOF1452201856,0.07,GBP,,,,
Dividend (Ordinary),2021-07-20,12:47:47,STOR,STORE Capital,66.0,0.31,USD,Not available,,,14.85,GBP,3.56,USD,,,,,,,,,,,,
Deposit,2021-07-21,09:57:23,,,,,,,,,200.0,GBP,,,200,GBP,,,,,Transaction ID: 04825626-2003-4a22-9081-89b08db0a5b1,63e15850-0e6e-4373-bdb4-42803bef14c5,,,,
Market buy,2021-07-21,13:56:15,STX,Seagate Technology,2.0,80.18,USD,1.36768,,GBP,117.43,GBP,,,,,,,,,,EOF1456510023,0.18,GBP,,
Market buy,2021-07-21,13:57:35,PBCT,People's United Financial,8.0,15.76,USD,1.36728,,GBP,92.35,GBP,,,,,,,,,,EOF1456510287,0.14,GBP,,
Dividend (Ordinary),2021-07-26,12:40:47,SPG,Simon Property,4.0,1.19,USD,Not available,,,3.45,GBP,0.84,USD,,,,,,,,,,,,
Dividend (Ordinary),2021-07-26,12:40:47,SPG,Simon Property,20.0,1.19,USD,Not available,,,17.27,GBP,4.2,USD,,,,,,,,,,,,
Deposit,2021-07-27,12:23:01,,,,,,,,,400.0,GBP,,,400,GBP,,,,,Transaction ID: f5bbf822-0803-4f80-9610-a17372adf932,e41b4c4e-12a6-4689-8fcc-56c661dfd34f,,,,
Market buy,2021-07-27,13:30:02,LTC,LTC Properties,3.0,39.2,USD,1.38235,,GBP,85.2,GBP,,,,,,,,,,EOF1466538723,0.13,GBP,,
Market buy,2021-07-27,13:30:02,OHI,Omega Healthcare Investors,3.0,37.23,USD,1.38234,,GBP,80.92,GBP,,,,,,,,,,EOF1466538626,0.12,GBP,,
Market buy,2021-07-27,13:30:03,VZ,Verizon Communications,2.0,55.69,USD,1.38225,,GBP,80.7,GBP,,,,,,,,,,EOF1466538768,0.12,GBP,,
Market buy,2021-07-27,13:30:06,PBCT,People's United Financial,4.0,15.65,USD,1.3822,,GBP,45.36,GBP,,,,,,,,,,EOF1466539526,0.07,GBP,,
Market buy,2021-07-27,13:34:00,MRK,Merck & Co,2.0,77.24,USD,1.38074,,GBP,112.05,GBP,,,,,,,,,,EOF1466543849,0.17,GBP,,
Dividend (Ordinary),2021-07-28,09:45:20,NYMT,New York Mortgage Trust,120.0,0.09,USD,Not available,,,7.35,GBP,1.8,USD,,,,,,,,,,,,
Dividend (Ordinary),2021-07-28,09:45:20,NYMT,New York Mortgage Trust,336.0,0.09,USD,Not available,,,20.57,GBP,5.04,USD,,,,,,,,,,,,
Dividend (Ordinary),2021-07-29,07:31:12,CMCSA,Comcast,4.0,0.21,USD,Not available,,,0.61,GBP,0.15,USD,,,,,,,,,,,,
Dividend (Ordinary),2021-07-29,07:31:12,CMCSA,Comcast,36.0,0.21,USD,Not available,,,5.49,GBP,1.35,USD,,,,,,,,,,,,
Deposit,2021-07-30,14:35:59,,,,,,,,,1000.0,GBP,,,1000,GBP,,,,,Transaction ID: 9ff7a980-ade5-4abd-b4c0-f78403fde049,3724bb16-971a-4ac5-a460-ac364c289e87,,,,
Market buy,2021-07-30,14:40:39,HON,Honeywell International,1.0,233.8,USD,1.3919,,GBP,168.22,GBP,,,,,,,,,,EOF1472972793,0.25,GBP,,
Market buy,2021-07-30,14:42:34,RITM,Rithm Capital,15.0,9.86,USD,1.39188,,GBP,106.42,GBP,,,,,,,,,,EOF1472973463,0.16,GBP,,
Market buy,2021-07-30,14:43:01,NLY,Annaly Capital Management,20.0,8.59,USD,1.39167,,GBP,123.64,GBP,,,,,,,,,,EOF1472973653,0.19,GBP,,
Market buy,2021-07-30,14:43:27,NYMT,New York Mortgage Trust,40.0,4.43,USD,1.392,,GBP,127.49,GBP,,,,,,,,,,EOF1472973814,0.19,GBP,,
Market buy,2021-07-30,14:43:47,CVS,CVS Health,1.0,82.95,USD,1.39183,,GBP,59.69,GBP,,,,,,,,,,EOF1472973929,0.09,GBP,,
Market buy,2021-07-30,14:46:03,OHI,Omega Healthcare Investors,4.0,36.82,USD,1.39174,,GBP,105.98,GBP,,,,,,,,,,EOF1472974799,0.16,GBP,,
Market buy,2021-07-30,16:07:48,COST,Costco Wholesale,1.0,429.57,USD,1.3908,,GBP,309.33,GBP,,,,,,,,,,EOF1472991077,0.46,GBP,,
Deposit,2021-08-02,15:14:47,,,,,,,,,500.0,GBP,,,500,GBP,,,,,Transaction ID: b3df436a-ae75-4f6f-b664-40779c9dc737,256c2c08-4bec-4962-9399-56ebff228321,,,,
Market buy,2021-08-03,13:48:43,COST,Costco Wholesale,1.0,432.25,USD,1.38865,,GBP,311.74,GBP,,,,,,,,,,EOF1478181544,0.47,GBP,,
Market buy,2021-08-03,13:51:46,NLY,Annaly Capital Management,20.0,8.28,USD,1.38848,,GBP,119.45,GBP,,,,,,,,,,EOF1478182864,0.18,GBP,,
Market buy,2021-08-03,13:52:41,LTC,LTC Properties,3.0,37.62,USD,1.38845,,GBP,81.4,GBP,,,,,,,,,,EOF1478183123,0.12,GBP,,
Dividend (Ordinary),2021-08-04,12:57:29,CVS,CVS Health,3.0,0.43,USD,Not available,,,0.91,GBP,0.23,USD,,,,,,,,,,,,
Deposit,2021-08-04,14:21:05,,,,,,,,,100.0,GBP,,,100,GBP,,,,,Transaction ID: 24d03fe6-d730-4270-a952-20ae17ca9998,ef1fb85b-2264-48e3-b713-96b401e1b479,,,,
Dividend (Ordinary),2021-08-04,09:20:06,T,AT&T,78.0,0.44,USD,Not available,,,24.74,GBP,6.08,USD,,,,,,,,,,,,
Dividend (Ordinary),2021-08-04,12:57:29,CVS,CVS Health,25.0,0.43,USD,Not available,,,7.62,GBP,1.88,USD,,,,,,,,,,,,
Dividend (Ordinary),2021-08-05,12:02:41,VZ,Verizon Communications,7.0,0.53,USD,Not available,,,2.68,GBP,0.66,USD,,,,,,,,,,,,
Dividend (Ordinary),2021-08-05,12:02:41,VZ,Verizon Communications,33.0,0.53,USD,Not available,,,12.64,GBP,3.11,USD,,,,,,,,,,,,
Dividend (Ordinary),2021-08-06,13:00:37,RITM,Rithm Capital,49.0,0.17,USD,Not available,,,5.99,GBP,1.47,USD,,,,,,,,,,,,
Dividend (Ordinary),2021-08-06,13:04:37,NLY,Annaly Capital Management,15.0,0.19,USD,Not available,,,2.02,GBP,0.5,USD,,,,,,,,,,,,
Dividend (Ordinary),2021-08-06,13:17:14,LTC,LTC Properties,13.0,0.16,USD,Not available,,,1.51,GBP,0.37,USD,,,,,,,,,,,,
Dividend (Ordinary),2021-08-06,13:50:40,GOOD,Gladstone Commercial,27.0,0.11,USD,Not available,,,2.07,GBP,0.51,USD,,,,,,,,,,,,
Dividend (Ordinary),2021-08-06,13:00:37,RITM,Rithm Capital,162.0,0.17,USD,Not available,,,19.81,GBP,4.86,USD,,,,,,,,,,,,
Dividend (Ordinary),2021-08-06,13:04:37,NLY,Annaly Capital Management,215.0,0.19,USD,Not available,,,28.93,GBP,7.1,USD,,,,,,,,,,,,
Dividend (Ordinary),2021-08-06,13:17:14,LTC,LTC Properties,44.0,0.16,USD,Not available,,,5.11,GBP,1.25,USD,,,,,,,,,,,,
Dividend (Ordinary),2021-08-06,13:50:40,GOOD,Gladstone Commercial,129.0,0.11,USD,Not available,,,9.88,GBP,2.42,USD,,,,,,,,,,,,
Dividend (Ordinary),2021-08-13,07:49:08,AAPL,Apple,10.0,0.19,USD,Not available,,,1.35,GBP,0.33,USD,,,,,,,,,,,,
Market buy,2021-08-13,18:51:21,MDT,Medtronic,1.0,128.11,USD,1.38636,,GBP,92.55,GBP,,,,,,,,,,EOF1497044254,0.14,GBP,,
Market buy,2021-08-13,18:52:53,LTC,LTC Properties,1.0,35.5,USD,1.38632,,GBP,25.65,GBP,,,,,,,,,,EOF1497044369,0.04,GBP,,
Dividend (Ordinary),2021-08-13,07:49:08,AAPL,Apple,20.0,0.19,USD,Not available,,,2.71,GBP,0.66,USD,,,,,,,,,,,,
Market buy,2021-08-13,18:45:55,EXPE,Expedia,1.0,148.01,USD,1.38645,,GBP,106.91,GBP,,,,,,,,EOF1496453764,0.16,GBP,,,,
Market buy,2021-08-13,18:47:44,LTC,LTC Properties,1.0,35.48,USD,1.38655,,GBP,25.63,GBP,,,,,,,,EOF1496453986,0.04,GBP,,,,
Deposit,2021-08-16,17:13:28,,,,,,,,,500.0,GBP,,,500,GBP,,,,,Transaction ID: c515156b-83e5-4d5f-adeb-fd642c14cc99,34d586a9-ce3e-4824-a9fb-f165a714b849,,,,
Market buy,2021-08-16,17:48:29,EXPE,Expedia,1.0,145.18,USD,1.38398,,GBP,105.06,GBP,,,,,,,,,,EOF1499191261,0.16,GBP,,
Market buy,2021-08-16,17:49:51,V,Visa,1.0,234.35,USD,1.38399,,GBP,169.58,GBP,,,,,,,,,,EOF1499191343,0.25,GBP,,
Market buy,2021-08-16,17:50:59,ICE,Intercontinental Exchange,1.0,117.47,USD,1.38399,,GBP,85.01,GBP,,,,,,,,,,EOF1499191409,0.13,GBP,,
Market buy,2021-08-16,17:52:30,LTC,LTC Properties,5.0,35.3,USD,1.38401,,GBP,127.72,GBP,,,,,,,,,,EOF1499191523,0.19,GBP,,
Dividend (Ordinary),2021-08-17,08:50:32,O,Realty Income,30.0,0.2,USD,Not available,,,4.35,GBP,1.06,USD,,,,,,,,,,,,
Dividend (Ordinary),2021-08-17,08:58:11,OHI,Omega Healthcare Investors,27.0,0.57,USD,Not available,,,11.13,GBP,2.71,USD,,,,,,,,,,,,
Dividend (Ordinary),2021-08-17,09:09:46,SBNY,Signature Bank,14.0,0.48,USD,Not available,,,4.83,GBP,1.18,USD,,,,,,,,,,,,
Dividend (Ordinary),2021-08-17,07:49:45,COST,Costco Wholesale,6.0,0.67,USD,Not available,,,2.92,GBP,0.71,USD,,,,,,,,,,,,
Dividend (Ordinary),2021-08-17,08:50:32,O,Realty Income,25.0,0.2,USD,Not available,,,3.62,GBP,0.88,USD,,,,,,,,,,,,
Dividend (Ordinary),2021-08-17,08:58:11,OHI,Omega Healthcare Investors,36.0,0.57,USD,Not available,,,14.85,GBP,3.62,USD,,,,,,,,,,,,
Dividend (Ordinary),2021-08-17,09:06:14,PETS,PetMed Express,101.0,0.26,USD,Not available,,,18.65,GBP,4.55,USD,,,,,,,,,,,,
Dividend (Ordinary),2021-08-17,09:09:46,SBNY,Signature Bank,5.0,0.48,USD,Not available,,,1.72,GBP,0.42,USD,,,,,,,,,,,,
Deposit,2021-08-18,16:17:29,,,,,,,,,400.0,GBP,,,400,GBP,,,,,Transaction ID: 8e309af1-572e-4824-a1dc-0972f66bfba4,91993a18-9fd9-4aad-9c37-08b2de252083,,,,
Market buy,2021-08-18,16:30:13,SCI,Service Corp International,5.0,64.6,USD,1.37459,,GBP,235.33,GBP,,,,,,,,,,EOF1502803456,0.35,GBP,,
Market buy,2021-08-18,16:32:27,EXR,Extra Space Storage,1.0,174.76,USD,1.37459,,GBP,127.33,GBP,,,,,,,,,,EOF1502803792,0.19,GBP,,
Market buy,2021-08-18,16:35:57,WELL,Welltower,1.0,84.23,USD,1.37497,,GBP,61.35,GBP,,,,,,,,,,EOF1502804126,0.09,GBP,,
Market buy,2021-08-18,16:38:54,CVS,CVS Health,1.0,85.47,USD,1.3751,,GBP,62.25,GBP,,,,,,,,EOF1502887184,0.09,GBP,,,,
Dividend (Ordinary),2021-08-19,09:06:25,PBCT,People's United Financial,104.0,0.16,USD,Not available,,,11.8,GBP,2.85,USD,,,,,,,,,,,,
Dividend (Ordinary),2021-08-19,09:21:23,HRZN,Horizon Technology Finance,100.0,0.09,USD,Not available,,,6.22,GBP,1.5,USD,,,,,,,,,,,,
Dividend (Ordinary),2021-08-19,09:06:25,PBCT,People's United Financial,47.0,0.16,USD,Not available,,,5.33,GBP,1.29,USD,,,,,,,,,,,,
Dividend (Ordinary),2021-08-19,09:48:31,AOS,A O Smith,62.0,0.22,USD,Not available,,,10.01,GBP,2.42,USD,,,,,,,,,,,,
Dividend (Ordinary),2021-08-19,09:53:35,ABBV,AbbVie,22.0,1.11,USD,Not available,,,17.75,GBP,4.29,USD,,,,,,,,,,,,
Dividend (Ordinary),2021-08-20,12:01:30,WELL,Welltower,30.0,0.52,USD,Not available,,,11.43,GBP,2.75,USD,,,,,,,,,,,,
Deposit,2021-08-20,19:49:46,,,,,,,,,300.0,GBP,,,300,GBP,,,,,Transaction ID: 387d59d3-a6e1-4267-ac4d-88f74d0d7e11,98e0e868-4393-4983-9b54-10c91f9c4f35,,,,
Market buy,2021-08-23,13:30:03,OHI,Omega Healthcare Investors,1.0,32.65,USD,1.36905,,GBP,23.89,GBP,,,,,,,,,,EOF1508943377,0.04,GBP,,
Market buy,2021-08-23,13:30:09,HRZN,Horizon Technology Finance,15.763143,16.8,USD,1.36917,,GBP,193.71,GBP,,,,,,,,,,EOF1508945035,0.29,GBP,,
Market buy,2021-08-23,13:30:43,HRZN,Horizon Technology Finance,9.236857,16.71,USD,1.36918,,GBP,112.9,GBP,,,,,,,,,,EOF1508950820,0.17,GBP,,
Dividend (Ordinary),2021-08-23,11:20:19,CAT,Caterpillar,21.0,0.94,USD,Not available,,,14.48,GBP,3.5,USD,,,,,,,,,,,,
Deposit,2021-08-24,14:47:42,,,,,,,,,300.0,GBP,,,300,GBP,,,,,Transaction ID: b9556777-ddbd-4a46-898e-e2e3c6f5d10f,16ab5ea7-6a58-4fdc-acbf-09ef7739756b,,,,
Market buy,2021-08-24,14:55:56,OHI,Omega Healthcare Investors,10.0,32.9,USD,1.37346,,GBP,239.9,GBP,,,,,,,,,,EOF1510660937,0.36,GBP,,
Market buy,2021-08-24,14:57:48,HRZN,Horizon Technology Finance,5.0,17.02,USD,1.37319,,GBP,62.06,GBP,,,,,,,,,,EOF1510661629,0.09,GBP,,
Deposit,2021-08-25,11:06:58,,,,,,,,,300.0,GBP,,,300,GBP,,,,,Transaction ID: 30da8c74-fc48-4675-9539-ce62df6e12a5,b9f520aa-290a-45aa-be8d-8077691de698,,,,
Market buy,2021-08-25,13:30:01,STOR,STORE Capital,2.0,35.3,USD,1.37018,,GBP,51.61,GBP,,,,,,,,,,EOF1512818151,0.08,GBP,,
Market buy,2021-08-25,13:30:03,HRZN,Horizon Technology Finance,10.0,16.85,USD,1.37018,,GBP,123.16,GBP,,,,,,,,,,EOF1512818556,0.18,GBP,,
Market buy,2021-08-25,13:30:05,VZ,Verizon Communications,3.0,55.01,USD,1.37017,,GBP,120.62,GBP,,,,,,,,,,EOF1512818865,0.18,GBP,,
Deposit,2021-08-27,11:46:47,,,,,,,,,1500.0,GBP,,,1500,GBP,,,,,Transaction ID: b44af83f-5b78-494c-8088-6534ecfbe433,8f6fb19e-8664-4217-b701-2a033cffe44e,,,,
Market buy,2021-08-27,13:30:02,WTRG,Essential Utilities,4.478814,48.78,USD,1.37073,,GBP,159.63,GBP,,,,,,,,,,EOF1516569396,0.24,GBP,,
Market buy,2021-08-27,13:30:02,STX,Seagate Technology,4.0,84.87,USD,1.37073,,GBP,248.03,GBP,,,,,,,,,,EOF1516569529,0.37,GBP,,
Market buy,2021-08-27,13:30:02,CMCSA,Comcast,3.001644,59.18,USD,1.37073,,GBP,129.78,GBP,,,,,,,,,,EOF1516569415,0.19,GBP,,
Market buy,2021-08-27,13:30:03,LTC,LTC Properties,1.0,34.35,USD,1.37087,,GBP,25.1,GBP,,,,,,,,,,EOF1516569728,0.04,GBP,,
Market buy,2021-08-27,13:30:03,NYMT,New York Mortgage Trust,75.0,4.35,USD,1.37073,,GBP,238.37,GBP,,,,,,,,,,EOF1516569649,0.36,GBP,,
Market buy,2021-08-27,13:30:10,HRZN,Horizon Technology Finance,20.0,16.98,USD,1.37089,,GBP,248.09,GBP,,,,,,,,,,EOF1516571736,0.37,GBP,,
Market buy,2021-08-27,13:30:17,CMCSA,Comcast,2.998356,59.12,USD,1.3708,,GBP,129.5,GBP,,,,,,,,,,EOF1516573285,0.19,GBP,,
Market buy,2021-08-27,13:30:29,WTRG,Essential Utilities,1.521186,48.8,USD,1.37049,,GBP,54.25,GBP,,,,,,,,,,EOF1516573970,0.08,GBP,,
Market buy,2021-08-27,13:31:19,MRK,Merck & Co,5.0,76.81,USD,1.37057,,GBP,280.63,GBP,,,,,,,,,,EOF1516574717,0.42,GBP,,
Market sell,2021-08-30,13:32:44,CVS,CVS Health,13.0,83.84,USD,1.37516,106.54,GBP,791.4,GBP,,,,,0.02,0,,EOF1519984821,1.19,GBP,GBP,GBP,,
Market buy,2021-08-30,13:33:19,CRM,Salesforce,4.0,266.14,USD,1.37491,,GBP,775.43,GBP,,,,,,,,EOF1519985130,1.16,GBP,,,,
Market sell,2021-08-31,14:23:05,CVS,CVS Health,10.0,86.28,USD,1.37888,97.94,GBP,624.74,GBP,,,,,0.01,0,,EOF1522443685,0.94,GBP,GBP,GBP,,
Market sell,2021-08-31,14:23:05,CVS,CVS Health,3.0,86.28,USD,1.37888,29.39,GBP,187.43,GBP,,,,,0.0,0,,EOF1522443686,0.28,GBP,GBP,GBP,,
Market buy,2021-08-31,14:23:35,CRM,Salesforce,4.0,266.03,USD,1.37844,,GBP,773.13,GBP,,,,,,,,EOF1522443757,1.16,GBP,,,,
Market buy,2021-08-31,14:26:00,STOR,STORE Capital,3.0,35.73,USD,1.37866,,GBP,77.87,GBP,,,,,,,,EOF1522444431,0.12,GBP,,,,
Market buy,2021-08-31,14:26:18,STOR,STORE Capital,1.0,35.7,USD,1.37851,,GBP,25.94,GBP,,,,,,,,EOF1522444470,0.04,GBP,,,,
Deposit,2021-09-01,09:22:48,,,,,,,,,100.0,GBP,,,100,GBP,,,,,Transaction ID: 6db59ccf-75b4-4d9f-9df8-099ce5219407,b47753c9-8f78-4c20-b2a1-1cbb2223a3f4,,,,
Deposit,2021-09-01,10:44:09,,,,,,,,,500.0,GBP,,,500,GBP,,,,,Transaction ID: 8d4c656f-fb7f-4f14-9c29-739b2397e275,0afffc4d-36f1-4b0e-af3b-91a87587f26f,,,,
Market buy,2021-09-01,13:30:02,LTC,LTC Properties,10.0,34.91,USD,1.37883,,GBP,253.57,GBP,,,,,,,,,,EOF1524271518,0.38,GBP,,
Market buy,2021-09-01,13:30:02,JNJ,Johnson & Johnson,1.0,172.98,USD,1.37883,,GBP,125.64,GBP,,,,,,,,,,EOF1524271473,0.19,GBP,,
Market buy,2021-09-01,13:30:05,VZ,Verizon Communications,1.0,55.01,USD,1.37876,,GBP,39.96,GBP,,,,,,,,,,EOF1524272113,0.06,GBP,,
Market buy,2021-09-01,13:30:05,UNP,Union Pacific,1.0,216.65,USD,1.37878,,GBP,157.37,GBP,,,,,,,,,,EOF1524272078,0.24,GBP,,
Dividend (Ordinary),2021-09-03,08:15:36,GOOD,Gladstone Commercial,27.0,0.11,USD,Not available,,,2.08,GBP,0.51,USD,,,,,,,,,,,,
Dividend (Ordinary),2021-09-03,12:22:05,WTRG,Essential Utilities,6.0,0.23,USD,Not available,,,0.99,GBP,0.24,USD,,,,,,,,,,,,
Dividend (Ordinary),2021-09-03,08:15:36,GOOD,Gladstone Commercial,129.0,0.11,USD,Not available,,,9.92,GBP,2.42,USD,,,,,,,,,,,,
Dividend (Ordinary),2021-09-03,08:45:41,AWR,American States Water,28.0,0.31,USD,Not available,,,6.28,GBP,1.53,USD,,,,,,,,,,,,
Dividend (Ordinary),2021-09-03,10:24:50,V,Visa,10.0,0.27,USD,Not available,,,1.97,GBP,0.48,USD,,,,,,,,,,,,
Dividend (Ordinary),2021-09-03,12:22:05,WTRG,Essential Utilities,42.0,0.23,USD,Not available,,,6.92,GBP,1.69,USD,,,,,,,,,,,,
Dividend (Ordinary),2021-09-06,16:25:47,HON,Honeywell International,2.0,0.79,USD,Not available,,,1.14,GBP,0.28,USD,,,,,,,,,,,,
Dividend (Ordinary),2021-09-06,16:25:47,HON,Honeywell International,9.0,0.79,USD,Not available,,,5.14,GBP,1.26,USD,,,,,,,,,,,,
Dividend (Bonus),2021-09-07,09:11:47,LTC,LTC Properties,25.0,0.16,USD,Not available,,,2.92,GBP,0.71,USD,,,,,,,,,,,,
Dividend (Bonus),2021-09-07,09:11:47,LTC,LTC Properties,45.0,0.16,USD,Not available,,,5.26,GBP,1.28,USD,,,,,,,,,,,,
Dividend (Ordinary),2021-09-09,12:06:48,JNJ,Johnson & Johnson,6.0,0.9,USD,Not available,,,3.91,GBP,0.95,USD,,,,,,,,,,,,
Dividend (Ordinary),2021-09-09,12:06:48,JNJ,Johnson & Johnson,8.0,0.9,USD,Not available,,,5.21,GBP,1.27,USD,,,,,,,,,,,,
Dividend (Ordinary),2021-09-15,11:55:43,MMM,3M,17.0,1.26,USD,Not available,,,15.47,GBP,3.77,USD,,,,,,,,,,,,
Dividend (Ordinary),2021-09-16,12:44:34,TGT,Target,22.0,0.77,USD,Not available,,,12.18,GBP,2.97,USD,,,,,,,,,,,,
Dividend (Ordinary),2021-09-17,09:51:10,O,Realty Income,30.0,0.2,USD,Not available,,,4.36,GBP,1.06,USD,,,,,,,,,,,,
Dividend (Ordinary),2021-09-17,09:51:10,O,Realty Income,25.0,0.2,USD,Not available,,,3.63,GBP,0.88,USD,,,,,,,,,,,,
Deposit,2021-09-19,11:56:59,,,,,,,,,400.0,GBP,,,400,GBP,,,,,Transaction ID: 5a494148-aeb9-4099-b317-56be112cfa9b,166c4c9b-5d9e-40c1-8624-d412886127ad,,,,
Dividend (Ordinary),2021-09-20,14:06:17,HRZN,Horizon Technology Finance,100.0,0.09,USD,Not available,,,6.22,GBP,1.5,USD,,,,,,,,,,,,
Market buy,2021-09-20,14:31:40,ABBV,AbbVie,5.0,107.17,USD,1.36595,,GBP,392.87,GBP,,,,,,,,,,EOF1553368151,0.58,GBP,,
Market buy,2021-09-20,15:06:09,STOR,STORE Capital,1.0,34.2,USD,1.36711,,GBP,25.06,GBP,,,,,,,,,,EOF1553377404,0.04,GBP,,
Market buy,2021-09-20,15:06:39,STOR,STORE Capital,1.0,34.21,USD,1.36707,,GBP,25.06,GBP,,,,,,,,,,EOF1553377459,0.04,GBP,,
Dividend (Ordinary),2021-09-20,11:06:20,CWEN,Clearway Energy,102.0,0.28,USD,Not available,,,21.18,GBP,5.12,USD,,,,,,,,,,,,
Dividend (Ordinary),2021-09-20,14:52:00,NEE,NextEra Energy,42.0,0.33,USD,Not available,,,10.05,GBP,2.43,USD,,,,,,,,,,,,
Market buy,2021-09-20,15:10:01,NLY,Annaly Capital Management,16.0,8.61,USD,1.367,,GBP,100.92,GBP,,,,,,,,EOF1553419745,0.15,GBP,,,,
Deposit,2021-09-21,09:39:38,,,,,,,,,400.0,GBP,,,400,GBP,,,,,Transaction ID: 0cdfafec-dffa-4cfb-b7e8-cd0c57b76899,b04ccf5e-f527-4ccb-95b4-19d073a6752d,,,,
Market buy,2021-09-21,15:47:42,ABBV,AbbVie,2.0,107.37,USD,1.36535,,GBP,157.52,GBP,,,,,,,,,,EOF1555883354,0.24,GBP,,
Market buy,2021-09-21,15:54:01,PSA,Public Storage,1.0,315.0,USD,1.3658,,GBP,230.98,GBP,,,,,,,,,,EOF1555884015,0.35,GBP,,
Dividend (Ordinary),2021-09-21,18:02:03,HD,Home Depot,12.0,1.4,USD,Not available,,,12.32,GBP,2.97,USD,,,,,,,,,,,,
Dividend (Ordinary),2021-09-24,11:42:39,QCOM,Qualcomm,21.0,0.58,USD,Not available,,,8.87,GBP,2.14,USD,,,,,,,,,,,,
Dividend (Ordinary),2021-09-24,11:42:39,QCOM,Qualcomm,2.0,0.58,USD,Not available,,,0.85,GBP,0.2,USD,,,,,,,,,,,,
Deposit,2021-09-25,22:40:57,,,,,,,,,400.0,GBP,,,400,GBP,,,,,Transaction ID: 95d74d14-cb71-4d97-b279-1d7d335c1da5,2045dbf8-e6a4-4390-a79e-eb9044c1c961,,,,
Market sell,2021-09-27,13:30:05,CVS,CVS Health,2.37,84.56,USD,1.37018,13.98,GBP,146.04,GBP,,,,,,,,,,EOF1565149206,0.22,GBP,,
Market sell,2021-09-27,13:30:08,CVS,CVS Health,1.63,84.63,USD,1.37025,9.7,GBP,100.52,GBP,,,,,,,,,,EOF1565149844,0.15,GBP,,
Market buy,2021-09-27,13:33:18,MRK,Merck & Co,7.0,73.52,USD,1.37015,,GBP,376.16,GBP,,,,,,,,,,EOF1565158913,0.56,GBP,,
Market buy,2021-09-27,13:37:39,HRZN,Horizon Technology Finance,23.0,16.57,USD,1.36963,,GBP,278.68,GBP,,,,,,,,,,EOF1565161678,0.42,GBP,,
Dividend (Ordinary),2021-09-28,07:34:15,WM,Waste Management,6.0,0.49,USD,Not available,,,2.14,GBP,0.52,USD,,,,,,,,,,,,
Dividend (Ordinary),2021-09-28,07:34:15,WM,Waste Management,10.0,0.49,USD,Not available,,,3.57,GBP,0.86,USD,,,,,,,,,,,,
Deposit,2021-09-29,08:57:38,,,,,,,,,1500.0,GBP,,,1500,GBP,,,,,Transaction ID: e79be829-acb7-44c4-aa8e-6ac23585d9ba,b5a8934c-03b0-43dd-901b-fab592067804,,,,
Market buy,2021-09-29,13:30:01,DLR,Digital Realty Trust,5.0,146.22,USD,1.34548,,GBP,544.21,GBP,,,,,,,,,,EOF1570430394,0.82,GBP,,
Market buy,2021-09-29,13:30:02,QCOM,Qualcomm,4.0,130.59,USD,1.34536,,GBP,388.83,GBP,,,,,,,,,,EOF1570430628,0.59,GBP,,
Market buy,2021-09-29,13:30:03,O,Realty Income,10.0,65.26,USD,1.34537,,GBP,485.77,GBP,,,,,,,,,,EOF1570430673,0.73,GBP,,
Market buy,2021-09-29,13:30:04,QCOM,Qualcomm,1.0,130.6,USD,1.34537,,GBP,97.22,GBP,,,,,,,,,,EOF1570430864,0.15,GBP,,
Dividend (Ordinary),2021-10-01,11:09:27,UNP,Union Pacific,2.0,0.91,USD,Not available,,,1.35,GBP,0.32,USD,,,,,,,,,,,,
Dividend (Ordinary),2021-10-01,12:19:35,SPG,Simon Property,4.0,1.28,USD,Not available,,,3.77,GBP,0.9,USD,,,,,,,,,,,,
Dividend (Ordinary),2021-10-01,12:31:07,SCI,Service Corp International,14.0,0.2,USD,Not available,,,2.02,GBP,0.48,USD,,,,,,,,,,,,
Dividend (Ordinary),2021-10-01,13:25:30,PSA,Public Storage,1.0,1.7,USD,Not available,,,1.25,GBP,0.3,USD,,,,,,,,,,,,
Dividend (Ordinary),2021-10-01,11:09:27,UNP,Union Pacific,9.0,0.91,USD,Not available,,,6.05,GBP,1.44,USD,,,,,,,,,,,,
Dividend (Ordinary),2021-10-01,12:19:35,SPG,Simon Property,20.0,1.28,USD,Not available,,,18.83,GBP,4.5,USD,,,,,,,,,,,,
Dividend (Ordinary),2021-10-01,12:31:07,SCI,Service Corp International,36.0,0.2,USD,Not available,,,5.2,GBP,1.24,USD,,,,,,,,,,,,
Dividend (Ordinary),2021-10-01,13:25:30,PSA,Public Storage,7.0,1.7,USD,Not available,,,8.78,GBP,2.1,USD,,,,,,,,,,,,
Deposit,2021-10-02,11:35:48,,,,,,,,,500.0,GBP,,,500,GBP,,,,,Transaction ID: cae5104e-73d3-49e8-9cc2-416a5d857a40,a7cab014-ff19-4812-90bd-b293da0be994,,,,
Dividend (Ordinary),2021-10-04,08:16:48,AVGO,Broadcom,7.0,3.06,USD,Not available,,,15.79,GBP,3.78,USD,,,,,,,,,,,,
Dividend (Ordinary),2021-10-04,09:24:54,EXR,Extra Space Storage,1.0,1.06,USD,Not available,,,0.78,GBP,0.19,USD,,,,,,,,,,,,
Dividend (Ordinary),2021-10-04,10:10:58,GOOD,Gladstone Commercial,27.0,0.11,USD,Not available,,,2.11,GBP,0.51,USD,,,,,,,,,,,,
Dividend (Ordinary),2021-10-04,10:36:09,HI,Hillenbrand,16.0,0.18,USD,Not available,,,2.15,GBP,0.52,USD,,,,,,,,,,,,
Dividend (Ordinary),2021-10-04,10:46:18,ICE,Intercontinental Exchange,3.0,0.28,USD,Not available,,,0.62,GBP,0.15,USD,,,,,,,,,,,,
Dividend (Ordinary),2021-10-04,11:03:20,LTC,LTC Properties,36.0,0.16,USD,Not available,,,4.28,GBP,1.03,USD,,,,,,,,,,,,
Market buy,2021-10-04,13:30:01,AMT,American Tower,1.0,266.01,USD,1.36048,,GBP,195.82,GBP,,,,,,,,,,EOF1579246713,0.29,GBP,,
Market buy,2021-10-04,13:30:05,EXR,Extra Space Storage,2.0,171.92,USD,1.36054,,GBP,253.1,GBP,,,,,,,,,,EOF1579247877,0.38,GBP,,
Market buy,2021-10-04,13:30:08,VZ,Verizon Communications,2.0,54.46,USD,1.36049,,GBP,80.18,GBP,,,,,,,,,,EOF1579248276,0.12,GBP,,
Dividend (Ordinary),2021-10-04,08:16:48,AVGO,Broadcom,2.0,3.06,USD,Not available,,,4.51,GBP,1.08,USD,,,,,,,,,,,,
Dividend (Ordinary),2021-10-04,09:24:54,EXR,Extra Space Storage,15.0,1.06,USD,Not available,,,11.75,GBP,2.81,USD,,,,,,,,,,,,
Dividend (Ordinary),2021-10-04,10:10:58,GOOD,Gladstone Commercial,129.0,0.11,USD,Not available,,,10.1,GBP,2.42,USD,,,,,,,,,,,,
Dividend (Ordinary),2021-10-04,10:36:09,HI,Hillenbrand,63.0,0.18,USD,Not available,,,8.48,GBP,2.03,USD,,,,,,,,,,,,
Dividend (Ordinary),2021-10-04,10:46:18,ICE,Intercontinental Exchange,18.0,0.28,USD,Not available,,,3.72,GBP,0.89,USD,,,,,,,,,,,,
Dividend (Ordinary),2021-10-04,11:03:20,LTC,LTC Properties,45.0,0.16,USD,Not available,,,5.35,GBP,1.28,USD,,,,,,,,,,,,
Market buy,2021-10-04,13:30:10,LTC,LTC Properties,1.0,32.35,USD,1.36049,,GBP,23.82,GBP,,,,,,,,EOF1579044135,0.04,GBP,,,,
Market buy,2021-10-04,13:30:15,STX,Seagate Technology,1.0,84.4,USD,1.36047,,GBP,62.13,GBP,,,,,,,,EOF1579045288,0.09,GBP,,,,
Dividend (Ordinary),2021-10-05,09:33:58,NKE,Nike,18.0,0.23,USD,Not available,,,3.09,GBP,0.74,USD,,,,,,,,,,,,
Dividend (Return of capital non us),2021-10-07,16:39:35,STX,Seagate Technology,6.0,0.5,USD,Not available,,,2.21,GBP,0.0,USD,,,,,,,,,,,,
Dividend (Return of capital non us),2021-10-07,16:39:35,STX,Seagate Technology,26.0,0.5,USD,Not available,,,9.59,GBP,0.0,USD,,,,,,,,,,,,
Dividend (Ordinary),2021-10-08,07:38:21,MRK,Merck & Co,12.0,0.55,USD,Not available,,,4.88,GBP,1.17,USD,,,,,,,,,,,,
Dividend (Ordinary),2021-10-08,07:38:21,MRK,Merck & Co,24.0,0.55,USD,Not available,,,9.76,GBP,2.34,USD,,,,,,,,,,,,
Dividend (Ordinary),2021-10-11,11:25:24,HASI,Hannon Armstrong Sustainable Infrastructure Capital,18.0,0.3,USD,Not available,,,3.93,GBP,0.95,USD,,,,,,,,,,,,
Dividend (Ordinary),2021-10-11,11:25:24,HASI,Hannon Armstrong Sustainable Infrastructure Capital,45.0,0.3,USD,Not available,,,9.82,GBP,2.36,USD,,,,,,,,,,,,
Dividend (Ordinary),2021-10-18,08:51:01,AMT,American Tower,1.0,1.11,USD,Not available,,,0.81,GBP,0.2,USD,,,,,,,,,,,,
Dividend (Ordinary),2021-10-18,13:21:37,ECL,Ecolab,2.0,0.41,USD,Not available,,,0.59,GBP,0.14,USD,,,,,,,,,,,,
Dividend (Ordinary),2021-10-18,13:36:20,STOR,STORE Capital,70.0,0.33,USD,Not available,,,16.68,GBP,4.04,USD,,,,,,,,,,,,
Dividend (Ordinary),2021-10-18,14:43:49,HRZN,Horizon Technology Finance,160.0,0.09,USD,Not available,,,9.9,GBP,2.4,USD,,,,,,,,,,,,
Dividend (Ordinary),2021-10-18,17:16:23,O,Realty Income,40.0,0.2,USD,Not available,,,5.84,GBP,1.42,USD,,,,,,,,,,,,
Dividend (Ordinary),2021-10-18,17:33:32,MDT,Medtronic,6.0,0.47,USD,Not available,,,2.06,GBP,0.95,USD,,,,,,,,,,,,
Dividend (Ordinary),2021-10-18,08:51:01,AMT,American Tower,8.0,1.11,USD,Not available,,,6.49,GBP,1.57,USD,,,,,,,,,,,,
Dividend (Ordinary),2021-10-18,13:21:37,ECL,Ecolab,9.0,0.41,USD,Not available,,,2.68,GBP,0.65,USD,,,,,,,,,,,,
Dividend (Ordinary),2021-10-18,13:36:20,STOR,STORE Capital,4.0,0.33,USD,Not available,,,0.95,GBP,0.23,USD,,,,,,,,,,,,
Dividend (Ordinary),2021-10-18,17:16:23,O,Realty Income,25.0,0.2,USD,Not available,,,3.65,GBP,0.89,USD,,,,,,,,,,,,
Dividend (Ordinary),2021-10-18,17:33:32,MDT,Medtronic,13.0,0.47,USD,Not available,,,4.47,GBP,2.05,USD,,,,,,,,,,,,
Deposit,2021-10-19,08:43:13,,,,,,,,,200.0,GBP,,,200,GBP,,,,,Transaction ID: 86e6d295-feba-4ad1-9de7-a5064af5f2af,31153972-b9f7-40ee-afab-1976240fc772,,,,
Market buy,2021-10-19,15:40:04,VZ,Verizon Communications,6.0,52.03,USD,1.38014,,GBP,226.53,GBP,,,,,,,,,,EOF1618462149,0.34,GBP,,
Market buy,2021-10-19,16:15:27,NLY,Annaly Capital Management,10.0,8.66,USD,1.37994,,GBP,62.85,GBP,,,,,,,,EOF1618826179,0.09,GBP,,,,
Deposit,2021-10-22,10:32:30,,,,,,,,,400.0,GBP,,,400,GBP,,,,,Transaction ID: 8a77e67b-b321-48ef-b9dd-1067cc977622,886300dc-06fc-42ed-a767-d2e6df754da0,,,,
Market buy,2021-10-22,13:30:02,VZ,Verizon Communications,6.0,53.42,USD,1.37773,,GBP,232.99,GBP,,,,,,,,,,EOF1623029592,0.35,GBP,,
Market buy,2021-10-22,13:30:04,CMCSA,Comcast,3.786663,54.18,USD,1.37773,,GBP,149.13,GBP,,,,,,,,,,EOF1623030165,0.22,GBP,,
Market buy,2021-10-22,13:30:19,NLY,Annaly Capital Management,5.0,8.72,USD,1.37774,,GBP,31.7,GBP,,,,,,,,,,EOF1623034425,0.05,GBP,,
Market buy,2021-10-22,13:30:20,CMCSA,Comcast,0.213337,53.96,USD,1.37774,,GBP,8.37,GBP,,,,,,,,,,EOF1623034471,0.01,GBP,,
Deposit,2021-10-26,14:42:16,,,,,,,,,350.0,GBP,,,350,GBP,,,,,Transaction ID: e5f58a91-2e06-4695-83af-92ae17b918cf,715e7289-c11f-46a2-bea0-c97d32f83557,,,,
Market buy,2021-10-26,14:55:19,LTC,LTC Properties,7.647704,33.68,USD,1.37893,,GBP,187.07,GBP,,,,,,,,,,EOF1632362086,0.28,GBP,,
Market buy,2021-10-26,14:56:02,LTC,LTC Properties,5.352296,33.66,USD,1.37895,,GBP,130.85,GBP,,,,,,,,,,EOF1632362436,0.2,GBP,,
Dividend (Ordinary),2021-10-27,08:49:57,NYMT,New York Mortgage Trust,280.0,0.09,USD,Not available,,,17.33,GBP,4.2,USD,,,,,,,,,,,,
Dividend (Ordinary),2021-10-27,08:49:57,NYMT,New York Mortgage Trust,336.0,0.09,USD,Not available,,,20.8,GBP,5.04,USD,,,,,,,,,,,,
Dividend (Ordinary),2021-10-28,08:21:47,CMCSA,Comcast,10.0,0.21,USD,Not available,,,1.54,GBP,0.38,USD,,,,,,,,,,,,
Dividend (Ordinary),2021-10-28,08:21:47,CMCSA,Comcast,36.0,0.21,USD,Not available,,,5.56,GBP,1.35,USD,,,,,,,,,,,,
Deposit,2021-10-29,15:54:00,,,,,,,,,1200.0,GBP,,,1200,GBP,,,,,Transaction ID: c8068a85-2ad9-46f1-9233-b555f6068227,da7188eb-3284-4446-b145-89e202710ff2,,,,
Market buy,2021-10-29,16:17:32,UNP,Union Pacific,1.0,242.19,USD,1.36784,,GBP,177.33,GBP,,,,,,,,,,EOF1640236783,0.27,GBP,,
Market buy,2021-10-29,16:18:13,ICE,Intercontinental Exchange,1.0,138.31,USD,1.36792,,GBP,101.26,GBP,,,,,,,,,,EOF1640236865,0.15,GBP,,
Market buy,2021-10-29,16:19:44,HON,Honeywell International,1.7418682,218.17,USD,1.36785,,GBP,278.24,GBP,,,,,,,,,,EOF1640237064,0.42,GBP,,
Market buy,2021-10-29,16:19:50,WTRG,Essential Utilities,8.01052,47.21,USD,1.36788,,GBP,276.89,GBP,,,,,,,,,,EOF1640237110,0.42,GBP,,
Market buy,2021-10-29,16:20:00,HON,Honeywell International,0.2581318,218.11,USD,1.36785,,GBP,41.22,GBP,,,,,,,,,,EOF1640237132,0.06,GBP,,
Market buy,2021-10-29,16:20:09,WTRG,Essential Utilities,1.98948,47.2,USD,1.36791,,GBP,68.75,GBP,,,,,,,,,,EOF1640237156,0.1,GBP,,
Market buy,2021-10-29,16:21:29,RITM,Rithm Capital,5.0,11.39,USD,1.36796,,GBP,41.69,GBP,,,,,,,,,,EOF1640237476,0.06,GBP,,
Market buy,2021-10-29,16:22:11,PBCT,People's United Financial,15.430348,17.12,USD,1.36814,,GBP,193.37,GBP,,,,,,,,,,EOF1640237589,0.29,GBP,,
Market buy,2021-10-29,16:22:57,PBCT,People's United Financial,4.569652,17.14,USD,1.36813,,GBP,57.34,GBP,,,,,,,,,,EOF1640237792,0.09,GBP,,
Dividend (Ordinary),2021-11-01,11:59:38,GOOD,Gladstone Commercial,27.0,0.11,USD,Not available,,,2.1,GBP,0.51,USD,,,,,,,,,,,,
Dividend (Ordinary),2021-11-01,12:26:55,LTC,LTC Properties,36.0,0.16,USD,Not available,,,4.25,GBP,1.03,USD,,,,,,,,,,,,
Dividend (Ordinary),2021-11-01,13:30:03,NLY,Annaly Capital Management,67.0,0.19,USD,Not available,,,9.16,GBP,2.21,USD,,,,,,,,,,,,
Dividend (Ordinary),2021-11-01,13:46:10,RITM,Rithm Capital,69.0,0.21,USD,Not available,,,10.72,GBP,2.59,USD,,,,,,,,,,,,
Dividend (Ordinary),2021-11-01,11:59:38,GOOD,Gladstone Commercial,129.0,0.11,USD,Not available,,,10.04,GBP,2.42,USD,,,,,,,,,,,,
Dividend (Ordinary),2021-11-01,12:26:55,LTC,LTC Properties,46.0,0.16,USD,Not available,,,5.43,GBP,1.31,USD,,,,,,,,,,,,
Dividend (Ordinary),2021-11-01,13:30:03,NLY,Annaly Capital Management,235.0,0.19,USD,Not available,,,32.12,GBP,7.76,USD,,,,,,,,,,,,
Dividend (Ordinary),2021-11-01,13:46:10,RITM,Rithm Capital,169.0,0.21,USD,Not available,,,26.25,GBP,6.34,USD,,,,,,,,,,,,
Dividend (Ordinary),2021-11-02,14:40:08,VZ,Verizon Communications,15.0,0.54,USD,Not available,,,5.98,GBP,1.44,USD,,,,,,,,,,,,
Deposit,2021-11-02,16:21:15,,,,,,,,,500.0,GBP,,,500,GBP,,,,,Transaction ID: 3e4dbdf2-40f3-412d-a474-ade0f061ed58,17e5121f-1f44-470d-b7a3-f9a5ed1adec2,,,,
Market buy,2021-11-02,18:17:17,STOR,STORE Capital,15.0,34.64,USD,1.36156,,GBP,382.14,GBP,,,,,,,,,,EOF1646195165,0.57,GBP,,
Market buy,2021-11-02,18:18:32,STOR,STORE Capital,1.0,34.65,USD,1.36161,,GBP,25.49,GBP,,,,,,,,,,EOF1646195285,0.04,GBP,,
Market buy,2021-11-02,18:39:28,AWR,American States Water,2.0,90.69,USD,1.36193,,GBP,133.38,GBP,,,,,,,,,,EOF1646197458,0.2,GBP,,
Dividend (Ordinary),2021-11-02,14:40:08,VZ,Verizon Communications,33.0,0.54,USD,Not available,,,13.17,GBP,3.17,USD,,,,,,,,,,,,
Dividend (Ordinary),2021-11-02,15:37:26,T,AT&T,78.0,0.44,USD,Not available,,,25.31,GBP,6.08,USD,,,,,,,,,,,,
Market buy,2021-11-02,19:24:04,NLY,Annaly Capital Management,3.0,8.52,USD,1.36211,,GBP,18.8,GBP,,,,,,,,EOF1646243680,0.03,GBP,,,,
Market buy,2021-11-02,19:24:04,NLY,Annaly Capital Management,20.0,8.52,USD,1.36211,,GBP,125.29,GBP,,,,,,,,EOF1646243681,0.19,GBP,,,,
Dividend (Ordinary),2021-11-04,08:15:06,DLR,Digital Realty Trust,16.0,0.99,USD,Not available,,,11.55,GBP,2.78,USD,,,,,,,,,,,,
Deposit,2021-11-11,14:16:43,,,,,,,,,400.0,GBP,,,400,GBP,,,,,Transaction ID: b725184a-1c4f-4c21-a465-4fae97a3019d,e5c20ca8-a952-4fac-837b-d5c2079c98fa,,,,
Market buy,2021-11-11,14:30:43,PSA,Public Storage,1.0,327.86,USD,1.34004,,GBP,245.03,GBP,,,,,,,,,,EOF1662960431,0.37,GBP,,
Market buy,2021-11-11,14:57:55,ICE,Intercontinental Exchange,1.0,133.91,USD,1.33977,,GBP,100.1,GBP,,,,,,,,,,EOF1662974229,0.15,GBP,,
Market buy,2021-11-11,15:01:51,NLY,Annaly Capital Management,9.0,8.59,USD,1.33952,,GBP,57.8,GBP,,,,,,,,,,EOF1662975449,0.09,GBP,,
Market buy,2021-11-11,15:01:51,NLY,Annaly Capital Management,1.0,8.59,USD,1.33948,,GBP,6.42,GBP,,,,,,,,,,EOF1662975450,0.01,GBP,,
Dividend (Ordinary),2021-11-15,09:42:08,AAPL,Apple,10.0,0.19,USD,Not available,,,1.39,GBP,0.33,USD,,,,,,,,,,,,
Dividend (Ordinary),2021-11-15,13:24:02,COST,Costco Wholesale,2.0,0.67,USD,Not available,,,1.0,GBP,0.24,USD,,,,,,,,,,,,
Dividend (Ordinary),2021-11-15,16:24:05,SBNY,Signature Bank,14.0,0.48,USD,Not available,,,4.96,GBP,1.18,USD,,,,,,,,,,,,
Dividend (Ordinary),2021-11-15,09:42:08,AAPL,Apple,20.0,0.19,USD,Not available,,,2.79,GBP,0.66,USD,,,,,,,,,,,,
Dividend (Ordinary),2021-11-15,13:24:02,COST,Costco Wholesale,6.0,0.67,USD,Not available,,,3.0,GBP,0.71,USD,,,,,,,,,,,,
Dividend (Ordinary),2021-11-15,16:24:05,SBNY,Signature Bank,5.0,0.48,USD,Not available,,,1.77,GBP,0.42,USD,,,,,,,,,,,,
Dividend (Ordinary),2021-11-16,14:05:11,ABBV,AbbVie,7.0,1.11,USD,Not available,,,5.75,GBP,1.37,USD,,,,,,,,,,,,
Dividend (Ordinary),2021-11-16,14:05:11,ABBV,AbbVie,22.0,1.11,USD,Not available,,,18.07,GBP,4.29,USD,,,,,,,,,,,,
Dividend (Ordinary),2021-11-17,09:56:14,HRZN,Horizon Technology Finance,183.0,0.09,USD,Not available,,,11.59,GBP,2.75,USD,,,,,,,,,,,,
Dividend (Ordinary),2021-11-17,13:24:21,O,Realty Income,40.0,0.2,USD,Not available,,,5.96,GBP,1.42,USD,,,,,,,,,,,,
Dividend (Ordinary),2021-11-17,13:39:05,OHI,Omega Healthcare Investors,42.0,0.57,USD,Not available,,,17.75,GBP,4.22,USD,,,,,,,,,,,,
Dividend (Ordinary),2021-11-17,13:47:23,PBCT,People's United Financial,104.0,0.16,USD,Not available,,,11.99,GBP,2.85,USD,,,,,,,,,,,,
Dividend (Ordinary),2021-11-17,09:29:11,AOS,A O Smith,62.0,0.24,USD,Not available,,,10.98,GBP,2.6,USD,,,,,,,,,,,,
Dividend (Ordinary),2021-11-17,13:24:21,O,Realty Income,25.0,0.2,USD,Not available,,,3.72,GBP,0.89,USD,,,,,,,,,,,,
Dividend (Ordinary),2021-11-17,13:39:05,OHI,Omega Healthcare Investors,36.0,0.57,USD,Not available,,,15.22,GBP,3.62,USD,,,,,,,,,,,,
Dividend (Ordinary),2021-11-17,13:47:23,PBCT,People's United Financial,47.0,0.16,USD,Not available,,,5.42,GBP,1.29,USD,,,,,,,,,,,,
Deposit,2021-11-19,16:57:25,,,,,,,,,400.0,GBP,,,400,GBP,,,,,Transaction ID: caf75227-39af-4112-abf4-770333ab9e41,39fe2b70-b74a-4f57-96e9-126873a9137b,,,,
Market buy,2021-11-19,17:10:17,HON,Honeywell International,1.0,219.39,USD,1.34656,,GBP,163.17,GBP,,,,,,,,,,EOF1676764877,0.24,GBP,,
Market buy,2021-11-19,17:11:06,AMT,American Tower,1.0,262.09,USD,1.3467,,GBP,194.91,GBP,,,,,,,,,,EOF1676764948,0.29,GBP,,
Market buy,2021-11-19,17:13:32,AWR,American States Water,1.0,95.8,USD,1.34679,,GBP,71.24,GBP,,,,,,,,,,EOF1676765233,0.11,GBP,,
Market buy,2021-11-19,17:15:57,RITM,Rithm Capital,3.0,11.11,USD,1.34696,,GBP,24.78,GBP,,,,,,,,,,EOF1676765463,0.04,GBP,,
Dividend (Ordinary),2021-11-22,13:55:33,CAT,Caterpillar,21.0,0.94,USD,Not available,,,14.73,GBP,3.5,USD,,,,,,,,,,,,
Dividend (Ordinary),2021-11-22,18:09:41,PETS,PetMed Express,101.0,0.26,USD,Not available,,,19.23,GBP,4.55,USD,,,,,,,,,,,,
Dividend (Ordinary),2021-11-24,09:41:23,WELL,Welltower,31.0,0.52,USD,Not available,,,12.02,GBP,2.84,USD,,,,,,,,,,,,
Deposit,2021-11-26,18:23:15,,,,,,,,,400.0,GBP,,,400,GBP,,,,,Transaction ID: 6fa68ce9-0081-49e8-9af1-2313ba2dfd3a,4d087c9d-c274-4116-a13a-c869b64b07d3,,,,
Market buy,2021-11-26,14:30:02,RITM,Rithm Capital,12.0,11.09,USD,1.33365,,GBP,99.94,GBP,,,,,,,,EOF1686061450,0.15,GBP,,,,
Market buy,2021-11-29,14:30:01,WELL,Welltower,6.0,82.34,USD,1.33082,,GBP,371.77,GBP,,,,,,,,,,EOF1689435270,0.55,GBP,,
Market buy,2021-11-29,14:30:07,NLY,Annaly Capital Management,5.0,8.42,USD,1.33082,,GBP,31.68,GBP,,,,,,,,,,EOF1689436914,0.05,GBP,,
Deposit,2021-11-29,17:37:02,,,,,,,,,1500.0,GBP,,,1500,GBP,,,,,Transaction ID: 584b737c-3d51-41b8-9648-6abb7ae3fa7a,fb5758fb-7698-4974-895c-76e8ff87de83,,,,
Market buy,2021-11-29,18:05:20,WM,Waste Management,2.0,167.82,USD,1.33028,,GBP,252.69,GBP,,,,,,,,,,EOF1690753949,0.38,GBP,,
Market buy,2021-11-29,18:08:25,MDT,Medtronic,5.0,110.92,USD,1.33055,,GBP,417.43,GBP,,,,,,,,,,EOF1690754164,0.56,GBP,,
Market buy,2021-11-29,18:12:14,COST,Costco Wholesale,1.0,559.67,USD,1.33075,,GBP,421.2,GBP,,,,,,,,,,EOF1690754441,0.63,GBP,,
Market buy,2021-11-29,18:13:38,AAPL,Apple,1.0,160.51,USD,1.33056,,GBP,120.81,GBP,,,,,,,,,,EOF1690754594,0.18,GBP,,
Market buy,2021-11-29,18:14:18,HI,Hillenbrand,3.0,46.25,USD,1.33043,,GBP,104.45,GBP,,,,,,,,,,EOF1690754641,0.16,GBP,,
Market buy,2021-11-29,18:15:56,RITM,Rithm Capital,19.883543,11.08,USD,1.33035,,GBP,165.85,GBP,,,,,,,,,,EOF1690754703,0.25,GBP,,
Market buy,2021-11-29,18:19:02,RITM,Rithm Capital,2.116457,11.07,USD,1.33023,,GBP,17.64,GBP,,,,,,,,,,EOF1690754948,0.03,GBP,,
Dividend (Ordinary),2021-12-01,15:16:00,LTC,LTC Properties,49.0,0.16,USD,Not available,,,5.94,GBP,1.4,USD,,,,,,,,,,,,
Dividend (Ordinary),2021-12-01,15:35:21,GOOD,Gladstone Commercial,27.0,0.11,USD,Not available,,,2.16,GBP,0.51,USD,,,,,,,,,,,,
Dividend (Ordinary),2021-12-01,15:16:00,LTC,LTC Properties,46.0,0.16,USD,Not available,,,5.57,GBP,1.31,USD,,,,,,,,,,,,
Dividend (Ordinary),2021-12-01,15:35:21,GOOD,Gladstone Commercial,129.0,0.11,USD,Not available,,,10.32,GBP,2.42,USD,,,,,,,,,,,,
Dividend (Ordinary),2021-12-02,11:48:19,WTRG,Essential Utilities,22.0,0.23,USD,Not available,,,3.76,GBP,0.89,USD,,,,,,,,,,,,
Dividend (Ordinary),2021-12-02,15:19:29,AWR,American States Water,2.0,0.31,USD,Not available,,,0.47,GBP,0.11,USD,,,,,,,,,,,,
Dividend (Ordinary),2021-12-02,11:48:19,WTRG,Essential Utilities,42.0,0.23,USD,Not available,,,7.18,GBP,1.69,USD,,,,,,,,,,,,
Dividend (Ordinary),2021-12-02,15:19:29,AWR,American States Water,28.0,0.31,USD,Not available,,,6.52,GBP,1.53,USD,,,,,,,,,,,,
Dividend (Ordinary),2021-12-06,12:59:52,HON,Honeywell International,4.0,0.83,USD,Not available,,,2.51,GBP,0.59,USD,,,,,,,,,,,,
Dividend (Ordinary),2021-12-06,12:59:52,HON,Honeywell International,9.0,0.83,USD,Not available,,,5.65,GBP,1.32,USD,,,,,,,,,,,,
Dividend (Ordinary),2021-12-08,15:28:41,JNJ,Johnson & Johnson,7.0,0.9,USD,Not available,,,4.77,GBP,1.11,USD,,,,,,,,,,,,
Dividend (Ordinary),2021-12-08,15:28:41,JNJ,Johnson & Johnson,8.0,0.9,USD,Not available,,,5.45,GBP,1.27,USD,,,,,,,,,,,,
Dividend (Ordinary),2021-12-09,10:43:24,V,Visa,1.0,0.32,USD,Not available,,,0.24,GBP,0.06,USD,,,,,,,,,,,,
Dividend (Ordinary),2021-12-09,10:43:24,V,Visa,10.0,0.32,USD,Not available,,,2.41,GBP,0.56,USD,,,,,,,,,,,,
Dividend (Ordinary),2021-12-13,17:55:24,TGT,Target,22.0,0.77,USD,Not available,,,12.72,GBP,2.97,USD,,,,,,,,,,,,
Dividend (Ordinary),2021-12-14,16:44:55,MMM,3M,17.0,1.26,USD,Not available,,,16.14,GBP,3.77,USD,,,,,,,,,,,,
Dividend (Ordinary),2021-12-16,14:30:12,CWEN,Clearway Energy,102.0,0.29,USD,Not available,,,22.17,GBP,5.2,USD,,,,,,,,,,,,
Dividend (Ordinary),2021-12-16,16:07:51,NEE,NextEra Energy,42.0,0.33,USD,Not available,,,10.29,GBP,2.43,USD,,,,,,,,,,,,
Dividend (Ordinary),2021-12-17,14:27:57,QCOM,Qualcomm,26.0,0.58,USD,Not available,,,11.31,GBP,2.65,USD,,,,,,,,,,,,
Dividend (Ordinary),2021-12-17,13:40:35,HD,Home Depot,12.0,1.4,USD,Not available,,,12.64,GBP,2.97,USD,,,,,,,,,,,,
Dividend (Ordinary),2021-12-17,14:27:57,QCOM,Qualcomm,2.0,0.58,USD,Not available,,,0.87,GBP,0.2,USD,,,,,,,,,,,,
Dividend (Ordinary),2021-12-20,15:09:56,WM,Waste Management,8.0,0.49,USD,Not available,,,2.96,GBP,0.69,USD,,,,,,,,,,,,
Deposit,2021-12-20,19:35:03,,,,,,,,,300.0,GBP,,,300,GBP,,,,,Transaction ID: cc7b7316-75ee-4502-b014-ff0da7ab0fcf,180173fe-170b-4130-a989-96c366e35faf,,,,
Market buy,2021-12-20,20:33:43,WM,Waste Management,1.0,160.37,USD,1.32045,,GBP,121.63,GBP,,,,,,,,,,EOF1718701202,0.18,GBP,,
Market buy,2021-12-20,20:34:51,MMM,3M,1.0,171.99,USD,1.32046,,GBP,130.45,GBP,,,,,,,,,,EOF1718701252,0.2,GBP,,
Market buy,2021-12-20,20:36:43,WELL,Welltower,1.0,80.16,USD,1.32049,,GBP,60.79,GBP,,,,,,,,,,EOF1718701368,0.09,GBP,,
Market buy,2021-12-20,20:38:04,STOR,STORE Capital,1.0,32.46,USD,1.32058,,GBP,24.62,GBP,,,,,,,,,,EOF1718701493,0.04,GBP,,
Dividend (Ordinary),2021-12-20,15:09:56,WM,Waste Management,10.0,0.49,USD,Not available,,,3.69,GBP,0.86,USD,,,,,,,,,,,,
Dividend (Ordinary),2021-12-21,08:15:19,O,Realty Income,40.0,0.21,USD,Not available,,,6.32,GBP,1.48,USD,,,,,,,,,,,,
Dividend (Ordinary),2021-12-21,13:36:52,HRZN,Horizon Technology Finance,183.0,0.13,USD,Not available,,,17.62,GBP,4.12,USD,,,,,,,,,,,,
Deposit,2021-12-21,13:44:55,,,,,,,,,700.0,GBP,,,700,GBP,,,,,Transaction ID: 7c75d784-5272-4f48-8a5e-ed8f5bbafadd,83ce2450-03d5-4cb1-9c77-1651e869348a,,,,
Market buy,2021-12-21,14:30:01,HI,Hillenbrand,4.0,49.02,USD,1.32558,,GBP,148.14,GBP,,,,,,,,,,EOF1719571858,0.22,GBP,,
Market buy,2021-12-21,14:30:02,HON,Honeywell International,1.0,201.25,USD,1.32558,,GBP,152.05,GBP,,,,,,,,,,EOF1719572039,0.23,GBP,,
Market buy,2021-12-21,14:30:02,EXR,Extra Space Storage,0.7330864,218.19,USD,1.32559,,GBP,120.84,GBP,,,,,,,,,,EOF1719571947,0.18,GBP,,
Market buy,2021-12-21,14:30:03,RITM,Rithm Capital,4.0,10.62,USD,1.32561,,GBP,32.1,GBP,,,,,,,,,,EOF1719572389,0.05,GBP,,
Market buy,2021-12-21,14:30:17,EXR,Extra Space Storage,0.2669136,218.19,USD,1.32551,,GBP,44.01,GBP,,,,,,,,,,EOF1719576035,0.07,GBP,,
Market buy,2021-12-21,14:30:25,NKE,Nike,1.0,167.32,USD,1.32554,,GBP,126.42,GBP,,,,,,,,,,EOF1719576347,0.19,GBP,,
Deposit,2021-12-21,14:34:23,,,,,,,,,100.0,GBP,,,100,GBP,,,,,Transaction ID: d8062b9b-39dd-4db4-9e19-c2b30515f0c9,4bd70807-0168-4249-adc0-201e7fe01225,,,,
Market buy,2021-12-21,14:34:39,NKE,Nike,1.0,168.16,USD,1.32543,,GBP,127.06,GBP,,,,,,,,,,EOF1719578481,0.19,GBP,,
Market buy,2021-12-21,14:42:36,HRZN,Horizon Technology Finance,5.0,15.7,USD,1.32476,,GBP,59.35,GBP,,,,,,,,,,EOF1719580680,0.09,GBP,,
Market buy,2021-12-21,14:43:50,HRZN,Horizon Technology Finance,2.0,15.68,USD,1.32456,,GBP,23.72,GBP,,,,,,,,,,EOF1719581291,0.04,GBP,,
Dividend (Ordinary),2021-12-21,08:15:19,O,Realty Income,25.0,0.21,USD,Not available,,,3.95,GBP,0.92,USD,,,,,,,,,,,,
Deposit,2021-12-22,11:56:10,,,,,,,,,1000.0,GBP,,,1000,GBP,,,,,Transaction ID: 65d1299a-a863-4876-a3ac-2c99bde81faa,8ae743cc-a01d-445f-9e4e-f82c4990f2fa,,,,
Market buy,2021-12-22,15:00:22,PBCT,People's United Financial,10.0,17.13,USD,1.33237,,GBP,128.76,GBP,,,,,,,,,,EOF1721558045,0.19,GBP,,
Market buy,2021-12-22,15:00:48,PETS,PetMed Express,11.324616,26.13,USD,1.33257,,GBP,222.39,GBP,,,,,,,,,,EOF1721558108,0.33,GBP,,
Market buy,2021-12-22,15:01:27,HRZN,Horizon Technology Finance,10.0,15.85,USD,1.33247,,GBP,119.13,GBP,,,,,,,,,,EOF1721558197,0.18,GBP,,
Market buy,2021-12-22,15:02:30,NLY,Annaly Capital Management,13.0,8.12,USD,1.33271,,GBP,79.33,GBP,,,,,,,,,,EOF1721558383,0.12,GBP,,
Market buy,2021-12-22,15:03:35,NLY,Annaly Capital Management,10.0,8.12,USD,1.33311,,GBP,61.0,GBP,,,,,,,,,,EOF1721558536,0.09,GBP,,
Market buy,2021-12-22,15:03:36,PETS,PetMed Express,3.675384,26.13,USD,1.33307,,GBP,72.15,GBP,,,,,,,,,,EOF1721558537,0.11,GBP,,
Market buy,2021-12-22,15:52:52,HASI,Hannon Armstrong Sustainable Infrastructure Capital,5.0,53.46,USD,1.33429,,GBP,200.63,GBP,,,,,,,,,,EOF1721564904,0.3,GBP,,
Market buy,2021-12-22,15:53:57,HASI,Hannon Armstrong Sustainable Infrastructure Capital,2.0,53.46,USD,1.33429,,GBP,80.25,GBP,,,,,,,,,,EOF1721565022,0.12,GBP,,
Market buy,2021-12-22,15:57:43,NYMT,New York Mortgage Trust,12.0,3.87,USD,1.33438,,GBP,34.85,GBP,,,,,,,,,,EOF1721565287,0.05,GBP,,
Market buy,2021-12-22,14:56:23,PETS,PetMed Express,6.0,26.14,USD,1.33249,,GBP,117.88,GBP,,,,,,,,EOF1721509878,0.18,GBP,,,,
Dividend (Bonus),2021-12-24,07:39:30,O,Realty Income,40.0,0.0,USD,Not available,,,0.01,GBP,0.0,USD,,,,,,,,,,,,
Deposit,2021-12-27,17:55:04,,,,,,,,,200.0,GBP,,,200,GBP,,,,,Transaction ID: 12b6c294-1149-4c07-b3d7-afdb5fbe9d48,087d6b97-b327-4c4e-9ef0-530a21b401e9,,,,
Market buy,2021-12-27,19:38:05,AAPL,Apple,1.0,179.89,USD,1.34377,,GBP,134.07,GBP,,,,,,,,,,EOF1724591715,0.2,GBP,,
Market buy,2021-12-27,19:39:45,HI,Hillenbrand,1.0,53.07,USD,1.34375,,GBP,39.55,GBP,,,,,,,,,,EOF1724591787,0.06,GBP,,
Market buy,2021-12-27,19:45:21,CWEN/A,Clearway Energy,1.0,33.3,USD,1.34393,,GBP,24.82,GBP,,,,,,,,,,EOF1724592057,0.04,GBP,,
Dividend (Ordinary),2021-12-29,09:35:24,NKE,Nike,18.0,0.26,USD,Not available,,,3.48,GBP,0.82,USD,,,,,,,,,,,,
Dividend (Ordinary),2021-12-31,13:01:21,UNP,Union Pacific,4.0,1.0,USD,Not available,,,2.98,GBP,0.71,USD,,,,,,,,,,,,
Dividend (Ordinary),2021-12-31,13:24:05,PSA,Public Storage,3.0,1.7,USD,Not available,,,3.78,GBP,0.9,USD,,,,,,,,,,,,
Dividend (Ordinary),2021-12-31,15:12:20,HI,Hillenbrand,19.0,0.18,USD,Not available,,,2.6,GBP,0.62,USD,,,,,,,,,,,,
Dividend (Ordinary),2021-12-31,13:01:21,UNP,Union Pacific,9.0,1.0,USD,Not available,,,6.69,GBP,1.59,USD,,,,,,,,,,,,
Dividend (Ordinary),2021-12-31,13:24:05,PSA,Public Storage,7.0,1.7,USD,Not available,,,8.83,GBP,2.1,USD,,,,,,,,,,,,
Dividend (Ordinary),2021-12-31,15:12:20,HI,Hillenbrand,63.0,0.18,USD,Not available,,,8.62,GBP,2.06,USD,,,,,,,,,,,,
Dividend (Ordinary),2022-01-03,11:54:42,AVGO,Broadcom,7.0,3.49,USD,Not available,,,18.06,GBP,4.31,USD,,,,,,,,,,,,
Dividend (Ordinary),2022-01-03,13:53:49,EXR,Extra Space Storage,3.0,1.06,USD,Not available,,,2.36,GBP,0.56,USD,,,,,,,,,,,,
Dividend (Ordinary),2022-01-03,14:09:05,GOOD,Gladstone Commercial,27.0,0.11,USD,Not available,,,2.13,GBP,0.51,USD,,,,,,,,,,,,
Dividend (Ordinary),2022-01-03,14:21:31,ICE,Intercontinental Exchange,5.0,0.28,USD,Not available,,,1.04,GBP,0.25,USD,,,,,,,,,,,,
Dividend (Ordinary),2022-01-03,14:49:29,SPG,Simon Property,4.0,1.4,USD,Not available,,,4.16,GBP,0.99,USD,,,,,,,,,,,,
Dividend (Ordinary),2022-01-03,15:12:26,SCI,Service Corp International,14.0,0.2,USD,Not available,,,2.03,GBP,0.48,USD,,,,,,,,,,,,
Dividend (Ordinary),2022-01-03,15:30:09,LTC,LTC Properties,49.0,0.16,USD,Not available,,,5.89,GBP,1.4,USD,,,,,,,,,,,,
Dividend (Ordinary),2022-01-03,11:54:42,AVGO,Broadcom,2.0,3.49,USD,Not available,,,5.16,GBP,1.23,USD,,,,,,,,,,,,
Dividend (Ordinary),2022-01-03,13:53:49,EXR,Extra Space Storage,15.0,1.06,USD,Not available,,,11.82,GBP,2.81,USD,,,,,,,,,,,,
Dividend (Ordinary),2022-01-03,14:09:05,GOOD,Gladstone Commercial,129.0,0.11,USD,Not available,,,10.18,GBP,2.42,USD,,,,,,,,,,,,
Dividend (Ordinary),2022-01-03,14:21:31,ICE,Intercontinental Exchange,18.0,0.28,USD,Not available,,,3.75,GBP,0.89,USD,,,,,,,,,,,,
Dividend (Ordinary),2022-01-03,14:49:29,SPG,Simon Property,20.0,1.4,USD,Not available,,,20.81,GBP,4.95,USD,,,,,,,,,,,,
Dividend (Ordinary),2022-01-03,15:12:26,SCI,Service Corp International,36.0,0.2,USD,Not available,,,5.23,GBP,1.24,USD,,,,,,,,,,,,
Dividend (Ordinary),2022-01-03,15:30:09,LTC,LTC Properties,46.0,0.16,USD,Not available,,,5.53,GBP,1.31,USD,,,,,,,,,,,,
Deposit,2022-01-04,14:22:52,,,,,,,,,700.0,GBP,,,700,GBP,,,Transaction ID: 2e26753e-2bfa-46bb-80b3-0d5116f317ec,fa22430a-3733-4b23-80e3-cadb6c33a907,,,,,,
Market buy,2022-01-04,15:16:37,AVGO,Broadcom,1.0,667.77,USD,1.35386,,GBP,493.97,GBP,,,,,,,,EOF1734553657,0.74,GBP,,,,
Market buy,2022-01-04,15:20:11,CAT,Caterpillar,1.0,214.63,USD,1.35393,,GBP,158.76,GBP,,,,,,,,EOF1734554419,0.24,GBP,,,,
Market buy,2022-01-04,15:25:15,O,Realty Income,1.0,71.65,USD,1.35433,,GBP,52.98,GBP,,,,,,,,EOF1734555432,0.08,GBP,,,,
Market buy,2022-01-04,15:30:08,NLY,Annaly Capital Management,7.0,8.07,USD,1.35458,,GBP,41.76,GBP,,,,,,,,EOF1734557429,0.06,GBP,,,,
Dividend (Ordinary),2022-01-06,09:00:56,STX,Seagate Technology,5.956521738,0.53,USD,Not available,,,2.32,GBP,1.04,USD,,,,,,,,,,,,
Dividend (Ordinary manufactured payment),2022-01-06,09:00:56,STX,Seagate Technology,0.043478262,0.7,USD,Not available,,,0.02,GBP,0.0,USD,,,,,,,,,,,,
Dividend (Ordinary),2022-01-06,09:00:56,STX,Seagate Technology,27.0,0.53,USD,Not available,,,10.5,GBP,4.73,USD,,,,,,,,,,,,
Dividend (Ordinary),2022-01-10,12:50:56,MRK,Merck & Co,19.0,0.59,USD,Not available,,,8.21,GBP,1.97,USD,,,,,,,,,,,,
Dividend (Ordinary),2022-01-10,12:50:56,MRK,Merck & Co,24.0,0.59,USD,Not available,,,10.37,GBP,2.48,USD,,,,,,,,,,,,
Dividend (Ordinary),2022-01-12,08:32:35,HASI,Hannon Armstrong Sustainable Infrastructure Capital,25.0,0.3,USD,Not available,,,5.46,GBP,1.31,USD,,,,,,,,,,,,
Dividend (Ordinary),2022-01-12,08:32:35,HASI,Hannon Armstrong Sustainable Infrastructure Capital,45.0,0.3,USD,Not available,,,9.82,GBP,2.36,USD,,,,,,,,,,,,
Market buy,2022-01-12,14:30:04,SPG,Simon Property,1.0,162.77,USD,1.36866,,GBP,119.11,GBP,,,,,,,,EOF1746677448,0.18,GBP,,,,
Dividend (Ordinary),2022-01-17,09:37:01,AMT,American Tower,3.0,1.18,USD,Not available,,,2.59,GBP,0.63,USD,,,,,,,,,,,,
Dividend (Ordinary),2022-01-17,10:33:20,O,Realty Income,40.0,0.21,USD,Not available,,,6.13,GBP,1.48,USD,,,,,,,,,,,,
Dividend (Ordinary),2022-01-17,10:45:29,DLR,Digital Realty Trust,5.0,0.99,USD,Not available,,,3.6,GBP,0.87,USD,,,,,,,,,,,,
Dividend (Ordinary),2022-01-17,11:46:07,MDT,Medtronic,10.982068801,0.47,USD,Not available,,,3.8,GBP,1.73,USD,,,,,,,,,,,,
Dividend (Ordinary manufactured payment),2022-01-17,11:46:26,MDT,Medtronic,0.017931199,0.63,USD,Not available,,,0.01,GBP,0.0,USD,,,,,,,,,,,,
Dividend (Ordinary),2022-01-17,11:49:42,HRZN,Horizon Technology Finance,183.0,0.09,USD,Not available,,,11.39,GBP,2.75,USD,,,,,,,,,,,,
Dividend (Ordinary),2022-01-17,09:37:01,AMT,American Tower,8.0,1.18,USD,Not available,,,6.91,GBP,1.67,USD,,,,,,,,,,,,
Dividend (Ordinary),2022-01-17,10:33:20,O,Realty Income,25.0,0.21,USD,Not available,,,3.83,GBP,0.92,USD,,,,,,,,,,,,
Dividend (Ordinary),2022-01-17,10:45:29,DLR,Digital Realty Trust,16.0,0.99,USD,Not available,,,11.53,GBP,2.78,USD,,,,,,,,,,,,
Dividend (Ordinary),2022-01-17,11:46:07,MDT,Medtronic,13.0,0.47,USD,Not available,,,4.5,GBP,2.05,USD,,,,,,,,,,,,
Dividend (Ordinary),2022-01-19,09:23:29,ECL,Ecolab,2.0,0.43,USD,Not available,,,0.64,GBP,0.15,USD,,,,,,,,,,,,
Dividend (Ordinary),2022-01-19,10:12:47,STOR,STORE Capital,87.0,0.33,USD,Not available,,,20.91,GBP,5.02,USD,,,,,,,,,,,,
Dividend (Ordinary),2022-01-19,09:23:29,ECL,Ecolab,9.0,0.43,USD,Not available,,,2.87,GBP,0.69,USD,,,,,,,,,,,,
Dividend (Ordinary),2022-01-19,10:12:47,STOR,STORE Capital,4.0,0.33,USD,Not available,,,0.96,GBP,0.23,USD,,,,,,,,,,,,
Deposit,2022-01-20,20:11:32,,,,,,,,,300.0,GBP,,,300,GBP,,,Transaction ID: f0fc8bcb-f551-4373-99d2-a74ec6b23c10,e2c9f418-ca0f-47e5-9eae-435ecd1729c0,,,,,,
Market buy,2022-01-20,20:15:19,AMT,American Tower,1.0,249.09,USD,1.36071,,GBP,183.33,GBP,,,,,,,,EOF1757486421,0.27,GBP,,,,
Market buy,2022-01-20,20:17:09,WM,Waste Management,1.0,154.36,USD,1.36088,,GBP,113.6,GBP,,,,,,,,EOF1757486673,0.17,GBP,,,,
Market buy,2022-01-20,20:20:01,HRZN,Horizon Technology Finance,5.0,15.87,USD,1.36099,,GBP,58.39,GBP,,,,,,,,EOF1757486895,0.09,GBP,,,,
Deposit,2022-01-25,15:44:36,,,,,,,,,200.0,GBP,,,200,GBP,,,Transaction ID: b083522e-872a-4651-9fb7-82935531b4ff,723a267c-f6a2-4c38-951d-af6755e03e48,,,,,,
Market buy,2022-01-25,16:41:37,HASI,Hannon Armstrong Sustainable Infrastructure Capital,7.0,38.24,USD,1.34891,,GBP,198.74,GBP,,,,,,,,EOF1764615978,0.3,GBP,,,,
Market buy,2022-01-25,16:48:23,STOR,STORE Capital,2.0,30.18,USD,1.34923,,GBP,44.81,GBP,,,,,,,,EOF1763987120,0.07,GBP,,,,
Dividend (Ordinary),2022-01-26,08:33:19,NYMT,New York Mortgage Trust,292.0,0.09,USD,Not available,,,18.38,GBP,4.38,USD,,,,,,,,,,,,
Dividend (Ordinary),2022-01-26,08:33:19,NYMT,New York Mortgage Trust,336.0,0.09,USD,Not available,,,21.15,GBP,5.04,USD,,,,,,,,,,,,
Dividend (Ordinary),2022-01-27,11:33:20,CMCSA,Comcast,14.0,0.21,USD,Not available,,,2.22,GBP,0.53,USD,,,,,,,,,,,,
Dividend (Ordinary),2022-01-27,11:33:20,CMCSA,Comcast,36.0,0.21,USD,Not available,,,5.71,GBP,1.35,USD,,,,,,,,,,,,
Deposit,2022-01-28,15:49:55,,,,,,,,,1100.0,GBP,,,1100,GBP,,,Transaction ID: c4980a02-b111-4340-b2b2-fd6cdf231a0f,f0d6a0dd-1d5e-4800-bca4-7a9f38f67f1f,,,,,,
Dividend (Ordinary),2022-01-31,09:41:42,RITM,Rithm Capital,103.0,0.21,USD,Not available,,,16.28,GBP,3.86,USD,,,,,,,,,,,,
Market buy,2022-01-31,14:30:07,COST,Costco Wholesale,1.0,491.29,USD,1.34333,,GBP,366.27,GBP,,,,,,,,EOF1772339612,0.55,GBP,,,,
Market buy,2022-01-31,14:30:56,HD,Home Depot,1.0,366.0,USD,1.34365,,GBP,272.8,GBP,,,,,,,,EOF1772348421,0.41,GBP,,,,
Market buy,2022-01-31,14:33:01,PSA,Public Storage,0.6516078,359.94,USD,1.34363,,GBP,174.82,GBP,,,,,,,,EOF1772350054,0.26,GBP,,,,
Market buy,2022-01-31,14:33:17,PSA,Public Storage,0.3483922,359.77,USD,1.34353,,GBP,93.43,GBP,,,,,,,,EOF1772350136,0.14,GBP,,,,
Market buy,2022-01-31,14:34:26,CAT,Caterpillar,1.0,196.55,USD,1.34362,,GBP,146.5,GBP,,,,,,,,EOF1772350674,0.22,GBP,,,,
Market buy,2022-01-31,14:35:32,O,Realty Income,1.0,68.52,USD,1.34374,,GBP,51.07,GBP,,,,,,,,EOF1772351301,0.08,GBP,,,,
Market buy,2022-01-31,14:37:27,HI,Hillenbrand,1.0,45.8,USD,1.34346,,GBP,34.14,GBP,,,,,,,,EOF1772351889,0.05,GBP,,,,
Dividend (Ordinary),2022-01-31,09:41:42,RITM,Rithm Capital,181.0,0.21,USD,Not available,,,28.61,GBP,6.79,USD,,,,,,,,,,,,
Market buy,2022-01-31,14:37:14,O,Realty Income,1.0,68.6,USD,1.34354,,GBP,51.14,GBP,,,,,,,,EOF1771851694,0.08,GBP,,,,
Dividend (Ordinary),2022-02-01,08:45:05,NLY,Annaly Capital Management,110.0,0.19,USD,Not available,,,15.27,GBP,3.63,USD,,,,,,,,,,,,
Dividend (Ordinary),2022-02-01,08:55:49,LTC,LTC Properties,49.0,0.16,USD,Not available,,,5.87,GBP,1.4,USD,,,,,,,,,,,,
Dividend (Ordinary),2022-02-01,09:15:56,GOOD,Gladstone Commercial,27.0,0.11,USD,Not available,,,2.13,GBP,0.51,USD,,,,,,,,,,,,
Dividend (Ordinary),2022-02-01,08:45:05,NLY,Annaly Capital Management,268.0,0.19,USD,Not available,,,37.2,GBP,8.84,USD,,,,,,,,,,,,
Dividend (Ordinary),2022-02-01,08:55:49,LTC,LTC Properties,46.0,0.16,USD,Not available,,,5.51,GBP,1.31,USD,,,,,,,,,,,,
Dividend (Ordinary),2022-02-01,09:15:56,GOOD,Gladstone Commercial,129.0,0.11,USD,Not available,,,10.19,GBP,2.43,USD,,,,,,,,,,,,
Dividend (Ordinary),2022-02-02,08:56:09,VZ,Verizon Communications,27.0,0.54,USD,Not available,,,10.85,GBP,2.59,USD,,,,,,,,,,,,
Dividend (Ordinary),2022-02-02,08:56:09,VZ,Verizon Communications,33.0,0.54,USD,Not available,,,13.26,GBP,3.17,USD,,,,,,,,,,,,
Dividend (Ordinary),2022-02-02,09:14:56,T,AT&T,78.0,0.44,USD,Not available,,,25.47,GBP,6.08,USD,,,,,,,,,,,,
Deposit,2022-02-10,12:08:30,,,,,,,,,1.71,GBP,,,1.71,GBP,,,"Annaly Capital Management, Inc. (NLY) Dividend withholding tax correction ex-date 29.09.2021.",dbe0d395-5606-4fbf-b422-1a7fcf7e7b76,,,,,,
Deposit,2022-02-10,12:08:30,,,,,,,,,6.0,GBP,,,6,GBP,,,"Annaly Capital Management, Inc. (NLY) Dividend withholding tax correction ex-date 29.09.2021.",18293842-fd10-4a75-baa0-99eef63a2fc3,,,,,,
Dividend (Ordinary),2022-02-11,11:34:57,AAPL,Apple,12.0,0.19,USD,Not available,,,1.65,GBP,0.4,USD,,,,,,,,,,,,
Dividend (Ordinary),2022-02-11,11:34:57,AAPL,Apple,20.0,0.19,USD,Not available,,,2.76,GBP,0.66,USD,,,,,,,,,,,,
Dividend (Ordinary),2022-02-14,08:56:11,SBNY,Signature Bank,14.0,0.48,USD,Not available,,,4.94,GBP,1.18,USD,,,,,,,,,,,,
Dividend (Ordinary),2022-02-14,08:56:11,SBNY,Signature Bank,5.0,0.48,USD,Not available,,,1.76,GBP,0.42,USD,,,,,,,,,,,,
Dividend (Ordinary),2022-02-16,09:51:28,ABBV,AbbVie,7.0,1.2,USD,Not available,,,6.19,GBP,1.48,USD,,,,,,,,,,,,
Dividend (Ordinary),2022-02-16,14:36:21,PBCT,People's United Financial,134.0,0.16,USD,Not available,,,15.32,GBP,3.67,USD,,,,,,,,,,,,
Dividend (Ordinary),2022-02-16,14:44:05,OHI,Omega Healthcare Investors,42.0,0.57,USD,Not available,,,17.62,GBP,4.22,USD,,,,,,,,,,,,
Dividend (Ordinary),2022-02-16,14:46:59,O,Realty Income,41.0,0.21,USD,Not available,,,6.33,GBP,1.52,USD,,,,,,,,,,,,
Dividend (Ordinary),2022-02-16,09:51:28,ABBV,AbbVie,22.0,1.2,USD,Not available,,,19.44,GBP,4.65,USD,,,,,,,,,,,,
Dividend (Ordinary),2022-02-16,10:15:56,AOS,A O Smith,62.0,0.24,USD,Not available,,,10.88,GBP,2.6,USD,,,,,,,,,,,,
Dividend (Ordinary),2022-02-16,14:36:21,PBCT,People's United Financial,47.0,0.16,USD,Not available,,,5.37,GBP,1.29,USD,,,,,,,,,,,,
Dividend (Ordinary),2022-02-16,14:44:05,OHI,Omega Healthcare Investors,36.0,0.57,USD,Not available,,,15.1,GBP,3.62,USD,,,,,,,,,,,,
Dividend (Ordinary),2022-02-16,14:46:59,O,Realty Income,25.0,0.21,USD,Not available,,,3.86,GBP,0.92,USD,,,,,,,,,,,,
Dividend (Ordinary),2022-02-21,08:55:17,CAT,Caterpillar,1.0,0.94,USD,Not available,,,0.69,GBP,0.17,USD,,,,,,,,,,,,
Dividend (Ordinary),2022-02-21,09:05:52,COST,Costco Wholesale,4.0,0.67,USD,Not available,,,1.97,GBP,0.47,USD,,,,,,,,,,,,
Dividend (Ordinary),2022-02-21,10:39:49,PETS,PetMed Express,15.0,0.26,USD,Not available,,,2.81,GBP,0.68,USD,,,,,,,,,,,,
Dividend (Ordinary),2022-02-21,14:39:35,HRZN,Horizon Technology Finance,200.0,0.09,USD,Not available,,,12.49,GBP,3.0,USD,,,,,,,,,,,,
Dividend (Ordinary),2022-02-21,08:55:17,CAT,Caterpillar,21.0,0.94,USD,Not available,,,14.53,GBP,3.5,USD,,,,,,,,,,,,
Dividend (Ordinary),2022-02-21,09:05:52,COST,Costco Wholesale,6.0,0.67,USD,Not available,,,2.96,GBP,0.71,USD,,,,,,,,,,,,
Dividend (Ordinary),2022-02-21,10:39:49,PETS,PetMed Express,107.0,0.26,USD,Not available,,,20.02,GBP,4.82,USD,,,,,,,,,,,,
Deposit,2022-02-23,08:58:34,,,,,,,,,200.0,GBP,,,200,GBP,,,Transaction ID: 5ade04f4-94f7-4da7-9d00-e942a1396684,5eae45cc-00ba-40f2-b27b-de8835d63590,,,,,,
Market buy,2022-02-23,14:30:01,STOR,STORE Capital,9.883381,30.5,USD,1.35875,,GBP,222.18,GBP,,,,,,,,EOF1801049642,0.33,GBP,,,,
Market buy,2022-02-23,14:30:02,RITM,Rithm Capital,3.0,10.45,USD,1.35872,,GBP,23.1,GBP,,,,,,,,EOF1801050014,0.03,GBP,,,,
Market buy,2022-02-23,14:30:18,STOR,STORE Capital,3.116619,30.59,USD,1.35869,,GBP,70.28,GBP,,,,,,,,EOF1801702652,0.11,GBP,,,,
Market buy,2022-02-23,14:30:03,MMM,3M,1.0,146.8,USD,1.35873,,GBP,108.2,GBP,,,,,,,,EOF1800845643,0.16,GBP,,,,
Market buy,2022-02-23,14:30:06,WTRG,Essential Utilities,2.0,45.61,USD,1.35873,,GBP,67.24,GBP,,,,,,,,EOF1800846422,0.1,GBP,,,,
Deposit,2022-02-25,17:12:33,,,,,,,,,1000.0,GBP,,,1000,GBP,,,Transaction ID: b9d1c32e-c805-42de-ac53-6fe43caa12fe,70f52b52-9625-4752-9f08-a7e01ab0e94a,,,,,,
Deposit,2022-02-25,17:14:07,,,,,,,,,200.0,GBP,,,200,GBP,,,Transaction ID: ac15a1c5-2eed-4917-aad4-43a75ab1823b,a7f08b93-55f0-4680-ae72-856e1e090dce,,,,,,
Market buy,2022-02-25,17:44:45,AMT,American Tower,1.0,232.78,USD,1.3386,,GBP,174.16,GBP,,,,,,,,EOF1806518195,0.26,GBP,,,,
Market buy,2022-02-25,17:51:34,LTC,LTC Properties,11.0,33.84,USD,1.33826,,GBP,278.57,GBP,,,,,,,,EOF1806518644,0.42,GBP,,,,
Market buy,2022-02-25,17:58:00,AOS,A O Smith,5.0,68.73,USD,1.3384,,GBP,257.15,GBP,,,,,,,,EOF1806519116,0.39,GBP,,,,
Market buy,2022-02-25,18:04:24,HI,Hillenbrand,5.0,47.15,USD,1.33891,,GBP,176.34,GBP,,,,,,,,EOF1806519450,0.26,GBP,,,,
Market buy,2022-02-25,18:06:30,HASI,Hannon Armstrong Sustainable Infrastructure Capital,5.0,46.49,USD,1.33894,,GBP,173.87,GBP,,,,,,,,EOF1806519550,0.26,GBP,,,,
Market buy,2022-02-25,18:16:53,O,Realty Income,2.0,67.28,USD,1.33885,,GBP,100.65,GBP,,,,,,,,EOF1806520118,0.15,GBP,,,,
Market buy,2022-02-25,18:25:56,NLY,Annaly Capital Management,1.0,6.99,USD,1.33928,,GBP,5.23,GBP,,,,,,,,EOF1806520780,0.01,GBP,,,,
Market buy,2022-02-25,18:25:56,NLY,Annaly Capital Management,6.0,6.99,USD,1.33928,,GBP,31.37,GBP,,,,,,,,EOF1806520781,0.05,GBP,,,,
Dividend (Ordinary),2022-03-01,13:31:52,GOOD,Gladstone Commercial,27.0,0.11,USD,Not available,,,2.15,GBP,0.51,USD,,,,,,,,,,,,
Dividend (Ordinary),2022-03-01,13:59:41,LTC,LTC Properties,49.0,0.16,USD,Not available,,,5.91,GBP,1.4,USD,,,,,,,,,,,,
Dividend (Ordinary),2022-03-01,13:31:52,GOOD,Gladstone Commercial,129.0,0.11,USD,Not available,,,10.27,GBP,2.43,USD,,,,,,,,,,,,
Dividend (Ordinary),2022-03-01,13:59:41,LTC,LTC Properties,46.0,0.16,USD,Not available,,,5.54,GBP,1.31,USD,,,,,,,,,,,,
Dividend (Ordinary),2022-03-02,12:06:43,AWR,American States Water,3.0,0.31,USD,Not available,,,0.7,GBP,0.16,USD,,,,,,,,,,,,
Dividend (Ordinary),2022-03-02,14:55:07,WTRG,Essential Utilities,22.0,0.23,USD,Not available,,,3.76,GBP,0.89,USD,,,,,,,,,,,,
Dividend (Ordinary),2022-03-02,15:05:09,V,Visa,1.0,0.32,USD,Not available,,,0.24,GBP,0.06,USD,,,,,,,,,,,,
Dividend (Ordinary),2022-03-02,12:06:43,AWR,American States Water,28.0,0.31,USD,Not available,,,6.52,GBP,1.53,USD,,,,,,,,,,,,
Dividend (Ordinary),2022-03-02,14:55:07,WTRG,Essential Utilities,42.0,0.23,USD,Not available,,,7.18,GBP,1.69,USD,,,,,,,,,,,,
Dividend (Ordinary),2022-03-02,15:05:09,V,Visa,10.0,0.32,USD,Not available,,,2.39,GBP,0.56,USD,,,,,,,,,,,,
Dividend (Ordinary),2022-03-09,08:13:02,JNJ,Johnson & Johnson,7.0,0.9,USD,Not available,,,4.81,GBP,1.11,USD,,,,,,,,,,,,
Dividend (Ordinary),2022-03-09,08:30:42,WELL,Welltower,38.0,0.52,USD,Not available,,,15.0,GBP,3.48,USD,,,,,,,,,,,,
Dividend (Ordinary),2022-03-09,08:13:02,JNJ,Johnson & Johnson,8.0,0.9,USD,Not available,,,5.49,GBP,1.27,USD,,,,,,,,,,,,
Dividend (Ordinary),2022-03-11,19:13:44,TGT,Target,22.0,0.77,USD,Not available,,,12.9,GBP,2.97,USD,,,,,,,,,,,,
Dividend (Ordinary),2022-03-14,10:07:09,HON,Honeywell International,6.0,0.83,USD,Not available,,,3.83,GBP,0.88,USD,,,,,,,,,,,,
Dividend (Ordinary),2022-03-14,10:07:09,HON,Honeywell International,9.0,0.83,USD,Not available,,,5.75,GBP,1.32,USD,,,,,,,,,,,,
Dividend (Ordinary),2022-03-15,09:33:30,MMM,3M,1.0,1.27,USD,Not available,,,0.97,GBP,0.22,USD,,,,,,,,,,,,
Dividend (Ordinary),2022-03-15,09:33:30,MMM,3M,17.0,1.27,USD,Not available,,,16.53,GBP,3.8,USD,,,,,,,,,,,,
Dividend (Ordinary),2022-03-16,09:51:35,CWEN/A,Clearway Energy,1.0,0.29,USD,Not available,,,0.23,GBP,0.05,USD,,,,,,,,,,,,
Dividend (Ordinary),2022-03-16,12:23:17,O,Realty Income,44.0,0.21,USD,Not available,,,7.05,GBP,1.63,USD,,,,,,,,,,,,
Market buy,2022-03-16,13:37:17,HRZN,Horizon Technology Finance,4.0,13.69,USD,1.30884,,GBP,41.9,GBP,,,,,,,,EOF1834000171,0.06,GBP,,,,
Dividend (Ordinary),2022-03-16,09:50:11,CWEN,Clearway Energy,102.0,0.29,USD,Not available,,,23.02,GBP,5.31,USD,,,,,,,,,,,,
Dividend (Ordinary),2022-03-16,12:01:15,NEE,NextEra Energy,42.0,0.36,USD,Not available,,,11.59,GBP,2.68,USD,,,,,,,,,,,,
Dividend (Ordinary),2022-03-16,12:23:17,O,Realty Income,26.0,0.21,USD,Not available,,,4.16,GBP,0.96,USD,,,,,,,,,,,,
Market buy,2022-03-16,13:30:35,DLR,Digital Realty Trust,1.0,136.69,USD,1.30817,,GBP,104.65,GBP,,,,,,,,EOF1834095833,0.16,GBP,,,,
Dividend (Ordinary),2022-03-17,09:42:15,HRZN,Horizon Technology Finance,205.0,0.09,USD,Not available,,,13.23,GBP,3.08,USD,,,,,,,,,,,,
Deposit,2022-03-22,22:18:08,,,,,,,,,200.0,GBP,,,200,GBP,,,Transaction ID: 6fb4660a-e3d4-437a-bf53-bafd21d57a73,4875f48c-ceb5-4eda-98f4-7bf98556c8df,,,,,,
Market buy,2022-03-23,15:59:14,QCOM,Qualcomm,1.0,156.86,USD,1.32102,,GBP,118.92,GBP,,,,,,,,EOF1844337879,0.18,GBP,,,,
Market buy,2022-03-23,16:00:27,AOS,A O Smith,1.0,66.85,USD,1.32099,,GBP,50.69,GBP,,,,,,,,EOF1844338025,0.08,GBP,,,,
Dividend (Ordinary),2022-03-25,09:49:34,HD,Home Depot,1.0,1.62,USD,Not available,,,1.23,GBP,0.29,USD,,,,,,,,,,,,
Dividend (Ordinary),2022-03-25,10:27:39,QCOM,Qualcomm,26.0,0.58,USD,Not available,,,11.41,GBP,2.65,USD,,,,,,,,,,,,
Deposit,2022-03-25,15:32:33,,,,,,,,,200.0,GBP,,,200,GBP,,,Transaction ID: 666ae5aa-7f8d-4af3-95d9-0593a7a04007,77115b66-5def-4305-a2f3-55d903b5a7c1,,,,,,
Market buy,2022-03-25,15:44:31,HASI,Hannon Armstrong Sustainable Infrastructure Capital,6.0,45.51,USD,1.3201,,GBP,207.16,GBP,,,,,,,,EOF1847580001,0.31,GBP,,,,
Market buy,2022-03-25,15:46:01,HASI,Hannon Armstrong Sustainable Infrastructure Capital,1.0,45.64,USD,1.32025,,GBP,34.62,GBP,,,,,,,,EOF1847580366,0.05,GBP,,,,
Market buy,2022-03-25,15:53:30,NLY,Annaly Capital Management,3.0,7.25,USD,1.32037,,GBP,16.49,GBP,,,,,,,,EOF1847581091,0.02,GBP,,,,
Dividend (Ordinary),2022-03-25,09:49:34,HD,Home Depot,12.0,1.62,USD,Not available,,,14.72,GBP,3.42,USD,,,,,,,,,,,,
Dividend (Ordinary),2022-03-25,10:27:39,QCOM,Qualcomm,2.0,0.58,USD,Not available,,,0.88,GBP,0.2,USD,,,,,,,,,,,,
Market buy,2022-03-25,15:54:16,HI,Hillenbrand,1.0,45.36,USD,1.31982,,GBP,34.42,GBP,,,,,,,,EOF1847726936,0.05,GBP,,,,
Deposit,2022-03-31,12:16:36,,,,,,,,,1000.0,GBP,,,1000,GBP,,,Transaction ID: 59033649-77f9-4c3d-8bd3-07a5f6f051ff,01228220-43f6-45aa-89c1-c0693a2c36d3,,,,,,
Dividend (Ordinary),2022-04-01,06:42:23,WM,Waste Management,10.0,0.55,USD,Not available,,,4.21,GBP,0.98,USD,,,,,,,,,,,,
Dividend (Ordinary),2022-04-01,07:20:28,UNP,Union Pacific,4.0,1.0,USD,Not available,,,3.06,GBP,0.71,USD,,,,,,,,,,,,
Dividend (Ordinary),2022-04-01,07:58:38,SPG,Simon Property,4.0,1.4,USD,Not available,,,4.27,GBP,0.99,USD,,,,,,,,,,,,
Dividend (Ordinary),2022-04-01,08:06:46,SCI,Service Corp International,14.0,0.21,USD,Not available,,,2.27,GBP,0.53,USD,,,,,,,,,,,,
Dividend (Ordinary),2022-04-01,10:04:39,PSA,Public Storage,4.0,1.7,USD,Not available,,,5.18,GBP,1.2,USD,,,,,,,,,,,,
Dividend (Ordinary),2022-04-01,11:02:54,LTC,LTC Properties,60.0,0.16,USD,Not available,,,7.37,GBP,1.71,USD,,,,,,,,,,,,
Dividend (Ordinary),2022-04-01,11:37:22,ICE,Intercontinental Exchange,5.0,0.32,USD,Not available,,,1.23,GBP,0.29,USD,,,,,,,,,,,,
Dividend (Ordinary),2022-04-01,11:42:29,HI,Hillenbrand,30.0,0.18,USD,Not available,,,4.22,GBP,0.98,USD,,,,,,,,,,,,
Dividend (Ordinary),2022-04-01,11:58:47,GOOD,Gladstone Commercial,27.0,0.11,USD,Not available,,,2.19,GBP,0.51,USD,,,,,,,,,,,,
Dividend (Ordinary),2022-04-01,12:56:39,AVGO,Broadcom,8.0,3.49,USD,Not available,,,21.26,GBP,4.92,USD,,,,,,,,,,,,
Dividend (Ordinary),2022-04-01,13:09:14,EXR,Extra Space Storage,4.0,1.28,USD,Not available,,,3.89,GBP,0.9,USD,,,,,,,,,,,,
Dividend (Ordinary),2022-04-01,13:20:32,DLR,Digital Realty Trust,5.0,1.04,USD,Not available,,,3.96,GBP,0.92,USD,,,,,,,,,,,,
Dividend (Ordinary),2022-04-01,06:42:23,WM,Waste Management,10.0,0.55,USD,Not available,,,4.21,GBP,0.98,USD,,,,,,,,,,,,
Dividend (Ordinary),2022-04-01,07:20:28,UNP,Union Pacific,9.0,1.0,USD,Not available,,,6.88,GBP,1.59,USD,,,,,,,,,,,,
Dividend (Ordinary),2022-04-01,07:58:38,SPG,Simon Property,21.0,1.4,USD,Not available,,,22.44,GBP,5.2,USD,,,,,,,,,,,,
Dividend (Ordinary),2022-04-01,08:06:46,SCI,Service Corp International,36.0,0.21,USD,Not available,,,5.83,GBP,1.35,USD,,,,,,,,,,,,
Dividend (Ordinary),2022-04-01,10:04:39,PSA,Public Storage,7.0,1.7,USD,Not available,,,9.06,GBP,2.1,USD,,,,,,,,,,,,
Dividend (Ordinary),2022-04-01,11:02:54,LTC,LTC Properties,46.0,0.16,USD,Not available,,,5.65,GBP,1.31,USD,,,,,,,,,,,,
Dividend (Ordinary),2022-04-01,11:37:22,ICE,Intercontinental Exchange,18.0,0.32,USD,Not available,,,4.42,GBP,1.03,USD,,,,,,,,,,,,
Dividend (Ordinary),2022-04-01,11:42:29,HI,Hillenbrand,63.0,0.18,USD,Not available,,,8.86,GBP,2.06,USD,,,,,,,,,,,,
Dividend (Ordinary),2022-04-01,11:58:47,GOOD,Gladstone Commercial,129.0,0.11,USD,Not available,,,10.47,GBP,2.43,USD,,,,,,,,,,,,
Dividend (Ordinary),2022-04-01,12:56:39,AVGO,Broadcom,2.0,3.49,USD,Not available,,,5.31,GBP,1.23,USD,,,,,,,,,,,,
Dividend (Ordinary),2022-04-01,13:09:14,EXR,Extra Space Storage,15.0,1.28,USD,Not available,,,14.58,GBP,3.38,USD,,,,,,,,,,,,
Dividend (Ordinary),2022-04-01,13:20:32,DLR,Digital Realty Trust,16.0,1.04,USD,Not available,,,12.66,GBP,2.93,USD,,,,,,,,,,,,
Dividend (Ordinary),2022-04-04,12:50:08,NKE,Nike,2.0,0.26,USD,Not available,,,0.4,GBP,0.09,USD,,,,,,,,,,,,
Dividend (Ordinary),2022-04-04,12:50:08,NKE,Nike,18.0,0.26,USD,Not available,,,3.56,GBP,0.82,USD,,,,,,,,,,,,
Company Acquisition,2022-04-05,09:50:04,PBCT,People's United Financial,134.0,0.0,USD,,-1364.13,GBP,0.0,GBP,,,,,,,,EOF1860052017,,This record is an error because Trading 212 has no category for transactions resulting from an acquisition.,,,,
,2022-04-05,09:50:11,PBCT,People's United Financial,47.0,0.0,USD,,-527.59,GBP,0.0,GBP,,,This was not a market sell but rather a company acquisition by M&T Bank,,,,,EOF1860381563,,,,,,
Dividend (Ordinary),2022-04-07,06:56:32,STX,Seagate Technology,6.0,0.53,USD,Not available,,,2.41,GBP,1.05,USD,,,,,,,,,,,,
Dividend (Ordinary),2022-04-07,06:56:32,STX,Seagate Technology,27.0,0.53,USD,Not available,,,10.83,GBP,4.73,USD,,,,,,,,,,,,
Dividend (Ordinary),2022-04-08,07:31:49,MRK,Merck & Co,19.0,0.59,USD,Not available,,,8.55,GBP,1.97,USD,,,,,,,,,,,,
Withdrawal,2022-04-08,08:18:18,,,,,,,,,1000.0,GBP,,,,,,,,e65f3490-db37-4063-996c-15024145b7c2,,,,,,
Dividend (Ordinary),2022-04-08,07:31:49,MRK,Merck & Co,24.0,0.59,USD,Not available,,,10.8,GBP,2.48,USD,,,,,,,,,,,,
Deposit,2022-04-08,08:18:18,,,,,,,,,1000.0,GBP,,,1000,GBP,,,,9d901dfd-792d-4142-919b-749170f74188,,,,,,
Market buy,2022-04-08,13:30:06,AAPL,Apple,5.0,171.75,USD,1.30024,,GBP,661.44,GBP,,,,,,,,EOF1865591852,0.99,GBP,,,,
Market sell,2022-04-11,13:30:08,AOS,A O Smith,3.567,62.52,USD,1.30292,-11.57,GBP,170.9,GBP,,,,,,,,EOF1868586992,0.26,GBP,,,,
Market sell,2022-04-11,13:30:08,MMM,3M,1.0,150.37,USD,1.30293,-14.84,GBP,115.24,GBP,,,,,,,,EOF1868587030,0.17,GBP,,,,
Market sell,2022-04-11,13:30:14,AOS,A O Smith,2.433,62.57,USD,1.30303,-7.81,GBP,116.65,GBP,,,,,,,,EOF1868589350,0.18,GBP,,,,
Withdrawal,2022-04-11,14:01:38,,,,,,,,,482.0,GBP,,,,,,,,c17f00c4-3ed8-4233-8b0a-16b7ddab23b1,,,,,,
Market sell,2022-04-11,14:09:55,AWR,American States Water,2.654,88.85,USD,1.30341,0.16,GBP,180.64,GBP,,,,,,,,EOF1869266016,0.27,GBP,,,,
Market sell,2022-04-11,14:09:56,AWR,American States Water,0.346,88.86,USD,1.30338,0.03,GBP,23.55,GBP,,,,,,,,EOF1869266019,0.04,GBP,,,,
Withdrawal,2022-04-11,14:10:53,,,,,,,,,204.0,GBP,,,,,,,,d0e02850-78d0-4d9f-96c6-fad05864e41a,,,,,,
Market sell,2022-04-11,14:12:55,NLY,Annaly Capital Management,127.0,6.8,USD,1.30338,-119.29,GBP,661.59,GBP,,,,,,,,EOF1869266667,0.99,GBP,,,,
Withdrawal,2022-04-11,14:14:01,,,,,,,,,662.0,GBP,,,,,,,,bac6c0d5-9ade-4e71-a345-68b230362fb4,,,,,,
Market sell,2022-04-11,14:16:17,CMCSA,Comcast,14.0,48.2,USD,1.3035,-58.49,GBP,516.88,GBP,,,,,,,,EOF1869267117,0.78,GBP,,,,
Withdrawal,2022-04-11,14:16:59,,,,,,,,,517.0,GBP,,,,,,,,2323c36e-570c-4299-af6a-af4acac6cb12,,,,,,
Market sell,2022-04-11,14:18:26,ECL,Ecolab,2.0,181.95,USD,1.30325,-25.22,GBP,278.81,GBP,,,,,,,,EOF1869267415,0.42,GBP,,,,
Withdrawal,2022-04-11,14:18:47,,,,,,,,,278.89,GBP,,,,,,,,4ee70a12-7714-4f94-a222-3af15c7f96c3,,,,,,
Market sell,2022-04-11,14:20:08,HASI,Hannon Armstrong Sustainable Infrastructure Capital,44.0,43.39,USD,1.3034,-33.89,GBP,1462.55,GBP,,,,,0.01,0,,EOF1869267829,2.2,GBP,GBP,GBP,,
Withdrawal,2022-04-11,14:20:47,,,,,,,,,1462.55,GBP,,,,,,,,abaead4b-f4eb-471a-ac49-4715a8013ac9,,,,,,
Market sell,2022-04-11,14:22:19,HD,Home Depot,1.0,312.93,USD,1.30297,-32.23,GBP,239.8,GBP,,,,,,,,EOF1869268149,0.36,GBP,,,,
Market sell,2022-04-11,14:22:55,HON,Honeywell International,6.0,190.61,USD,1.30306,-84.07,GBP,876.39,GBP,,,,,0.0,,,EOF1869268210,1.32,GBP,GBP,,,
Withdrawal,2022-04-11,14:23:55,,,,,,,,,1116.19,GBP,,,,,,,,1352e54b-85ab-467f-b207-160df57db2a1,,,,,,
Market sell,2022-04-11,14:26:45,HRZN,Horizon Technology Finance,209.0,14.25,USD,1.30311,-281.07,GBP,2281.3,GBP,,,,,0.01,0.02,,EOF1869269043,3.43,GBP,GBP,GBP,,
Withdrawal,2022-04-11,14:27:12,,,,,,,,,2281.3,GBP,,,,,,,,43674baf-d1cb-4f08-a005-5d431865b63b,,,,,,
Market sell,2022-04-11,14:29:31,NYMT,New York Mortgage Trust,292.0,3.49,USD,1.30319,-144.88,GBP,779.78,GBP,,,,,0.0,0.03,,EOF1869269989,1.17,GBP,GBP,GBP,,
Market sell,2022-04-11,14:29:40,NKE,Nike,2.0,125.47,USD,1.30323,-60.55,GBP,192.26,GBP,,,,,,,,EOF1869270044,0.29,GBP,,,,
Withdrawal,2022-04-11,14:30:11,,,,,,,,,972.04,GBP,,,,,,,,fb81d666-74c8-4d1a-a36c-e4095fe76cbc,,,,,,
Market sell,2022-04-11,14:33:58,OHI,Omega Healthcare Investors,42.0,28.81,USD,1.30339,-167.49,GBP,926.97,GBP,,,,,,,,EOF1869271524,1.39,GBP,,,,
Withdrawal,2022-04-11,14:34:41,,,,,,,,,926.97,GBP,,,,,,,,01792abe-3b15-44a4-8992-2714b7355be9,,,,,,
Market sell,2022-04-11,14:36:06,STOR,STORE Capital,100.0,29.67,USD,1.30307,-83.48,GBP,2273.42,GBP,,,,,0.01,0.01,,EOF1869272127,3.42,GBP,GBP,GBP,,
Withdrawal,2022-04-11,14:36:44,,,,,,,,,2273.0,GBP,,,,,,,,f94455c9-9ce3-48d4-8ea4-7166009aa613,,,,,,
Market sell,2022-04-11,14:38:34,PETS,PetMed Express,9.394,25.37,USD,1.30304,-1.29,GBP,182.63,GBP,,,,,,,,EOF1869273013,0.27,GBP,,,,
Market sell,2022-04-11,14:38:34,PETS,PetMed Express,5.606,25.38,USD,1.303,-0.72,GBP,109.03,GBP,,,,,,,,EOF1869273014,0.16,GBP,,,,
Market sell,2022-04-11,14:39:07,V,Visa,1.0,214.0,USD,1.30326,-5.13,GBP,163.95,GBP,,,,,,,,EOF1869273160,0.25,GBP,,,,
Withdrawal,2022-04-11,14:39:28,,,,,,,,,456.0,GBP,,,,,,,,16019141-be89-413b-8733-47b8b761fc13,,,,,,
Market sell,2022-04-11,14:42:33,HI,Hillenbrand,30.0,41.91,USD,1.30321,39.94,GBP,963.28,GBP,,,,,0.0,,,EOF1869273834,1.45,GBP,GBP,,,
Withdrawal,2022-04-11,14:43:00,,,,,,,,,963.0,GBP,,,,,,,,e0db45a3-2312-4d5c-ae23-838310b7c15a,,,,,,
Market sell,2022-04-11,14:46:56,RITM,Rithm Capital,6.0,10.41,USD,1.30341,1.71,GBP,47.85,GBP,,,,,,,,EOF1869274502,0.07,GBP,,,,
Market sell,2022-04-11,14:46:56,RITM,Rithm Capital,100.0,10.42,USD,1.3034,28.92,GBP,797.84,GBP,,,,,0.0,0.01,,EOF1869274503,1.2,GBP,GBP,GBP,,
Withdrawal,2022-04-11,14:47:18,,,,,,,,,846.0,GBP,,,,,,,,a7c5a3e7-8d8b-41fb-bd47-6587f4a7e25d,,,,,,
Market sell,2022-04-11,14:50:17,AMT,American Tower,5.0,263.99,USD,1.30379,85.69,GBP,1010.86,GBP,,,,,0.01,,,EOF1869275363,1.52,GBP,GBP,,,
Withdrawal,2022-04-11,14:50:43,,,,,,,,,1010.86,GBP,,,,,,,,a74c66c7-e585-4765-a1d4-d426a335d0fd,,,,,,
Market sell,2022-04-11,14:54:28,MDT,Medtronic,11.0,112.36,USD,1.30417,5.64,GBP,946.32,GBP,,,,,0.0,,,EOF1869276350,1.42,GBP,GBP,,,
Market sell,2022-04-11,14:54:43,DLR,Digital Realty Trust,4.1797,147.6,USD,1.30428,18.76,GBP,472.29,GBP,,,,,,,,EOF1869276374,0.71,GBP,,,,
Market sell,2022-04-11,14:54:43,DLR,Digital Realty Trust,0.8203,147.6,USD,1.30428,3.68,GBP,92.69,GBP,,,,,,,,EOF1869276375,0.14,GBP,,,,
Withdrawal,2022-04-11,14:55:05,,,,,,,,,1511.0,GBP,,,,,,,,060a5003-eeb3-4b1c-b994-6078f8d4c148,,,,,,
Market sell,2022-04-11,15:02:57,UNP,Union Pacific,4.0,240.49,USD,1.30429,89.11,GBP,736.48,GBP,,,,,,,,EOF1869278023,1.11,GBP,,,,
Market sell,2022-04-11,15:03:37,VZ,Verizon Communications,24.061,54.37,USD,1.30433,56.45,GBP,1001.46,GBP,,,,,,,,EOF1869278101,1.5,GBP,,,,
Market sell,2022-04-11,15:03:54,VZ,Verizon Communications,2.939,54.38,USD,1.30446,6.91,GBP,122.34,GBP,,,,,,,,EOF1869278124,0.18,GBP,,,,
Withdrawal,2022-04-11,15:04:03,,,,,,,,,1738.24,GBP,,,,,,,,51fef4ab-d89c-4b51-8b50-44b91bc28a09,,,,,,
Market sell,2022-04-11,15:07:40,WTRG,Essential Utilities,22.0,51.59,USD,1.30445,110.83,GBP,868.74,GBP,,,,,0.0,,,EOF1869278817,1.31,GBP,GBP,,,
Withdrawal,2022-04-11,15:08:09,,,,,,,,,991.0,GBP,,,,,,,,fb6db6a6-bae7-4c7c-8be3-2955d166702f,,,,,,
Market sell,2022-04-11,18:05:07,MTB,M&T Bank,0.812,162.82,USD,1.30266,101.49,GBP,101.34,GBP,,,,,,,,EOF1869295705,0.15,GBP,,,,
Withdrawal,2022-04-11,18:05:56,,,,,,,,,101.0,GBP,,,,,,,,1f56e94b-b1fa-4faa-8512-77a1760c7eba,,,,,,
Deposit,2022-04-11,14:01:38,,,,,,,,,482.0,GBP,,,482,GBP,,,,6f1a23a9-0688-4f09-a865-585dad39d16d,,,,,,
Market buy,2022-04-11,14:01:50,MMM,3M,1.0,151.43,USD,1.30207,,GBP,116.47,GBP,,,,,,,,EOF1869315022,0.17,GBP,,,,
Market buy,2022-04-11,14:02:08,AOS,A O Smith,6.0,63.59,USD,1.3024,,GBP,293.39,GBP,,,,,,,,EOF1869315087,0.44,GBP,,,,
Deposit,2022-04-11,14:10:53,,,,,,,,,204.0,GBP,,,204,GBP,,,,6e585869-b970-430b-ade7-366ceec6f816,,,,,,
Market buy,2022-04-11,14:11:07,AWR,American States Water,3.0,89.22,USD,1.30343,,GBP,205.66,GBP,,,,,,,,EOF1869316799,0.31,GBP,,,,
Deposit,2022-04-11,14:14:01,,,,,,,,,662.0,GBP,,,662,GBP,,,,4421f55d-9157-46af-a34d-437fa710631c,,,,,,
Market buy,2022-04-11,14:15:17,NLY,Annaly Capital Management,127.0,6.81,USD,1.30339,,GBP,664.55,GBP,,,,,,,,EOF1869317534,1,GBP,,,,
Deposit,2022-04-11,14:16:59,,,,,,,,,517.0,GBP,,,517,GBP,,,,1c236154-0f98-4691-a0f3-c88f5bc244b5,,,,,,
Market buy,2022-04-11,14:17:13,CMCSA,Comcast,14.0,48.19,USD,1.30339,,GBP,518.32,GBP,,,,,,,,EOF1869317896,0.78,GBP,,,,
Deposit,2022-04-11,14:18:47,,,,,,,,,278.89,GBP,,,278.89,GBP,,,,a4d1bcf8-cb21-4dc6-9445-e84d47a33a77,,,,,,
Market buy,2022-04-11,14:19:04,ECL,Ecolab,2.0,182.4,USD,1.30322,,GBP,280.34,GBP,,,,,,,,EOF1869318232,0.42,GBP,,,,
Deposit,2022-04-11,14:20:47,,,,,,,,,1462.55,GBP,,,1462.55,GBP,,,,67734a40-d8e8-4ec9-af3b-52bff0c29fd6,,,,,,
Market buy,2022-04-11,14:21:00,HASI,Hannon Armstrong Sustainable Infrastructure Capital,44.0,43.84,USD,1.3032,,GBP,1482.37,GBP,,,,,,,,EOF1869318743,2.22,GBP,,,,
Market buy,2022-04-11,14:23:35,HD,Home Depot,1.0,312.85,USD,1.30299,,GBP,240.46,GBP,,,,,,,,EOF1869319292,0.36,GBP,,,,
Deposit,2022-04-11,14:23:55,,,,,,,,,1116.19,GBP,,,1116.19,GBP,,,,d7d2ea3e-4391-4436-bc09-89a6973c54d0,,,,,,
Market buy,2022-04-11,14:24:10,HON,Honeywell International,6.0,190.44,USD,1.30309,,GBP,878.17,GBP,,,,,,,,EOF1869319384,1.32,GBP,,,,
Deposit,2022-04-11,14:27:12,,,,,,,,,2281.3,GBP,,,2281.3,GBP,,,,67a743c7-99c9-46a8-a06c-ff1fb7646b28,,,,,,
Market buy,2022-04-11,14:27:41,HRZN,Horizon Technology Finance,209.0,14.27,USD,1.3029,,GBP,2291.59,GBP,,,,,,,,EOF1869320068,3.43,GBP,,,,
Deposit,2022-04-11,14:30:11,,,,,,,,,972.04,GBP,,,972.04,GBP,,,,c2f02b2b-c2c7-423b-aea5-64fe3ed50863,,,,,,
Market buy,2022-04-11,14:30:31,NYMT,New York Mortgage Trust,292.0,3.49,USD,1.30295,,GBP,783.22,GBP,,,,,,,,EOF1869321215,1.17,GBP,,,,
Market buy,2022-04-11,14:30:43,NKE,Nike,2.0,125.35,USD,1.3031,,GBP,192.68,GBP,,,,,,,,EOF1869321298,0.29,GBP,,,,
Deposit,2022-04-11,14:34:41,,,,,,,,,926.97,GBP,,,926.97,GBP,,,,1b09f80b-6500-4a8b-975a-47f8b7eaaf1a,,,,,,
Market buy,2022-04-11,14:34:51,OHI,Omega Healthcare Investors,42.0,28.83,USD,1.30341,,GBP,930.38,GBP,,,,,,,,EOF1869323578,1.39,GBP,,,,
Deposit,2022-04-11,14:36:44,,,,,,,,,2273.0,GBP,,,2273,GBP,,,,22edc9f8-0484-4298-ad66-7f1bbf89e70e,,,,,,
Market buy,2022-04-11,14:36:56,STOR,STORE Capital,100.0,29.67,USD,1.30258,,GBP,2281.14,GBP,,,,,,,,EOF1869324015,3.42,GBP,,,,
Deposit,2022-04-11,14:39:28,,,,,,,,,456.0,GBP,,,456,GBP,,,,4030a701-aa97-4841-8655-2ddd8accfafb,,,,,,
Market buy,2022-04-11,14:39:51,PETS,PetMed Express,15.0,25.43,USD,1.30296,,GBP,293.19,GBP,,,,,,,,EOF1869324523,0.44,GBP,,,,
Market buy,2022-04-11,14:39:57,V,Visa,1.0,214.21,USD,1.30298,,GBP,164.65,GBP,,,,,,,,EOF1869324546,0.25,GBP,,,,
Deposit,2022-04-11,14:43:00,,,,,,,,,963.0,GBP,,,963,GBP,,,,eb6a9c45-66e3-4789-a50d-d2504fb09116,,,,,,
Market buy,2022-04-11,14:43:13,HI,Hillenbrand,30.0,41.93,USD,1.30296,,GBP,966.82,GBP,,,,,,,,EOF1869325369,1.45,GBP,,,,
Market buy,2022-04-11,14:45:02,HI,Hillenbrand,6.0,41.96,USD,1.30311,,GBP,193.49,GBP,,,,,,,,EOF1869325797,0.29,GBP,,,,
Deposit,2022-04-11,14:47:18,,,,,,,,,846.0,GBP,,,846,GBP,,,,f3a2d85d-e135-4c28-af11-ae650258da39,,,,,,
Market buy,2022-04-11,14:47:37,RITM,Rithm Capital,106.0,10.42,USD,1.30349,,GBP,848.38,GBP,,,,,,,,EOF1869326462,1.27,GBP,,,,
Deposit,2022-04-11,14:50:43,,,,,,,,,1010.86,GBP,,,1010.86,GBP,,,,1b3728c3-7b67-444a-b3dd-658149c49d1b,,,,,,
Market buy,2022-04-11,14:50:56,AMT,American Tower,5.0,264.07,USD,1.30375,,GBP,1014.31,GBP,,,,,,,,EOF1869326910,1.52,GBP,,,,
Market buy,2022-04-11,14:51:13,RITM,Rithm Capital,13.0,10.42,USD,1.30355,,GBP,104.08,GBP,,,,,,,,EOF1869326946,0.16,GBP,,,,
Deposit,2022-04-11,14:55:05,,,,,,,,,1511.0,GBP,,,1511,GBP,,,,1abe54ed-cea0-4b90-be96-b653bebe1598,,,,,,
Market buy,2022-04-11,14:55:27,DLR,Digital Realty Trust,5.0,147.65,USD,1.30379,,GBP,567.08,GBP,,,,,,,,EOF1869327774,0.85,GBP,,,,
Market buy,2022-04-11,14:55:39,MDT,Medtronic,11.0,112.33,USD,1.3039,,GBP,948.92,GBP,,,,,,,,EOF1869327803,1.42,GBP,,,,
Deposit,2022-04-11,15:04:03,,,,,,,,,1738.24,GBP,,,1738.24,GBP,,,,1cdeef51-7a62-4c1d-a563-718df8cfb912,,,,,,
Market buy,2022-04-11,15:04:20,UNP,Union Pacific,4.0,240.36,USD,1.30441,,GBP,738.23,GBP,,,,,,,,EOF1869330198,1.11,GBP,,,,
Market buy,2022-04-11,15:04:39,VZ,Verizon Communications,27.0,54.37,USD,1.30442,,GBP,1127.08,GBP,,,,,,,,EOF1869330275,1.69,GBP,,,,
Deposit,2022-04-11,15:08:09,,,,,,,,,991.0,GBP,,,991,GBP,,,,860656ae-adfa-44fe-b977-efcb7d3fffd9,,,,,,
Market buy,2022-04-11,15:08:27,WTRG,Essential Utilities,22.0,51.55,USD,1.30429,,GBP,870.81,GBP,,,,,,,,EOF1869331447,1.3,GBP,,,,
Market buy,2022-04-11,15:09:44,QCOM,Qualcomm,1.0,136.55,USD,1.3042,,GBP,104.86,GBP,,,,,,,,EOF1869331590,0.16,GBP,,,,
Market sell,2022-04-11,17:52:42,MTB,M&T Bank,0.546,162.92,USD,1.30299,68.27,GBP,68.17,GBP,,,,,,,,EOF1869347734,0.1,GBP,,,,
Market sell,2022-04-11,17:52:42,MTB,M&T Bank,5.0,162.93,USD,1.303,625.21,GBP,624.27,GBP,,,,,,0,,EOF1869347735,0.94,GBP,GBP,,,
Market buy,2022-04-11,17:53:27,JPM,JPMorgan Chase & Co,7.0,133.57,USD,1.30282,,GBP,718.75,GBP,,,,,,,,EOF1869347776,1.08,GBP,,,,
Deposit,2022-04-11,18:05:56,,,,,,,,,101.0,GBP,,,101,GBP,,,,c4cd7f1e-5ae1-4ede-9724-acf7099b94ec,,,,,,
Market buy,2022-04-11,18:08:30,HRZN,Horizon Technology Finance,6.0,14.27,USD,1.30298,,GBP,65.81,GBP,,,,,,,,EOF1869348858,0.1,GBP,,,,
Market buy,2022-04-11,18:11:42,SCI,Service Corp International,1.0,69.82,USD,1.30279,,GBP,53.67,GBP,,,,,,,,EOF1869349162,0.08,GBP,,,,
Dividend (Ordinary),2022-04-12,08:18:47,HASI,Hannon Armstrong Sustainable Infrastructure Capital,44.0,0.32,USD,Not available,,,10.78,GBP,2.48,USD,,,,,,,,,,,,
Dividend (Ordinary),2022-04-12,08:18:47,HASI,Hannon Armstrong Sustainable Infrastructure Capital,45.0,0.32,USD,Not available,,,11.03,GBP,2.53,USD,,,,,,,,,,,,
Market sell,2022-04-13,15:27:08,ONL,Orion Office REIT,2.5,13.62,USD,1.30494,26.09,GBP,26.05,GBP,,,,,,,,EOF1872719821,0.04,GBP,,,,
Market sell,2022-04-13,15:28:49,WBD,Warner Bros Discovery,0.869526,26.9,USD,1.30531,17.92,GBP,17.89,GBP,,,,,,,,EOF1872719999,0.03,GBP,,,,
Market sell,2022-04-13,15:28:49,WBD,Warner Bros Discovery,18.0,26.91,USD,1.30532,371.08,GBP,370.52,GBP,,,,,,0,,EOF1872720000,0.56,GBP,GBP,,,
Market buy,2022-04-13,15:30:47,EXR,Extra Space Storage,1.0,212.27,USD,1.30595,,GBP,162.78,GBP,,,,,,,,EOF1872720160,0.24,GBP,,,,
Market buy,2022-04-13,15:32:39,HD,Home Depot,1.0,309.56,USD,1.30642,,GBP,237.31,GBP,,,,,,,,EOF1872720414,0.36,GBP,,,,
Market buy,2022-04-13,15:35:17,HASI,Hannon Armstrong Sustainable Infrastructure Capital,1.0,44.37,USD,1.30602,,GBP,34.02,GBP,,,,,,,,EOF1872720617,0.05,GBP,,,,
Dividend (Ordinary),2022-04-15,07:30:10,HRZN,Horizon Technology Finance,209.0,0.09,USD,Not available,,,13.6,GBP,3.14,USD,,,,,,,,,,,,
Dividend (Ordinary),2022-04-18,08:49:55,ONL,Orion Office REIT,4.0,0.09,USD,Not available,,,0.26,GBP,0.06,USD,,,,,,,,,,,,
Dividend (Ordinary),2022-04-18,08:49:55,ONL,Orion Office REIT,2.5,0.09,USD,Not available,,,0.16,GBP,0.04,USD,,,,,,,,,,,,
Dividend (Ordinary),2022-04-19,07:34:06,ECL,Ecolab,2.0,0.43,USD,Not available,,,0.67,GBP,0.15,USD,,,,,,,,,,,,
Dividend (Ordinary),2022-04-19,08:10:32,O,Realty Income,44.0,0.21,USD,Not available,,,7.1,GBP,1.63,USD,,,,,,,,,,,,
Dividend (Ordinary),2022-04-19,08:44:35,STOR,STORE Capital,100.0,0.33,USD,Not available,,,25.12,GBP,5.78,USD,,,,,,,,,,,,
Dividend (Ordinary),2022-04-19,07:34:06,ECL,Ecolab,9.0,0.43,USD,Not available,,,3.0,GBP,0.69,USD,,,,,,,,,,,,
Dividend (Ordinary),2022-04-19,08:10:32,O,Realty Income,26.0,0.21,USD,Not available,,,4.19,GBP,0.96,USD,,,,,,,,,,,,
Dividend (Ordinary),2022-04-19,08:44:35,STOR,STORE Capital,6.0,0.33,USD,Not available,,,1.51,GBP,0.35,USD,,,,,,,,,,,,
Deposit,2022-04-20,14:51:56,,,,,,,,,206.96,GBP,,,206.96,GBP,,,Transaction ID: deafd29e-9e1e-4c90-a116-ea6cc5a47770,b05bc2cb-8583-461d-b83f-333e89a7b04f,,,,,,
Market buy,2022-04-20,14:53:50,QCOM,Qualcomm,2.0,142.1,USD,1.30416,,GBP,218.25,GBP,,,,,,,,EOF1879709452,0.33,GBP,,,,
Deposit,2022-04-21,23:00:11,,,,,,,,,200.0,GBP,,,200,GBP,,,Transaction ID: b8916a80-4a11-4609-b813-27521415ac7c,618cc54d-2be5-48b6-9ec6-4f7aee015744,,,,,,
Market buy,2022-04-22,15:26:58,HASI,Hannon Armstrong Sustainable Infrastructure Capital,6.0,40.96,USD,1.28504,,GBP,191.54,GBP,,,,,,,,EOF1883110702,0.29,GBP,,,,
Market buy,2022-04-22,15:29:56,NLY,Annaly Capital Management,12.0,6.59,USD,1.28491,,GBP,61.63,GBP,,,,,,,,EOF1883111370,0.09,GBP,,,,
Dividend (Ordinary),2022-04-25,07:35:32,MDT,Medtronic,11.0,0.47,USD,Not available,,,4.08,GBP,1.73,USD,,,,,,,,,,,,
Dividend (Ordinary),2022-04-25,07:35:32,MDT,Medtronic,13.0,0.47,USD,Not available,,,4.82,GBP,2.05,USD,,,,,,,,,,,,
Dividend (Ordinary),2022-04-26,08:51:19,NYMT,New York Mortgage Trust,292.0,0.09,USD,Not available,,,19.51,GBP,4.38,USD,,,,,,,,,,,,
Market sell,2022-04-26,13:30:07,ONL,Orion Office REIT,4.0,13.4,USD,1.26831,42.26,GBP,42.2,GBP,,,,,,,,EOF1886159244,0.06,GBP,,,,
Market buy,2022-04-26,17:14:13,NYMT,New York Mortgage Trust,20.0,3.2,USD,1.26023,,GBP,50.86,GBP,,,,,,,,EOF1887152703,0.08,GBP,,,,
Dividend (Ordinary),2022-04-26,08:51:19,NYMT,New York Mortgage Trust,336.0,0.09,USD,Not available,,,22.45,GBP,5.04,USD,,,,,,,,,,,,
Market buy,2022-04-26,17:10:26,HASI,Hannon Armstrong Sustainable Infrastructure Capital,1.0,39.79,USD,1.26008,,GBP,31.63,GBP,,,,,,,,EOF1887106572,0.05,GBP,,,,
Market buy,2022-04-26,17:14:12,NLY,Annaly Capital Management,3.0,6.43,USD,1.26025,,GBP,15.33,GBP,,,,,,,,EOF1887106742,0.02,GBP,,,,
Dividend (Ordinary),2022-04-28,08:41:27,CMCSA,Comcast,14.0,0.23,USD,Not available,,,2.56,GBP,0.57,USD,,,,,,,,,,,,
Deposit,2022-04-28,12:12:10,,,,,,,,,1100.0,GBP,,,1100,GBP,,,Transaction ID: 52728ec9-b89d-42e4-bf6e-44154c0c2731,6ba4a719-580f-4672-9a72-b7b0518009fe,,,,,,
Market buy,2022-04-28,13:33:36,HASI,Hannon Armstrong Sustainable Infrastructure Capital,3.0,41.41,USD,1.24409,,GBP,100.01,GBP,,,,,,,,EOF1889362149,0.15,GBP,,,,
Market buy,2022-04-28,13:35:41,MRK,Merck & Co,3.0,86.86,USD,1.24359,,GBP,209.85,GBP,,,,,,,,EOF1889362694,0.31,GBP,,,,
Market buy,2022-04-28,13:40:00,NLY,Annaly Capital Management,50.0,6.39,USD,1.24389,,GBP,257.25,GBP,,,,,,,,EOF1889363630,0.39,GBP,,,,
Market buy,2022-04-28,13:44:09,NYMT,New York Mortgage Trust,100.24838,3.2,USD,1.24358,,GBP,258.35,GBP,,,,,,,,EOF1889364607,0.39,GBP,,,,
Market buy,2022-04-28,13:46:22,HRZN,Horizon Technology Finance,20.0,13.01,USD,1.24351,,GBP,209.56,GBP,,,,,,,,EOF1889373134,0.31,GBP,,,,
Market buy,2022-04-28,13:46:34,NYMT,New York Mortgage Trust,1.75162,3.19,USD,1.24351,,GBP,4.5,GBP,,,,,,,,EOF1889373245,0.01,GBP,,,,
Market buy,2022-04-28,13:58:38,HI,Hillenbrand,2.0,41.21,USD,1.24412,,GBP,66.35,GBP,,,,,,,,EOF1889377414,0.1,GBP,,,,
Dividend (Ordinary),2022-04-28,08:41:27,CMCSA,Comcast,36.0,0.23,USD,Not available,,,6.58,GBP,1.46,USD,,,,,,,,,,,,
Dividend (Ordinary),2022-05-02,12:52:38,RITM,Rithm Capital,106.0,0.21,USD,Not available,,,17.95,GBP,3.98,USD,,,,,,,,,,,,
Dividend (Ordinary),2022-05-02,12:54:07,NLY,Annaly Capital Management,127.0,0.19,USD,Not available,,,18.93,GBP,4.19,USD,,,,,,,,,,,,
Dividend (Ordinary),2022-05-02,13:08:45,LTC,LTC Properties,60.0,0.16,USD,Not available,,,7.72,GBP,1.71,USD,,,,,,,,,,,,
Dividend (Ordinary),2022-05-02,13:19:15,GOOD,Gladstone Commercial,27.0,0.11,USD,Not available,,,2.29,GBP,0.51,USD,,,,,,,,,,,,
Dividend (Ordinary),2022-05-02,12:52:38,RITM,Rithm Capital,181.0,0.21,USD,Not available,,,30.64,GBP,6.79,USD,,,,,,,,,,,,
Dividend (Ordinary),2022-05-02,12:54:07,NLY,Annaly Capital Management,268.0,0.19,USD,Not available,,,39.94,GBP,8.84,USD,,,,,,,,,,,,
Dividend (Ordinary),2022-05-02,13:08:45,LTC,LTC Properties,46.0,0.16,USD,Not available,,,5.92,GBP,1.31,USD,,,,,,,,,,,,
Dividend (Ordinary),2022-05-02,13:10:24,AMT,American Tower,13.0,1.19,USD,Not available,,,12.33,GBP,2.73,USD,,,,,,,,,,,,
Dividend (Ordinary),2022-05-02,13:19:15,GOOD,Gladstone Commercial,129.0,0.11,USD,Not available,,,10.96,GBP,2.43,USD,,,,,,,,,,,,
Dividend (Ordinary),2022-05-03,09:03:03,VZ,Verizon Communications,27.0,0.54,USD,Not available,,,11.72,GBP,2.59,USD,,,,,,,,,,,,
Market buy,2022-05-03,16:42:58,GOOD,Gladstone Commercial,4.0,21.1,USD,1.2494,,GBP,67.65,GBP,,,,,,,,EOF1896266948,0.1,GBP,,,,
Dividend (Ordinary),2022-05-03,08:52:24,T,AT&T,78.0,0.24,USD,Not available,,,14.67,GBP,3.25,USD,,,,,,,,,,,,
Dividend (Ordinary),2022-05-03,09:03:03,VZ,Verizon Communications,33.0,0.54,USD,Not available,,,14.32,GBP,3.17,USD,,,,,,,,,,,,
Market buy,2022-05-03,17:11:08,NYMT,New York Mortgage Trust,50.0,3.32,USD,1.24971,,GBP,133.03,GBP,,,,,,,,EOF1896179625,0.2,GBP,,,,
Dividend (Ordinary),2022-05-13,10:35:25,AAPL,Apple,12.0,0.2,USD,Not available,,,1.93,GBP,0.41,USD,,,,,,,,,,,,
Deposit,2022-05-13,16:59:07,,,,,,,,,500.0,GBP,,,500,GBP,,,Transaction ID: c39bd375-8b86-4c96-b553-9591c7837db3,c303c2ac-f215-48ba-92a2-e6cf706a7a51,,,,,,
Market buy,2022-05-13,17:21:10,STOR,STORE Capital,15.0,27.08,USD,1.2245,,GBP,332.23,GBP,,,,,,,,EOF1910416968,0.5,GBP,,,,
Market buy,2022-05-13,17:24:02,HASI,Hannon Armstrong Sustainable Infrastructure Capital,5.0,37.68,USD,1.22423,,GBP,154.12,GBP,,,,,,,,EOF1910417184,0.23,GBP,,,,
Market buy,2022-05-13,17:42:04,NYMT,New York Mortgage Trust,5.0,3.03,USD,1.22349,,GBP,12.4,GBP,,,,,,,,EOF1910418137,0.02,GBP,,,,
Dividend (Ordinary),2022-05-13,10:35:25,AAPL,Apple,25.0,0.2,USD,Not available,,,4.01,GBP,0.86,USD,,,,,,,,,,,,
Dividend (Ordinary),2022-05-16,11:08:43,COST,Costco Wholesale,4.0,0.77,USD,Not available,,,2.49,GBP,0.54,USD,,,,,,,,,,,,
Dividend (Ordinary),2022-05-16,11:53:29,O,Realty Income,44.0,0.21,USD,Not available,,,7.54,GBP,1.63,USD,,,,,,,,,,,,
Dividend (Ordinary),2022-05-16,13:27:29,SBNY,Signature Bank,14.0,0.48,USD,Not available,,,5.44,GBP,1.18,USD,,,,,,,,,,,,
Dividend (Ordinary),2022-05-16,11:08:43,COST,Costco Wholesale,6.0,0.77,USD,Not available,,,3.74,GBP,0.81,USD,,,,,,,,,,,,
Dividend (Ordinary),2022-05-16,11:53:29,O,Realty Income,26.0,0.21,USD,Not available,,,4.45,GBP,0.96,USD,,,,,,,,,,,,
Dividend (Ordinary),2022-05-16,13:01:42,OHI,Omega Healthcare Investors,78.0,0.57,USD,Not available,,,36.25,GBP,7.84,USD,,,,,,,,,,,,
Dividend (Ordinary),2022-05-16,13:27:29,SBNY,Signature Bank,5.0,0.48,USD,Not available,,,1.94,GBP,0.42,USD,,,,,,,,,,,,
Dividend (Ordinary),2022-05-17,12:31:40,ABBV,AbbVie,7.0,1.2,USD,Not available,,,6.72,GBP,1.48,USD,,,,,,,,,,,,
Dividend (Ordinary),2022-05-17,11:50:13,HRZN,Horizon Technology Finance,215.0,0.09,USD,Not available,,,14.64,GBP,3.23,USD,,,,,,,,,,,,
Dividend (Ordinary),2022-05-17,12:24:37,AOS,A O Smith,68.0,0.24,USD,Not available,,,12.97,GBP,2.86,USD,,,,,,,,,,,,
Dividend (Ordinary),2022-05-17,12:31:40,ABBV,AbbVie,22.0,1.2,USD,Not available,,,21.12,GBP,4.65,USD,,,,,,,,,,,,
Market sell,2022-05-18,13:30:02,VZ,Verizon Communications,60.0,48.83,USD,1.24074,-123.33,GBP,2357.55,GBP,,,,,0.01,0.01,,EOF1915208618,3.54,GBP,GBP,GBP,,
Market buy,2022-05-18,14:15:15,TGT,Target,5.0,162.67,USD,1.23912,,GBP,657.37,GBP,,,,,,,,EOF1915222462,0.98,GBP,,,,
Market buy,2022-05-18,14:17:13,JPM,JPMorgan Chase & Co,3.0,121.58,USD,1.23978,,GBP,294.63,GBP,,,,,,,,EOF1915222662,0.44,GBP,,,,
Market buy,2022-05-18,14:19:25,PSA,Public Storage,1.0,311.75,USD,1.23947,,GBP,251.9,GBP,,,,,,,,EOF1915222977,0.38,GBP,,,,
Market buy,2022-05-18,14:22:21,O,Realty Income,4.0,68.07,USD,1.24019,,GBP,219.88,GBP,,,,,,,,EOF1915223277,0.33,GBP,,,,
Market buy,2022-05-18,14:24:18,AOS,A O Smith,5.0,59.14,USD,1.24024,,GBP,238.78,GBP,,,,,,,,EOF1915223487,0.36,GBP,,,,
Market buy,2022-05-18,14:25:51,PSA,Public Storage,1.0,312.68,USD,1.24084,,GBP,252.37,GBP,,,,,,,,EOF1915224057,0.38,GBP,,,,
Market buy,2022-05-18,14:28:43,JPM,JPMorgan Chase & Co,5.0,121.33,USD,1.24066,,GBP,489.7,GBP,,,,,,,,EOF1915224358,0.73,GBP,,,,
Market buy,2022-05-18,14:30:42,NLY,Annaly Capital Management,10.0,6.45,USD,1.24098,,GBP,52.06,GBP,,,,,,,,EOF1915224530,0.08,GBP,,,,
Deposit,2022-05-20,09:41:25,,,,,,,,,300.0,GBP,,,300,GBP,,,Transaction ID: 3db81507-4a6c-43e9-bb74-0f5a3b76ad75,6b862122-b700-49ec-8343-4702e8687b9c,,,,,,
Market buy,2022-05-20,13:30:04,HRZN,Horizon Technology Finance,10.0,12.04,USD,1.24903,,GBP,96.53,GBP,,,,,,,,EOF1918004252,0.14,GBP,,,,
Market buy,2022-05-20,13:30:05,STOR,STORE Capital,10.0,26.39,USD,1.24902,,GBP,211.6,GBP,,,,,,,,EOF1918004308,0.32,GBP,,,,
Market buy,2022-05-20,13:30:07,NYMT,New York Mortgage Trust,10.0,2.94,USD,1.24889,,GBP,23.58,GBP,,,,,,,,EOF1918004755,0.04,GBP,,,,
Dividend (Ordinary),2022-05-23,16:09:16,CAT,Caterpillar,2.0,0.94,USD,Not available,,,1.5,GBP,0.33,USD,,,,,,,,,,,,
Dividend (Ordinary),2022-05-23,16:09:16,CAT,Caterpillar,21.0,0.94,USD,Not available,,,15.75,GBP,3.5,USD,,,,,,,,,,,,
Deposit,2022-05-25,11:21:57,,,,,,,,,200.0,GBP,,,200,GBP,,,Transaction ID: 37b7e3c8-ede8-4f1a-adf1-8614d606ddac,5242f52a-e3e1-4b30-97e9-db22eeb8ebd9,,,,,,
Market buy,2022-05-25,13:30:05,JPM,JPMorgan Chase & Co,1.0,126.3,USD,1.25164,,GBP,101.06,GBP,,,,,,,,EOF1922833232,0.15,GBP,,,,
Market buy,2022-05-25,13:30:07,HRZN,Horizon Technology Finance,10.0,11.8,USD,1.2517,,GBP,94.41,GBP,,,,,,,,EOF1922833520,0.14,GBP,,,,
Deposit,2022-05-30,09:27:48,,,,,,,,,1100.0,GBP,,,1100,GBP,,,Transaction ID: 8168b8c5-8683-46e6-ad7f-a5efe46a5780,32fddc66-dfb5-49e3-9a6a-809e39e3296f,,,,,,
Dividend (Ordinary),2022-05-30,10:40:29,PETS,PetMed Express,122.0,0.26,USD,Not available,,,24.58,GBP,5.49,USD,,,,,,,,,,,,
Market buy,2022-05-31,13:30:03,CWEN/A,Clearway Energy,10.0,33.24,USD,1.25817,,GBP,264.59,GBP,,,,,,,,EOF1929586573,0.4,GBP,,,,
Market buy,2022-05-31,13:30:16,STOR,STORE Capital,15.0,27.26,USD,1.25825,,GBP,325.46,GBP,,,,,,,,EOF1929588500,0.49,GBP,,,,
Market buy,2022-05-31,13:30:20,JPM,JPMorgan Chase & Co,1.0,130.2,USD,1.25835,,GBP,103.63,GBP,,,,,,,,EOF1929589081,0.16,GBP,,,,
Market buy,2022-05-31,13:30:22,EXR,Extra Space Storage,2.0,180.18,USD,1.25842,,GBP,286.79,GBP,,,,,,,,EOF1929589320,0.43,GBP,,,,
Market buy,2022-05-31,13:32:35,NYMT,New York Mortgage Trust,50.0,3.05,USD,1.25785,,GBP,121.42,GBP,,,,,,,,EOF1930555263,0.18,GBP,,,,
Market buy,2022-05-31,14:50:46,STOR,STORE Capital,2.0,27.21,USD,1.26021,,GBP,43.24,GBP,,,,,,,,EOF1930807359,0.06,GBP,,,,
Dividend (Ordinary),2022-06-01,13:36:43,LTC,LTC Properties,60.0,0.16,USD,Not available,,,7.71,GBP,1.71,USD,,,,,,,,,,,,
Dividend (Ordinary),2022-06-01,13:45:19,GOOD,Gladstone Commercial,31.0,0.11,USD,Not available,,,2.63,GBP,0.58,USD,,,,,,,,,,,,
Dividend (Ordinary),2022-06-01,13:51:09,WELL,Welltower,38.0,0.52,USD,Not available,,,15.66,GBP,3.48,USD,,,,,,,,,,,,
Dividend (Ordinary),2022-06-01,13:36:43,LTC,LTC Properties,46.0,0.16,USD,Not available,,,5.91,GBP,1.31,USD,,,,,,,,,,,,
Dividend (Ordinary),2022-06-01,13:45:19,GOOD,Gladstone Commercial,129.0,0.11,USD,Not available,,,10.96,GBP,2.43,USD,,,,,,,,,,,,
Dividend (Ordinary),2022-06-02,08:29:27,AWR,American States Water,31.0,0.31,USD,Not available,,,7.67,GBP,1.7,USD,,,,,,,,,,,,
Dividend (Ordinary),2022-06-02,11:40:22,WTRG,Essential Utilities,66.0,0.23,USD,Not available,,,12.0,GBP,2.66,USD,,,,,,,,,,,,
Dividend (Ordinary),2022-06-02,11:51:40,V,Visa,11.0,0.32,USD,Not available,,,2.79,GBP,0.62,USD,,,,,,,,,,,,
Market buy,2022-06-03,14:57:32,CWEN/A,Clearway Energy,1.0,32.28,USD,1.25221,,GBP,25.82,GBP,,,,,,,,EOF1933850413,0.04,GBP,,,,
Market buy,2022-06-03,14:56:26,CWEN,Clearway Energy,1.0,35.0,USD,1.25223,,GBP,27.99,GBP,,,,,,,,EOF1933939775,0.04,GBP,,,,
Dividend (Ordinary),2022-06-06,09:51:36,HON,Honeywell International,15.0,0.83,USD,Not available,,,9.94,GBP,2.21,USD,,,,,,,,,,,,
Dividend (Ordinary),2022-06-08,07:33:51,JNJ,Johnson & Johnson,7.0,0.96,USD,Not available,,,5.35,GBP,1.19,USD,,,,,,,,,,,,
Dividend (Ordinary),2022-06-08,07:33:51,JNJ,Johnson & Johnson,8.0,0.96,USD,Not available,,,6.12,GBP,1.36,USD,,,,,,,,,,,,
Dividend (Ordinary),2022-06-13,09:48:22,TGT,Target,22.0,0.77,USD,Not available,,,13.78,GBP,2.97,USD,,,,,,,,,,,,
Dividend (Ordinary),2022-06-14,11:46:54,MMM,3M,19.0,1.27,USD,Not available,,,19.86,GBP,4.25,USD,,,,,,,,,,,,
Dividend (Ordinary),2022-06-16,10:05:27,HRZN,Horizon Technology Finance,20.0,0.09,USD,Not available,,,1.4,GBP,0.3,USD,,,,,,,,,,,,
Dividend (Ordinary),2022-06-16,13:10:47,CWEN/A,Clearway Energy,1.0,0.3,USD,Not available,,,0.25,GBP,0.05,USD,,,,,,,,,,,,
Dividend (Ordinary),2022-06-16,13:57:24,O,Realty Income,44.0,0.21,USD,Not available,,,7.53,GBP,1.63,USD,,,,,,,,,,,,
Dividend (Ordinary),2022-06-16,10:05:27,HRZN,Horizon Technology Finance,215.0,0.09,USD,Not available,,,15.06,GBP,3.23,USD,,,,,,,,,,,,
Dividend (Ordinary),2022-06-16,13:05:12,CWEN,Clearway Energy,102.0,0.3,USD,Not available,,,25.1,GBP,5.41,USD,,,,,,,,,,,,
Dividend (Ordinary),2022-06-16,13:38:40,NEE,NextEra Energy,42.0,0.36,USD,Not available,,,12.38,GBP,2.68,USD,,,,,,,,,,,,
Dividend (Ordinary),2022-06-16,13:57:24,O,Realty Income,30.0,0.21,USD,Not available,,,5.14,GBP,1.11,USD,,,,,,,,,,,,
Market buy,2022-06-16,15:12:31,JPM,JPMorgan Chase & Co,1.0,112.43,USD,1.22854,,GBP,91.65,GBP,,,,,,,,EOF1949348232,0.14,GBP,,,,
Dividend (Ordinary),2022-06-17,08:54:28,HD,Home Depot,14.0,1.62,USD,Not available,,,18.35,GBP,3.99,USD,,,,,,,,,,,,
Market buy,2022-06-17,15:07:37,NYMT,New York Mortgage Trust,20.0,2.31,USD,1.22132,,GBP,37.89,GBP,,,,,,,,EOF1951512383,0.06,GBP,,,,
Deposit,2022-06-20,09:48:00,,,,,,,,,200.0,GBP,,,200,GBP,,,Transaction ID: fed87d7e-6658-4014-924f-392e60d25e12,41156f8a-e866-43a0-92b9-a87ce8366a41,,,,,,
Dividend (Ordinary),2022-06-20,09:53:47,WM,Waste Management,10.0,0.55,USD,Not available,,,4.51,GBP,0.98,USD,,,,,,,,,,,,
Dividend (Ordinary),2022-06-20,09:53:47,WM,Waste Management,10.0,0.55,USD,Not available,,,4.51,GBP,0.98,USD,,,,,,,,,,,,
Market buy,2022-06-21,13:30:01,NYMT,New York Mortgage Trust,15.0,2.49,USD,1.22804,,GBP,30.46,GBP,,,,,,,,EOF1953591637,0.05,GBP,,,,
Market buy,2022-06-21,13:30:11,NLY,Annaly Capital Management,20.0,5.95,USD,1.22812,,GBP,97.05,GBP,,,,,,,,EOF1953593148,0.15,GBP,,,,
Market buy,2022-06-21,13:31:34,JPM,JPMorgan Chase & Co,1.0,116.24,USD,1.22764,,GBP,94.83,GBP,,,,,,,,EOF1954503336,0.14,GBP,,,,
Dividend (Ordinary),2022-06-24,10:09:25,QCOM,Qualcomm,27.0,0.64,USD,Not available,,,14.0,GBP,3.04,USD,,,,,,,,,,,,
Dividend (Ordinary),2022-06-24,10:09:25,QCOM,Qualcomm,5.0,0.64,USD,Not available,,,2.59,GBP,0.56,USD,,,,,,,,,,,,
Deposit,2022-06-29,08:29:56,,,,,,,,,1000.0,GBP,,,1000,GBP,,,Transaction ID: 1895c8f9-3355-4fc9-934f-92738cb12849,f4644d35-099e-4063-8dc0-f6360369cc3c,,,,,,
Market buy,2022-06-29,13:30:01,RITM,Rithm Capital,20.0,9.76,USD,1.21432,,GBP,160.99,GBP,,,,,,,,EOF1962321307,0.24,GBP,,,,
Market buy,2022-06-29,13:30:05,DLR,Digital Realty Trust,1.0,133.73,USD,1.21442,,GBP,110.29,GBP,,,,,,,,EOF1962321997,0.17,GBP,,,,
Market buy,2022-06-29,13:30:07,JPM,JPMorgan Chase & Co,3.0,116.18,USD,1.21441,,GBP,287.43,GBP,,,,,,,,EOF1962322305,0.43,GBP,,,,
Market buy,2022-06-29,13:30:08,NYMT,New York Mortgage Trust,100.0,2.71,USD,1.21436,,GBP,223.49,GBP,,,,,,,,EOF1962323419,0.33,GBP,,,,
Market buy,2022-06-29,13:34:45,HRZN,Horizon Technology Finance,20.0,11.73,USD,1.21382,,GBP,193.56,GBP,,,,,,,,EOF1962327235,0.29,GBP,,,,
Market buy,2022-06-29,14:37:18,NLY,Annaly Capital Management,5.0,5.91,USD,1.21114,,GBP,24.44,GBP,,,,,,,,EOF1962339521,0.04,GBP,,,,
Dividend (Ordinary),2022-07-01,17:53:51,AVGO,Broadcom,8.0,3.49,USD,Not available,,,23.11,GBP,4.92,USD,,,,,,,,,,,,
Dividend (Ordinary),2022-07-01,19:28:24,EXR,Extra Space Storage,6.0,1.28,USD,Not available,,,6.32,GBP,1.35,USD,,,,,,,,,,,,
Dividend (Ordinary),2022-07-01,21:19:29,GOOD,Gladstone Commercial,31.0,0.11,USD,Not available,,,2.73,GBP,0.58,USD,,,,,,,,,,,,
Dividend (Ordinary),2022-07-01,21:28:55,HI,Hillenbrand,2.0,0.18,USD,Not available,,,0.31,GBP,0.07,USD,,,,,,,,,,,,
Dividend (Ordinary),2022-07-01,21:34:36,ICE,Intercontinental Exchange,5.0,0.32,USD,Not available,,,1.33,GBP,0.29,USD,,,,,,,,,,,,
Dividend (Ordinary),2022-07-01,21:46:44,LTC,LTC Properties,60.0,0.16,USD,Not available,,,8.0,GBP,1.71,USD,,,,,,,,,,,,
Dividend (Ordinary),2022-07-01,21:59:19,MTB,M&T Bank,15.0,1.02,USD,Not available,,,12.63,GBP,2.7,USD,,,,,,,,,,,,
Dividend (Ordinary),2022-07-01,22:27:50,PSA,Public Storage,4.0,1.7,USD,Not available,,,5.62,GBP,1.2,USD,,,,,,,,,,,,
Dividend (Ordinary),2022-07-01,22:38:33,SCI,Service Corp International,14.0,0.21,USD,Not available,,,2.46,GBP,0.53,USD,,,,,,,,,,,,
Dividend (Ordinary),2022-07-01,22:41:42,SPG,Simon Property,4.0,1.45,USD,Not available,,,4.77,GBP,1.02,USD,,,,,,,,,,,,
Dividend (Ordinary),2022-07-01,17:53:51,AVGO,Broadcom,2.0,3.49,USD,Not available,,,5.78,GBP,1.23,USD,,,,,,,,,,,,
Dividend (Ordinary),2022-07-01,18:59:22,DLR,Digital Realty Trust,22.0,1.04,USD,Not available,,,18.86,GBP,4.03,USD,,,,,,,,,,,,
Dividend (Ordinary),2022-07-01,19:28:24,EXR,Extra Space Storage,16.0,1.28,USD,Not available,,,16.86,GBP,3.6,USD,,,,,,,,,,,,
Dividend (Ordinary),2022-07-01,21:19:29,GOOD,Gladstone Commercial,129.0,0.11,USD,Not available,,,11.35,GBP,2.43,USD,,,,,,,,,,,,
Dividend (Ordinary),2022-07-01,21:28:55,HI,Hillenbrand,100.0,0.18,USD,Not available,,,15.27,GBP,3.26,USD,,,,,,,,,,,,
Dividend (Ordinary),2022-07-01,21:34:36,ICE,Intercontinental Exchange,18.0,0.32,USD,Not available,,,4.8,GBP,1.03,USD,,,,,,,,,,,,
Dividend (Ordinary),2022-07-01,21:46:44,LTC,LTC Properties,46.0,0.16,USD,Not available,,,6.13,GBP,1.31,USD,,,,,,,,,,,,
Dividend (Ordinary),2022-07-01,22:27:50,PSA,Public Storage,9.0,1.7,USD,Not available,,,12.63,GBP,2.7,USD,,,,,,,,,,,,
Dividend (Ordinary),2022-07-01,22:38:33,SCI,Service Corp International,37.0,0.21,USD,Not available,,,6.49,GBP,1.39,USD,,,,,,,,,,,,
Dividend (Ordinary),2022-07-01,22:41:42,SPG,Simon Property,21.0,1.45,USD,Not available,,,25.06,GBP,5.36,USD,,,,,,,,,,,,
Dividend (Ordinary),2022-07-01,22:59:50,UNP,Union Pacific,13.0,1.11,USD,Not available,,,11.86,GBP,2.54,USD,,,,,,,,,,,,
Dividend (Ordinary),2022-07-04,14:47:48,NKE,Nike,20.0,0.26,USD,Not available,,,4.27,GBP,0.92,USD,,,,,,,,,,,,
Market buy,2022-07-05,13:30:32,GOOD,Gladstone Commercial,5.0,18.99,USD,1.19442,,GBP,79.61,GBP,,,,,,,,EOF1967626634,0.12,GBP,,,,
Market buy,2022-07-05,13:30:11,NYMT,New York Mortgage Trust,60.0,2.83,USD,1.1944,,GBP,142.37,GBP,,,,,,,,EOF1967535537,0.21,GBP,,,,
Dividend (Ordinary),2022-07-08,11:19:42,STX,Seagate Technology,6.0,0.53,USD,Not available,,,2.63,GBP,1.05,USD,,,,,,,,,,,,
Dividend (Ordinary),2022-07-08,11:19:42,STX,Seagate Technology,27.0,0.53,USD,Not available,,,11.82,GBP,4.73,USD,,,,,,,,,,,,
Dividend (Ordinary),2022-07-11,09:30:27,MRK,Merck & Co,22.0,0.59,USD,Not available,,,10.79,GBP,2.28,USD,,,,,,,,,,,,
Dividend (Ordinary),2022-07-11,09:30:27,MRK,Merck & Co,24.0,0.59,USD,Not available,,,11.77,GBP,2.48,USD,,,,,,,,,,,,
Dividend (Ordinary),2022-07-11,09:31:21,AMT,American Tower,13.0,1.22,USD,Not available,,,13.21,GBP,2.79,USD,,,,,,,,,,,,
Market buy,2022-07-12,13:30:06,AOS,A O Smith,1.0,56.97,USD,1.1872,,GBP,48.06,GBP,,,,,,,,EOF1975941848,0.07,GBP,,,,
Dividend (Ordinary),2022-07-13,08:25:59,HASI,Hannon Armstrong Sustainable Infrastructure Capital,14.0,0.32,USD,Not available,,,3.75,GBP,0.79,USD,,,,,,,,,,,,
Dividend (Ordinary),2022-07-13,08:25:59,HASI,Hannon Armstrong Sustainable Infrastructure Capital,91.0,0.32,USD,Not available,,,24.38,GBP,5.12,USD,,,,,,,,,,,,
Dividend (Ordinary),2022-07-18,11:16:50,STOR,STORE Capital,40.0,0.33,USD,Not available,,,10.92,GBP,2.31,USD,,,,,,,,,,,,
Dividend (Ordinary),2022-07-18,12:08:01,O,Realty Income,44.0,0.21,USD,Not available,,,7.74,GBP,1.63,USD,,,,,,,,,,,,
Dividend (Ordinary),2022-07-18,12:46:09,HRZN,Horizon Technology Finance,40.0,0.09,USD,Not available,,,2.84,GBP,0.6,USD,,,,,,,,,,,,
Dividend (Ordinary),2022-07-18,11:16:50,STOR,STORE Capital,108.0,0.33,USD,Not available,,,29.49,GBP,6.24,USD,,,,,,,,,,,,
Dividend (Ordinary),2022-07-18,12:08:01,O,Realty Income,30.0,0.21,USD,Not available,,,5.28,GBP,1.11,USD,,,,,,,,,,,,
Dividend (Ordinary),2022-07-18,12:24:41,MDT,Medtronic,24.0,0.51,USD,Not available,,,10.24,GBP,4.08,USD,,,,,,,,,,,,
Dividend (Ordinary),2022-07-18,12:30:12,ECL,Ecolab,11.0,0.43,USD,Not available,,,3.99,GBP,0.84,USD,,,,,,,,,,,,
Dividend (Ordinary),2022-07-18,12:46:09,HRZN,Horizon Technology Finance,215.0,0.09,USD,Not available,,,15.26,GBP,3.23,USD,,,,,,,,,,,,
Market buy,2022-07-19,18:12:16,NYMT,New York Mortgage Trust,35.0,2.88,USD,1.19933,,GBP,84.18,GBP,,,,,,,,EOF1982767816,0.13,GBP,,,,
Deposit,2022-07-20,17:05:34,,,,,,,,,200.0,GBP,,,200,GBP,,,Transaction ID: 7a834b06-c8d0-409f-9467-d3ff1d54e9c6,2305e2bf-b5eb-4b3a-8b0d-160980f7bec0,,,,,,
Market buy,2022-07-21,13:30:12,SPG,Simon Property,2.0,102.45,USD,1.19046,,GBP,172.38,GBP,,,,,,,,EOF1984721577,0.26,GBP,,,,
Market buy,2022-07-21,13:30:30,RITM,Rithm Capital,6.0,9.93,USD,1.19079,,GBP,50.11,GBP,,,,,,,,EOF1984722681,0.08,GBP,,,,
Dividend (Ordinary),2022-07-26,08:33:01,NYMT,New York Mortgage Trust,202.0,0.09,USD,Not available,,,14.26,GBP,3.03,USD,,,,,,,,,,,,
Market buy,2022-07-26,14:59:20,NYMT,New York Mortgage Trust,12.0,2.95,USD,1.20453,,GBP,29.43,GBP,,,,,,,,EOF1990078048,0.04,GBP,,,,
Market buy,2022-07-26,15:00:14,NYMT,New York Mortgage Trust,1.0,2.96,USD,1.2047,,GBP,2.46,GBP,,,,,,,,EOF1990078137,,,,,,
Dividend (Ordinary),2022-07-26,08:33:01,NYMT,New York Mortgage Trust,698.0,0.09,USD,Not available,,,49.27,GBP,10.47,USD,,,,,,,,,,,,
Market buy,2022-07-26,14:56:36,HRZN,Horizon Technology Finance,5.0,12.3,USD,1.20414,,GBP,51.15,GBP,,,,,,,,EOF1990217514,0.08,GBP,,,,
Market sell,2022-07-27,16:55:34,V,Visa,11.0,213.59,USD,1.20459,249.39,GBP,1947.88,GBP,,,,,0.04,,,EOF1991240694,2.93,GBP,,GBP,,
Market buy,2022-07-27,16:57:24,RITM,Rithm Capital,12.304405,10.49,USD,1.20433,,GBP,107.33,GBP,,,,,,,,EOF1991240791,0.16,GBP,,,,
Market buy,2022-07-27,16:57:27,RITM,Rithm Capital,7.695595,10.49,USD,1.20419,,GBP,67.14,GBP,,,,,,,,EOF1991240792,0.1,GBP,,,,
Market buy,2022-07-27,16:57:41,HRZN,Horizon Technology Finance,30.0,12.36,USD,1.20411,,GBP,308.4,GBP,,,,,,,,EOF1991240802,0.46,GBP,,,,
Market buy,2022-07-27,16:58:06,NLY,Annaly Capital Management,25.0,6.49,USD,1.20401,,GBP,134.96,GBP,,,,,,,,EOF1991240837,0.2,GBP,,,,
Market buy,2022-07-27,16:58:53,NLY,Annaly Capital Management,30.0,6.49,USD,1.20404,,GBP,161.95,GBP,,,,,,,,EOF1991240880,0.24,GBP,,,,
Market buy,2022-07-27,16:59:26,NYMT,New York Mortgage Trust,50.0,2.98,USD,1.20382,,GBP,123.96,GBP,,,,,,,,EOF1991240916,0.19,GBP,,,,
Market buy,2022-07-27,17:00:15,NYMT,New York Mortgage Trust,20.0,2.98,USD,1.20389,,GBP,49.58,GBP,,,,,,,,EOF1991240973,0.07,GBP,,,,
Market buy,2022-07-27,17:00:59,SPG,Simon Property,4.0,102.77,USD,1.20399,,GBP,341.94,GBP,,,,,,,,EOF1991241001,0.51,GBP,,,,
Market buy,2022-07-27,17:01:30,PETS,PetMed Express,10.0,21.83,USD,1.204,,GBP,181.58,GBP,,,,,,,,EOF1991241017,0.27,GBP,,,,
Market buy,2022-07-27,17:02:32,OHI,Omega Healthcare Investors,10.0,30.93,USD,1.20386,,GBP,257.31,GBP,,,,,,,,EOF1991241065,0.39,GBP,,,,
Market buy,2022-07-27,17:03:39,GOOD,Gladstone Commercial,10.0,19.31,USD,1.2042,,GBP,160.6,GBP,,,,,,,,EOF1991241114,0.24,GBP,,,,
Market buy,2022-07-27,17:05:25,HASI,Hannon Armstrong Sustainable Infrastructure Capital,2.0,32.7,USD,1.20434,,GBP,54.38,GBP,,,,,,,,EOF1991241186,0.08,GBP,,,,
Deposit,2022-07-28,19:58:28,,,,,,,,,1000.0,GBP,,,1000,GBP,,,Transaction ID: c315fc3e-76f2-49ed-bfac-ca7c539a521d,22f0fb95-172a-47b2-96a1-638bf56cdd03,,,,,,
Dividend (Ordinary),2022-07-28,12:53:48,CMCSA,Comcast,50.0,0.23,USD,Not available,,,9.45,GBP,2.03,USD,,,,,,,,,,,,
Dividend (Ordinary),2022-08-01,10:52:03,RITM,Rithm Capital,20.0,0.21,USD,Not available,,,3.47,GBP,0.75,USD,,,,,,,,,,,,
Dividend (Ordinary),2022-08-01,10:56:04,NLY,Annaly Capital Management,82.0,0.19,USD,Not available,,,12.52,GBP,2.71,USD,,,,,,,,,,,,
Dividend (Ordinary),2022-08-01,11:07:25,GOOD,Gladstone Commercial,36.0,0.11,USD,Not available,,,3.13,GBP,0.68,USD,,,,,,,,,,,,
Dividend (Ordinary),2022-08-01,11:08:29,LTC,LTC Properties,60.0,0.16,USD,Not available,,,7.91,GBP,1.71,USD,,,,,,,,,,,,
Market buy,2022-08-01,13:30:05,HASI,Hannon Armstrong Sustainable Infrastructure Capital,5.0,36.0,USD,1.22503,,GBP,147.15,GBP,,,,,,,,EOF1997157273,0.22,GBP,,,,
Market buy,2022-08-01,13:30:08,OHI,Omega Healthcare Investors,5.0,31.13,USD,1.22501,,GBP,127.25,GBP,,,,,,,,EOF1997157690,0.19,GBP,,,,
Market buy,2022-08-01,13:30:09,DLR,Digital Realty Trust,1.0,132.85,USD,1.22503,,GBP,108.61,GBP,,,,,,,,EOF1997157752,0.16,GBP,,,,
Market buy,2022-08-01,13:30:11,SPG,Simon Property,1.0,108.31,USD,1.22506,,GBP,88.54,GBP,,,,,,,,EOF1997157935,0.13,GBP,,,,
Market buy,2022-08-01,13:30:13,SPG,Simon Property,2.0,108.31,USD,1.22495,,GBP,177.11,GBP,,,,,,,,EOF1997158260,0.27,GBP,,,,
Market buy,2022-08-01,13:30:13,PETS,PetMed Express,10.0,21.88,USD,1.22494,,GBP,178.89,GBP,,,,,,,,EOF1997158354,0.27,GBP,,,,
Market buy,2022-08-01,13:30:14,GOOD,Gladstone Commercial,10.0,21.14,USD,1.22494,,GBP,172.84,GBP,,,,,,,,EOF1997158479,0.26,GBP,,,,
Dividend (Ordinary),2022-08-01,10:52:03,RITM,Rithm Capital,300.0,0.21,USD,Not available,,,52.06,GBP,11.25,USD,,,,,,,,,,,,
Dividend (Ordinary),2022-08-01,10:56:04,NLY,Annaly Capital Management,408.0,0.19,USD,Not available,,,62.3,GBP,13.46,USD,,,,,,,,,,,,
Dividend (Ordinary),2022-08-01,11:07:25,GOOD,Gladstone Commercial,129.0,0.11,USD,Not available,,,11.23,GBP,2.43,USD,,,,,,,,,,,,
Dividend (Ordinary),2022-08-01,11:08:29,LTC,LTC Properties,46.0,0.16,USD,Not available,,,6.07,GBP,1.31,USD,,,,,,,,,,,,
Market buy,2022-08-01,13:30:13,GOOD,Gladstone Commercial,2.0,21.14,USD,1.22495,,GBP,34.57,GBP,,,,,,,,EOF1996490108,0.05,GBP,,,,
Market buy,2022-08-01,13:30:14,GOOD,Gladstone Commercial,5.0,21.14,USD,1.22494,,GBP,86.42,GBP,,,,,,,,EOF1996490277,0.13,GBP,,,,
Dividend (Ordinary),2022-08-02,08:21:40,JPM,JPMorgan Chase & Co,6.0,0.85,USD,Not available,,,4.18,GBP,0.9,USD,,,,,,,,,,,,
Dividend (Ordinary),2022-08-02,07:38:02,T,AT&T,78.0,0.24,USD,Not available,,,15.09,GBP,3.25,USD,,,,,,,,,,,,
Dividend (Ordinary),2022-08-02,08:21:40,JPM,JPMorgan Chase & Co,16.0,0.85,USD,Not available,,,11.15,GBP,2.4,USD,,,,,,,,,,,,
Market buy,2022-08-02,13:30:08,GOOD,Gladstone Commercial,2.0,21.24,USD,1.22197,,GBP,34.81,GBP,,,,,,,,EOF1998593650,0.05,GBP,,,,
Market buy,2022-08-04,13:30:04,GOOD,Gladstone Commercial,1.0,20.49,USD,1.21095,,GBP,16.95,GBP,,,,,,,,EOF2002180749,0.03,GBP,,,,
Dividend (Bonus),2022-08-05,07:40:58,PSA,Public Storage,4.0,11.18,USD,Not available,,,36.77,GBP,7.89,USD,,,,,,,,,,,,
Market buy,2022-08-05,13:30:03,OHI,Omega Healthcare Investors,1.0,31.75,USD,1.20232,,GBP,26.45,GBP,,,,,,,,EOF2004112180,0.04,GBP,,,,
Market buy,2022-08-05,13:30:06,NYMT,New York Mortgage Trust,10.0,2.96,USD,1.20219,,GBP,24.66,GBP,,,,,,,,EOF2004113452,0.04,GBP,,,,
Dividend (Bonus),2022-08-05,07:40:58,PSA,Public Storage,9.0,11.18,USD,Not available,,,82.72,GBP,17.75,USD,,,,,,,,,,,,
Market buy,2022-08-05,13:30:04,GOOD,Gladstone Commercial,5.0,20.25,USD,1.20223,,GBP,84.35,GBP,,,,,,,,EOF2003534066,0.13,GBP,,,,
Dividend (Ordinary),2022-08-12,08:02:51,AAPL,Apple,12.0,0.2,USD,Not available,,,1.93,GBP,0.41,USD,,,,,,,,,,,,
Dividend (Ordinary),2022-08-12,08:02:51,AAPL,Apple,25.0,0.2,USD,Not available,,,4.01,GBP,0.86,USD,,,,,,,,,,,,
Dividend (Ordinary),2022-08-15,08:20:40,SBNY,Signature Bank,14.0,0.48,USD,Not available,,,5.51,GBP,1.18,USD,,,,,,,,,,,,
Dividend (Ordinary),2022-08-15,09:22:43,COST,Costco Wholesale,4.0,0.77,USD,Not available,,,2.54,GBP,0.54,USD,,,,,,,,,,,,
Dividend (Ordinary),2022-08-15,08:20:40,SBNY,Signature Bank,5.0,0.48,USD,Not available,,,1.97,GBP,0.42,USD,,,,,,,,,,,,
Dividend (Ordinary),2022-08-15,09:22:43,COST,Costco Wholesale,6.0,0.77,USD,Not available,,,3.81,GBP,0.81,USD,,,,,,,,,,,,
Dividend (Ordinary),2022-08-16,09:37:15,ABBV,AbbVie,7.0,1.2,USD,Not available,,,6.97,GBP,1.48,USD,,,,,,,,,,,,
Dividend (Ordinary),2022-08-16,12:36:13,O,Realty Income,44.0,0.21,USD,Not available,,,7.69,GBP,1.63,USD,,,,,,,,,,,,
Dividend (Ordinary),2022-08-16,09:37:15,ABBV,AbbVie,22.0,1.2,USD,Not available,,,21.91,GBP,4.65,USD,,,,,,,,,,,,
Dividend (Ordinary),2022-08-16,09:58:52,AOS,A O Smith,74.0,0.24,USD,Not available,,,14.64,GBP,3.11,USD,,,,,,,,,,,,
Dividend (Ordinary),2022-08-16,12:36:13,O,Realty Income,30.0,0.21,USD,Not available,,,5.25,GBP,1.11,USD,,,,,,,,,,,,
Dividend (Ordinary),2022-08-16,12:39:55,OHI,Omega Healthcare Investors,88.0,0.57,USD,Not available,,,41.63,GBP,8.84,USD,,,,,,,,,,,,
Market buy,2022-08-16,16:32:43,SPG,Simon Property,1.0,114.74,USD,1.20788,,GBP,95.13,GBP,,,,,,,,EOF2016938564,0.14,GBP,,,,
Dividend (Ordinary),2022-08-17,08:11:02,HRZN,Horizon Technology Finance,60.0,0.09,USD,Not available,,,4.22,GBP,0.9,USD,,,,,,,,,,,,
Dividend (Ordinary),2022-08-17,08:11:02,HRZN,Horizon Technology Finance,215.0,0.09,USD,Not available,,,15.12,GBP,3.23,USD,,,,,,,,,,,,
Deposit,2022-08-19,16:25:35,,,,,,,,,200.0,GBP,,,200,GBP,,,Transaction ID: a0298b6a-a500-4f1f-8f6e-5db9c34043d0,ce2b305a-4c40-44b1-ac98-f2099f56d054,,,,,,
Market buy,2022-08-19,19:44:17,DLR,Digital Realty Trust,1.0,130.03,USD,1.18204,,GBP,110.17,GBP,,,,,,,,EOF2023004082,0.17,GBP,,,,
Market buy,2022-08-19,19:45:00,OHI,Omega Healthcare Investors,4.0,33.32,USD,1.18218,,GBP,112.91,GBP,,,,,,,,EOF2023004125,0.17,GBP,,,,
Dividend (Ordinary),2022-08-22,07:27:58,PETS,PetMed Express,10.0,0.26,USD,Not available,,,2.16,GBP,0.45,USD,,,,,,,,,,,,
Dividend (Ordinary),2022-08-22,09:49:20,CAT,Caterpillar,2.0,1.02,USD,Not available,,,1.73,GBP,0.36,USD,,,,,,,,,,,,
Deposit,2022-08-22,21:30:43,,,,,,,,,100.0,GBP,,,100,GBP,,,Transaction ID: 00b63e09-ab11-4392-a0a7-2292c13d2418,07fe20c6-3c8f-4c39-b3ca-534ff4dc29b7,,,,,,
Dividend (Ordinary),2022-08-22,07:27:58,PETS,PetMed Express,132.0,0.26,USD,Not available,,,28.5,GBP,5.94,USD,,,,,,,,,,,,
Dividend (Ordinary),2022-08-22,09:49:20,CAT,Caterpillar,21.0,1.02,USD,Not available,,,18.16,GBP,3.78,USD,,,,,,,,,,,,
Market buy,2022-08-23,13:30:03,OHI,Omega Healthcare Investors,3.0,32.76,USD,1.17763,,GBP,83.59,GBP,,,,,,,,EOF2024780670,0.13,GBP,,,,
Market buy,2022-08-24,13:30:04,GOOD,Gladstone Commercial,4.0,20.2,USD,1.176,,GBP,68.81,GBP,,,,,,,,EOF2026502990,0.1,GBP,,,,
Deposit,2022-08-30,13:07:56,,,,,,,,,1000.0,GBP,,,1000,GBP,,,Transaction ID: 252eaaf0-c310-4a92-82c5-3b61ff309fa3,f3f4b9d6-e267-4627-8b15-a9a96883d634,,,,,,
Market buy,2022-08-30,13:30:03,SPG,Simon Property,3.0935249,104.83,USD,1.17139,,GBP,277.27,GBP,,,,,,,,EOF2033507529,0.42,GBP,,,,
Market buy,2022-08-30,13:30:05,HRZN,Horizon Technology Finance,5.0,12.8,USD,1.17138,,GBP,54.72,GBP,,,,,,,,EOF2033508216,0.08,GBP,,,,
Market buy,2022-08-30,13:30:05,NLY,Annaly Capital Management,50.0,6.56,USD,1.17138,,GBP,280.43,GBP,,,,,,,,EOF2033508249,0.42,GBP,,,,
Market buy,2022-08-30,13:30:06,NYMT,New York Mortgage Trust,50.0,2.92,USD,1.17136,,GBP,124.83,GBP,,,,,,,,EOF2033508735,0.19,GBP,,,,
Market buy,2022-08-30,13:30:09,SPG,Simon Property,0.9064751,104.48,USD,1.17138,,GBP,80.97,GBP,,,,,,,,EOF2033510569,0.12,GBP,,,,
Market buy,2022-08-30,13:30:18,RITM,Rithm Capital,24.0,9.79,USD,1.17131,,GBP,200.89,GBP,,,,,,,,EOF2033512600,0.3,GBP,,,,
Dividend (Ordinary),2022-09-01,07:29:44,WELL,Welltower,38.0,0.52,USD,Not available,,,16.96,GBP,3.48,USD,,,,,,,,,,,,
Dividend (Ordinary),2022-09-01,11:43:42,GOOD,Gladstone Commercial,47.0,0.11,USD,Not available,,,4.33,GBP,0.88,USD,,,,,,,,,,,,
Dividend (Ordinary),2022-09-01,12:03:27,LTC,LTC Properties,60.0,0.16,USD,Not available,,,8.37,GBP,1.71,USD,,,,,,,,,,,,
Dividend (Ordinary),2022-09-01,11:43:42,GOOD,Gladstone Commercial,153.0,0.11,USD,Not available,,,14.08,GBP,2.88,USD,,,,,,,,,,,,
Dividend (Ordinary),2022-09-01,12:03:27,LTC,LTC Properties,46.0,0.16,USD,Not available,,,6.42,GBP,1.31,USD,,,,,,,,,,,,
Dividend (Ordinary),2022-09-02,07:54:38,WTRG,Essential Utilities,66.0,0.24,USD,Not available,,,13.92,GBP,2.84,USD,,,,,,,,,,,,
Dividend (Ordinary),2022-09-02,09:16:41,AWR,American States Water,31.0,0.34,USD,Not available,,,9.07,GBP,1.85,USD,,,,,,,,,,,,
Dividend (Ordinary),2022-09-05,09:01:21,HON,Honeywell International,15.0,0.83,USD,Not available,,,10.87,GBP,2.21,USD,,,,,,,,,,,,
Dividend (Ordinary),2022-09-07,08:04:58,JNJ,Johnson & Johnson,7.0,0.96,USD,Not available,,,5.85,GBP,1.19,USD,,,,,,,,,,,,
Dividend (Ordinary),2022-09-07,08:04:58,JNJ,Johnson & Johnson,8.0,0.96,USD,Not available,,,6.68,GBP,1.36,USD,,,,,,,,,,,,
Market buy,2022-09-12,18:15:01,GOOD,Gladstone Commercial,3.0,19.29,USD,1.16907,,GBP,49.57,GBP,,,,,,,,EOF2048534886,0.07,GBP,,,,
Market buy,2022-09-13,16:44:49,RITM,Rithm Capital,5.0,9.12,USD,1.15317,,GBP,39.6,GBP,,,,,,,,EOF2050039222,0.06,GBP,,,,
Dividend (Ordinary),2022-09-13,08:56:43,MMM,3M,19.0,1.27,USD,Not available,,,20.54,GBP,4.25,USD,,,,,,,,,,,,
Dividend (Ordinary),2022-09-13,09:28:23,TGT,Target,27.0,0.92,USD,Not available,,,21.16,GBP,4.37,USD,,,,,,,,,,,,
Market buy,2022-09-13,16:41:55,GOOD,Gladstone Commercial,3.0,18.8,USD,1.15316,,GBP,48.98,GBP,,,,,,,,EOF2050609813,0.07,GBP,,,,
Deposit,2022-09-15,09:24:54,,,,,,,,,200.0,GBP,,,200,GBP,,,Transaction ID: 39060925-8ce0-4e86-8bea-5fdfc74f514b,d8e85421-0dbe-401e-a158-7121e4ee77bc,,,,,,
Market buy,2022-09-15,13:30:03,GOOD,Gladstone Commercial,5.0,18.8,USD,1.14784,,GBP,82.01,GBP,,,,,,,,EOF2052001988,0.12,GBP,,,,
Market buy,2022-09-15,13:30:04,HRZN,Horizon Technology Finance,10.0,12.2,USD,1.14782,,GBP,106.45,GBP,,,,,,,,EOF2053102513,0.16,GBP,,,,
Dividend (Ordinary),2022-09-16,09:40:18,CWEN/A,Clearway Energy,12.0,0.31,USD,Not available,,,3.23,GBP,0.65,USD,,,,,,,,,,,,
Dividend (Ordinary),2022-09-16,10:58:04,HRZN,Horizon Technology Finance,60.0,0.09,USD,Not available,,,4.47,GBP,0.9,USD,,,,,,,,,,,,
Dividend (Ordinary),2022-09-16,11:14:15,O,Realty Income,44.0,0.21,USD,Not available,,,8.11,GBP,1.63,USD,,,,,,,,,,,,
Deposit,2022-09-16,18:07:37,,,,,,,,,100.0,GBP,,,100,GBP,,,Transaction ID: 5be02eaf-937f-4bc6-b1de-dfcc0191a969,b6886170-d878-4212-95b9-e3a23184c16c,,,,,,
Market buy,2022-09-16,18:14:57,HRZN,Horizon Technology Finance,10.0,11.65,USD,1.13886,,GBP,102.44,GBP,,,,,,,,EOF2055325030,0.15,GBP,,,,
Dividend (Ordinary),2022-09-16,09:38:19,CWEN,Clearway Energy,103.0,0.31,USD,Not available,,,27.7,GBP,5.57,USD,,,,,,,,,,,,
Dividend (Ordinary),2022-09-16,10:51:42,HD,Home Depot,14.0,1.62,USD,Not available,,,19.82,GBP,3.99,USD,,,,,,,,,,,,
Dividend (Ordinary),2022-09-16,10:58:04,HRZN,Horizon Technology Finance,250.0,0.09,USD,Not available,,,18.62,GBP,3.75,USD,,,,,,,,,,,,
Dividend (Ordinary),2022-09-16,11:14:15,O,Realty Income,30.0,0.21,USD,Not available,,,5.53,GBP,1.11,USD,,,,,,,,,,,,
Dividend (Ordinary),2022-09-16,11:26:35,NEE,NextEra Energy,42.0,0.36,USD,Not available,,,13.3,GBP,2.68,USD,,,,,,,,,,,,
Market buy,2022-09-16,13:30:05,GOOD,Gladstone Commercial,4.0,18.36,USD,1.1395,,GBP,64.55,GBP,,,,,,,,EOF2053887908,0.1,GBP,,,,
Deposit,2022-09-20,20:33:22,,,,,,,,,200.0,GBP,,,200,GBP,,,Transaction ID: a3f2c1e8-8b24-443f-9492-ca83965d8921,1017d668-f874-46d4-a101-7a7ddd6896ee,,,,,,
Deposit,2022-09-23,07:16:10,,,,,,,,,200.0,GBP,,,200,GBP,,,Transaction ID: 630f1a22-e5da-4263-80c6-825a31a73f48,0f0b18b2-de5a-43b0-b361-283a6c21863f,,,,,,
Dividend (Ordinary),2022-09-23,07:54:01,QCOM,Qualcomm,27.0,0.64,USD,Not available,,,15.39,GBP,3.04,USD,,,,,,,,,,,,
Market buy,2022-09-23,13:30:03,NLY,Annaly Capital Management,10.0,5.81,USD,1.10585,,GBP,52.62,GBP,,,,,,,,EOF2062117740,0.08,GBP,,,,
Market buy,2022-09-23,13:30:06,HRZN,Horizon Technology Finance,20.0,10.94,USD,1.10582,,GBP,198.16,GBP,,,,,,,,EOF2062118555,0.3,GBP,,,,
Market buy,2022-09-23,13:30:10,GOOD,Gladstone Commercial,10.0,16.91,USD,1.10592,,GBP,153.13,GBP,,,,,,,,EOF2062121043,0.23,GBP,,,,
Dividend (Ordinary),2022-09-23,07:54:01,QCOM,Qualcomm,5.0,0.64,USD,Not available,,,2.85,GBP,0.56,USD,,,,,,,,,,,,
Dividend (Ordinary),2022-09-26,07:30:58,WM,Waste Management,10.0,0.55,USD,Not available,,,5.14,GBP,0.98,USD,,,,,,,,,,,,
Dividend (Ordinary),2022-09-26,07:30:58,WM,Waste Management,10.0,0.55,USD,Not available,,,5.14,GBP,0.98,USD,,,,,,,,,,,,
Deposit,2022-09-29,10:08:55,,,,,,,,,1100.0,GBP,,,1100,GBP,,,Transaction ID: d91b270e-606d-4e62-b6dd-a9c74cbd9919,e25e377a-222a-4d4b-9ca9-bfb6b9ae0754,,,,,,
Market buy,2022-09-29,16:26:49,GOOD,Gladstone Commercial,15.0,15.22,USD,1.10709,,GBP,206.53,GBP,,,,,,,,EOF2071484367,0.31,GBP,,,,
Market buy,2022-09-29,16:27:58,HRZN,Horizon Technology Finance,20.0,9.91,USD,1.10602,,GBP,179.47,GBP,,,,,,,,EOF2071484418,0.27,GBP,,,,
Market buy,2022-09-29,16:32:43,NLY,Annaly Capital Management,10.25,17.37,USD,1.10618,,GBP,161.19,GBP,,,,,,,,EOF2071484638,0.24,GBP,,,,
Market buy,2022-09-29,16:34:30,RITM,Rithm Capital,25.0,7.25,USD,1.10649,,GBP,164.05,GBP,,,,,,,,EOF2071485038,0.25,GBP,,,,
Market buy,2022-09-29,16:36:26,RITM,Rithm Capital,20.0,7.25,USD,1.10754,,GBP,131.12,GBP,,,,,,,,EOF2071485206,0.2,GBP,,,,
Market buy,2022-09-29,16:37:16,NLY,Annaly Capital Management,10.0,17.37,USD,1.1067,,GBP,157.19,GBP,,,,,,,,EOF2071485265,0.24,GBP,,,,
Market buy,2022-09-29,16:38:17,SPG,Simon Property,1.0,90.04,USD,1.10688,,GBP,81.47,GBP,,,,,,,,EOF2071485347,0.12,GBP,,,,
Market buy,2022-09-29,16:44:48,O,Realty Income,1.0,58.35,USD,1.10799,,GBP,52.74,GBP,,,,,,,,EOF2071485705,0.08,GBP,,,,
Market buy,2022-09-29,16:31:32,NLY,Annaly Capital Management,2.25,17.41,USD,1.10621,,GBP,35.46,GBP,,,,,,,,EOF2071758927,0.05,GBP,,,,
Dividend (Ordinary),2022-09-30,09:08:24,PSA,Public Storage,4.0,1.7,USD,Not available,,,6.08,GBP,1.2,USD,,,,,,,,,,,,
Dividend (Ordinary),2022-09-30,09:08:24,PSA,Public Storage,9.0,1.7,USD,Not available,,,13.68,GBP,2.7,USD,,,,,,,,,,,,
Dividend (Ordinary),2022-10-03,12:32:21,AVGO,Broadcom,8.0,3.49,USD,Not available,,,24.86,GBP,4.92,USD,,,,,,,,,,,,
Dividend (Ordinary),2022-10-03,12:53:50,SPG,Simon Property,13.0,1.49,USD,Not available,,,17.22,GBP,3.41,USD,,,,,,,,,,,,
Dividend (Ordinary),2022-10-03,12:57:29,SCI,Service Corp International,14.0,0.21,USD,Not available,,,2.65,GBP,0.53,USD,,,,,,,,,,,,
Dividend (Ordinary),2022-10-03,13:29:00,DLR,Digital Realty Trust,3.0,1.04,USD,Not available,,,2.77,GBP,0.55,USD,,,,,,,,,,,,
Dividend (Ordinary),2022-10-03,14:13:35,MTB,M&T Bank,15.0,1.02,USD,Not available,,,13.58,GBP,2.7,USD,,,,,,,,,,,,
Dividend (Ordinary),2022-10-03,14:24:32,LTC,LTC Properties,60.0,0.16,USD,Not available,,,8.59,GBP,1.71,USD,,,,,,,,,,,,
Dividend (Ordinary),2022-10-03,14:38:47,ICE,Intercontinental Exchange,5.0,0.32,USD,Not available,,,1.43,GBP,0.29,USD,,,,,,,,,,,,
Dividend (Ordinary),2022-10-03,14:43:15,EXR,Extra Space Storage,6.0,1.28,USD,Not available,,,6.79,GBP,1.35,USD,,,,,,,,,,,,
Dividend (Ordinary),2022-10-03,15:08:16,HI,Hillenbrand,2.0,0.18,USD,Not available,,,0.33,GBP,0.07,USD,,,,,,,,,,,,
Market buy,2022-10-03,16:39:59,NLY,Annaly Capital Management,5.0,17.33,USD,1.12691,,GBP,77.01,GBP,,,,,,,,EOF2077177203,0.12,GBP,,,,
Market buy,2022-10-03,16:43:00,RITM,Rithm Capital,2.0,7.09,USD,1.1269,,GBP,12.6,GBP,,,,,,,,EOF2077177406,0.02,GBP,,,,
Dividend (Ordinary),2022-10-03,12:32:21,AVGO,Broadcom,2.0,3.49,USD,Not available,,,6.21,GBP,1.23,USD,,,,,,,,,,,,
Dividend (Ordinary),2022-10-03,12:33:14,UNP,Union Pacific,13.0,1.11,USD,Not available,,,12.81,GBP,2.54,USD,,,,,,,,,,,,
Dividend (Ordinary),2022-10-03,12:53:50,SPG,Simon Property,26.0,1.49,USD,Not available,,,34.43,GBP,6.83,USD,,,,,,,,,,,,
Dividend (Ordinary),2022-10-03,12:57:29,SCI,Service Corp International,37.0,0.21,USD,Not available,,,7.01,GBP,1.39,USD,,,,,,,,,,,,
Dividend (Ordinary),2022-10-03,13:29:00,DLR,Digital Realty Trust,22.0,1.04,USD,Not available,,,20.29,GBP,4.03,USD,,,,,,,,,,,,
Dividend (Ordinary),2022-10-03,14:24:32,LTC,LTC Properties,46.0,0.16,USD,Not available,,,6.59,GBP,1.31,USD,,,,,,,,,,,,
Dividend (Ordinary),2022-10-03,14:38:47,ICE,Intercontinental Exchange,18.0,0.32,USD,Not available,,,5.15,GBP,1.03,USD,,,,,,,,,,,,
Dividend (Ordinary),2022-10-03,14:43:15,EXR,Extra Space Storage,16.0,1.28,USD,Not available,,,18.11,GBP,3.6,USD,,,,,,,,,,,,
Dividend (Ordinary),2022-10-03,15:08:16,HI,Hillenbrand,100.0,0.18,USD,Not available,,,16.37,GBP,3.26,USD,,,,,,,,,,,,
Market buy,2022-10-03,16:41:25,NLY,Annaly Capital Management,8.0,17.34,USD,1.12738,,GBP,123.23,GBP,,,,,,,,EOF2077571596,0.18,GBP,,,,
Market buy,2022-10-03,16:42:13,RITM,Rithm Capital,3.0,7.1,USD,1.12715,,GBP,18.93,GBP,,,,,,,,EOF2077571608,0.03,GBP,,,,
Dividend (Ordinary),2022-10-04,10:10:43,GOOD,Gladstone Commercial,52.0,0.11,USD,Not available,,,4.88,GBP,0.98,USD,,,,,,,,,,,,
Dividend (Ordinary),2022-10-04,08:31:30,NKE,Nike,20.0,0.26,USD,Not available,,,4.56,GBP,0.92,USD,,,,,,,,,,,,
Dividend (Ordinary),2022-10-04,10:10:43,GOOD,Gladstone Commercial,167.0,0.11,USD,Not available,,,15.66,GBP,3.14,USD,,,,,,,,,,,,
Dividend (Ordinary),2022-10-06,08:04:42,STX,Seagate Technology,6.0,0.53,USD,Not available,,,2.78,GBP,1.05,USD,,,,,,,,,,,,
Dividend (Ordinary),2022-10-06,08:04:42,STX,Seagate Technology,27.0,0.53,USD,Not available,,,12.52,GBP,4.73,USD,,,,,,,,,,,,
Dividend (Ordinary),2022-10-10,07:45:48,MRK,Merck & Co,22.0,0.59,USD,Not available,,,11.65,GBP,2.28,USD,,,,,,,,,,,,
Dividend (Ordinary),2022-10-10,07:45:48,MRK,Merck & Co,24.0,0.59,USD,Not available,,,12.71,GBP,2.48,USD,,,,,,,,,,,,
Dividend (Ordinary),2022-10-12,07:29:40,HASI,Hannon Armstrong Sustainable Infrastructure Capital,19.0,0.32,USD,Not available,,,5.5,GBP,1.07,USD,,,,,,,,,,,,
Dividend (Ordinary),2022-10-12,07:29:40,HASI,Hannon Armstrong Sustainable Infrastructure Capital,93.0,0.32,USD,Not available,,,26.9,GBP,5.23,USD,,,,,,,,,,,,
Market buy,2022-10-13,17:41:39,GOOD,Gladstone Commercial,5.0,15.75,USD,1.13423,,GBP,69.53,GBP,,,,,,,,EOF2092295280,0.1,GBP,,,,
Deposit,2022-10-17,02:00:18,,,,,,,,,200.0,GBP,,,200,GBP,,,Transaction ID: f6cc77e8-50ed-41ef-a48c-cbea625b00b9,a41b1fd2-3ae4-47d9-ac9a-1a359595f6f7,,,,,,
Dividend (Ordinary),2022-10-17,08:22:10,O,Realty Income,45.0,0.21,USD,Not available,,,8.43,GBP,1.67,USD,,,,,,,,,,,,
Dividend (Ordinary),2022-10-17,09:08:28,HRZN,Horizon Technology Finance,75.0,0.09,USD,Not available,,,5.65,GBP,1.13,USD,,,,,,,,,,,,
Market buy,2022-10-17,15:49:44,GOOD,Gladstone Commercial,7.0,16.23,USD,1.14223,,GBP,99.61,GBP,,,,,,,,EOF2097570501,0.15,GBP,,,,
Market buy,2022-10-17,15:52:46,HRZN,Horizon Technology Finance,15.0,10.68,USD,1.14285,,GBP,140.38,GBP,,,,,,,,EOF2097570644,0.21,GBP,,,,
Dividend (Ordinary),2022-10-17,08:22:10,O,Realty Income,30.0,0.21,USD,Not available,,,5.62,GBP,1.12,USD,,,,,,,,,,,,
Dividend (Ordinary),2022-10-17,09:04:18,MDT,Medtronic,24.0,0.51,USD,Not available,,,10.86,GBP,4.08,USD,,,,,,,,,,,,
Dividend (Ordinary),2022-10-17,09:08:28,HRZN,Horizon Technology Finance,250.0,0.09,USD,Not available,,,18.85,GBP,3.75,USD,,,,,,,,,,,,
Dividend (Ordinary),2022-10-18,07:56:41,STOR,STORE Capital,40.0,0.35,USD,Not available,,,12.29,GBP,2.46,USD,,,,,,,,,,,,
Dividend (Ordinary),2022-10-18,07:56:41,STOR,STORE Capital,108.0,0.35,USD,Not available,,,33.19,GBP,6.64,USD,,,,,,,,,,,,
Dividend (Ordinary),2022-10-18,11:52:30,ECL,Ecolab,11.0,0.43,USD,Not available,,,4.22,GBP,0.84,USD,,,,,,,,,,,,
Market buy,2022-10-19,13:30:05,HRZN,Horizon Technology Finance,6.0,10.9,USD,1.1257,,GBP,58.19,GBP,,,,,,,,EOF2100430536,0.09,GBP,,,,
Deposit,2022-10-22,17:45:56,,,,,,,,,200.0,GBP,,,200,GBP,,,Transaction ID: e7fd9fa1-05d3-4c00-94a8-11ae32efa632,08ab4523-228a-40b0-9678-f8cfaeface40,,,,,,
Market buy,2022-10-24,14:13:27,GOOD,Gladstone Commercial,14.0,16.52,USD,1.12941,,GBP,205.09,GBP,,,,,,,,EOF2107151490,0.31,GBP,,,,
Dividend (Ordinary),2022-10-27,09:07:11,NYMT,New York Mortgage Trust,375.0,0.09,USD,Not available,,,27.51,GBP,5.63,USD,,,,,,,,,,,,
Dividend (Ordinary),2022-10-27,09:06:09,AMT,American Tower,13.0,1.25,USD,Not available,,,14.02,GBP,2.87,USD,,,,,,,,,,,,
Dividend (Ordinary),2022-10-27,09:07:11,NYMT,New York Mortgage Trust,863.0,0.09,USD,Not available,,,63.31,GBP,12.95,USD,,,,,,,,,,,,
Dividend (Ordinary),2022-10-27,09:12:12,CMCSA,Comcast,50.0,0.23,USD,Not available,,,9.91,GBP,2.03,USD,,,,,,,,,,,,
Market buy,2022-10-27,13:30:04,LTC,LTC Properties,1.0,40.0,USD,1.15714,,GBP,34.62,GBP,,,,,,,,EOF2111384434,0.05,GBP,,,,
Market buy,2022-10-27,13:30:09,O,Realty Income,1.0,61.14,USD,1.15757,,GBP,52.9,GBP,,,,,,,,EOF2111386638,0.08,GBP,,,,
Deposit,2022-10-28,08:58:36,,,,,,,,,1300.0,GBP,,,1300,GBP,,,Transaction ID: 18374c33-7711-4405-ba86-f8fcb7141a02,5549e9b7-2727-4c20-9e35-3f66b381964a,,,,,,
Market buy,2022-10-28,13:30:02,HASI,Hannon Armstrong Sustainable Infrastructure Capital,10.0,26.97,USD,1.15489,,GBP,233.88,GBP,,,,,,,,EOF2113752614,0.35,GBP,,,,
Market buy,2022-10-28,13:30:04,QCOM,Qualcomm,4.5650542,114.32,USD,1.15493,,GBP,452.55,GBP,,,,,,,,EOF2113754008,0.68,GBP,,,,
Market buy,2022-10-28,13:30:04,DLR,Digital Realty Trust,5.0,100.3,USD,1.15493,,GBP,434.88,GBP,,,,,,,,EOF2113753602,0.65,GBP,,,,
Market buy,2022-10-28,13:30:04,CWEN/A,Clearway Energy,6.0,32.05,USD,1.15492,,GBP,166.75,GBP,,,,,,,,EOF2113754062,0.25,GBP,,,,
Market buy,2022-10-28,13:30:07,QCOM,Qualcomm,0.4349458,114.36,USD,1.15496,,GBP,43.13,GBP,,,,,,,,EOF2113755682,0.06,GBP,,,,
Dividend (Ordinary),2022-10-31,08:58:06,RITM,Rithm Capital,100.0,0.21,USD,Not available,,,18.41,GBP,3.75,USD,,,,,,,,,,,,
Dividend (Ordinary),2022-10-31,08:58:06,RITM,Rithm Capital,320.0,0.21,USD,Not available,,,58.9,GBP,12.0,USD,,,,,,,,,,,,
Market buy,2022-10-31,14:26:26,OHI,Omega Healthcare Investors,2.0,31.77,USD,1.1503,,GBP,55.32,GBP,,,,,,,,EOF2116919029,0.08,GBP,,,,
Dividend (Ordinary),2022-11-01,12:59:14,NLY,Annaly Capital Management,36.75,0.75,USD,Not available,,,23.8,GBP,4.85,USD,,,,,,,,,,,,
Dividend (Ordinary),2022-11-01,13:14:17,LTC,LTC Properties,60.0,0.16,USD,Not available,,,8.38,GBP,1.71,USD,,,,,,,,,,,,
Dividend (Ordinary),2022-11-01,13:24:32,JPM,JPMorgan Chase & Co,6.0,0.85,USD,Not available,,,4.41,GBP,0.9,USD,,,,,,,,,,,,
Dividend (Ordinary),2022-11-01,13:45:58,GOOD,Gladstone Commercial,84.0,0.11,USD,Not available,,,7.75,GBP,1.58,USD,,,,,,,,,,,,
Market buy,2022-11-01,16:49:03,OHI,Omega Healthcare Investors,2.0,31.84,USD,1.14504,,GBP,55.69,GBP,,,,,,,,EOF2120155542,0.08,GBP,,,,
Dividend (Ordinary),2022-11-01,12:59:14,NLY,Annaly Capital Management,115.75,0.75,USD,Not available,,,74.96,GBP,15.28,USD,,,,,,,,,,,,
Dividend (Ordinary),2022-11-01,13:14:17,LTC,LTC Properties,46.0,0.16,USD,Not available,,,6.43,GBP,1.31,USD,,,,,,,,,,,,
Dividend (Ordinary),2022-11-01,13:24:32,JPM,JPMorgan Chase & Co,16.0,0.85,USD,Not available,,,11.77,GBP,2.4,USD,,,,,,,,,,,,
Dividend (Ordinary),2022-11-01,13:45:58,GOOD,Gladstone Commercial,172.0,0.11,USD,Not available,,,15.88,GBP,3.24,USD,,,,,,,,,,,,
Market buy,2022-11-01,16:48:13,OHI,Omega Healthcare Investors,4.0,31.84,USD,1.14509,,GBP,111.39,GBP,,,,,,,,EOF2120005978,0.17,GBP,,,,
Dividend (Ordinary),2022-11-02,15:37:50,T,AT&T,78.0,0.24,USD,Not available,,,15.98,GBP,3.25,USD,,,,,,,,,,,,
Market sell,2022-11-09,14:48:18,SEDG,SolarEdge Technologies,2.0,265.01,USD,1.14008,115.18,GBP,464.2,GBP,,,,,,,,EOF2131076294,0.7,GBP,,,,
Market sell,2022-11-09,14:49:24,SEDG,SolarEdge Technologies,2.0,263.0,USD,1.13992,111.73,GBP,460.75,GBP,,,,,,,,EOF2131076710,0.69,GBP,,,,
Market buy,2022-11-09,14:51:38,DLR,Digital Realty Trust,6.0,98.16,USD,1.13918,,GBP,517.78,GBP,,,,,,,,EOF2131077131,0.78,GBP,,,,
Market buy,2022-11-09,14:53:05,DLR,Digital Realty Trust,4.0,98.27,USD,1.1392,,GBP,345.57,GBP,,,,,,,,EOF2131077410,0.52,GBP,,,,
Market buy,2022-11-09,14:55:17,WELL,Welltower,1.0,67.07,USD,1.13927,,GBP,58.96,GBP,,,,,,,,EOF2131077999,0.09,GBP,,,,
Dividend (Ordinary),2022-11-11,13:50:28,AAPL,Apple,12.0,0.2,USD,Not available,,,1.99,GBP,0.41,USD,,,,,,,,,,,,
Dividend (Ordinary),2022-11-11,14:25:50,COST,Costco Wholesale,4.0,0.77,USD,Not available,,,2.61,GBP,0.54,USD,,,,,,,,,,,,
Dividend (Ordinary),2022-11-11,14:43:29,SBNY,Signature Bank,14.0,0.48,USD,Not available,,,5.68,GBP,1.18,USD,,,,,,,,,,,,
Dividend (Ordinary),2022-11-11,13:50:28,AAPL,Apple,25.0,0.2,USD,Not available,,,4.15,GBP,0.86,USD,,,,,,,,,,,,
Dividend (Ordinary),2022-11-11,14:25:50,COST,Costco Wholesale,6.0,0.77,USD,Not available,,,3.91,GBP,0.81,USD,,,,,,,,,,,,
Dividend (Ordinary),2022-11-11,14:43:29,SBNY,Signature Bank,5.0,0.48,USD,Not available,,,2.03,GBP,0.42,USD,,,,,,,,,,,,
Deposit,2022-11-15,12:43:31,,,,,,,,,200.0,GBP,,,200,GBP,,,Transaction ID: 4584890c-e172-40ea-92f0-b2b82391cde0,6babece0-a6c6-4da2-be86-ab88e64f78fc,,,,,,
Market buy,2022-11-15,14:30:07,PETS,PetMed Express,12.0,21.29,USD,1.19594,,GBP,213.94,GBP,,,,,,,,EOF2138995552,0.32,GBP,,,,
Market buy,2022-11-15,14:30:07,PETS,PetMed Express,2.0,21.29,USD,1.1961,,GBP,35.65,GBP,,,,,,,,EOF2139331732,0.05,GBP,,,,
Dividend (Ordinary),2022-11-16,16:04:00,OHI,Omega Healthcare Investors,13.0,0.57,USD,Not available,,,6.24,GBP,1.31,USD,,,,,,,,,,,,
Dividend (Ordinary),2022-11-16,16:04:44,O,Realty Income,45.0,0.21,USD,Not available,,,7.99,GBP,1.67,USD,,,,,,,,,,,,
Dividend (Ordinary),2022-11-16,16:13:57,HRZN,Horizon Technology Finance,125.0,0.09,USD,Not available,,,8.95,GBP,1.88,USD,,,,,,,,,,,,
Dividend (Ordinary),2022-11-16,16:24:18,ABBV,AbbVie,7.0,1.2,USD,Not available,,,7.07,GBP,1.48,USD,,,,,,,,,,,,
Market buy,2022-11-16,17:48:54,OHI,Omega Healthcare Investors,1.0,30.44,USD,1.19019,,GBP,25.62,GBP,,,,,,,,EOF2141920412,0.04,GBP,,,,
Dividend (Ordinary),2022-11-16,16:04:00,OHI,Omega Healthcare Investors,88.0,0.57,USD,Not available,,,42.21,GBP,8.84,USD,,,,,,,,,,,,
Dividend (Ordinary),2022-11-16,16:04:44,O,Realty Income,31.0,0.21,USD,Not available,,,5.5,GBP,1.15,USD,,,,,,,,,,,,
Dividend (Ordinary),2022-11-16,16:13:57,HRZN,Horizon Technology Finance,250.0,0.09,USD,Not available,,,17.91,GBP,3.75,USD,,,,,,,,,,,,
Dividend (Ordinary),2022-11-16,16:20:21,AOS,A O Smith,74.0,0.26,USD,Not available,,,15.91,GBP,3.33,USD,,,,,,,,,,,,
Dividend (Ordinary),2022-11-16,16:24:18,ABBV,AbbVie,22.0,1.2,USD,Not available,,,22.21,GBP,4.65,USD,,,,,,,,,,,,
Market buy,2022-11-16,17:47:58,OHI,Omega Healthcare Investors,4.0,30.42,USD,1.19006,,GBP,102.4,GBP,,,,,,,,EOF2141593128,0.15,GBP,,,,
Deposit,2022-11-21,12:38:59,,,,,,,,,200.0,GBP,,,200,GBP,,,Transaction ID: b782f18f-7db2-46ae-9d72-7de71ec610b2,25e8e478-4805-4179-9ab7-391cd5efbe4e,,,,,,
Dividend (Ordinary),2022-11-21,13:04:53,CAT,Caterpillar,2.0,1.02,USD,Not available,,,1.73,GBP,0.36,USD,,,,,,,,,,,,
Market buy,2022-11-21,14:30:13,OHI,Omega Healthcare Investors,8.0,30.51,USD,1.18227,,GBP,206.76,GBP,,,,,,,,EOF2145763500,0.31,GBP,,,,
Dividend (Ordinary),2022-11-21,13:04:53,CAT,Caterpillar,21.0,1.02,USD,Not available,,,18.12,GBP,3.78,USD,,,,,,,,,,,,
Deposit,2022-11-29,10:34:44,,,,,,,,,1000.0,GBP,,,1000,GBP,,,Transaction ID: 83555dac-9a46-4c9c-9c3f-b628535ae47b,39f05db6-4ae6-417a-8ef5-db9bae804569,,,,,,
Market buy,2022-11-29,15:44:24,WELL,Welltower,8.138182,68.08,USD,1.20082,,GBP,462.08,GBP,,,,,,,,EOF2155552499,0.69,GBP,,,,
Market buy,2022-11-29,15:44:28,WELL,Welltower,1.861818,68.11,USD,1.20085,,GBP,105.76,GBP,,,,,,,,EOF2155552508,0.16,GBP,,,,
Market buy,2022-11-29,15:45:03,OHI,Omega Healthcare Investors,8.24342344,30.13,USD,1.20091,,GBP,207.13,GBP,,,,,,,,EOF2155552575,0.31,GBP,,,,
Market buy,2022-11-29,15:45:05,OHI,Omega Healthcare Investors,1.75657656,30.13,USD,1.20091,,GBP,44.14,GBP,,,,,,,,EOF2155552576,0.07,GBP,,,,
Market buy,2022-11-29,15:45:46,DLR,Digital Realty Trust,1.0,108.71,USD,1.20071,,GBP,90.68,GBP,,,,,,,,EOF2155552642,0.14,GBP,,,,
Market buy,2022-11-29,15:51:22,STX,Seagate Technology,2.0,52.15,USD,1.20034,,GBP,87.02,GBP,,,,,,,,EOF2155553364,0.13,GBP,,,,
Dividend (Ordinary),2022-12-01,14:51:48,WELL,Welltower,38.0,0.52,USD,Not available,,,16.29,GBP,3.48,USD,,,,,,,,,,,,
Dividend (Ordinary),2022-12-01,14:52:22,GOOD,Gladstone Commercial,98.0,0.11,USD,Not available,,,8.62,GBP,1.84,USD,,,,,,,,,,,,
Dividend (Ordinary),2022-12-01,14:55:53,LTC,LTC Properties,60.0,0.16,USD,Not available,,,7.99,GBP,1.71,USD,,,,,,,,,,,,
Dividend (Ordinary),2022-12-01,15:03:31,PETS,PetMed Express,22.0,0.26,USD,Not available,,,4.64,GBP,0.99,USD,,,,,,,,,,,,
Market buy,2022-12-01,16:56:26,PETS,PetMed Express,2.0,19.55,USD,1.22473,,GBP,31.98,GBP,,,,,,,,EOF2158877267,0.05,GBP,,,,
Dividend (Ordinary),2022-12-01,14:51:48,WELL,Welltower,1.0,0.52,USD,Not available,,,0.43,GBP,0.09,USD,,,,,,,,,,,,
Dividend (Ordinary),2022-12-01,14:52:22,GOOD,Gladstone Commercial,172.0,0.11,USD,Not available,,,15.13,GBP,3.24,USD,,,,,,,,,,,,
Dividend (Ordinary),2022-12-01,14:55:53,LTC,LTC Properties,47.0,0.16,USD,Not available,,,6.26,GBP,1.34,USD,,,,,,,,,,,,
Dividend (Ordinary),2022-12-01,15:03:31,PETS,PetMed Express,134.0,0.26,USD,Not available,,,28.24,GBP,6.03,USD,,,,,,,,,,,,
Market buy,2022-12-01,16:54:22,WELL,Welltower,1.0,71.41,USD,1.22496,,GBP,58.39,GBP,,,,,,,,EOF2158968896,0.09,GBP,,,,
Dividend (Ordinary),2022-12-02,16:11:57,WTRG,Essential Utilities,66.0,0.24,USD,Not available,,,13.12,GBP,2.84,USD,,,,,,,,,,,,
Dividend (Ordinary),2022-12-02,16:18:01,AWR,American States Water,31.0,0.34,USD,Not available,,,8.54,GBP,1.85,USD,,,,,,,,,,,,
Market sell,2022-12-05,14:30:28,EXPE,Expedia,16.0,102.35,USD,1.22537,251.49,GBP,1334.55,GBP,,,,,0.03,,,EOF2162698574,2,GBP,GBP,,,
Market buy,2022-12-05,14:31:43,VICI,VICI Properties,9.2162186,33.77,USD,1.22549,,GBP,254.35,GBP,,,,,,,,EOF2162700094,0.38,GBP,,,,
Market buy,2022-12-05,14:31:48,VICI,VICI Properties,36.7837814,33.77,USD,1.2254,,GBP,1015.22,GBP,,,,,,,,EOF2162700129,1.52,GBP,,,,
Dividend (Ordinary),2022-12-05,12:38:53,HON,Honeywell International,15.0,0.88,USD,Not available,,,10.68,GBP,2.32,USD,,,,,,,,,,,,
Market buy,2022-12-05,14:30:03,VICI,VICI Properties,1.0,33.86,USD,1.22457,,GBP,27.69,GBP,,,,,,,,EOF2162190019,0.04,GBP,,,,
Market buy,2022-12-06,14:30:01,VICI,VICI Properties,2.0,33.43,USD,1.21831,,GBP,54.96,GBP,,,,,,,,EOF2164179463,0.08,GBP,,,,
Dividend (Ordinary),2022-12-07,12:46:43,JNJ,Johnson & Johnson,7.0,0.96,USD,Not available,,,5.54,GBP,1.19,USD,,,,,,,,,,,,
Dividend (Ordinary),2022-12-07,12:46:43,JNJ,Johnson & Johnson,8.0,0.96,USD,Not available,,,6.33,GBP,1.36,USD,,,,,,,,,,,,
Dividend (Ordinary),2022-12-13,14:22:18,TGT,Target,27.0,0.92,USD,Not available,,,20.19,GBP,4.37,USD,,,,,,,,,,,,
Dividend (Ordinary),2022-12-13,14:41:06,MMM,3M,19.0,1.27,USD,Not available,,,19.61,GBP,4.25,USD,,,,,,,,,,,,
Market buy,2022-12-13,14:41:42,VICI,VICI Properties,2.0,34.54,USD,1.24122,,GBP,55.73,GBP,,,,,,,,EOF2172433503,0.08,GBP,,,,
Market buy,2022-12-15,16:05:59,VICI,VICI Properties,1.0,33.86,USD,1.22145,,GBP,27.76,GBP,,,,,,,,EOF2176503317,0.04,GBP,,,,
Deposit,2022-12-16,12:20:24,,,,,,,,,200.0,GBP,,,200,GBP,,,Transaction ID: faf426d8-c080-412b-8b65-d9095ad05444,6c7e3208-203f-417c-8b3e-5f83628b5dc0,,,,,,
Market buy,2022-12-16,14:30:04,VICI,VICI Properties,6.0,33.62,USD,1.21867,,GBP,165.77,GBP,,,,,,,,EOF2177455362,0.25,GBP,,,,
Dividend (Ordinary),2022-12-16,16:08:08,HRZN,Horizon Technology Finance,140.0,0.09,USD,Not available,,,9.77,GBP,2.1,USD,,,,,,,,,,,,
Dividend (Ordinary),2022-12-16,16:32:00,O,Realty Income,45.0,0.21,USD,Not available,,,7.78,GBP,1.67,USD,,,,,,,,,,,,
Dividend (Ordinary),2022-12-16,16:34:12,CWEN/A,Clearway Energy,18.0,0.31,USD,Not available,,,4.6,GBP,0.99,USD,,,,,,,,,,,,
Dividend (Ordinary),2022-12-16,16:38:21,QCOM,Qualcomm,32.0,0.64,USD,Not available,,,16.74,GBP,3.6,USD,,,,,,,,,,,,
Market buy,2022-12-16,18:07:42,VICI,VICI Properties,2.0,32.9,USD,1.21801,,GBP,54.1,GBP,,,,,,,,EOF2177498446,0.08,GBP,,,,
Dividend (Ordinary),2022-12-16,16:05:48,HD,Home Depot,14.0,1.62,USD,Not available,,,18.56,GBP,3.99,USD,,,,,,,,,,,,
Dividend (Ordinary),2022-12-16,16:08:08,HRZN,Horizon Technology Finance,256.0,0.09,USD,Not available,,,17.86,GBP,3.84,USD,,,,,,,,,,,,
Dividend (Ordinary),2022-12-16,16:24:00,NEE,NextEra Energy,42.0,0.36,USD,Not available,,,12.45,GBP,2.68,USD,,,,,,,,,,,,
Dividend (Ordinary),2022-12-16,16:32:00,O,Realty Income,31.0,0.21,USD,Not available,,,5.36,GBP,1.15,USD,,,,,,,,,,,,
Dividend (Ordinary),2022-12-16,16:34:30,CWEN,Clearway Energy,103.0,0.31,USD,Not available,,,26.35,GBP,5.67,USD,,,,,,,,,,,,
Dividend (Ordinary),2022-12-16,16:38:21,QCOM,Qualcomm,5.0,0.64,USD,Not available,,,2.61,GBP,0.56,USD,,,,,,,,,,,,
Market buy,2022-12-16,18:06:03,VICI,VICI Properties,3.0,32.93,USD,1.21824,,GBP,81.21,GBP,,,,,,,,EOF2177882907,0.12,GBP,,,,
Dividend (Ordinary),2022-12-19,15:37:41,WM,Waste Management,10.0,0.55,USD,Not available,,,4.54,GBP,0.98,USD,,,,,,,,,,,,
Dividend (Ordinary),2022-12-19,15:37:41,WM,Waste Management,10.0,0.55,USD,Not available,,,4.54,GBP,0.98,USD,,,,,,,,,,,,
Dividend (Bonus),2022-12-20,08:30:16,HRZN,Horizon Technology Finance,140.0,0.04,USD,Not available,,,4.89,GBP,1.05,USD,,,,,,,,,,,,
Dividend (Bonus),2022-12-20,08:30:16,HRZN,Horizon Technology Finance,256.0,0.04,USD,Not available,,,8.95,GBP,1.92,USD,,,,,,,,,,,,
Deposit,2022-12-21,08:43:16,,,,,,,,,200.0,GBP,,,200,GBP,,,Transaction ID: 32bb4034-b7eb-4166-baa5-20a1e828bac0,6c2dc0ce-198a-4dcd-8c9d-c1064d30f019,,,,,,
Deposit,2022-12-21,08:44:27,,,,,,,,,1000.0,GBP,,,1000,GBP,,,Transaction ID: fad35cfb-6c58-4e17-9a6b-c5087e3ff955,6dd238f3-ac5b-4067-be5f-7c7bad56f4da,,,,,,
Market buy,2022-12-21,14:30:04,VICI,VICI Properties,13.13341324,33.1,USD,1.21125,,GBP,359.44,GBP,,,,,,,,EOF2181588567,0.54,GBP,,,,
Market buy,2022-12-21,14:30:04,VICI,VICI Properties,7.0,33.1,USD,1.21125,,GBP,191.58,GBP,,,,,,,,EOF2181588479,0.29,GBP,,,,
Market buy,2022-12-21,14:30:05,VICI,VICI Properties,16.86658676,33.06,USD,1.21139,,GBP,461.0,GBP,,,,,,,,EOF2181589639,0.69,GBP,,,,
Market buy,2022-12-22,14:30:06,WELL,Welltower,2.0,64.64,USD,1.2013,,GBP,107.78,GBP,,,,,,,,EOF2183355355,0.16,GBP,,,,
Market buy,2022-12-22,14:30:06,O,Realty Income,2.0,64.0,USD,1.20132,,GBP,106.71,GBP,,,,,,,,EOF2183355775,0.16,GBP,,,,
Market buy,2022-12-28,14:50:50,VICI,VICI Properties,1.0,32.85,USD,1.21175,,GBP,27.15,GBP,,,,,,,,EOF2188980165,0.04,GBP,,,,
Dividend (Ordinary),2022-12-29,14:15:52,NKE,Nike,20.0,0.29,USD,Not available,,,4.8,GBP,1.02,USD,,,,,,,,,,,,
Dividend (Ordinary),2022-12-30,14:48:31,PSA,Public Storage,4.0,1.7,USD,Not available,,,5.64,GBP,1.2,USD,,,,,,,,,,,,
Dividend (Ordinary),2022-12-30,14:44:14,UNP,Union Pacific,13.0,1.11,USD,Not available,,,11.93,GBP,2.54,USD,,,,,,,,,,,,
Dividend (Ordinary),2022-12-30,14:48:31,PSA,Public Storage,9.0,1.7,USD,Not available,,,12.7,GBP,2.7,USD,,,,,,,,,,,,
Dividend (Ordinary),2023-01-02,15:03:31,EXR,Extra Space Storage,6.0,1.28,USD,Not available,,,6.35,GBP,1.35,USD,,,,,,,,,,,,
Dividend (Ordinary),2023-01-02,15:04:34,SPG,Simon Property,14.0,1.53,USD,Not available,,,17.75,GBP,3.78,USD,,,,,,,,,,,,
Dividend (Ordinary),2023-01-02,15:05:07,SCI,Service Corp International,14.0,0.23,USD,Not available,,,2.66,GBP,0.57,USD,,,,,,,,,,,,
Dividend (Ordinary),2023-01-02,15:08:05,GOOD,Gladstone Commercial,98.0,0.11,USD,Not available,,,8.67,GBP,1.84,USD,,,,,,,,,,,,
Dividend (Ordinary),2023-01-02,15:10:30,AVGO,Broadcom,8.0,3.91,USD,Not available,,,25.96,GBP,5.52,USD,,,,,,,,,,,,
Dividend (Ordinary),2023-01-02,15:12:41,HI,Hillenbrand,2.0,0.19,USD,Not available,,,0.31,GBP,0.07,USD,,,,,,,,,,,,
Dividend (Ordinary),2023-01-02,15:14:24,MTB,M&T Bank,15.0,1.02,USD,Not available,,,12.69,GBP,2.7,USD,,,,,,,,,,,,
Dividend (Ordinary),2023-01-02,15:14:36,ICE,Intercontinental Exchange,5.0,0.32,USD,Not available,,,1.34,GBP,0.29,USD,,,,,,,,,,,,
Dividend (Ordinary),2023-01-02,15:15:49,LTC,LTC Properties,60.0,0.16,USD,Not available,,,8.04,GBP,1.71,USD,,,,,,,,,,,,
Dividend (Ordinary),2023-01-02,15:03:31,EXR,Extra Space Storage,16.0,1.28,USD,Not available,,,16.93,GBP,3.6,USD,,,,,,,,,,,,
Dividend (Ordinary),2023-01-02,15:04:34,SPG,Simon Property,26.0,1.53,USD,Not available,,,32.96,GBP,7.02,USD,,,,,,,,,,,,
Dividend (Ordinary),2023-01-02,15:05:07,SCI,Service Corp International,37.0,0.23,USD,Not available,,,7.04,GBP,1.5,USD,,,,,,,,,,,,
Dividend (Ordinary),2023-01-02,15:08:05,GOOD,Gladstone Commercial,172.0,0.11,USD,Not available,,,15.22,GBP,3.24,USD,,,,,,,,,,,,
Dividend (Ordinary),2023-01-02,15:10:30,AVGO,Broadcom,2.0,3.91,USD,Not available,,,6.49,GBP,1.38,USD,,,,,,,,,,,,
Dividend (Ordinary),2023-01-02,15:12:41,HI,Hillenbrand,100.0,0.19,USD,Not available,,,15.52,GBP,3.3,USD,,,,,,,,,,,,
Dividend (Ordinary),2023-01-02,15:14:36,ICE,Intercontinental Exchange,18.0,0.32,USD,Not available,,,4.82,GBP,1.03,USD,,,,,,,,,,,,
Dividend (Ordinary),2023-01-02,15:15:49,LTC,LTC Properties,47.0,0.16,USD,Not available,,,6.3,GBP,1.34,USD,,,,,,,,,,,,
Dividend (Ordinary),2023-01-06,11:44:38,STX,Seagate Technology,8.0,0.53,USD,Not available,,,3.53,GBP,1.4,USD,,,,,,,,,,,,
Dividend (Ordinary),2023-01-06,11:45:20,VICI,VICI Properties,57.0,0.33,USD,Not available,,,15.89,GBP,3.33,USD,,,,,,,,,,,,
Dividend (Ordinary),2023-01-06,11:44:38,STX,Seagate Technology,27.0,0.53,USD,Not available,,,11.92,GBP,4.73,USD,,,,,,,,,,,,
Dividend (Ordinary),2023-01-06,11:45:20,VICI,VICI Properties,6.0,0.33,USD,Not available,,,1.67,GBP,0.35,USD,,,,,,,,,,,,
Dividend (Ordinary),2023-01-09,12:18:33,HASI,Hannon Armstrong Sustainable Infrastructure Capital,29.0,0.32,USD,Not available,,,7.61,GBP,1.63,USD,,,,,,,,,,,,
Market buy,2023-01-09,14:30:08,VICI,VICI Properties,4.0,31.79,USD,1.21678,,GBP,104.67,GBP,,,,,,,,EOF2206987660,0.16,GBP,,,,
Dividend (Ordinary),2023-01-09,12:18:33,HASI,Hannon Armstrong Sustainable Infrastructure Capital,93.0,0.32,USD,Not available,,,24.4,GBP,5.23,USD,,,,,,,,,,,,
Market buy,2023-01-09,14:30:08,VICI,VICI Properties,5.0,31.79,USD,1.21662,,GBP,130.85,GBP,,,,,,,,EOF2207180746,0.2,GBP,,,,
Dividend (Ordinary),2023-01-10,11:44:50,MRK,Merck & Co,22.0,0.62,USD,Not available,,,11.23,GBP,2.41,USD,,,,,,,,,,,,
Dividend (Ordinary),2023-01-10,11:44:50,MRK,Merck & Co,24.0,0.62,USD,Not available,,,12.25,GBP,2.63,USD,,,,,,,,,,,,
Market buy,2023-01-11,19:14:39,VICI,VICI Properties,1.0,33.31,USD,1.21456,,GBP,27.47,GBP,,,,,,,,EOF2212076504,0.04,GBP,,,,
Market buy,2023-01-11,19:13:25,VICI,VICI Properties,2.0,33.3,USD,1.21467,,GBP,54.91,GBP,,,,,,,,EOF2212404662,0.08,GBP,,,,
Dividend (Ordinary),2023-01-16,14:45:33,O,Realty Income,47.0,0.21,USD,Not available,,,8.15,GBP,1.75,USD,,,,,,,,,,,,
Dividend (Ordinary),2023-01-16,14:54:00,HRZN,Horizon Technology Finance,140.0,0.09,USD,Not available,,,10.73,GBP,2.31,USD,,,,,,,,,,,,
Dividend (Ordinary),2023-01-16,15:02:53,DLR,Digital Realty Trust,9.0,1.04,USD,Not available,,,7.66,GBP,1.65,USD,,,,,,,,,,,,
Deposit,2023-01-16,16:13:10,,,,,,,,,200.0,GBP,,,200,GBP,,,Transaction ID: 55161cbf-01e1-47b8-bfb0-00d6afe12f08,565ab062-89a5-4758-82e8-85cdc5eb45bd,,,,,,
Dividend (Ordinary),2023-01-16,14:45:33,O,Realty Income,31.0,0.21,USD,Not available,,,5.38,GBP,1.16,USD,,,,,,,,,,,,
Dividend (Ordinary),2023-01-16,14:54:00,HRZN,Horizon Technology Finance,256.0,0.09,USD,Not available,,,19.62,GBP,4.22,USD,,,,,,,,,,,,
Dividend (Ordinary),2023-01-16,14:59:27,MDT,Medtronic,24.0,0.51,USD,Not available,,,10.05,GBP,4.08,USD,,,,,,,,,,,,
Dividend (Ordinary),2023-01-16,15:02:53,DLR,Digital Realty Trust,32.0,1.04,USD,Not available,,,27.23,GBP,5.86,USD,,,,,,,,,,,,
Market buy,2023-01-17,14:30:01,VICI,VICI Properties,8.0,33.14,USD,1.22851,,GBP,216.13,GBP,,,,,,,,EOF2218328116,0.32,GBP,,,,
Market buy,2023-01-17,14:30:01,VICI,VICI Properties,2.0,33.14,USD,1.22851,,GBP,54.03,GBP,,,,,,,,EOF2218427394,0.08,GBP,,,,
Dividend (Ordinary),2023-01-18,11:58:56,ECL,Ecolab,11.0,0.45,USD,Not available,,,4.02,GBP,0.87,USD,,,,,,,,,,,,
Deposit,2023-01-20,20:00:25,,,,,,,,,100.0,GBP,,,100,GBP,,,Transaction ID: 39026230-e3d4-4d30-8ba3-395aa72db0d9,e77e193e-8f5a-40d8-ba60-210a46748e44,,,,,,
Market buy,2023-01-20,20:01:57,VICI,VICI Properties,4.0,33.49,USD,1.23953,,GBP,108.23,GBP,,,,,,,,EOF2225192530,0.16,GBP,,,,
Dividend (Ordinary),2023-01-27,14:08:24,NYMT,New York Mortgage Trust,375.0,0.09,USD,Not available,,,25.74,GBP,5.63,USD,,,,,,,,,,,,
Dividend (Ordinary),2023-01-27,14:08:24,NYMT,New York Mortgage Trust,863.0,0.09,USD,Not available,,,59.25,GBP,12.95,USD,,,,,,,,,,,,
Dividend (Ordinary),2023-01-27,14:22:59,CMCSA,Comcast,50.0,0.23,USD,Not available,,,9.27,GBP,2.03,USD,,,,,,,,,,,,
Market buy,2023-01-27,15:21:28,VICI,VICI Properties,3.0,34.26,USD,1.2385,,GBP,83.11,GBP,,,,,,,,EOF2237353021,0.12,GBP,,,,
Deposit,2023-01-30,13:29:44,,,,,,,,,1100.0,GBP,,,1100,GBP,,,Transaction ID: e5e76025-567c-49bc-8d47-2472257d7f23,c79a523f-a62e-4480-952b-6a4c50855240,,,,,,
Dividend (Ordinary),2023-01-30,14:01:07,RITM,Rithm Capital,102.0,0.21,USD,Not available,,,17.51,GBP,3.83,USD,,,,,,,,,,,,
Market buy,2023-01-30,14:30:10,WELL,Welltower,5.0,75.72,USD,1.23722,,GBP,306.47,GBP,,,,,,,,EOF2240803855,0.46,GBP,,,,
Market buy,2023-01-30,14:30:11,VICI,VICI Properties,10.0,34.09,USD,1.23722,,GBP,275.95,GBP,,,,,,,,EOF2240804302,0.41,GBP,,,,
Market buy,2023-01-30,14:30:16,DLR,Digital Realty Trust,1.0,110.46,USD,1.23732,,GBP,89.4,GBP,,,,,,,,EOF2240806634,0.13,GBP,,,,
Market buy,2023-01-30,14:30:22,MDT,Medtronic,3.0,82.73,USD,1.23733,,GBP,200.89,GBP,,,,,,,,EOF2240810766,0.3,GBP,,,,
Market buy,2023-01-30,14:30:24,EXR,Extra Space Storage,2.0,156.99,USD,1.23735,,GBP,254.13,GBP,,,,,,,,EOF2240812054,0.38,GBP,,,,
Dividend (Ordinary),2023-01-30,14:01:07,RITM,Rithm Capital,323.0,0.21,USD,Not available,,,55.46,GBP,12.11,USD,,,,,,,,,,,,
Market buy,2023-01-30,15:01:17,RITM,Rithm Capital,5.0,9.31,USD,1.23778,,GBP,37.67,GBP,,,,,,,,EOF2240049590,0.06,GBP,,,,
Market sell,2023-01-30,15:15:21,EXPE,Expedia,1.0,115.8,USD,1.23789,-13.2,GBP,93.41,GBP,,,,,,,,EOF2241253411,0.14,GBP,,,,
Market buy,2023-01-30,15:16:35,DLR,Digital Realty Trust,1.0,111.94,USD,1.23742,,GBP,90.6,GBP,,,,,,,,EOF2241253731,0.14,GBP,,,,
Market buy,2023-01-31,14:30:08,HRZN,Horizon Technology Finance,2.0,12.2,USD,1.2319,,GBP,19.84,GBP,,,,,,,,EOF2242131915,0.03,GBP,,,,
Dividend (Ordinary),2023-02-01,14:55:30,NLY,Annaly Capital Management,62.0,0.75,USD,Not available,,,37.66,GBP,8.18,USD,,,,,,,,,,,,
Dividend (Ordinary),2023-02-01,15:01:29,GOOD,Gladstone Commercial,98.0,0.09,USD,Not available,,,6.76,GBP,1.47,USD,,,,,,,,,,,,
Dividend (Ordinary),2023-02-01,15:03:27,JPM,JPMorgan Chase & Co,6.0,0.85,USD,Not available,,,4.14,GBP,0.9,USD,,,,,,,,,,,,
Market buy,2023-02-01,17:52:51,OHI,Omega Healthcare Investors,2.0,28.8,USD,1.22952,,GBP,46.92,GBP,,,,,,,,EOF2246266258,0.07,GBP,,,,
Market buy,2023-02-01,17:52:57,OHI,Omega Healthcare Investors,1.0,28.81,USD,1.22954,,GBP,23.47,GBP,,,,,,,,EOF2246266267,0.04,GBP,,,,
Dividend (Ordinary),2023-02-01,14:55:30,NLY,Annaly Capital Management,126.0,0.75,USD,Not available,,,76.54,GBP,16.63,USD,,,,,,,,,,,,
Dividend (Ordinary),2023-02-01,15:01:29,GOOD,Gladstone Commercial,172.0,0.09,USD,Not available,,,11.87,GBP,2.58,USD,,,,,,,,,,,,
Dividend (Ordinary),2023-02-01,15:03:27,JPM,JPMorgan Chase & Co,16.0,0.85,USD,Not available,,,11.04,GBP,2.4,USD,,,,,,,,,,,,
Market buy,2023-02-01,16:02:26,DLR,Digital Realty Trust,1.0,112.85,USD,1.23241,,GBP,91.71,GBP,,,,,,,,EOF2245391713,0.14,GBP,,,,
Dividend (Ordinary),2023-02-02,07:31:42,LTC,LTC Properties,60.0,0.16,USD,Not available,,,7.87,GBP,1.71,USD,,,,,,,,,,,,
Dividend (Ordinary),2023-02-02,07:31:42,LTC,LTC Properties,47.0,0.16,USD,Not available,,,6.16,GBP,1.34,USD,,,,,,,,,,,,
Dividend (Ordinary),2023-02-02,13:05:45,T,AT&T,78.0,0.24,USD,Not available,,,14.88,GBP,3.25,USD,,,,,,,,,,,,
Dividend (Ordinary),2023-02-03,13:35:09,AMT,American Tower,13.0,1.33,USD,Not available,,,14.14,GBP,3.04,USD,,,,,,,,,,,,
Market buy,2023-02-03,16:09:26,VICI,VICI Properties,1.0,34.35,USD,1.21011,,GBP,28.43,GBP,,,,,,,,EOF2252068790,0.04,GBP,,,,
Market sell,2023-02-06,08:19:14,STOR,STORE Capital,40.0,32.25,USD,1.20581,201.84,GBP,1069.82,GBP,,,,,,,,EOF2253136230,,,,,,
Market buy,2023-02-06,15:29:01,PETS,PetMed Express,10.0,21.46,USD,1.20306,,GBP,178.65,GBP,,,,,,,,EOF2255067871,0.27,GBP,,,,
Market buy,2023-02-06,15:29:36,PETS,PetMed Express,2.0,21.47,USD,1.20302,,GBP,35.74,GBP,,,,,,,,EOF2255068231,0.05,GBP,,,,
Market buy,2023-02-06,15:49:44,CWEN/A,Clearway Energy,9.0,31.51,USD,1.20094,,GBP,236.49,GBP,,,,,,,,EOF2255074513,0.35,GBP,,,,
Market buy,2023-02-06,15:51:42,HASI,Hannon Armstrong Sustainable Infrastructure Capital,8.0,37.09,USD,1.20128,,GBP,247.37,GBP,,,,,,,,EOF2255075020,0.37,GBP,,,,
Market buy,2023-02-06,15:54:33,HASI,Hannon Armstrong Sustainable Infrastructure Capital,5.0,37.09,USD,1.20121,,GBP,154.61,GBP,,,,,,,,EOF2255076038,0.23,GBP,,,,
Market buy,2023-02-06,15:58:54,O,Realty Income,2.0,67.11,USD,1.20133,,GBP,111.9,GBP,,,,,,,,EOF2255077167,0.17,GBP,,,,
Market buy,2023-02-06,16:00:02,NLY,Annaly Capital Management,2.0,23.08,USD,1.20122,,GBP,38.49,GBP,,,,,,,,EOF2255077686,0.06,GBP,,,,
Market buy,2023-02-06,16:06:31,NYMT,New York Mortgage Trust,12.0,3.09,USD,1.20198,,GBP,30.9,GBP,,,,,,,,EOF2255078979,0.05,GBP,,,,
Market buy,2023-02-06,16:10:11,PETS,PetMed Express,2.0,21.32,USD,1.20104,,GBP,35.55,GBP,,,,,,,,EOF2255079754,0.05,GBP,,,,
Market sell,2023-02-06,08:19:25,STOR,STORE Capital,108.0,32.25,USD,1.20581,419.22,GBP,2888.51,GBP,,,,,,,,EOF2253037745,,,,,,
Market buy,2023-02-06,14:30:13,CWEN,Clearway Energy,6.389003,33.79,USD,1.20535,,GBP,179.38,GBP,,,,,,,,EOF2254069454,0.27,GBP,,,,
Market buy,2023-02-06,14:30:14,OHI,Omega Healthcare Investors,10.0,28.5,USD,1.20534,,GBP,236.8,GBP,,,,,,,,EOF2254069872,0.35,GBP,,,,
Market buy,2023-02-06,14:30:16,WELL,Welltower,5.0,75.8,USD,1.20534,,GBP,314.9,GBP,,,,,,,,EOF2254071217,0.47,GBP,,,,
Market buy,2023-02-06,14:30:16,VICI,VICI Properties,15.0,34.45,USD,1.20535,,GBP,429.35,GBP,,,,,,,,EOF2254071477,0.64,GBP,,,,
Market buy,2023-02-06,14:30:17,ABBV,AbbVie,4.0,145.99,USD,1.20534,,GBP,485.21,GBP,,,,,,,,EOF2254071947,0.73,GBP,,,,
Market buy,2023-02-06,14:30:18,CWEN,Clearway Energy,3.610997,33.72,USD,1.20536,,GBP,101.17,GBP,,,,,,,,EOF2254072585,0.15,GBP,,,,
Market buy,2023-02-06,14:30:18,DLR,Digital Realty Trust,5.0,113.5,USD,1.20533,,GBP,471.54,GBP,,,,,,,,EOF2254072220,0.71,GBP,,,,
Market buy,2023-02-06,15:38:00,EXR,Extra Space Storage,2.0,165.13,USD,1.20231,,GBP,275.1,GBP,,,,,,,,EOF2255024487,0.41,GBP,,,,
Market buy,2023-02-06,15:39:21,LTC,LTC Properties,10.0,37.24,USD,1.20255,,GBP,310.14,GBP,,,,,,,,EOF2255024819,0.46,GBP,,,,
Market buy,2023-02-06,15:45:01,HRZN,Horizon Technology Finance,8.0,12.31,USD,1.2013,,GBP,82.1,GBP,,,,,,,,EOF2255026715,0.12,GBP,,,,
Deposit,2023-02-10,15:30:32,,,,,,,,,200.0,GBP,,,200,GBP,,,Transaction ID: a2deb67e-36b6-49e3-93b1-54d6414908fc,9eab0ab6-2b01-4541-ae91-3342f474384b,,,,,,
Market buy,2023-02-10,15:33:21,PETS,PetMed Express,12.0,19.75,USD,1.21076,,GBP,196.03,GBP,,,,,,,,EOF2264109828,0.29,GBP,,,,
Dividend (Ordinary),2023-02-13,14:43:34,SBNY,Signature Bank,14.0,0.6,USD,Not available,,,6.91,GBP,1.47,USD,,,,,,,,,,,,
Dividend (Ordinary),2023-02-13,14:43:34,SBNY,Signature Bank,5.0,0.6,USD,Not available,,,2.47,GBP,0.53,USD,,,,,,,,,,,,
Deposit,2023-02-15,12:47:24,,,,,,,,,200.0,GBP,,,200,GBP,,,Transaction ID: 47ed3f4b-d044-4075-8178-ebf394d49455,81398423-ece4-44eb-9334-27d853fbfae8,,,,,,
Market buy,2023-02-15,14:30:08,OHI,Omega Healthcare Investors,8.0,28.01,USD,1.20055,,GBP,186.93,GBP,,,,,,,,EOF2270399137,0.28,GBP,,,,
Dividend (Ordinary),2023-02-16,14:38:37,O,Realty Income,47.0,0.21,USD,Not available,,,8.23,GBP,1.75,USD,,,,,,,,,,,,
Dividend (Ordinary),2023-02-16,14:51:41,ABBV,AbbVie,7.0,1.26,USD,Not available,,,7.31,GBP,1.55,USD,,,,,,,,,,,,
Dividend (Ordinary),2023-02-16,14:52:45,HRZN,Horizon Technology Finance,140.0,0.09,USD,Not available,,,10.85,GBP,2.31,USD,,,,,,,,,,,,
Dividend (Ordinary),2023-02-16,14:52:59,OHI,Omega Healthcare Investors,37.0,0.57,USD,Not available,,,17.5,GBP,3.72,USD,,,,,,,,,,,,
Market buy,2023-02-16,16:39:59,NLY,Annaly Capital Management,4.0,21.7,USD,1.20119,,GBP,72.37,GBP,,,,,,,,EOF2274203757,0.11,GBP,,,,
Dividend (Ordinary),2023-02-16,14:38:37,O,Realty Income,31.0,0.21,USD,Not available,,,5.43,GBP,1.16,USD,,,,,,,,,,,,
Dividend (Ordinary),2023-02-16,14:51:41,ABBV,AbbVie,22.0,1.26,USD,Not available,,,22.97,GBP,4.88,USD,,,,,,,,,,,,
Dividend (Ordinary),2023-02-16,14:52:45,HRZN,Horizon Technology Finance,256.0,0.09,USD,Not available,,,19.84,GBP,4.22,USD,,,,,,,,,,,,
Dividend (Ordinary),2023-02-16,14:52:59,OHI,Omega Healthcare Investors,98.0,0.57,USD,Not available,,,46.35,GBP,9.85,USD,,,,,,,,,,,,
Dividend (Ordinary),2023-02-16,14:53:44,AOS,A O Smith,74.0,0.26,USD,Not available,,,15.66,GBP,3.33,USD,,,,,,,,,,,,
Market buy,2023-02-16,16:39:17,NLY,Annaly Capital Management,6.0,21.7,USD,1.20127,,GBP,108.55,GBP,,,,,,,,EOF2273545263,0.16,GBP,,,,
Dividend (Ordinary),2023-02-17,13:57:08,AAPL,Apple,12.0,0.2,USD,Not available,,,1.96,GBP,0.41,USD,,,,,,,,,,,,
Dividend (Ordinary),2023-02-17,13:57:08,AAPL,Apple,25.0,0.2,USD,Not available,,,4.09,GBP,0.86,USD,,,,,,,,,,,,
Dividend (Ordinary),2023-02-20,14:41:23,CAT,Caterpillar,2.0,1.02,USD,Not available,,,1.7,GBP,0.36,USD,,,,,,,,,,,,
Dividend (Ordinary),2023-02-20,14:44:20,COST,Costco Wholesale,4.0,0.77,USD,Not available,,,2.54,GBP,0.54,USD,,,,,,,,,,,,
Dividend (Ordinary),2023-02-20,14:41:23,CAT,Caterpillar,21.0,1.02,USD,Not available,,,17.8,GBP,3.78,USD,,,,,,,,,,,,
Dividend (Ordinary),2023-02-20,14:44:20,COST,Costco Wholesale,6.0,0.77,USD,Not available,,,3.81,GBP,0.81,USD,,,,,,,,,,,,
Market buy,2023-02-21,16:57:36,RITM,Rithm Capital,6.0,9.22,USD,1.21177,,GBP,45.72,GBP,,,,,,,,EOF2279601771,0.07,GBP,,,,
Deposit,2023-02-27,15:07:41,,,,,,,,,1100.0,GBP,,,1100,GBP,,,Transaction ID: aa6b78bd-9623-4cbf-8a77-9894059297c7,ad9a87cc-0c2a-42a4-905e-3c554a87de48,,,,,,
Market buy,2023-02-27,15:09:16,SPG,Simon Property,2.0,123.94,USD,1.20262,,GBP,206.42,GBP,,,,,,,,EOF2287497998,0.31,GBP,,,,
Market buy,2023-02-27,15:10:21,DLR,Digital Realty Trust,3.0,106.95,USD,1.20288,,GBP,267.13,GBP,,,,,,,,EOF2287498195,0.4,GBP,,,,
Market buy,2023-02-27,15:11:10,VICI,VICI Properties,4.0,33.91,USD,1.20274,,GBP,112.94,GBP,,,,,,,,EOF2287498647,0.17,GBP,,,,
Market buy,2023-02-27,15:14:27,WELL,Welltower,1.042149,75.52,USD,1.203,,GBP,65.52,GBP,,,,,,,,EOF2287499346,0.1,GBP,,,,
Market buy,2023-02-27,15:14:36,WELL,Welltower,1.957851,75.52,USD,1.20305,,GBP,123.08,GBP,,,,,,,,EOF2287499382,0.18,GBP,,,,
Market buy,2023-02-27,15:15:22,OHI,Omega Healthcare Investors,5.0,27.29,USD,1.2037,,GBP,113.53,GBP,,,,,,,,EOF2287499595,0.17,GBP,,,,
Market buy,2023-02-27,15:16:19,NLY,Annaly Capital Management,5.0,21.01,USD,1.2039,,GBP,87.39,GBP,,,,,,,,EOF2287499856,0.13,GBP,,,,
Market buy,2023-02-27,15:17:04,PETS,PetMed Express,6.0,19.47,USD,1.20382,,GBP,97.19,GBP,,,,,,,,EOF2287500028,0.15,GBP,,,,
Dividend (Ordinary),2023-02-28,13:07:56,PETS,PetMed Express,50.0,0.26,USD,Not available,,,10.59,GBP,2.25,USD,,,,,,,,,,,,
Dividend (Ordinary),2023-02-28,13:07:56,PETS,PetMed Express,134.0,0.26,USD,Not available,,,28.37,GBP,6.03,USD,,,,,,,,,,,,
Dividend (Ordinary),2023-03-01,15:35:44,LTC,LTC Properties,60.0,0.16,USD,Not available,,,8.05,GBP,1.71,USD,,,,,,,,,,,,
Dividend (Ordinary),2023-03-01,15:48:44,GOOD,Gladstone Commercial,98.0,0.09,USD,Not available,,,6.92,GBP,1.47,USD,,,,,,,,,,,,
Dividend (Ordinary),2023-03-01,15:35:44,LTC,LTC Properties,57.0,0.16,USD,Not available,,,7.65,GBP,1.62,USD,,,,,,,,,,,,
Dividend (Ordinary),2023-03-01,15:48:44,GOOD,Gladstone Commercial,172.0,0.09,USD,Not available,,,12.15,GBP,2.58,USD,,,,,,,,,,,,
Dividend (Ordinary),2023-03-02,17:07:10,WTRG,Essential Utilities,66.0,0.24,USD,Not available,,,13.45,GBP,2.84,USD,,,,,,,,,,,,
Dividend (Ordinary),2023-03-02,17:22:52,AWR,American States Water,31.0,0.34,USD,Not available,,,8.75,GBP,1.85,USD,,,,,,,,,,,,
Market buy,2023-03-03,18:31:16,O,Realty Income,1.0,64.7,USD,1.20149,,GBP,53.93,GBP,,,,,,,,EOF2297022327,0.08,GBP,,,,
Market buy,2023-03-06,14:30:23,O,Realty Income,1.0,64.66,USD,1.20012,,GBP,53.96,GBP,,,,,,,,EOF2299556967,0.08,GBP,,,,
Dividend (Ordinary),2023-03-08,11:23:48,JNJ,Johnson & Johnson,7.0,0.96,USD,Not available,,,5.68,GBP,1.19,USD,,,,,,,,,,,,
Dividend (Ordinary),2023-03-08,11:23:48,JNJ,Johnson & Johnson,8.0,0.96,USD,Not available,,,6.49,GBP,1.36,USD,,,,,,,,,,,,
Dividend (Ordinary),2023-03-09,12:39:03,WELL,Welltower,55.0,0.52,USD,Not available,,,24.06,GBP,5.03,USD,,,,,,,,,,,,
Dividend (Ordinary),2023-03-09,12:39:03,WELL,Welltower,7.0,0.52,USD,Not available,,,3.06,GBP,0.64,USD,,,,,,,,,,,,
Market sell,2023-03-10,14:32:06,SICP,Silvergate Capital,61.0,3.15,USD,1.20485,-1960.77,GBP,159.24,GBP,,,,,,,,EOF2306739024,0.24,GBP,,,,
Market buy,2023-03-10,14:52:31,GOOD,Gladstone Commercial,15.0,13.03,USD,1.20662,,GBP,162.22,GBP,,,,,,,,EOF2307706742,0.24,GBP,,,,
Deposit,2023-03-13,19:13:11,,,,,,,,,200.0,GBP,,,200,GBP,,,Transaction ID: 9063a9c8-6ffc-4bb1-bb22-df814883e865,bcaf8ec5-3f81-4b02-84e0-136cc8566db6,,,,,,
Market buy,2023-03-13,19:16:12,AMT,American Tower,1.0,198.16,USD,1.21858,,GBP,162.85,GBP,,,,,,,,EOF2311894033,0.24,GBP,,,,
Dividend (Ordinary),2023-03-13,13:08:59,TGT,Target,27.0,0.92,USD,Not available,,,20.5,GBP,4.37,USD,,,,,,,,,,,,
Dividend (Ordinary),2023-03-13,13:19:43,HON,Honeywell International,15.0,0.88,USD,Not available,,,10.86,GBP,2.32,USD,,,,,,,,,,,,
Market buy,2023-03-13,15:17:55,WELL,Welltower,1.0,69.01,USD,1.21562,,GBP,56.86,GBP,,,,,,,,EOF2312306615,0.09,GBP,,,,
Market buy,2023-03-14,13:30:06,O,Realty Income,1.0,63.45,USD,1.21905,,GBP,52.13,GBP,,,,,,,,EOF2312877895,0.08,GBP,,,,
Market buy,2023-03-14,15:23:09,NYMT,New York Mortgage Trust,2.25,9.4,USD,1.21602,,GBP,17.42,GBP,,,,,,,,EOF2313959633,0.03,GBP,,,,
Market buy,2023-03-14,13:30:01,NYMT,New York Mortgage Trust,0.25,9.28,USD,1.21896,,GBP,1.9,GBP,,,,,,,,EOF2313366623,,,,,,
Dividend (Ordinary),2023-03-14,15:37:48,MMM,3M,19.0,1.28,USD,Not available,,,19.95,GBP,4.28,USD,,,,,,,,,,,,
Deposit,2023-03-16,09:02:15,,,,,,,,,200.0,GBP,,,200,GBP,,,Transaction ID: 2304a322-e754-4a81-92b0-1e7139b0e252,8881c09d-38e2-4f99-949b-e806ea9ecb77,,,,,,
Market buy,2023-03-16,13:30:05,AMT,American Tower,1.0,202.4,USD,1.20421,,GBP,168.33,GBP,,,,,,,,EOF2316884439,0.25,GBP,,,,
Dividend (Ordinary),2023-03-16,13:55:33,O,Realty Income,49.0,0.22,USD,Not available,,,8.78,GBP,1.87,USD,,,,,,,,,,,,
Dividend (Ordinary),2023-03-16,14:59:07,CWEN/A,Clearway Energy,27.0,0.32,USD,Not available,,,7.11,GBP,1.52,USD,,,,,,,,,,,,
Dividend (Ordinary),2023-03-16,15:04:59,HRZN,Horizon Technology Finance,140.0,0.09,USD,Not available,,,10.85,GBP,2.31,USD,,,,,,,,,,,,
Dividend (Ordinary),2023-03-16,13:55:33,O,Realty Income,31.0,0.22,USD,Not available,,,5.55,GBP,1.18,USD,,,,,,,,,,,,
Dividend (Ordinary),2023-03-16,14:58:59,CWEN,Clearway Energy,113.0,0.32,USD,Not available,,,29.74,GBP,6.35,USD,,,,,,,,,,,,
Dividend (Ordinary),2023-03-16,15:04:59,HRZN,Horizon Technology Finance,266.0,0.09,USD,Not available,,,20.61,GBP,4.39,USD,,,,,,,,,,,,
Dividend (Ordinary),2023-03-16,15:22:53,NEE,NextEra Energy,42.0,0.4,USD,Not available,,,13.83,GBP,2.95,USD,,,,,,,,,,,,
Market buy,2023-03-17,13:30:25,O,Realty Income,1.0,62.09,USD,1.21446,,GBP,51.21,GBP,,,,,,,,EOF2318989185,0.08,GBP,,,,
Market buy,2023-03-17,13:30:06,VICI,VICI Properties,3.0,31.66,USD,1.21451,,GBP,78.32,GBP,,,,,,,,EOF2318588676,0.12,GBP,,,,
Dividend (Ordinary),2023-03-24,09:38:24,QCOM,Qualcomm,32.0,0.64,USD,Not available,,,16.65,GBP,3.6,USD,,,,,,,,,,,,
Dividend (Ordinary),2023-03-24,09:38:24,QCOM,Qualcomm,5.0,0.64,USD,Not available,,,2.6,GBP,0.56,USD,,,,,,,,,,,,
Dividend (Ordinary),2023-03-24,09:42:08,HD,Home Depot,14.0,1.78,USD,Not available,,,20.29,GBP,4.39,USD,,,,,,,,,,,,
Dividend (Ordinary),2023-03-27,12:41:28,WM,Waste Management,10.0,0.6,USD,Not available,,,4.86,GBP,1.05,USD,,,,,,,,,,,,
Dividend (Ordinary),2023-03-27,12:41:28,WM,Waste Management,10.0,0.6,USD,Not available,,,4.86,GBP,1.05,USD,,,,,,,,,,,,
Market sell,2023-03-28,12:41:35,SBNY,Signature Bank,5.0,0.76,USD,1.23225,-757.82,GBP,3.08,GBP,,,,,,,,EOF2334385792,,,,,,
Deposit,2023-03-30,09:34:19,,,,,,,,,1000.0,GBP,,,1000,GBP,,,Transaction ID: f0f17a18-83af-4e6a-b39f-e584aebae829,50625309-3413-4449-9714-b0bcd04dc7ac,,,,,,
Market sell,2023-03-30,12:00:01,SBNY,Signature Bank,14.0,0.26,USD,1.2339,-2081.89,GBP,2.99,GBP,,,,,,,,EOF2337700682,,,,,,
Market buy,2023-03-30,13:30:01,GOOD,Gladstone Commercial,20.0,12.71,USD,1.23772,,GBP,205.69,GBP,,,,,,,,EOF2338861809,0.31,GBP,,,,
Market buy,2023-03-30,13:30:08,AMT,American Tower,0.7070403,202.0,USD,1.2378,,GBP,115.55,GBP,,,,,,,,EOF2338865329,0.17,GBP,,,,
Market buy,2023-03-30,13:30:09,SPG,Simon Property,3.0,108.0,USD,1.2378,,GBP,262.14,GBP,,,,,,,,EOF2338865515,0.39,GBP,,,,
Market buy,2023-03-30,13:30:10,AMT,American Tower,0.2929597,202.44,USD,1.23781,,GBP,47.98,GBP,,,,,,,,EOF2338866196,0.07,GBP,,,,
Market buy,2023-03-30,13:30:14,AMT,American Tower,1.0,202.34,USD,1.23774,,GBP,163.73,GBP,,,,,,,,EOF2338867433,0.25,GBP,,,,
Market buy,2023-03-30,13:30:31,DLR,Digital Realty Trust,3.0,93.99,USD,1.23766,,GBP,228.17,GBP,,,,,,,,EOF2338868016,0.34,GBP,,,,
Dividend (Ordinary),2023-03-31,14:12:21,PSA,Public Storage,4.0,2.55,USD,Not available,,,8.25,GBP,1.8,USD,,,,,,,,,,,,
Dividend (Ordinary),2023-03-31,14:12:21,PSA,Public Storage,9.0,2.55,USD,Not available,,,18.56,GBP,4.05,USD,,,,,,,,,,,,
Dividend (Ordinary),2023-04-03,12:16:09,AVGO,Broadcom,8.0,3.91,USD,Not available,,,25.39,GBP,5.52,USD,,,,,,,,,,,,
Dividend (Ordinary),2023-04-03,12:19:30,MTB,M&T Bank,15.0,1.11,USD,Not available,,,13.45,GBP,2.93,USD,,,,,,,,,,,,
Dividend (Ordinary),2023-04-03,12:21:49,DLR,Digital Realty Trust,13.0,1.04,USD,Not available,,,10.95,GBP,2.38,USD,,,,,,,,,,,,
Dividend (Ordinary),2023-04-03,12:23:45,LTC,LTC Properties,60.0,0.16,USD,Not available,,,7.87,GBP,1.71,USD,,,,,,,,,,,,
Dividend (Ordinary),2023-04-03,12:32:10,EXR,Extra Space Storage,8.0,1.38,USD,Not available,,,8.95,GBP,1.94,USD,,,,,,,,,,,,
Dividend (Ordinary),2023-04-03,12:32:43,ICE,Intercontinental Exchange,5.0,0.36,USD,Not available,,,1.45,GBP,0.32,USD,,,,,,,,,,,,
Dividend (Ordinary),2023-04-03,12:34:38,SPG,Simon Property,16.0,1.53,USD,Not available,,,19.89,GBP,4.32,USD,,,,,,,,,,,,
Dividend (Ordinary),2023-04-03,12:35:45,SCI,Service Corp International,14.0,0.23,USD,Not available,,,2.61,GBP,0.57,USD,,,,,,,,,,,,
Dividend (Ordinary),2023-04-03,12:36:04,HI,Hillenbrand,2.0,0.19,USD,Not available,,,0.3,GBP,0.07,USD,,,,,,,,,,,,
Dividend (Ordinary),2023-04-03,12:38:20,GOOD,Gladstone Commercial,113.0,0.09,USD,Not available,,,7.79,GBP,1.7,USD,,,,,,,,,,,,
Market buy,2023-04-03,17:21:37,O,Realty Income,2.0,62.73,USD,1.23919,,GBP,101.39,GBP,,,,,,,,EOF2346958782,0.15,GBP,,,,
Dividend (Ordinary),2023-04-03,12:13:37,UNP,Union Pacific,13.0,1.11,USD,Not available,,,11.68,GBP,2.54,USD,,,,,,,,,,,,
Dividend (Ordinary),2023-04-03,12:16:09,AVGO,Broadcom,2.0,3.91,USD,Not available,,,6.35,GBP,1.38,USD,,,,,,,,,,,,
Dividend (Ordinary),2023-04-03,12:21:49,DLR,Digital Realty Trust,39.0,1.04,USD,Not available,,,32.86,GBP,7.14,USD,,,,,,,,,,,,
Dividend (Ordinary),2023-04-03,12:23:45,LTC,LTC Properties,57.0,0.16,USD,Not available,,,7.47,GBP,1.62,USD,,,,,,,,,,,,
Dividend (Ordinary),2023-04-03,12:32:10,EXR,Extra Space Storage,18.0,1.38,USD,Not available,,,20.14,GBP,4.37,USD,,,,,,,,,,,,
Dividend (Ordinary),2023-04-03,12:32:43,ICE,Intercontinental Exchange,18.0,0.36,USD,Not available,,,5.22,GBP,1.13,USD,,,,,,,,,,,,
Dividend (Ordinary),2023-04-03,12:34:38,SPG,Simon Property,26.0,1.53,USD,Not available,,,32.32,GBP,7.02,USD,,,,,,,,,,,,
Dividend (Ordinary),2023-04-03,12:35:45,SCI,Service Corp International,37.0,0.23,USD,Not available,,,6.89,GBP,1.5,USD,,,,,,,,,,,,
Dividend (Ordinary),2023-04-03,12:36:04,HI,Hillenbrand,100.0,0.19,USD,Not available,,,15.18,GBP,3.3,USD,,,,,,,,,,,,
Dividend (Ordinary),2023-04-03,12:38:20,GOOD,Gladstone Commercial,172.0,0.09,USD,Not available,,,11.86,GBP,2.58,USD,,,,,,,,,,,,
Market sell,2023-04-03,13:30:47,DIS,Walt Disney,23.0,99.97,USD,1.23846,-1201.33,GBP,1853.81,GBP,,,,,,,,EOF2344927714,2.78,GBP,,,,
Market buy,2023-04-03,13:40:36,HD,Home Depot,2.0,296.79,USD,1.23928,,GBP,479.69,GBP,,,,,,,,EOF2346062978,0.72,GBP,,,,
Market buy,2023-04-03,13:42:06,AMT,American Tower,3.0,201.73,USD,1.23924,,GBP,489.08,GBP,,,,,,,,EOF2346063595,0.73,GBP,,,,
Market buy,2023-04-03,13:53:21,WELL,Welltower,1.138187,72.25,USD,1.23937,,GBP,66.45,GBP,,,,,,,,EOF2346068181,0.1,GBP,,,,
Market buy,2023-04-03,13:53:22,WELL,Welltower,3.861813,72.26,USD,1.23943,,GBP,225.49,GBP,,,,,,,,EOF2346068183,0.34,GBP,,,,
Market buy,2023-04-03,14:23:28,HRZN,Horizon Technology Finance,20.0,11.3,USD,1.24113,,GBP,182.36,GBP,,,,,,,,EOF2346076789,0.27,GBP,,,,
Market buy,2023-04-03,14:25:08,LTC,LTC Properties,5.0,35.0,USD,1.24117,,GBP,141.2,GBP,,,,,,,,EOF2346077096,0.21,GBP,,,,
Market buy,2023-04-03,14:28:25,AMT,American Tower,1.0,201.7,USD,1.24139,,GBP,162.72,GBP,,,,,,,,EOF2346077935,0.24,GBP,,,,
Market buy,2023-04-03,14:33:08,AMT,American Tower,1.0,201.63,USD,1.24078,,GBP,162.74,GBP,,,,,,,,EOF2346078916,0.24,GBP,,,,
Dividend (Ordinary),2023-04-04,14:18:18,NKE,Nike,20.0,0.29,USD,Not available,,,4.65,GBP,1.02,USD,,,,,,,,,,,,
Dividend (Ordinary),2023-04-07,11:41:29,VICI,VICI Properties,125.0,0.33,USD,Not available,,,33.31,GBP,7.31,USD,,,,,,,,,,,,
Dividend (Ordinary),2023-04-07,11:42:49,STX,Seagate Technology,8.0,0.53,USD,Not available,,,3.38,GBP,1.4,USD,,,,,,,,,,,,
Dividend (Ordinary),2023-04-07,11:41:29,VICI,VICI Properties,38.0,0.33,USD,Not available,,,10.12,GBP,2.22,USD,,,,,,,,,,,,
Dividend (Ordinary),2023-04-07,11:42:49,STX,Seagate Technology,27.0,0.53,USD,Not available,,,11.39,GBP,4.73,USD,,,,,,,,,,,,
Market sell,2023-04-10,13:40:56,O,Realty Income,54.0,62.04,USD,1.23623,157.43,GBP,2705.97,GBP,,,,,0.02,0.01,,EOF2354607214,4.07,GBP,GBP,GBP,,
Withdrawal,2023-04-10,13:42:06,,,,,,,,,2762.0,GBP,,,,,,,,5692e4f0-a348-4a50-9026-a50f39db8621,,,,,,
Market sell,2023-04-10,13:44:29,HRZN,Horizon Technology Finance,140.0,11.26,USD,1.23578,-98.0,GBP,1273.72,GBP,,,,,,,,EOF2354607844,1.91,GBP,,,,
Withdrawal,2023-04-10,13:45:14,,,,,,,,,1273.0,GBP,,,,,,,,4656face-0b68-41c5-acb1-b70fbd4f1c86,,,,,,
Market sell,2023-04-10,13:47:23,LTC,LTC Properties,60.0,34.09,USD,1.23617,84.17,GBP,1651.9,GBP,,,,,0.01,0.01,,EOF2354608255,2.48,GBP,GBP,GBP,,
Withdrawal,2023-04-10,13:47:50,,,,,,,,,1652.0,GBP,,,,,,,,731985b3-21e9-4ee5-a661-8523732b290a,,,,,,
Market sell,2023-04-10,13:49:35,GOOD,Gladstone Commercial,133.0,12.5,USD,1.23615,-466.44,GBP,1342.88,GBP,,,,,,,,EOF2354608578,2.02,GBP,,,,
Withdrawal,2023-04-10,13:49:59,,,,,,,,,1343.0,GBP,,,,,,,,0044f39c-797c-4cf2-94c5-d433d1fa8f9c,,,,,,
Market sell,2023-04-10,13:52:09,NYMT,New York Mortgage Trust,99.0,10.21,USD,1.23603,-135.59,GBP,816.47,GBP,,,,,0.01,0.01,,EOF2354608892,1.23,GBP,GBP,GBP,,
Withdrawal,2023-04-10,13:52:39,,,,,,,,,817.0,GBP,,,,,,,,7eba8706-d67b-4689-94d4-2fbf3295151d,,,,,,
Market sell,2023-04-10,13:54:05,RITM,Rithm Capital,102.0,7.85,USD,1.23586,-110.32,GBP,646.92,GBP,,,,,,,,EOF2354609195,0.97,GBP,,,,
Withdrawal,2023-04-10,13:54:27,,,,,,,,,647.0,GBP,,,,,,,,260f2b7e-8356-49f3-9104-87730ef3d9f8,,,,,,
Market sell,2023-04-10,13:55:50,NLY,Annaly Capital Management,57.504,19.1,USD,1.23553,-186.3,GBP,887.61,GBP,,,,,,,,EOF2354609753,1.33,GBP,,,,
Market sell,2023-04-10,13:55:52,NLY,Annaly Capital Management,15.496,19.1,USD,1.23558,-50.21,GBP,239.18,GBP,,,,,,,,EOF2354609756,0.36,GBP,,,,
Withdrawal,2023-04-10,13:56:23,,,,,,,,,1126.0,GBP,,,,,,,,230a578c-1b6d-4606-bb9d-730e077c45d4,,,,,,
Market sell,2023-04-10,13:58:05,OHI,Omega Healthcare Investors,47.49,27.35,USD,1.23576,-144.26,GBP,1049.47,GBP,,,,,,,,EOF2354610170,1.58,GBP,,,,
Market sell,2023-04-10,13:58:07,OHI,Omega Healthcare Investors,2.51,27.35,USD,1.23578,-7.63,GBP,55.47,GBP,,,,,,,,EOF2354610176,0.08,GBP,,,,
Withdrawal,2023-04-10,13:58:30,,,,,,,,,1105.0,GBP,,,,,,,,2284592e-1efe-4833-bda6-2d590f21320b,,,,,,
Market sell,2023-04-10,14:00:02,VICI,VICI Properties,100.0,32.35,USD,1.23547,-121.39,GBP,2614.2,GBP,,,,,0.02,0.01,,EOF2354610559,3.93,GBP,GBP,GBP,,
Market sell,2023-04-10,14:00:02,VICI,VICI Properties,25.0,32.34,USD,1.23546,-30.45,GBP,653.45,GBP,,,,,0.01,,,EOF2354610560,0.98,GBP,GBP,,,
Withdrawal,2023-04-10,14:00:24,,,,,,,,,3268.0,GBP,,,,,,,,13a6259c-0a86-4718-8fdc-ac901d428f82,,,,,,
Market sell,2023-04-10,14:02:25,SPG,Simon Property,19.0,110.15,USD,1.23567,109.55,GBP,1691.56,GBP,,,,,0.01,,,EOF2354611054,2.54,GBP,GBP,,,
Withdrawal,2023-04-10,14:02:49,,,,,,,,,1691.0,GBP,,,,,,,,d7f761d8-8564-4308-87c0-0d29830297c1,,,,,,
Market sell,2023-04-10,14:04:36,DLR,Digital Realty Trust,4.809,89.55,USD,1.23625,-83.61,GBP,347.83,GBP,,,,,,,,EOF2354611498,0.52,GBP,,,,
Market sell,2023-04-10,14:04:37,DLR,Digital Realty Trust,11.191,89.47,USD,1.23627,-195.31,GBP,808.69,GBP,,,,,,,,EOF2354611504,1.21,GBP,,,,
Withdrawal,2023-04-10,14:05:03,,,,,,,,,1157.0,GBP,,,,,,,,e18819e0-e809-43a7-a3ee-b67209b4dd55,,,,,,
Market sell,2023-04-10,14:07:18,WELL,Welltower,58.0,71.48,USD,1.23629,432.74,GBP,3349.03,GBP,,,,,0.03,0.01,,EOF2354612078,5.03,GBP,GBP,GBP,,
Withdrawal,2023-04-10,14:08:12,,,,,,,,,3159.0,GBP,,,,,,,,74a67bb4-1eaa-47f7-a105-e09a44b0d3ce,,,,,,
Market buy,2023-04-10,14:12:05,WELL,Welltower,0.092363,71.59,USD,1.23612,,GBP,5.36,GBP,,,,,,,,EOF2354612703,0.01,GBP,,,,
Market buy,2023-04-10,14:12:15,WELL,Welltower,0.907637,71.59,USD,1.23614,,GBP,52.64,GBP,,,,,,,,EOF2354612726,0.08,GBP,,,,
Market buy,2023-04-10,14:13:50,GMRE,Global Medical REIT,15.0,9.2,USD,1.23632,,GBP,111.79,GBP,,,,,,,,EOF2354613014,0.17,GBP,,,,
Market buy,2023-04-10,13:30:16,GMRE,Global Medical REIT,5.0,9.19,USD,1.23565,,GBP,37.25,GBP,,,,,,,,EOF2353722018,0.06,GBP,,,,
Market buy,2023-04-10,13:30:16,GMRE,Global Medical REIT,5.0,9.19,USD,1.23565,,GBP,37.25,GBP,,,,,,,,EOF2353721897,0.06,GBP,,,,
Market buy,2023-04-10,17:50:09,GMRE,Global Medical REIT,5.0,9.16,USD,1.23781,,GBP,37.06,GBP,,,,,,,,EOF2355021437,0.06,GBP,,,,
Deposit,2023-04-10,13:42:06,,,,,,,,,2762.0,GBP,,,2762,GBP,,,,7a2b8b1b-4d77-4136-ba0c-c80907de2b50,,,,,,
Market buy,2023-04-10,13:42:39,O,Realty Income,52.0,62.04,USD,1.23621,,GBP,2613.04,GBP,,,,,,,,EOF2353748517,3.91,GBP,,,,
Deposit,2023-04-10,13:45:14,,,,,,,,,1273.0,GBP,,,1273,GBP,,,,c2a7315b-6bb8-43de-9b49-66b50d0beaf8,,,,,,
Market buy,2023-04-10,13:45:59,HRZN,Horizon Technology Finance,140.0,11.33,USD,1.23637,,GBP,1284.87,GBP,,,,,,,,EOF2353749193,1.92,GBP,,,,
Deposit,2023-04-10,13:47:50,,,,,,,,,1652.0,GBP,,,1652,GBP,,,,862872e9-ea96-476e-a320-1cdf9a44d32d,,,,,,
Market buy,2023-04-10,13:48:16,LTC,LTC Properties,60.0,34.17,USD,1.23627,,GBP,1660.83,GBP,,,,,,,,EOF2353749823,2.49,GBP,,,,
Deposit,2023-04-10,13:49:59,,,,,,,,,1343.0,GBP,,,1343,GBP,,,,b0b8195e-23c9-49ca-8f0b-bd08ca1abb3e,,,,,,
Market buy,2023-04-10,13:50:36,GOOD,Gladstone Commercial,133.0,12.53,USD,1.23599,,GBP,1350.32,GBP,,,,,,,,EOF2353750236,2.02,GBP,,,,
Deposit,2023-04-10,13:52:39,,,,,,,,,817.0,GBP,,,817,GBP,,,,1bd809bb-09c7-4379-b5ae-cb1f9ae5809d,,,,,,
Market buy,2023-04-10,13:52:54,NYMT,New York Mortgage Trust,99.0,10.21,USD,1.23584,,GBP,818.76,GBP,,,,,,,,EOF2353750549,1.23,GBP,,,,
Deposit,2023-04-10,13:54:27,,,,,,,,,647.0,GBP,,,647,GBP,,,,dd62f1b8-32f2-4851-b2de-0afa60448468,,,,,,
Market buy,2023-04-10,13:54:52,RITM,Rithm Capital,102.0,7.86,USD,1.23545,,GBP,649.9,GBP,,,,,,,,EOF2353750826,0.97,GBP,,,,
Deposit,2023-04-10,13:56:23,,,,,,,,,1126.0,GBP,,,1126,GBP,,,,401939b5-f581-4a61-a648-cdb83ed27c25,,,,,,
Market buy,2023-04-10,13:56:47,NLY,Annaly Capital Management,73.0,19.12,USD,1.23566,,GBP,1131.26,GBP,,,,,,,,EOF2353751168,1.69,GBP,,,,
Deposit,2023-04-10,13:58:30,,,,,,,,,1105.0,GBP,,,1105,GBP,,,,e9347f6c-6de4-4177-996c-182833ff8d35,,,,,,
Market buy,2023-04-10,13:58:57,OHI,Omega Healthcare Investors,50.0,27.38,USD,1.23556,,GBP,1109.65,GBP,,,,,,,,EOF2353751559,1.66,GBP,,,,
Deposit,2023-04-10,14:00:24,,,,,,,,,3268.0,GBP,,,3268,GBP,,,,1ace08b2-ffc3-4505-98b8-fffb2809b12f,,,,,,
Market buy,2023-04-10,14:00:55,VICI,VICI Properties,120.0,32.38,USD,1.23511,,GBP,3149.53,GBP,,,,,,,,EOF2353751866,4.72,GBP,,,,
Market buy,2023-04-10,14:01:13,VICI,VICI Properties,5.0,32.38,USD,1.23527,,GBP,131.26,GBP,,,,,,,,EOF2353751899,0.2,GBP,,,,
Deposit,2023-04-10,14:02:49,,,,,,,,,1691.0,GBP,,,1691,GBP,,,,50eda118-1ec1-4952-91c1-47f03f61250a,,,,,,
Market buy,2023-04-10,14:03:11,SPG,Simon Property,19.0,110.17,USD,1.2357,,GBP,1696.42,GBP,,,,,,,,EOF2353752315,2.54,GBP,,,,
Deposit,2023-04-10,14:05:03,,,,,,,,,1157.0,GBP,,,1157,GBP,,,,3edae35b-4f3b-4753-adcf-649ea9d0d358,,,,,,
Market buy,2023-04-10,14:05:33,DLR,Digital Realty Trust,16.0,89.6,USD,1.23614,,GBP,1161.48,GBP,,,,,,,,EOF2355002772,1.74,GBP,,,,
Deposit,2023-04-10,14:08:12,,,,,,,,,3159.0,GBP,,,3159,GBP,,,,0b3e1b0e-4637-431c-ab7a-7ba69370b51a,,,,,,
Market buy,2023-04-10,14:09:40,WELL,Welltower,50.0,71.52,USD,1.23633,,GBP,2896.27,GBP,,,,,,,,EOF2355003473,4.34,GBP,,,,
Market buy,2023-04-10,14:10:44,WELL,Welltower,5.0,71.57,USD,1.23615,,GBP,289.92,GBP,,,,,,,,EOF2355003623,0.43,GBP,,,,
Market buy,2023-04-10,14:11:23,WELL,Welltower,2.0,71.55,USD,1.23593,,GBP,115.95,GBP,,,,,,,,EOF2355003761,0.17,GBP,,,,
Dividend (Ordinary),2023-04-11,08:31:50,HASI,Hannon Armstrong Sustainable Infrastructure Capital,42.0,0.34,USD,Not available,,,11.36,GBP,2.49,USD,,,,,,,,,,,,
Dividend (Ordinary),2023-04-11,08:34:08,MRK,Merck & Co,22.0,0.62,USD,Not available,,,11.0,GBP,2.41,USD,,,,,,,,,,,,
Market buy,2023-04-11,13:30:16,GMRE,Global Medical REIT,5.0,9.36,USD,1.24359,,GBP,37.69,GBP,,,,,,,,EOF2355598804,0.06,GBP,,,,
Market buy,2023-04-11,13:30:08,GMRE,Global Medical REIT,2.67588,9.31,USD,1.24356,,GBP,20.06,GBP,,,,,,,,EOF2355985201,0.03,GBP,,,,
Market buy,2023-04-11,13:30:16,GMRE,Global Medical REIT,3.32412,9.36,USD,1.24359,,GBP,25.06,GBP,,,,,,,,EOF2355988019,0.04,GBP,,,,
Dividend (Ordinary),2023-04-11,08:31:50,HASI,Hannon Armstrong Sustainable Infrastructure Capital,93.0,0.34,USD,Not available,,,25.15,GBP,5.51,USD,,,,,,,,,,,,
Dividend (Ordinary),2023-04-11,08:34:08,MRK,Merck & Co,24.0,0.62,USD,Not available,,,12.0,GBP,2.63,USD,,,,,,,,,,,,
Dividend (Ordinary),2023-04-17,09:48:03,HRZN,Horizon Technology Finance,140.0,0.09,USD,Not available,,,10.57,GBP,2.31,USD,,,,,,,,,,,,
Dividend (Ordinary),2023-04-17,10:01:57,O,Realty Income,52.0,0.22,USD,Not available,,,9.08,GBP,1.99,USD,,,,,,,,,,,,
Dividend (Ordinary),2023-04-17,10:04:24,MDT,Medtronic,3.0,0.51,USD,Not available,,,1.23,GBP,0.51,USD,,,,,,,,,,,,
Deposit,2023-04-17,10:22:51,,,,,,,,,400.0,GBP,,,400,GBP,,,Transaction ID: 0ec7fe7c-2223-46e0-971b-1e5c18951c90,1fc29e73-9c72-4352-bc41-fca48d78956e,,,,,,
Market buy,2023-04-17,13:30:01,GMRE,Global Medical REIT,51.0,9.36,USD,1.24029,,GBP,385.46,GBP,,,,,,,,EOF2364132376,0.58,GBP,,,,
Market buy,2023-04-17,13:30:19,GMRE,Global Medical REIT,5.40373,9.36,USD,1.24029,,GBP,40.84,GBP,,,,,,,,EOF2364142741,0.06,GBP,,,,
Market buy,2023-04-17,13:30:15,GMRE,Global Medical REIT,5.0,9.36,USD,1.24026,,GBP,37.79,GBP,,,,,,,,EOF2364663421,0.06,GBP,,,,
Dividend (Ordinary),2023-04-17,09:48:03,HRZN,Horizon Technology Finance,266.0,0.09,USD,Not available,,,20.08,GBP,4.39,USD,,,,,,,,,,,,
Dividend (Ordinary),2023-04-17,10:01:57,O,Realty Income,32.0,0.22,USD,Not available,,,5.59,GBP,1.22,USD,,,,,,,,,,,,
Dividend (Ordinary),2023-04-17,10:04:24,MDT,Medtronic,24.0,0.51,USD,Not available,,,9.87,GBP,4.08,USD,,,,,,,,,,,,
Dividend (Ordinary),2023-04-18,10:29:53,ECL,Ecolab,11.0,0.45,USD,Not available,,,3.99,GBP,0.87,USD,,,,,,,,,,,,
Deposit,2023-04-26,16:12:05,,,,,,,,,100.0,GBP,,,100,GBP,,,Transaction ID: ed216b36-16bd-477a-83f4-9ba3d4464428,b9849794-7563-4450-9432-452d9d0c5ddf,,,,,,
Market buy,2023-04-26,16:13:54,GMRE,Global Medical REIT,12.06,9.1,USD,1.24811,,GBP,88.06,GBP,,,,,,,,EOF2380323650,0.13,GBP,,,,
Dividend (Ordinary),2023-04-27,08:16:26,NYMT,New York Mortgage Trust,99.0,0.34,USD,Not available,,,27.01,GBP,5.94,USD,,,,,,,,,,,,
Deposit,2023-04-27,09:27:50,,,,,,,,,1000.0,GBP,,,1000,GBP,,,Transaction ID: 8d79acc6-e456-447a-a95f-7b1e1fea0034,60470c83-e195-4f42-a4fb-59369d5e5a30,,,,,,
Market buy,2023-04-27,13:30:07,AMT,American Tower,1.0,201.35,USD,1.24425,,GBP,162.06,GBP,,,,,,,,EOF2381475823,0.24,GBP,,,,
Market buy,2023-04-27,13:30:08,SPG,Simon Property,2.0,108.78,USD,1.24419,,GBP,175.12,GBP,,,,,,,,EOF2381476839,0.26,GBP,,,,
Market buy,2023-04-27,13:30:01,GMRE,Global Medical REIT,1.0,9.05,USD,1.24429,,GBP,7.28,GBP,,,,,,,,EOF2381472755,0.01,GBP,,,,
Market buy,2023-04-27,13:30:01,GMRE,Global Medical REIT,1.0,9.05,USD,1.24429,,GBP,7.28,GBP,,,,,,,,EOF2381472759,0.01,GBP,,,,
Market buy,2023-04-27,13:30:01,GMRE,Global Medical REIT,1.0,9.05,USD,1.24429,,GBP,7.28,GBP,,,,,,,,EOF2381472761,0.01,GBP,,,,
Market buy,2023-04-27,13:30:01,GMRE,Global Medical REIT,1.0,9.05,USD,1.24429,,GBP,7.28,GBP,,,,,,,,EOF2381472774,0.01,GBP,,,,
Market buy,2023-04-27,13:30:01,GMRE,Global Medical REIT,83.0,9.05,USD,1.24429,,GBP,604.46,GBP,,,,,,,,EOF2381472784,0.91,GBP,,,,
Market buy,2023-04-27,14:12:25,GMRE,Global Medical REIT,1.64,9.13,USD,1.24688,,GBP,12.03,GBP,,,,,,,,EOF2381494875,0.02,GBP,,,,
Market buy,2023-04-27,13:30:08,GMRE,Global Medical REIT,0.602697,9.32,USD,1.24419,,GBP,4.52,GBP,,,,,,,,EOF2381617355,0.01,GBP,,,,
Market buy,2023-04-27,13:30:19,GMRE,Global Medical REIT,7.397303,9.23,USD,1.2442,,GBP,54.96,GBP,,,,,,,,EOF2381619253,0.08,GBP,,,,
Dividend (Ordinary),2023-04-27,08:16:26,NYMT,New York Mortgage Trust,216.0,0.34,USD,Not available,,,58.92,GBP,12.96,USD,,,,,,,,,,,,
Dividend (Ordinary),2023-04-27,13:14:19,CMCSA,Comcast,50.0,0.25,USD,Not available,,,9.89,GBP,2.18,USD,,,,,,,,,,,,
Market sell,2023-04-28,19:10:00,MTB,M&T Bank,15.0,124.92,USD,1.25593,1491.97,GBP,1489.72,GBP,,,,,0.01,,,EOF2384592557,2.24,GBP,GBP,,,
Market buy,2023-04-28,19:30:48,LTC,LTC Properties,5.0,33.33,USD,1.25618,,GBP,132.86,GBP,,,,,,,,EOF2384594182,0.2,GBP,,,,
Market buy,2023-04-28,19:31:26,OHI,Omega Healthcare Investors,5.0,26.71,USD,1.2564,,GBP,106.45,GBP,,,,,,,,EOF2384594240,0.16,GBP,,,,
Market buy,2023-04-28,19:32:20,LTC,LTC Properties,4.939137,33.29,USD,1.2564,,GBP,131.07,GBP,,,,,,,,EOF2384594306,0.2,GBP,,,,
Market buy,2023-04-28,19:32:27,LTC,LTC Properties,5.060863,33.33,USD,1.25642,,GBP,134.45,GBP,,,,,,,,EOF2384594313,0.2,GBP,,,,
Market buy,2023-04-28,19:32:52,OHI,Omega Healthcare Investors,7.0,26.68,USD,1.25645,,GBP,148.86,GBP,,,,,,,,EOF2384594326,0.22,GBP,,,,
Market buy,2023-04-28,19:16:12,GMRE,Global Medical REIT,34.0,9.26,USD,1.25609,,GBP,250.99,GBP,,,,,,,,EOF2384593034,0.38,GBP,,,,
Market buy,2023-04-28,19:16:13,GMRE,Global Medical REIT,66.0,9.27,USD,1.25611,,GBP,487.47,GBP,,,,,,,,EOF2384593039,0.73,GBP,,,,
Market buy,2023-04-28,19:34:24,GMRE,Global Medical REIT,15.89,9.23,USD,1.25662,,GBP,116.89,GBP,,,,,,,,EOF2384594446,0.18,GBP,,,,
Dividend (Ordinary),2023-05-01,10:42:28,NLY,Annaly Capital Management,73.0,0.55,USD,Not available,,,32.18,GBP,7.12,USD,,,,,,,,,,,,
Dividend (Ordinary),2023-05-01,10:47:04,RITM,Rithm Capital,102.0,0.21,USD,Not available,,,17.29,GBP,3.83,USD,,,,,,,,,,,,
Dividend (Ordinary),2023-05-01,10:48:31,AMT,American Tower,4.0,1.33,USD,Not available,,,4.23,GBP,0.94,USD,,,,,,,,,,,,
Market buy,2023-05-01,13:30:17,GMRE,Global Medical REIT,2.936017,9.29,USD,1.25497,,GBP,21.76,GBP,,,,,,,,EOF3001373749,0.03,GBP,,,,
Market buy,2023-05-01,13:30:19,GMRE,Global Medical REIT,20.063983,9.33,USD,1.25495,,GBP,149.39,GBP,,,,,,,,EOF3001375454,0.22,GBP,,,,
Dividend (Ordinary),2023-05-01,10:36:32,LTC,LTC Properties,122.0,0.16,USD,Not available,,,15.73,GBP,3.48,USD,,,,,,,,,,,,
Dividend (Ordinary),2023-05-01,10:42:13,GOOD,Gladstone Commercial,305.0,0.09,USD,Not available,,,20.69,GBP,4.58,USD,,,,,,,,,,,,
Dividend (Ordinary),2023-05-01,10:42:28,NLY,Annaly Capital Management,132.0,0.55,USD,Not available,,,58.19,GBP,12.87,USD,,,,,,,,,,,,
Dividend (Ordinary),2023-05-01,10:47:04,RITM,Rithm Capital,334.0,0.21,USD,Not available,,,56.63,GBP,12.53,USD,,,,,,,,,,,,
Dividend (Ordinary),2023-05-01,10:48:31,AMT,American Tower,18.0,1.33,USD,Not available,,,19.03,GBP,4.21,USD,,,,,,,,,,,,
Dividend (Ordinary),2023-05-02,11:41:01,JPM,JPMorgan Chase & Co,6.0,0.85,USD,Not available,,,4.09,GBP,0.9,USD,,,,,,,,,,,,
Market buy,2023-05-02,13:42:05,GMRE,Global Medical REIT,10.1,9.11,USD,1.24518,,GBP,74.0,GBP,,,,,,,,EOF3004714965,0.11,GBP,,,,
Dividend (Ordinary),2023-05-02,11:32:46,T,AT&T,78.0,0.24,USD,Not available,,,14.75,GBP,3.25,USD,,,,,,,,,,,,
Dividend (Ordinary),2023-05-02,11:41:01,JPM,JPMorgan Chase & Co,16.0,0.85,USD,Not available,,,10.92,GBP,2.4,USD,,,,,,,,,,,,
Deposit,2023-05-14,17:42:34,,,,,,,,,200.0,GBP,,,200,GBP,,,Transaction ID: f3f0fd6a-8ff9-4ecf-944b-047e09b685de,30b33812-65b1-4907-875a-968f84ca4d72,,,,,,
Market buy,2023-05-15,13:30:21,GMRE,Global Medical REIT,28.0,8.97,USD,1.25095,,GBP,201.08,GBP,,,,,,,,EOF3024095242,0.3,GBP,,,,
Deposit,2023-05-16,09:25:54,,,,,,,,,200.0,GBP,,,200,GBP,,,Transaction ID: 0d1b9c90-b71b-410e-917a-dd0d5de8514f,9b21a202-fa56-40fc-a858-2b514bfff3ce,,,,,,
Dividend (Ordinary),2023-05-16,09:38:40,ABBV,AbbVie,7.0,1.26,USD,Not available,,,7.03,GBP,1.55,USD,,,,,,,,,,,,
Market buy,2023-05-16,13:30:04,GMRE,Global Medical REIT,28.0,8.88,USD,1.25053,,GBP,199.13,GBP,,,,,,,,EOF3025695528,0.3,GBP,,,,
Market buy,2023-05-16,13:30:07,GMRE,Global Medical REIT,22.0,8.88,USD,1.25053,,GBP,156.45,GBP,,,,,,,,EOF3025591599,0.23,GBP,,,,
Dividend (Ordinary),2023-05-16,09:38:40,ABBV,AbbVie,26.0,1.26,USD,Not available,,,26.12,GBP,5.77,USD,,,,,,,,,,,,
Dividend (Ordinary),2023-05-16,09:39:28,AOS,A O Smith,74.0,0.26,USD,Not available,,,15.07,GBP,3.33,USD,,,,,,,,,,,,
Dividend (Ordinary),2023-05-16,09:42:25,O,Realty Income,84.0,0.22,USD,Not available,,,14.55,GBP,3.21,USD,,,,,,,,,,,,
Dividend (Ordinary),2023-05-16,09:43:48,OHI,Omega Healthcare Investors,158.0,0.57,USD,Not available,,,71.91,GBP,15.88,USD,,,,,,,,,,,,
Dividend (Ordinary),2023-05-17,11:45:45,HRZN,Horizon Technology Finance,426.0,0.09,USD,Not available,,,31.96,GBP,7.03,USD,,,,,,,,,,,,
Dividend (Ordinary),2023-05-19,11:04:24,AAPL,Apple,12.0,0.2,USD,Not available,,,1.97,GBP,0.43,USD,,,,,,,,,,,,
Dividend (Ordinary),2023-05-19,11:04:24,AAPL,Apple,25.0,0.2,USD,Not available,,,4.11,GBP,0.9,USD,,,,,,,,,,,,
Dividend (Ordinary),2023-05-22,12:11:59,CAT,Caterpillar,2.0,1.02,USD,Not available,,,1.64,GBP,0.36,USD,,,,,,,,,,,,
Dividend (Ordinary),2023-05-22,12:13:39,COST,Costco Wholesale,4.0,0.87,USD,Not available,,,2.79,GBP,0.61,USD,,,,,,,,,,,,
Dividend (Ordinary),2023-05-22,12:11:59,CAT,Caterpillar,21.0,1.02,USD,Not available,,,17.22,GBP,3.78,USD,,,,,,,,,,,,
Dividend (Ordinary),2023-05-22,12:13:39,COST,Costco Wholesale,6.0,0.87,USD,Not available,,,4.18,GBP,0.92,USD,,,,,,,,,,,,
Dividend (Ordinary),2023-05-24,11:40:18,WELL,Welltower,1.0,0.52,USD,Not available,,,0.42,GBP,0.09,USD,,,,,,,,,,,,
Market buy,2023-05-24,13:30:09,GMRE,Global Medical REIT,12.0,8.67,USD,1.24068,,GBP,83.99,GBP,,,,,,,,EOF3040483534,0.13,GBP,,,,
Dividend (Ordinary),2023-05-24,11:40:18,WELL,Welltower,70.0,0.52,USD,Not available,,,29.16,GBP,6.41,USD,,,,,,,,,,,,
Deposit,2023-05-30,08:06:24,,,,,,,,,1000.0,GBP,,,1000,GBP,,,Transaction ID: 8c1825ef-5a25-4c5a-b093-4860faa01fea,d3440786-64de-4b59-b00e-0dbd94fb0adb,,,,,,
Market buy,2023-05-30,13:30:15,CWEN/A,Clearway Energy,1.0,28.5,USD,1.24355,,GBP,22.95,GBP,,,,,,,,EOF3052319578,0.03,GBP,,,,
Market buy,2023-05-30,13:30:16,VICI,VICI Properties,7.0,30.73,USD,1.24359,,GBP,173.23,GBP,,,,,,,,EOF3052319731,0.26,GBP,,,,
Market buy,2023-05-30,13:30:27,CWEN/A,Clearway Energy,0.182486,28.5,USD,1.24351,,GBP,4.19,GBP,,,,,,,,EOF3052323270,0.01,GBP,,,,
Market buy,2023-05-30,13:30:29,SPG,Simon Property,3.0,103.0,USD,1.24354,,GBP,248.85,GBP,,,,,,,,EOF3052324104,0.37,GBP,,,,
Market buy,2023-05-30,13:30:35,CWEN/A,Clearway Energy,1.578563,28.52,USD,1.24341,,GBP,36.26,GBP,,,,,,,,EOF3052327170,0.05,GBP,,,,
Market buy,2023-05-30,13:30:41,OHI,Omega Healthcare Investors,5.0,28.43,USD,1.24336,,GBP,114.5,GBP,,,,,,,,EOF3052330536,0.17,GBP,,,,
Market buy,2023-05-30,13:30:48,CWEN/A,Clearway Energy,2.238951,28.51,USD,1.24336,,GBP,51.42,GBP,,,,,,,,EOF3052335231,0.08,GBP,,,,
Market buy,2023-05-30,13:30:53,GMRE,Global Medical REIT,50.0,8.39,USD,1.24341,,GBP,337.89,GBP,,,,,,,,EOF3052339305,0.51,GBP,,,,
Dividend (Ordinary),2023-06-01,10:09:09,LTC,LTC Properties,15.0,0.16,USD,Not available,,,1.95,GBP,0.43,USD,,,,,,,,,,,,
Dividend (Ordinary),2023-06-01,10:05:31,GOOD,Gladstone Commercial,305.0,0.09,USD,Not available,,,20.89,GBP,4.58,USD,,,,,,,,,,,,
Dividend (Ordinary),2023-06-01,10:09:09,LTC,LTC Properties,122.0,0.16,USD,Not available,,,15.88,GBP,3.48,USD,,,,,,,,,,,,
Market buy,2023-06-02,13:30:16,GMRE,Global Medical REIT,10.0,8.76,USD,1.25338,,GBP,69.99,GBP,,,,,,,,EOF3062161067,0.1,GBP,,,,
Dividend (Ordinary),2023-06-02,10:35:52,AWR,American States Water,31.0,0.34,USD,Not available,,,8.36,GBP,1.85,USD,,,,,,,,,,,,
Dividend (Ordinary),2023-06-02,10:42:29,WTRG,Essential Utilities,66.0,0.24,USD,Not available,,,12.84,GBP,2.84,USD,,,,,,,,,,,,
Dividend (Ordinary),2023-06-05,09:19:05,HON,Honeywell International,15.0,0.88,USD,Not available,,,10.59,GBP,2.32,USD,,,,,,,,,,,,
Dividend (Dividends paid by us corporations),2023-06-07,13:49:10,JNJ,Johnson & Johnson,7.0,1.01,USD,Not available,,,5.71,GBP,1.25,USD,,,,,,,,,,,,
Dividend (Dividends paid by us corporations),2023-06-07,13:49:10,JNJ,Johnson & Johnson,8.0,1.01,USD,Not available,,,6.52,GBP,1.43,USD,,,,,,,,,,,,
Interest on cash,2023-06-10,21:03:43,,,,,,,,,0.01,GBP,,,0.01,GBP,,,Interest on cash,9e8ea0ee-9aed-435b-8564-29a037871b99,,,,,,
Dividend (Dividends paid by us corporations),2023-06-13,12:20:54,PETS,PetMed Express,56.0,0.26,USD,Not available,,,11.37,GBP,2.52,USD,,,,,,,,,,,,
Dividend (Dividends paid by us corporations),2023-06-13,12:18:49,MMM,3M,19.0,1.28,USD,Not available,,,19.28,GBP,4.28,USD,,,,,,,,,,,,
Dividend (Dividends paid by us corporations),2023-06-13,12:20:54,PETS,PetMed Express,134.0,0.26,USD,Not available,,,27.2,GBP,6.03,USD,,,,,,,,,,,,
Dividend (Dividends paid by us corporations),2023-06-13,12:23:01,TGT,Target,27.0,0.92,USD,Not available,,,19.74,GBP,4.37,USD,,,,,,,,,,,,
Interest on cash,2023-06-13,21:03:14,,,,,,,,,0.01,GBP,,,0.01,GBP,,,Interest on cash,e361caba-aec1-4504-9b78-a8a69536daa8,,,,,,
Deposit,2023-06-14,13:21:01,,,,,,,,,200.0,GBP,,,200,GBP,,,Transaction ID: 99964128-21eb-4cd8-8ae1-9e241468f812,6b664ebf-0573-492a-aa95-5e9c08a72f4c,,,,,,
Interest on cash,2023-06-14,21:03:39,,,,,,,,,0.01,GBP,,,0.01,GBP,,,Interest on cash,86d66a2a-6501-4874-97de-74fd6152c45c,,,,,,
Interest on cash,2023-06-15,21:03:09,,,,,,,,,0.01,GBP,,,0.01,GBP,,,Interest on cash,21e25b1f-ef2a-4c84-940d-466df8ea5153,,,,,,
Dividend (Dividends paid by us corporations),2023-06-15,12:15:22,HRZN,Horizon Technology Finance,426.0,0.09,USD,Not available,,,31.51,GBP,7.03,USD,,,,,,,,,,,,
Interest on cash,2023-06-15,21:03:29,,,,,,,,,0.01,GBP,,,0.01,GBP,,,Interest on cash,ce25670a-2461-4a84-999b-8e5ed15bcf3f,,,,,,
Dividend (Dividends paid by us corporations),2023-06-16,14:15:09,CWEN/A,Clearway Energy,32.0,0.32,USD,Not available,,,8.12,GBP,1.83,USD,,,,,,,,,,,,
Interest on cash,2023-06-16,21:03:12,,,,,,,,,0.01,GBP,,,0.01,GBP,,,Interest on cash,febce784-26e3-4a6f-baab-5d292bdb5e43,,,,,,
Dividend (Dividends paid by us corporations),2023-06-16,14:14:26,NEE,NextEra Energy,42.0,0.4,USD,Not available,,,13.05,GBP,2.95,USD,,,,,,,,,,,,
Dividend (Dividends paid by us corporations),2023-06-16,14:16:20,O,Realty Income,84.0,0.22,USD,Not available,,,14.23,GBP,3.21,USD,,,,,,,,,,,,
Dividend (Dividends paid by us corporations),2023-06-16,14:16:24,CWEN,Clearway Energy,113.0,0.32,USD,Not available,,,28.66,GBP,6.47,USD,,,,,,,,,,,,
Dividend (Dividends paid by us corporations),2023-06-16,14:19:47,HD,Home Depot,16.0,1.78,USD,Not available,,,22.23,GBP,5.02,USD,,,,,,,,,,,,
Interest on cash,2023-06-17,21:03:31,,,,,,,,,0.01,GBP,,,0.01,GBP,,,Interest on cash,0b7119a4-ca1d-41b3-8569-3c39263a5ff3,,,,,,
Interest on cash,2023-06-17,21:03:02,,,,,,,,,0.01,GBP,,,0.01,GBP,,,Interest on cash,4b161869-20dc-4a87-a4ae-fe11511abf5b,,,,,,
Interest on cash,2023-06-18,21:03:17,,,,,,,,,0.01,GBP,,,0.01,GBP,,,Interest on cash,6fa18203-4850-4ee8-a469-e844559f4171,,,,,,
Interest on cash,2023-06-18,21:03:31,,,,,,,,,0.01,GBP,,,0.01,GBP,,,Interest on cash,f035b6fc-0e20-48d8-80ce-929e8c1b8a69,,,,,,
Dividend (Dividends paid by us corporations),2023-06-19,11:05:14,WM,Waste Management,10.0,0.6,USD,Not available,,,4.64,GBP,1.05,USD,,,,,,,,,,,,
Interest on cash,2023-06-19,21:03:25,,,,,,,,,0.01,GBP,,,0.01,GBP,,,Interest on cash,fdfc6ef4-8a4d-40b0-a35b-bc744238fe99,,,,,,
Dividend (Dividends paid by us corporations),2023-06-19,11:05:14,WM,Waste Management,10.0,0.6,USD,Not available,,,4.64,GBP,1.05,USD,,,,,,,,,,,,
Interest on cash,2023-06-19,21:03:04,,,,,,,,,0.01,GBP,,,0.01,GBP,,,Interest on cash,7d121803-72d5-4bb1-9c5e-5175b6749f37,,,,,,
Market buy,2023-06-20,13:30:43,GMRE,Global Medical REIT,30.0,9.55,USD,1.27374,,GBP,225.27,GBP,,,,,,,,EOF3105938675,0.34,GBP,,,,
Market buy,2023-06-20,13:30:42,LTC,LTC Properties,6.0,34.43,USD,1.27374,,GBP,162.42,GBP,,,,,,,,EOF3107312198,0.24,GBP,,,,
Interest on cash,2023-06-21,21:03:11,,,,,,,,,0.01,GBP,,,0.01,GBP,,,Interest on cash,0d06a350-93f3-4bcb-bd55-df864d11d12f,,,,,,
Interest on cash,2023-06-22,21:03:41,,,,,,,,,0.01,GBP,,,0.01,GBP,,,Interest on cash,e8b90fce-8e62-41b2-8ec2-8e9f4375522b,,,,,,
Dividend (Dividends paid by us corporations),2023-06-23,09:08:54,QCOM,Qualcomm,32.0,0.68,USD,Not available,,,17.11,GBP,3.84,USD,,,,,,,,,,,,
Dividend (Dividends paid by us corporations),2023-06-23,09:08:54,QCOM,Qualcomm,5.0,0.68,USD,Not available,,,2.67,GBP,0.6,USD,,,,,,,,,,,,
Interest on cash,2023-06-26,21:02:55,,,,,,,,,0.01,GBP,,,0.01,GBP,,,Interest on cash,f89607f0-2ac6-4aee-acb1-b51d9984a4a1,,,,,,
Interest on cash,2023-06-26,21:03:21,,,,,,,,,0.01,GBP,,,0.01,GBP,,,Interest on cash,ccba3caa-d3a8-4ce0-b3d3-dba68d12a8da,,,,,,
Deposit,2023-06-29,15:06:18,,,,,,,,,1000.0,GBP,,,1000,GBP,,,Transaction ID: 20389533-b4c7-4df8-bb93-056f369c7886,884cd500-e05f-4663-92a4-a1be19ebeeb8,,,,,,
Market buy,2023-06-29,15:58:06,ABBV,AbbVie,1.0,133.33,USD,1.2614,,GBP,105.86,GBP,,,,,,,,EOF3132269951,0.16,GBP,,,,
Market buy,2023-06-29,15:58:37,LTC,LTC Properties,9.388787,33.14,USD,1.26138,,GBP,247.04,GBP,,,,,,,,EOF3132270003,0.37,GBP,,,,
Market buy,2023-06-29,15:59:01,CWEN/A,Clearway Energy,10.0,26.67,USD,1.26148,,GBP,211.74,GBP,,,,,,,,EOF3132270037,0.32,GBP,,,,
Market buy,2023-06-29,15:59:11,LTC,LTC Properties,0.611213,33.14,USD,1.26142,,GBP,16.08,GBP,,,,,,,,EOF3132270051,0.02,GBP,,,,
Market buy,2023-06-29,15:59:34,CWEN/A,Clearway Energy,10.0,26.67,USD,1.26142,,GBP,211.75,GBP,,,,,,,,EOF3132270076,0.32,GBP,,,,
Market buy,2023-06-29,16:00:43,O,Realty Income,5.0,59.82,USD,1.26158,,GBP,237.44,GBP,,,,,,,,EOF3132270205,0.36,GBP,,,,
Dividend (Dividends paid by us corporations),2023-06-30,15:42:09,PSA,Public Storage,4.0,2.55,USD,Not available,,,8.08,GBP,1.8,USD,,,,,,,,,,,,
Dividend (Dividends paid by us corporations),2023-06-30,15:42:09,PSA,Public Storage,9.0,2.55,USD,Not available,,,18.19,GBP,4.05,USD,,,,,,,,,,,,
Market buy,2023-06-30,17:00:26,O,Realty Income,1.0,59.39,USD,1.27167,,GBP,46.77,GBP,,,,,,,,EOF3136855703,0.07,GBP,,,,
Interest on cash,2023-07-01,21:03:16,,,,,,,,,0.01,GBP,,,0.01,GBP,,,Interest on cash,e3e1f5ce-d7b3-447b-ae69-2b581fae6dee,,,,,,
Dividend (Dividends paid by us corporations),2023-07-03,12:49:33,EXR,Extra Space Storage,8.0,1.38,USD,Not available,,,8.69,GBP,1.94,USD,,,,,,,,,,,,
Dividend (Dividends paid by us corporations),2023-07-03,12:51:01,HI,Hillenbrand,2.0,0.19,USD,Not available,,,0.3,GBP,0.07,USD,,,,,,,,,,,,
Dividend (Dividends paid by us corporations),2023-07-03,12:51:07,ICE,Intercontinental Exchange,5.0,0.36,USD,Not available,,,1.41,GBP,0.32,USD,,,,,,,,,,,,
Dividend (Dividends paid by us corporations),2023-07-03,12:52:40,LTC,LTC Properties,15.0,0.16,USD,Not available,,,1.91,GBP,0.43,USD,,,,,,,,,,,,
Dividend (Dividends paid by us corporations),2023-07-03,12:55:06,AVGO,Broadcom,8.0,3.91,USD,Not available,,,24.68,GBP,5.52,USD,,,,,,,,,,,,
Dividend (Dividends paid by us corporations),2023-07-03,13:06:25,SCI,Service Corp International,14.0,0.23,USD,Not available,,,2.54,GBP,0.57,USD,,,,,,,,,,,,
Dividend (Dividends paid by us corporations),2023-07-03,13:06:28,SPG,Simon Property,5.0,1.57,USD,Not available,,,6.21,GBP,1.39,USD,,,,,,,,,,,,
Market buy,2023-07-03,15:47:52,CWEN/A,Clearway Energy,3.0,27.15,USD,1.26944,,GBP,64.26,GBP,,,,,,,,EOF3143853050,0.1,GBP,,,,
Market buy,2023-07-03,15:39:49,GMRE,Global Medical REIT,25.0,9.25,USD,1.26871,,GBP,182.54,GBP,,,,,,,,EOF3143249513,0.27,GBP,,,,
Dividend (Dividends paid by us corporations),2023-07-03,12:49:33,EXR,Extra Space Storage,18.0,1.38,USD,Not available,,,19.56,GBP,4.37,USD,,,,,,,,,,,,
Dividend (Dividends paid by us corporations),2023-07-03,12:50:18,DLR,Digital Realty Trust,55.0,1.04,USD,Not available,,,45.02,GBP,10.07,USD,,,,,,,,,,,,
Dividend (Dividends paid by us corporations),2023-07-03,12:50:40,GOOD,Gladstone Commercial,305.0,0.09,USD,Not available,,,20.46,GBP,4.58,USD,,,,,,,,,,,,
Dividend (Dividends paid by us corporations),2023-07-03,12:51:01,HI,Hillenbrand,100.0,0.19,USD,Not available,,,14.76,GBP,3.3,USD,,,,,,,,,,,,
Dividend (Dividends paid by us corporations),2023-07-03,12:51:07,ICE,Intercontinental Exchange,18.0,0.36,USD,Not available,,,5.07,GBP,1.13,USD,,,,,,,,,,,,
Dividend (Dividends paid by us corporations),2023-07-03,12:52:40,LTC,LTC Properties,128.0,0.16,USD,Not available,,,16.31,GBP,3.65,USD,,,,,,,,,,,,
Dividend (Dividends paid by us corporations),2023-07-03,12:55:06,AVGO,Broadcom,2.0,3.91,USD,Not available,,,6.17,GBP,1.38,USD,,,,,,,,,,,,
Dividend (Dividends paid by us corporations),2023-07-03,13:06:25,SCI,Service Corp International,37.0,0.23,USD,Not available,,,6.7,GBP,1.5,USD,,,,,,,,,,,,
Dividend (Dividends paid by us corporations),2023-07-03,13:06:28,SPG,Simon Property,45.0,1.57,USD,Not available,,,55.88,GBP,12.49,USD,,,,,,,,,,,,
Dividend (Dividends paid by us corporations),2023-07-03,13:09:41,UNP,Union Pacific,13.0,1.11,USD,Not available,,,11.33,GBP,2.54,USD,,,,,,,,,,,,
Market buy,2023-07-03,15:40:59,CWEN,Clearway Energy,1.0,28.51,USD,1.26901,,GBP,22.5,GBP,,,,,,,,EOF3143249941,0.03,GBP,,,,
Market buy,2023-07-05,15:33:33,GMRE,Global Medical REIT,40.0,9.42,USD,1.27163,,GBP,296.75,GBP,,,,,,,,EOF3152110119,0.44,GBP,,,,
Market sell,2023-07-05,13:30:09,NLY,Annaly Capital Management,205.0,19.58,USD,1.27309,-932.08,GBP,3148.62,GBP,,,,,0.03,0.02,,EOF3149706901,4.73,GBP,GBP,GBP,,
Market buy,2023-07-05,15:32:03,VICI,VICI Properties,30.0,31.53,USD,1.27172,,GBP,744.91,GBP,,,,,,,,EOF3152109502,1.12,GBP,,,,
Market buy,2023-07-05,15:33:48,LTC,LTC Properties,15.0,33.77,USD,1.27171,,GBP,398.87,GBP,,,,,,,,EOF3152110169,0.6,GBP,,,,
Market buy,2023-07-05,15:34:28,CWEN,Clearway Energy,16.06958,28.61,USD,1.27211,,GBP,361.95,GBP,,,,,,,,EOF3152110338,0.54,GBP,,,,
Market buy,2023-07-05,15:34:47,CWEN,Clearway Energy,3.93042,28.63,USD,1.27222,,GBP,88.58,GBP,,,,,,,,EOF3152110373,0.13,GBP,,,,
Market buy,2023-07-05,15:35:42,UNP,Union Pacific,2.9609003,204.91,USD,1.27203,,GBP,477.68,GBP,,,,,,,,EOF3152110828,0.72,GBP,,,,
Market buy,2023-07-05,15:35:44,UNP,Union Pacific,1.0390997,204.9,USD,1.27202,,GBP,167.63,GBP,,,,,,,,EOF3152110847,0.25,GBP,,,,
Market buy,2023-07-05,15:37:12,O,Realty Income,10.0,60.76,USD,1.27193,,GBP,478.42,GBP,,,,,,,,EOF3152111136,0.72,GBP,,,,
Market buy,2023-07-05,15:38:41,EXR,Extra Space Storage,1.0,150.52,USD,1.27175,,GBP,118.54,GBP,,,,,,,,EOF3152111402,0.18,GBP,,,,
Market sell,2023-07-05,15:41:18,NYMT,New York Mortgage Trust,207.0,9.88,USD,1.27151,-467.54,GBP,1606.22,GBP,,,,,0.01,0.02,,EOF3152111888,2.41,GBP,GBP,GBP,,
Market sell,2023-07-05,15:41:18,NYMT,New York Mortgage Trust,8.0,9.88,USD,1.27151,-18.08,GBP,62.07,GBP,,,,,,,,EOF3152111890,0.09,GBP,,,,
Market sell,2023-07-05,15:41:18,NYMT,New York Mortgage Trust,100.0,9.88,USD,1.27151,-226.03,GBP,775.78,GBP,,,,,0.01,0.01,,EOF3152111892,1.17,GBP,GBP,GBP,,
Market buy,2023-07-05,16:53:04,COST,Costco Wholesale,1.3549349,538.3,USD,1.27128,,GBP,574.58,GBP,,,,,,,,EOF3152124635,0.86,GBP,,,,
Market buy,2023-07-05,16:56:19,ABBV,AbbVie,2.0,137.3,USD,1.27094,,GBP,216.38,GBP,,,,,,,,EOF3152125291,0.32,GBP,,,,
Market buy,2023-07-05,16:56:49,ABBV,AbbVie,2.0,137.26,USD,1.27092,,GBP,216.32,GBP,,,,,,,,EOF3152125378,0.32,GBP,,,,
Market buy,2023-07-05,16:57:50,COST,Costco Wholesale,0.6450651,538.23,USD,1.27093,,GBP,273.59,GBP,,,,,,,,EOF3152125569,0.41,GBP,,,,
Market buy,2023-07-05,16:58:00,HD,Home Depot,2.0,311.13,USD,1.27084,,GBP,490.37,GBP,,,,,,,,EOF3152125590,0.73,GBP,,,,
Market buy,2023-07-05,17:00:03,AMT,American Tower,2.0,198.92,USD,1.27073,,GBP,313.55,GBP,,,,,,,,EOF3152125987,0.47,GBP,,,,
Market buy,2023-07-05,17:05:21,EXR,Extra Space Storage,2.0,150.61,USD,1.27065,,GBP,237.42,GBP,,,,,,,,EOF3152126877,0.36,GBP,,,,
Market sell,2023-07-05,17:07:20,RITM,Rithm Capital,136.0,9.25,USD,1.27085,-1.08,GBP,988.37,GBP,,,,,0.01,0.02,,EOF3152127258,1.48,GBP,GBP,GBP,,
Market sell,2023-07-05,17:07:20,RITM,Rithm Capital,300.0,9.25,USD,1.27085,-2.37,GBP,2180.23,GBP,,,,,0.02,0.03,,EOF3152127260,3.28,GBP,GBP,GBP,,
Market buy,2023-07-05,17:10:00,SPG,Simon Property,1.0,118.39,USD,1.27071,,GBP,93.31,GBP,,,,,,,,EOF3152127878,0.14,GBP,,,,
Market buy,2023-07-05,17:13:20,LTC,LTC Properties,3.1355559,33.65,USD,1.27079,,GBP,83.15,GBP,,,,,,,,EOF3152128644,0.12,GBP,,,,
Market buy,2023-07-05,17:13:22,LTC,LTC Properties,8.8644441,33.69,USD,1.27077,,GBP,235.36,GBP,,,,,,,,EOF3152128649,0.35,GBP,,,,
Market buy,2023-07-05,17:14:50,HD,Home Depot,0.7912713,310.67,USD,1.27079,,GBP,193.73,GBP,,,,,,,,EOF3152129130,0.29,GBP,,,,
Market buy,2023-07-05,17:14:52,HD,Home Depot,0.2087287,310.67,USD,1.2708,,GBP,51.11,GBP,,,,,,,,EOF3152129133,0.08,GBP,,,,
Market buy,2023-07-05,17:15:18,HD,Home Depot,1.0,310.65,USD,1.27084,,GBP,244.81,GBP,,,,,,,,EOF3152129245,0.37,GBP,,,,
Market buy,2023-07-05,17:22:06,ABBV,AbbVie,0.4331656,137.37,USD,1.27104,,GBP,46.89,GBP,,,,,,,,EOF3152130555,0.07,GBP,,,,
Market buy,2023-07-05,17:22:08,ABBV,AbbVie,1.5668344,137.37,USD,1.27105,,GBP,169.59,GBP,,,,,,,,EOF3152130560,0.25,GBP,,,,
Interest on cash,2023-07-05,21:03:13,,,,,,,,,0.1,GBP,,,0.1,GBP,,,Interest on cash,099b0172-af90-4751-96a1-20f8294da3ce,,,,,,
Dividend (Dividends paid by foreign corporations),2023-07-06,09:25:15,STX,Seagate Technology,8.0,0.53,USD,Not available,,,3.31,GBP,1.4,USD,,,,,,,,,,,,
Market buy,2023-07-06,15:11:13,GMRE,Global Medical REIT,30.0,9.11,USD,1.26998,,GBP,215.52,GBP,,,,,,,,EOF3154845972,0.32,GBP,,,,
Dividend (Dividends paid by us corporations),2023-07-06,09:23:48,NKE,Nike,20.0,0.29,USD,Not available,,,4.55,GBP,1.02,USD,,,,,,,,,,,,
Dividend (Dividends paid by foreign corporations),2023-07-06,09:25:15,STX,Seagate Technology,27.0,0.53,USD,Not available,,,11.16,GBP,4.73,USD,,,,,,,,,,,,
Market buy,2023-07-06,15:07:51,COST,Costco Wholesale,1.0,538.2,USD,1.26982,,GBP,424.48,GBP,,,,,,,,EOF3154844750,0.64,GBP,,,,
Market buy,2023-07-06,15:08:57,VICI,VICI Properties,10.0,30.8,USD,1.26974,,GBP,242.93,GBP,,,,,,,,EOF3154845234,0.36,GBP,,,,
Market buy,2023-07-06,15:09:47,SPG,Simon Property,4.0,117.01,USD,1.26976,,GBP,369.15,GBP,,,,,,,,EOF3154845570,0.55,GBP,,,,
Market buy,2023-07-06,15:10:23,LTC,LTC Properties,7.195005,32.52,USD,1.26994,,GBP,184.53,GBP,,,,,,,,EOF3154845755,0.28,GBP,,,,
Market buy,2023-07-06,15:10:25,LTC,LTC Properties,2.804995,32.52,USD,1.26994,,GBP,71.94,GBP,,,,,,,,EOF3154845759,0.11,GBP,,,,
Market buy,2023-07-06,15:11:53,OHI,Omega Healthcare Investors,0.959917,30.43,USD,1.26989,,GBP,23.03,GBP,,,,,,,,EOF3154846343,0.03,GBP,,,,
Market buy,2023-07-06,15:11:56,OHI,Omega Healthcare Investors,9.040083,30.43,USD,1.26982,,GBP,216.96,GBP,,,,,,,,EOF3154846349,0.32,GBP,,,,
Market buy,2023-07-06,15:14:21,HRZN,Horizon Technology Finance,20.0,12.12,USD,1.26959,,GBP,191.22,GBP,,,,,,,,EOF3154847147,0.29,GBP,,,,
Market buy,2023-07-06,15:16:17,CWEN,Clearway Energy,11.0,27.6,USD,1.2697,,GBP,239.47,GBP,,,,,,,,EOF3154847684,0.36,GBP,,,,
Dividend (Dividends paid by us corporations),2023-07-07,13:08:26,VICI,VICI Properties,7.0,0.33,USD,Not available,,,1.82,GBP,0.41,USD,,,,,,,,,,,,
Dividend (Dividends paid by us corporations),2023-07-07,13:08:26,VICI,VICI Properties,163.0,0.33,USD,Not available,,,42.42,GBP,9.54,USD,,,,,,,,,,,,
Interest on cash,2023-07-07,21:03:17,,,,,,,,,0.01,GBP,,,0.01,GBP,,,Interest on cash,cd8b78ec-2d37-4794-881a-c214e84a81cb,,,,,,
Interest on cash,2023-07-09,21:03:38,,,,,,,,,0.01,GBP,,,0.01,GBP,,,Interest on cash,d94732a9-2a3d-41c8-9ca7-2fc9a4d4eea8,,,,,,
Interest on cash,2023-07-09,21:03:39,,,,,,,,,0.01,GBP,,,0.01,GBP,,,Interest on cash,d946ac32-8aa3-4816-82fa-9f4027cf97a8,,,,,,
Market buy,2023-07-10,13:31:31,O,Realty Income,0.019067,59.5,USD,1.27786,,GBP,0.89,GBP,,,,,,,,EOF3158385517,,,,,,
Market buy,2023-07-10,13:31:33,O,Realty Income,0.980933,59.56,USD,1.27788,,GBP,45.79,GBP,,,,,,,,EOF3158386133,0.07,GBP,,,,
Dividend (Dividends paid by us corporations),2023-07-11,10:20:31,MRK,Merck & Co,22.0,0.62,USD,Not available,,,10.59,GBP,2.41,USD,,,,,,,,,,,,
Dividend (Dividends paid by us corporations),2023-07-11,10:22:07,AMT,American Tower,5.0,1.33,USD,Not available,,,5.17,GBP,1.18,USD,,,,,,,,,,,,
Market buy,2023-07-11,15:24:14,GMRE,Global Medical REIT,6.0,9.58,USD,1.28932,,GBP,44.65,GBP,,,,,,,,EOF3163150069,0.07,GBP,,,,
Dividend (Dividends paid by us corporations),2023-07-11,10:20:31,MRK,Merck & Co,24.0,0.62,USD,Not available,,,11.56,GBP,2.63,USD,,,,,,,,,,,,
Dividend (Dividends paid by us corporations),2023-07-11,10:22:07,AMT,American Tower,18.0,1.33,USD,Not available,,,18.63,GBP,4.24,USD,,,,,,,,,,,,
Market buy,2023-07-12,17:11:24,OHI,Omega Healthcare Investors,4.0,32.07,USD,1.29893,,GBP,98.91,GBP,,,,,,,,EOF3165622841,0.15,GBP,,,,
Dividend (Dividends paid by us corporations),2023-07-12,09:49:32,GMRE,Global Medical REIT,439.09373,0.18,USD,Not available,,,60.58,GBP,13.83,USD,,,,,,,,,,,,
Dividend (Dividends paid by us corporations),2023-07-12,09:49:32,GMRE,Global Medical REIT,101.0,0.18,USD,Not available,,,13.93,GBP,3.18,USD,,,,,,,,,,,,
Dividend (Dividends paid by us corporations),2023-07-13,08:03:34,HASI,Hannon Armstrong Sustainable Infrastructure Capital,42.0,0.34,USD,Not available,,,10.84,GBP,2.49,USD,,,,,,,,,,,,
Dividend (Dividends paid by us corporations),2023-07-13,08:03:34,HASI,Hannon Armstrong Sustainable Infrastructure Capital,93.0,0.34,USD,Not available,,,24.0,GBP,5.51,USD,,,,,,,,,,,,
Interest on cash,2023-07-15,21:03:19,,,,,,,,,0.01,GBP,,,0.01,GBP,,,Interest on cash,654958ba-cd34-4250-b9b6-91bac67f7c14,,,,,,
Dividend (Dividends paid by us corporations),2023-07-17,11:48:28,O,Realty Income,5.0,0.22,USD,Not available,,,0.83,GBP,0.19,USD,,,,,,,,,,,,
Dividend (Dividends paid by foreign corporations),2023-07-17,12:00:39,MDT,Medtronic,3.0,0.52,USD,Not available,,,1.19,GBP,0.52,USD,,,,,,,,,,,,
Deposit,2023-07-17,17:49:29,,,,,,,,,200.0,GBP,,,200,GBP,,,Transaction ID: 9370ddd3-e9f8-49b4-b078-e8f429143aa5,beb9b5ef-0036-4a33-8fc3-94c8b79ed540,,,,,,
Market buy,2023-07-17,17:59:27,NEE,NextEra Energy,3.0,73.01,USD,1.30803,,GBP,167.7,GBP,,,,,,,,EOF3173957643,0.25,GBP,,,,
Dividend (Dividends paid by us corporations),2023-07-17,11:48:28,O,Realty Income,84.0,0.22,USD,Not available,,,13.95,GBP,3.22,USD,,,,,,,,,,,,
Dividend (Dividends paid by us corporations),2023-07-17,11:58:10,HRZN,Horizon Technology Finance,426.0,0.09,USD,Not available,,,30.44,GBP,7.03,USD,,,,,,,,,,,,
Dividend (Dividends paid by foreign corporations),2023-07-17,12:00:39,MDT,Medtronic,24.0,0.52,USD,Not available,,,9.5,GBP,4.14,USD,,,,,,,,,,,,
Market buy,2023-07-17,16:23:05,HRZN,Horizon Technology Finance,10.0,12.8,USD,1.30749,,GBP,98.05,GBP,,,,,,,,EOF3173756862,0.15,GBP,,,,
Interest on cash,2023-07-18,21:03:16,,,,,,,,,0.01,GBP,,,0.01,GBP,,,Interest on cash,c01dcfab-e46a-41c4-ac20-062c3e7c6ad1,,,,,,
Dividend (Dividends paid by us corporations),2023-07-18,11:10:40,ECL,Ecolab,11.0,0.45,USD,Not available,,,3.79,GBP,0.87,USD,,,,,,,,,,,,
Deposit,2023-07-19,15:59:04,,,,,,,,,200.0,GBP,,,200,GBP,,,Transaction ID: 86ae12e1-3936-41ed-8742-a15a788028c0,30a3c9ae-c0eb-4df0-b8e7-cad117d9a227,,,,,,
Market buy,2023-07-19,16:17:37,ABBV,AbbVie,2.0,137.62,USD,1.28944,,GBP,213.78,GBP,,,,,,,,EOF3178261241,0.32,GBP,,,,
Dividend (Dividends paid by us corporations),2023-07-20,09:39:35,EXR,Extra Space Storage,8.0,0.86,USD,Not available,,,5.32,GBP,1.21,USD,,,,,,,,,,,,
Dividend (Dividends paid by us corporations),2023-07-20,09:39:35,EXR,Extra Space Storage,21.0,0.86,USD,Not available,,,13.96,GBP,3.18,USD,,,,,,,,,,,,
Market buy,2023-07-21,13:30:10,HRZN,Horizon Technology Finance,2.0,12.83,USD,1.28466,,GBP,20.0,GBP,,,,,,,,EOF3181868352,0.03,GBP,,,,
Interest on cash,2023-07-24,21:03:02,,,,,,,,,0.01,GBP,,,0.01,GBP,,,Interest on cash,abd9863e-c0f5-4595-9de0-5410c2b32cf7,,,,,,
Market sell,2023-07-25,13:30:22,T,AT&T,78.0,15.07,USD,1.28219,-767.39,GBP,915.38,GBP,,,,,,,,EOF3188728202,1.38,GBP,,,,
Market buy,2023-07-25,13:46:24,HASI,Hannon Armstrong Sustainable Infrastructure Capital,10.0,27.5,USD,1.28296,,GBP,214.67,GBP,,,,,,,,EOF3188907908,0.32,GBP,,,,
Market buy,2023-07-25,13:49:29,NEE,NextEra Energy,5.0,75.65,USD,1.28295,,GBP,295.27,GBP,,,,,,,,EOF3188909777,0.44,GBP,,,,
Market buy,2023-07-25,13:52:20,V,Visa,2.0,239.61,USD,1.28266,,GBP,374.17,GBP,,,,,,,,EOF3188911903,0.56,GBP,,,,
Market buy,2023-07-26,13:30:11,HASI,Hannon Armstrong Sustainable Infrastructure Capital,2.0,27.29,USD,1.29167,,GBP,42.32,GBP,,,,,,,,EOF3192619343,0.06,GBP,,,,
Interest on cash,2023-07-26,21:03:22,,,,,,,,,0.01,GBP,,,0.01,GBP,,,Interest on cash,99546916-08dc-4a1b-aa38-ea5f0ae2df3a,,,,,,
Dividend (Dividends paid by us corporations),2023-07-27,09:14:50,CMCSA,Comcast,50.0,0.25,USD,Not available,,,9.51,GBP,2.18,USD,,,,,,,,,,,,
Dividend (Dividends paid by us corporations),2023-07-27,09:16:42,NYMT,New York Mortgage Trust,315.0,0.26,USD,Not available,,,61.96,GBP,14.18,USD,,,,,,,,,,,,
Market buy,2023-07-27,13:30:08,HRZN,Horizon Technology Finance,10.0,13.07,USD,1.28704,,GBP,101.7,GBP,,,,,,,,EOF3194918570,0.15,GBP,,,,
Deposit,2023-07-28,10:25:08,,,,,,,,,1000.0,GBP,,,1000,GBP,,,Transaction ID: e6116d73-5f08-4409-8c1a-850f5528469b,0ba3cb9c-1f78-42bc-bbb7-f9f00befcf50,,,,,,
Market buy,2023-07-28,13:30:07,SPG,Simon Property,4.0,124.68,USD,1.28555,,GBP,388.52,GBP,,,,,,,,EOF3197218644,0.58,GBP,,,,
Market buy,2023-07-28,13:30:08,OHI,Omega Healthcare Investors,3.0,31.74,USD,1.28565,,GBP,74.17,GBP,,,,,,,,EOF3197219739,0.11,GBP,,,,
Market buy,2023-07-28,13:30:14,VICI,VICI Properties,10.0,32.23,USD,1.28565,,GBP,251.07,GBP,,,,,,,,EOF3197230661,0.38,GBP,,,,
Market buy,2023-07-28,13:30:36,O,Realty Income,5.0,62.56,USD,1.28566,,GBP,243.66,GBP,,,,,,,,EOF3197233694,0.36,GBP,,,,
Dividend (Dividends paid by us corporations),2023-07-31,15:22:23,LTC,LTC Properties,25.0,0.16,USD,Not available,,,3.14,GBP,0.71,USD,,,,,,,,,,,,
Market buy,2023-07-31,19:45:19,HASI,Hannon Armstrong Sustainable Infrastructure Capital,2.0,26.03,USD,1.28358,,GBP,40.62,GBP,,,,,,,,EOF3203182633,0.06,GBP,,,,
Market buy,2023-07-31,13:30:23,GMRE,Global Medical REIT,9.0,9.99,USD,1.28346,,GBP,70.16,GBP,,,,,,,,EOF3201323276,0.11,GBP,,,,
Dividend (Dividends paid by us corporations),2023-07-31,08:38:12,RITM,Rithm Capital,436.0,0.21,USD,Not available,,,72.04,GBP,16.35,USD,,,,,,,,,,,,
Dividend (Dividends paid by us corporations),2023-07-31,15:22:23,LTC,LTC Properties,165.0,0.16,USD,Not available,,,20.75,GBP,4.7,USD,,,,,,,,,,,,
Dividend (Dividends paid by us corporations),2023-08-01,11:46:05,JPM,JPMorgan Chase & Co,6.0,0.85,USD,Not available,,,3.98,GBP,0.9,USD,,,,,,,,,,,,
Dividend (Dividends paid by us corporations),2023-08-01,11:45:13,GOOD,Gladstone Commercial,305.0,0.09,USD,Not available,,,20.22,GBP,4.58,USD,,,,,,,,,,,,
Dividend (Dividends paid by us corporations),2023-08-01,11:46:05,JPM,JPMorgan Chase & Co,16.0,0.85,USD,Not available,,,10.61,GBP,2.4,USD,,,,,,,,,,,,
Dividend (Dividends paid by us corporations),2023-08-01,11:49:13,NLY,Annaly Capital Management,205.0,0.55,USD,Not available,,,88.3,GBP,19.99,USD,,,,,,,,,,,,
Dividend (Dividends paid by us corporations),2023-08-01,14:56:39,T,AT&T,78.0,0.24,USD,Not available,,,14.42,GBP,3.25,USD,,,,,,,,,,,,
Market buy,2023-08-01,17:23:09,WELL,Welltower,2.0,85.09,USD,1.27551,,GBP,133.62,GBP,,,,,,,,EOF3206804672,0.2,GBP,,,,
Interest on cash,2023-08-02,21:01:42,,,,,,,,,0.01,GBP,,,0.01,GBP,,,Interest on cash,56722ac5-ff59-4580-abcf-55bfc5c9b20d,,,,,,
Interest on cash,2023-08-04,21:02:02,,,,,,,,,0.01,GBP,,,0.01,GBP,,,Interest on cash,00573510-b7bb-4c4b-95bb-b75992f206f7,,,,,,
Market buy,2023-08-09,19:34:38,GMRE,Global Medical REIT,5.023,9.94,USD,1.27299,,GBP,39.28,GBP,,,,,,,,EOF3224293546,0.06,GBP,,,,
Market buy,2023-08-09,19:34:41,GMRE,Global Medical REIT,4.977,9.94,USD,1.27299,,GBP,38.92,GBP,,,,,,,,EOF3224293547,0.06,GBP,,,,
Market sell,2023-08-09,19:31:26,BYND,Beyond Meat,20.0,12.95,USD,1.27304,-2224.87,GBP,203.14,GBP,,,,,,,,EOF3224293311,0.31,GBP,,,,
Market buy,2023-08-09,19:32:24,AAPL,Apple,1.0,178.97,USD,1.2729,,GBP,140.81,GBP,,,,,,,,EOF3224293392,0.21,GBP,,,,
Deposit,2023-08-11,08:18:27,,,,,,,,,300.0,GBP,,,300,GBP,,,Transaction ID: 1e268ee5-629a-4569-8d9a-f25a4c6ec00a,9b1dec4b-75d7-4abb-bf56-86937a9b95b6,,,,,,
Market buy,2023-08-11,13:30:06,AAPL,Apple,2.0,177.32,USD,1.26874,,GBP,279.94,GBP,,,,,,,,EOF3226240899,0.42,GBP,,,,
Interest on cash,2023-08-11,21:02:00,,,,,,,,,0.01,GBP,,,0.01,GBP,,,Interest on cash,6ffb0de7-1254-4092-8aaa-5c75326833a1,,,,,,
Market sell,2023-08-14,13:30:16,NET,Cloudflare,58.0,63.0,USD,1.26399,1305.67,GBP,2886.51,GBP,,,,,,,,EOF3229505204,4.34,GBP,,,,
Market buy,2023-08-14,14:07:11,V,Visa,5.0,241.86,USD,1.26402,,GBP,958.12,GBP,,,,,,,,EOF3229544845,1.44,GBP,,,,
Market buy,2023-08-14,14:08:02,MA,Mastercard,4.0,397.81,USD,1.26405,,GBP,1260.73,GBP,,,,,,,,EOF3229545026,1.89,GBP,,,,
Market buy,2023-08-14,14:21:22,HRZN,Horizon Technology Finance,25.0,12.4,USD,1.26568,,GBP,245.3,GBP,,,,,,,,EOF3229547879,0.37,GBP,,,,
Market buy,2023-08-14,14:23:13,V,Visa,2.0,242.07,USD,1.26561,,GBP,383.1,GBP,,,,,,,,EOF3229548393,0.57,GBP,,,,
Market buy,2023-08-14,14:24:53,VICI,VICI Properties,2.0,30.72,USD,1.26524,,GBP,48.63,GBP,,,,,,,,EOF3229548689,0.07,GBP,,,,
Interest on cash,2023-08-14,21:02:00,,,,,,,,,0.01,GBP,,,0.01,GBP,,,Interest on cash,0fb59876-7163-4bce-b1b4-ce5681a36dcb,,,,,,
Deposit,2023-08-15,10:40:31,,,,,,,,,200.0,GBP,,,200,GBP,,,Transaction ID: 0726d859-e4a9-404b-b662-2013b45be334,6ed307fa-4dd0-47de-ac9f-e885ff6ef887,,,,,,
Market buy,2023-08-15,13:30:07,O,Realty Income,4.0,57.67,USD,1.27255,,GBP,181.54,GBP,,,,,,,,EOF3231472574,0.27,GBP,,,,
Dividend (Dividends paid by us corporations),2023-08-15,14:06:29,ABBV,AbbVie,8.0,1.26,USD,Not available,,,7.93,GBP,1.78,USD,,,,,,,,,,,,
Dividend (Dividends paid by us corporations),2023-08-15,14:10:29,O,Realty Income,10.0,0.22,USD,Not available,,,1.71,GBP,0.38,USD,,,,,,,,,,,,
Dividend (Dividends paid by us corporations),2023-08-15,14:13:40,OHI,Omega Healthcare Investors,21.0,0.57,USD,Not available,,,9.41,GBP,2.11,USD,,,,,,,,,,,,
Dividend (Dividends paid by us corporations),2023-08-15,14:05:44,HRZN,Horizon Technology Finance,446.0,0.09,USD,Not available,,,32.86,GBP,7.36,USD,,,,,,,,,,,,
Dividend (Dividends paid by us corporations),2023-08-15,14:06:29,ABBV,AbbVie,32.0,1.26,USD,Not available,,,31.71,GBP,7.1,USD,,,,,,,,,,,,
Dividend (Dividends paid by us corporations),2023-08-15,14:08:13,AOS,A O Smith,74.0,0.26,USD,Not available,,,14.86,GBP,3.33,USD,,,,,,,,,,,,
Dividend (Dividends paid by us corporations),2023-08-15,14:10:29,O,Realty Income,96.0,0.22,USD,Not available,,,16.41,GBP,3.68,USD,,,,,,,,,,,,
Dividend (Dividends paid by us corporations),2023-08-15,14:13:40,OHI,Omega Healthcare Investors,168.0,0.57,USD,Not available,,,75.28,GBP,16.88,USD,,,,,,,,,,,,
Market buy,2023-08-15,14:33:45,O,Realty Income,3.0,57.05,USD,1.27312,,GBP,134.63,GBP,,,,,,,,EOF3232719981,0.2,GBP,,,,
Deposit,2023-08-17,00:47:12,,,,,,,,,200.0,GBP,,,200,GBP,,,Transaction ID: 5bee0aec-92b1-4276-b1be-617257b00091,26f7a6a7-f6a3-40b6-a408-eb7e35836f2f,,,,,,
Dividend (Dividends paid by us corporations),2023-08-17,10:39:06,AAPL,Apple,12.0,0.2,USD,Not available,,,1.92,GBP,0.43,USD,,,,,,,,,,,,
Market buy,2023-08-17,19:19:32,V,Visa,1.0,236.96,USD,1.27404,,GBP,186.27,GBP,,,,,,,,EOF3237933407,0.28,GBP,,,,
Dividend (Dividends paid by us corporations),2023-08-17,10:39:06,AAPL,Apple,26.0,0.2,USD,Not available,,,4.16,GBP,0.94,USD,,,,,,,,,,,,
Interest on cash,2023-08-17,21:01:59,,,,,,,,,0.01,GBP,,,0.01,GBP,,,Interest on cash,f9c8a054-5760-47bb-b3d9-d87df33f96db,,,,,,
Dividend (Dividends paid by us corporations),2023-08-18,11:41:28,CAT,Caterpillar,2.0,1.11,USD,Not available,,,1.74,GBP,0.39,USD,,,,,,,,,,,,
Dividend (Dividends paid by us corporations),2023-08-18,11:42:53,PETS,PetMed Express,56.0,0.26,USD,Not available,,,11.23,GBP,2.52,USD,,,,,,,,,,,,
Interest on cash,2023-08-18,21:02:03,,,,,,,,,0.01,GBP,,,0.01,GBP,,,Interest on cash,44bda19c-e19c-417a-afec-e34a4542bc64,,,,,,
Dividend (Dividends paid by us corporations),2023-08-18,11:41:28,CAT,Caterpillar,21.0,1.11,USD,Not available,,,18.25,GBP,4.1,USD,,,,,,,,,,,,
Dividend (Dividends paid by us corporations),2023-08-18,11:42:53,PETS,PetMed Express,134.0,0.26,USD,Not available,,,26.88,GBP,6.03,USD,,,,,,,,,,,,
Interest on cash,2023-08-19,21:01:40,,,,,,,,,0.01,GBP,,,0.01,GBP,,,Interest on cash,acb0f7a3-a187-42f5-8578-32db5ec9e534,,,,,,
Interest on cash,2023-08-20,21:01:39,,,,,,,,,0.01,GBP,,,0.01,GBP,,,Interest on cash,b801f0e2-74e4-46ec-8c39-25c620fbe6e6,,,,,,
Market buy,2023-08-21,13:30:01,VICI,VICI Properties,0.47598,30.16,USD,1.27501,,GBP,11.28,GBP,,,,,,,,EOF3243351966,0.02,GBP,,,,
Market buy,2023-08-21,13:30:17,VICI,VICI Properties,2.52402,30.14,USD,1.27466,,GBP,59.77,GBP,,,,,,,,EOF3243365647,0.09,GBP,,,,
Market buy,2023-08-21,13:30:01,VICI,VICI Properties,1.96414,30.16,USD,1.27501,,GBP,46.53,GBP,,,,,,,,EOF3242691670,0.07,GBP,,,,
Market buy,2023-08-21,13:30:18,VICI,VICI Properties,1.03586,30.09,USD,1.27472,,GBP,24.49,GBP,,,,,,,,EOF3243704238,0.04,GBP,,,,
Interest on cash,2023-08-21,21:01:50,,,,,,,,,0.01,GBP,,,0.01,GBP,,,Interest on cash,8f7e74b4-b9ba-4839-a847-2282610e4028,,,,,,
Market sell,2023-08-23,13:30:05,JNJ,Johnson & Johnson,7.0,165.8,USD,1.26509,96.98,GBP,916.02,GBP,,,,,0.01,,,EOF3246667589,1.38,GBP,GBP,,,
Dividend (Dividends paid by us corporations),2023-08-23,13:39:45,WELL,Welltower,1.0,0.52,USD,Not available,,,0.41,GBP,0.09,USD,,,,,,,,,,,,
Market buy,2023-08-23,13:51:25,MA,Mastercard,1.0,399.67,USD,1.26628,,GBP,316.1,GBP,,,,,,,,EOF3246691543,0.47,GBP,,,,
Market buy,2023-08-23,13:52:10,V,Visa,2.0,241.54,USD,1.26674,,GBP,381.93,GBP,,,,,,,,EOF3246691783,0.57,GBP,,,,
Market buy,2023-08-23,13:52:48,V,Visa,1.0,241.49,USD,1.2667,,GBP,190.93,GBP,,,,,,,,EOF3246692128,0.29,GBP,,,,
Market buy,2023-08-23,14:44:58,VICI,VICI Properties,1.0,30.46,USD,1.26853,,GBP,24.05,GBP,,,,,,,,EOF3248260549,0.04,GBP,,,,
Market sell,2023-08-23,15:24:42,PETS,PetMed Express,31.02,11.17,USD,1.27002,-262.56,GBP,272.41,GBP,,,,,,,,EOF3248268760,0.41,GBP,,,,
Market sell,2023-08-23,15:25:25,PETS,PetMed Express,24.98,11.17,USD,1.26983,-211.41,GBP,219.4,GBP,,,,,,,,EOF3248268839,0.33,GBP,,,,
Market buy,2023-08-23,15:35:40,MA,Mastercard,1.0,399.22,USD,1.27054,,GBP,314.68,GBP,,,,,,,,EOF3248270553,0.47,GBP,,,,
Market buy,2023-08-23,15:37:57,ABBV,AbbVie,1.0,146.93,USD,1.27081,,GBP,115.79,GBP,,,,,,,,EOF3248270820,0.17,GBP,,,,
Market buy,2023-08-23,15:39:56,OHI,Omega Healthcare Investors,3.0,30.48,USD,1.27146,,GBP,72.03,GBP,,,,,,,,EOF3248271189,0.11,GBP,,,,
Market buy,2023-08-23,14:34:12,GMRE,Global Medical REIT,27.4114285,9.23,USD,1.26886,,GBP,199.7,GBP,,,,,,,,EOF3246733677,0.3,GBP,,,,
Market buy,2023-08-23,14:34:15,GMRE,Global Medical REIT,2.5885715,9.23,USD,1.26884,,GBP,18.86,GBP,,,,,,,,EOF3246733688,0.03,GBP,,,,
Market sell,2023-08-23,13:30:05,JNJ,Johnson & Johnson,8.0,165.8,USD,1.2651,91.52,GBP,1046.87,GBP,,,,,0.01,,,EOF3246706379,1.57,GBP,GBP,,,
Dividend (Dividends paid by us corporations),2023-08-23,13:39:45,WELL,Welltower,72.0,0.52,USD,Not available,,,29.26,GBP,6.59,USD,,,,,,,,,,,,
Market buy,2023-08-23,13:49:29,MA,Mastercard,3.0,399.75,USD,1.26677,,GBP,948.11,GBP,,,,,,,,EOF3246723938,1.42,GBP,,,,
Market sell,2023-08-23,13:56:23,HON,Honeywell International,15.0,186.36,USD,1.26664,-19.36,GBP,2203.61,GBP,,,,,0.02,,,EOF3246725490,3.31,GBP,GBP,,,
Market buy,2023-08-23,13:57:12,SPGI,S&P Global,7.0,389.45,USD,1.26747,,GBP,2154.09,GBP,,,,,,,,EOF3246725708,3.23,GBP,,,,
Market sell,2023-08-23,14:22:57,ECL,Ecolab,11.0,180.49,USD,1.26896,-87.72,GBP,1562.21,GBP,,,,,0.01,,,EOF3246731196,2.35,GBP,GBP,,,
Market buy,2023-08-23,14:26:41,SPGI,S&P Global,1.0,389.06,USD,1.26967,,GBP,306.89,GBP,,,,,,,,EOF3246732554,0.46,GBP,,,,
Market buy,2023-08-23,14:27:19,VICI,VICI Properties,5.0,30.58,USD,1.26967,,GBP,120.6,GBP,,,,,,,,EOF3246732641,0.18,GBP,,,,
Market buy,2023-08-23,14:32:20,SPG,Simon Property,5.0,111.72,USD,1.26896,,GBP,440.86,GBP,,,,,,,,EOF3246733367,0.66,GBP,,,,
Market buy,2023-08-23,14:33:28,OHI,Omega Healthcare Investors,10.0,30.43,USD,1.26894,,GBP,240.17,GBP,,,,,,,,EOF3246733527,0.36,GBP,,,,
Market buy,2023-08-23,14:35:19,HRZN,Horizon Technology Finance,20.0,11.85,USD,1.26867,,GBP,187.09,GBP,,,,,,,,EOF3246733889,0.28,GBP,,,,
Market buy,2023-08-23,14:42:54,CAT,Caterpillar,1.0,271.44,USD,1.2684,,GBP,214.32,GBP,,,,,,,,EOF3246735057,0.32,GBP,,,,
Market buy,2023-08-23,14:44:06,HRZN,Horizon Technology Finance,4.0,11.85,USD,1.26864,,GBP,37.42,GBP,,,,,,,,EOF3246735295,0.06,GBP,,,,
Market sell,2023-08-23,15:23:37,PETS,PetMed Express,100.0,11.17,USD,1.26991,-1390.34,GBP,878.34,GBP,,,,,0.01,0.01,,EOF3246740190,1.32,GBP,GBP,GBP,,
Market sell,2023-08-23,15:23:37,PETS,PetMed Express,1.0,11.17,USD,1.26991,-13.9,GBP,8.79,GBP,,,,,,,,EOF3246740192,0.01,GBP,,,,
Market sell,2023-08-23,15:23:37,PETS,PetMed Express,33.0,11.17,USD,1.26991,-458.85,GBP,289.82,GBP,,,,,,,,EOF3246740194,0.44,GBP,,,,
Market buy,2023-08-23,15:25:46,DLR,Digital Realty Trust,3.0,124.91,USD,1.26953,,GBP,295.61,GBP,,,,,,,,EOF3246740410,0.44,GBP,,,,
Market buy,2023-08-23,15:26:21,CAT,Caterpillar,2.0,272.11,USD,1.26971,,GBP,429.26,GBP,,,,,,,,EOF3246740614,0.64,GBP,,,,
Market buy,2023-08-23,15:27:05,ABBV,AbbVie,3.0,147.01,USD,1.27003,,GBP,347.78,GBP,,,,,,,,EOF3246740715,0.52,GBP,,,,
Market buy,2023-08-23,15:32:44,HRZN,Horizon Technology Finance,10.0,11.93,USD,1.27036,,GBP,94.05,GBP,,,,,,,,EOF3246741487,0.14,GBP,,,,
Market sell,2023-08-23,15:50:45,MMM,3M,19.0,98.67,USD,1.27113,-917.99,GBP,1472.63,GBP,,,,,0.01,,,EOF3246743086,2.21,GBP,GBP,,,
Market buy,2023-08-23,15:51:47,AAPL,Apple,5.0,181.19,USD,1.27133,,GBP,713.67,GBP,,,,,,,,EOF3246743138,1.07,GBP,,,,
Market buy,2023-08-23,15:52:31,COST,Costco Wholesale,1.0,538.49,USD,1.27122,,GBP,424.24,GBP,,,,,,,,EOF3246743208,0.64,GBP,,,,
Market buy,2023-08-23,15:53:31,HD,Home Depot,1.0,326.02,USD,1.27116,,GBP,256.85,GBP,,,,,,,,EOF3246743320,0.38,GBP,,,,
Market buy,2023-08-23,15:56:06,VICI,VICI Properties,3.0,30.47,USD,1.27121,,GBP,72.02,GBP,,,,,,,,EOF3246743697,0.11,GBP,,,,
Deposit,2023-08-30,00:49:59,,,,,,,,,1100.0,GBP,,,1100,GBP,,,Transaction ID: 0e201368-1be6-4c8a-aa82-89701704d45e,65551075-0838-472a-a999-83e531070974,,,,,,
Market buy,2023-08-30,13:30:01,V,Visa,1.0,246.88,USD,1.27138,,GBP,194.47,GBP,,,,,,,,EOF3259122181,0.29,GBP,,,,
Market buy,2023-08-30,13:30:07,MA,Mastercard,1.0,415.0,USD,1.27136,,GBP,326.91,GBP,,,,,,,,EOF3259127271,0.49,GBP,,,,
Market buy,2023-08-30,13:30:11,AMAT,Applied Materials,2.0,149.31,USD,1.27127,,GBP,235.25,GBP,,,,,,,,EOF3259131871,0.35,GBP,,,,
Market buy,2023-08-30,13:30:11,HD,Home Depot,1.0,329.1,USD,1.2713,,GBP,259.26,GBP,,,,,,,,EOF3259132019,0.39,GBP,,,,
Interest on cash,2023-08-30,21:01:57,,,,,,,,,0.01,GBP,,,0.01,GBP,,,Interest on cash,8fb596e2-89d7-4e30-81af-82044db3b999,,,,,,
Interest on cash,2023-08-30,21:01:41,,,,,,,,,0.01,GBP,,,0.01,GBP,,,Interest on cash,5b1df984-de54-4b94-8512-4b115ec9cc98,,,,,,
Dividend (Dividends paid by us corporations),2023-08-31,10:07:02,LTC,LTC Properties,25.0,0.16,USD,Not available,,,3.18,GBP,0.71,USD,,,,,,,,,,,,
Market buy,2023-08-31,16:04:59,GMRE,Global Medical REIT,7.0,9.78,USD,1.26645,,GBP,54.14,GBP,,,,,,,,EOF3263150497,0.08,GBP,,,,
Dividend (Dividends paid by us corporations),2023-08-31,10:07:02,LTC,LTC Properties,165.0,0.16,USD,Not available,,,20.98,GBP,4.7,USD,,,,,,,,,,,,
Dividend (Dividends paid by us corporations),2023-08-31,10:09:23,GOOD,Gladstone Commercial,305.0,0.09,USD,Not available,,,20.41,GBP,4.58,USD,,,,,,,,,,,,
Interest on cash,2023-09-01,21:01:41,,,,,,,,,0.01,GBP,,,0.01,GBP,,,Interest on cash,9ad43623-17cd-44b5-a35e-892431f14968,,,,,,
Dividend (Dividends paid by us corporations),2023-09-01,12:18:28,V,Visa,2.0,0.38,USD,Not available,,,0.6,GBP,0.14,USD,,,,,,,,,,,,
Dividend (Dividends paid by us corporations),2023-09-01,12:22:59,HON,Honeywell International,15.0,0.88,USD,Not available,,,10.36,GBP,2.32,USD,,,,,,,,,,,,
Dividend (Dividends paid by us corporations),2023-09-01,12:23:39,WTRG,Essential Utilities,66.0,0.26,USD,Not available,,,13.59,GBP,3.04,USD,,,,,,,,,,,,
Dividend (Dividends paid by us corporations),2023-09-01,12:24:41,AWR,American States Water,31.0,0.37,USD,Not available,,,8.94,GBP,2.0,USD,,,,,,,,,,,,
Interest on cash,2023-09-04,21:01:48,,,,,,,,,0.01,GBP,,,0.01,GBP,,,Interest on cash,d454aac8-ac7c-44b8-85d9-972ad760acb3,,,,,,
Interest on cash,2023-09-04,21:02:07,,,,,,,,,0.01,GBP,,,0.01,GBP,,,Interest on cash,c1bb4711-659a-47a2-9f39-e75209f3f632,,,,,,
Market sell,2023-09-06,15:04:41,STX,Seagate Technology,8.0,70.96,USD,1.24961,2.49,GBP,453.61,GBP,,,,,,,,EOF3273129101,0.68,GBP,,,,
Market buy,2023-09-06,15:05:28,UNH,UnitedHealth,1.0,479.38,USD,1.24965,,GBP,384.19,GBP,,,,,,,,EOF3273129225,0.58,GBP,,,,
Market buy,2023-09-06,15:06:38,AMAT,Applied Materials,1.0,152.77,USD,1.24949,,GBP,122.44,GBP,,,,,,,,EOF3273129384,0.18,GBP,,,,
Deposit,2023-09-06,15:14:55,,,,,,,,,500.0,GBP,,,500,GBP,,,Transaction ID: 77b34980-eb42-4d62-80dc-21b776a9f2c3,93f2f8c3-d47c-484d-9a2e-afdc3c1b3198,,,,,,
Market buy,2023-09-06,15:15:44,UNH,UnitedHealth,1.0,480.29,USD,1.24894,,GBP,385.14,GBP,,,,,,,,EOF3273131507,0.58,GBP,,,,
Market buy,2023-09-06,15:17:28,OHI,Omega Healthcare Investors,5.0,31.5,USD,1.24938,,GBP,126.25,GBP,,,,,,,,EOF3273131928,0.19,GBP,,,,
Market buy,2023-09-06,15:25:44,GMRE,Global Medical REIT,8.0,9.41,USD,1.24981,,GBP,60.32,GBP,,,,,,,,EOF3272398701,0.09,GBP,,,,
Market sell,2023-09-06,14:58:40,STX,Seagate Technology,27.0,70.64,USD,1.24885,124.78,GBP,1524.92,GBP,,,,,0.01,,,EOF3272393072,2.29,GBP,GBP,,,
Market buy,2023-09-06,15:02:20,UNH,UnitedHealth,3.0,479.47,USD,1.2491,,GBP,1153.28,GBP,,,,,,,,EOF3272393725,1.73,GBP,,,,
Market sell,2023-09-06,15:19:04,CRM,Salesforce,8.0,220.71,USD,1.24986,-133.55,GBP,1410.57,GBP,,,,,,,,EOF3272396941,2.12,GBP,,,,
Market buy,2023-09-06,15:19:52,UNH,UnitedHealth,0.2904012,481.14,USD,1.24976,,GBP,111.97,GBP,,,,,,,,EOF3272397057,0.17,GBP,,,,
Market buy,2023-09-06,15:19:53,UNH,UnitedHealth,0.7095988,480.98,USD,1.24975,,GBP,273.5,GBP,,,,,,,,EOF3272397060,0.41,GBP,,,,
Market buy,2023-09-06,15:20:32,SPGI,S&P Global,1.0,393.99,USD,1.24991,,GBP,315.68,GBP,,,,,,,,EOF3272397136,0.47,GBP,,,,
Market buy,2023-09-06,15:21:19,V,Visa,1.0,244.43,USD,1.24995,,GBP,195.84,GBP,,,,,,,,EOF3272397216,0.29,GBP,,,,
Market buy,2023-09-06,15:21:55,MA,Mastercard,1.0,409.11,USD,1.24971,,GBP,327.85,GBP,,,,,,,,EOF3272397302,0.49,GBP,,,,
Market buy,2023-09-06,15:23:48,MA,Mastercard,1.0,409.2,USD,1.2501,,GBP,327.82,GBP,,,,,,,,EOF3272397534,0.49,GBP,,,,
Market buy,2023-09-06,15:24:42,V,Visa,1.0,244.38,USD,1.25004,,GBP,195.79,GBP,,,,,,,,EOF3272398102,0.29,GBP,,,,
Interest on cash,2023-09-07,21:02:00,,,,,,,,,0.01,GBP,,,0.01,GBP,,,Interest on cash,ec5d8e9a-3e3b-48a9-9fed-04a63dda9a67,,,,,,
Dividend (Dividends paid by us corporations),2023-09-08,13:24:50,COST,Costco Wholesale,4.0,0.87,USD,Not available,,,2.78,GBP,0.61,USD,,,,,,,,,,,,
Dividend (Dividends paid by us corporations),2023-09-08,13:24:50,COST,Costco Wholesale,10.0,0.87,USD,Not available,,,6.94,GBP,1.53,USD,,,,,,,,,,,,
Market buy,2023-09-12,13:41:40,GMRE,Global Medical REIT,5.0,9.58,USD,1.24678,,GBP,38.48,GBP,,,,,,,,EOF3283304581,0.06,GBP,,,,
Dividend (Dividends paid by us corporations),2023-09-12,10:26:21,SPGI,S&P Global,8.0,0.77,USD,Not available,,,4.89,GBP,1.08,USD,,,,,,,,,,,,
Dividend (Dividends paid by us corporations),2023-09-12,10:30:56,MMM,3M,19.0,1.28,USD,Not available,,,19.37,GBP,4.28,USD,,,,,,,,,,,,
Market sell,2023-09-12,13:30:05,HI,Hillenbrand,19.0,42.86,USD,1.24662,46.76,GBP,652.25,GBP,,,,,0.01,,,EOF3282030941,0.98,GBP,GBP,,,
Market sell,2023-09-12,13:30:06,HI,Hillenbrand,81.0,42.61,USD,1.24661,183.1,GBP,2764.43,GBP,,,,,0.02,0.01,,EOF3282031810,4.15,GBP,GBP,GBP,,
Market buy,2023-09-12,13:33:30,AMT,American Tower,5.0,179.18,USD,1.24697,,GBP,719.54,GBP,,,,,,,,EOF3282038214,1.08,GBP,,,,
Market buy,2023-09-12,13:34:50,AMAT,Applied Materials,6.7333556,145.07,USD,1.24718,,GBP,784.38,GBP,,,,,,,,EOF3282039147,1.17,GBP,,,,
Market buy,2023-09-12,13:34:52,AMAT,Applied Materials,3.2666444,145.07,USD,1.2472,,GBP,380.53,GBP,,,,,,,,EOF3282039158,0.57,GBP,,,,
Market buy,2023-09-12,13:35:48,O,Realty Income,8.404726,55.2,USD,1.24711,,GBP,372.57,GBP,,,,,,,,EOF3282049402,0.56,GBP,,,,
Market buy,2023-09-12,13:35:50,O,Realty Income,1.595274,55.2,USD,1.24713,,GBP,70.72,GBP,,,,,,,,EOF3282049876,0.11,GBP,,,,
Market buy,2023-09-12,13:38:04,V,Visa,2.0,246.87,USD,1.24735,,GBP,396.42,GBP,,,,,,,,EOF3283303220,0.59,GBP,,,,
Market buy,2023-09-12,13:39:18,UNH,UnitedHealth,1.0,474.49,USD,1.24682,,GBP,381.13,GBP,,,,,,,,EOF3283303639,0.57,GBP,,,,
Market buy,2023-09-12,13:40:21,SPGI,S&P Global,1.0,387.35,USD,1.24674,,GBP,311.16,GBP,,,,,,,,EOF3283304123,0.47,GBP,,,,
Deposit,2023-09-13,07:27:12,,,,,,,,,300.0,GBP,,,300,GBP,,,Transaction ID: 1deb253a-c858-4c02-9c77-a5a289323b84,e87bf377-e5d7-43d5-9d76-7619502f967d,,,,,,
Market buy,2023-09-13,13:30:03,OHI,Omega Healthcare Investors,2.0,32.98,USD,1.24912,,GBP,52.89,GBP,,,,,,,,EOF3286058257,0.08,GBP,,,,
Market buy,2023-09-13,13:30:03,AMT,American Tower,1.0,179.0,USD,1.24911,,GBP,143.51,GBP,,,,,,,,EOF3286058065,0.21,GBP,,,,
Market buy,2023-09-13,13:30:06,AMAT,Applied Materials,1.0,144.11,USD,1.24923,,GBP,115.53,GBP,,,,,,,,EOF3286062261,0.17,GBP,,,,
Interest on cash,2023-09-13,21:01:51,,,,,,,,,0.01,GBP,,,0.01,GBP,,,Interest on cash,08995208-efb8-4dc5-b0ca-aa9742afa977,,,,,,
Dividend (Dividends paid by us corporations),2023-09-13,11:10:52,TGT,Target,27.0,0.94,USD,Not available,,,20.26,GBP,4.46,USD,,,,,,,,,,,,
Interest on cash,2023-09-13,21:02:14,,,,,,,,,0.01,GBP,,,0.01,GBP,,,Interest on cash,d9fa1c91-8f44-41e9-8ef4-82c43fb2305f,,,,,,
Dividend (Dividends paid by us corporations),2023-09-14,11:45:36,HD,Home Depot,21.0,1.78,USD,Not available,,,29.86,GBP,6.58,USD,,,,,,,,,,,,
Market buy,2023-09-14,19:52:09,O,Realty Income,1.0,55.17,USD,1.24048,,GBP,44.54,GBP,,,,,,,,EOF3341794847,0.07,GBP,,,,
Dividend (Dividends paid by us corporations),2023-09-15,13:00:49,NEE,NextEra Energy,3.0,0.4,USD,Not available,,,0.96,GBP,0.21,USD,,,,,,,,,,,,
Dividend (Dividends paid by us corporations),2023-09-15,13:05:28,HRZN,Horizon Technology Finance,25.0,0.09,USD,Not available,,,1.88,GBP,0.41,USD,,,,,,,,,,,,
Dividend (Dividends paid by us corporations),2023-09-15,13:07:24,CWEN/A,Clearway Energy,55.0,0.33,USD,Not available,,,14.64,GBP,3.21,USD,,,,,,,,,,,,
Dividend (Dividends paid by us corporations),2023-09-15,13:08:04,O,Realty Income,14.0,0.22,USD,Not available,,,2.45,GBP,0.54,USD,,,,,,,,,,,,
Dividend (Dividends paid by us corporations),2023-09-15,13:00:49,NEE,NextEra Energy,47.0,0.4,USD,Not available,,,15.02,GBP,3.3,USD,,,,,,,,,,,,
Dividend (Dividends paid by us corporations),2023-09-15,13:05:28,HRZN,Horizon Technology Finance,468.0,0.09,USD,Not available,,,35.19,GBP,7.72,USD,,,,,,,,,,,,
Dividend (Dividends paid by us corporations),2023-09-15,13:07:23,CWEN,Clearway Energy,145.0,0.33,USD,Not available,,,38.58,GBP,8.46,USD,,,,,,,,,,,,
Dividend (Dividends paid by us corporations),2023-09-15,13:08:04,O,Realty Income,99.0,0.22,USD,Not available,,,17.31,GBP,3.79,USD,,,,,,,,,,,,
Market buy,2023-09-15,13:47:59,CWEN,Clearway Energy,5.0,25.35,USD,1.24023,,GBP,102.35,GBP,,,,,,,,EOF3500220183,0.15,GBP,,,,
Deposit,2023-09-18,09:11:46,,,,,,,,,300.0,GBP,,,300,GBP,,,Transaction ID: c110ef4c-c2ef-4603-ad05-26a6bf57ce40,fb3e15ac-190e-4bb2-813d-47d68a5868e1,,,,,,
Market buy,2023-09-18,13:30:16,AMAT,Applied Materials,1.0,137.94,USD,1.23906,,GBP,111.5,GBP,,,,,,,,EOF3599981296,0.17,GBP,,,,
Market buy,2023-09-18,13:30:25,O,Realty Income,2.115124,54.39,USD,1.23906,,GBP,92.99,GBP,,,,,,,,EOF3599996090,0.14,GBP,,,,
Market buy,2023-09-18,13:30:25,O,Realty Income,2.684876,54.36,USD,1.23906,,GBP,117.97,GBP,,,,,,,,EOF3599996722,0.18,GBP,,,,
Dividend (Dividends paid by us corporations),2023-09-19,08:39:15,UNH,UnitedHealth,2.0,1.6,USD,Not available,,,2.58,GBP,0.56,USD,,,,,,,,,,,,
Interest on cash,2023-09-19,21:01:57,,,,,,,,,0.01,GBP,,,0.01,GBP,,,Interest on cash,bcc676a2-00c6-4192-838a-4fd15f7ac1e8,,,,,,
Market buy,2023-09-19,13:35:28,GMRE,Global Medical REIT,14.916702,9.52,USD,1.23985,,GBP,114.71,GBP,,,,,,,,EOF3601999956,0.17,GBP,,,,
Market buy,2023-09-19,13:35:36,GMRE,Global Medical REIT,25.083298,9.52,USD,1.23974,,GBP,192.91,GBP,,,,,,,,EOF3650801829,0.29,GBP,,,,
Dividend (Dividends paid by us corporations),2023-09-19,08:39:15,UNH,UnitedHealth,4.0,1.6,USD,Not available,,,5.16,GBP,1.13,USD,,,,,,,,,,,,
Market sell,2023-09-19,13:30:04,CMCSA,Comcast,50.0,45.59,USD,1.23988,-64.8,GBP,1835.79,GBP,,,,,0.01,0.01,,EOF3601985935,2.76,GBP,GBP,GBP,,
Market buy,2023-09-19,13:33:40,O,Realty Income,10.0,53.73,USD,1.24024,,GBP,433.87,GBP,,,,,,,,EOF3601993978,0.65,GBP,,,,
Market buy,2023-09-19,13:42:20,GMRE,Global Medical REIT,5.0,9.51,USD,1.24016,,GBP,38.4,GBP,,,,,,,,EOF3650805201,0.06,GBP,,,,
Market buy,2023-09-19,13:36:14,AMT,American Tower,1.0,177.79,USD,1.24005,,GBP,143.59,GBP,,,,,,,,EOF3650802806,0.22,GBP,,,,
Market buy,2023-09-19,13:38:11,AMAT,Applied Materials,2.0,139.26,USD,1.23981,,GBP,224.99,GBP,,,,,,,,EOF3650804073,0.34,GBP,,,,
Market buy,2023-09-19,13:38:46,SPGI,S&P Global,1.0,389.87,USD,1.23991,,GBP,314.9,GBP,,,,,,,,EOF3650804274,0.47,GBP,,,,
Market buy,2023-09-19,13:38:50,HRZN,Horizon Technology Finance,20.0,11.97,USD,1.23996,,GBP,193.36,GBP,,,,,,,,EOF3650804285,0.29,GBP,,,,
Market buy,2023-09-19,13:41:26,V,Visa,1.0,244.42,USD,1.2402,,GBP,197.38,GBP,,,,,,,,EOF3650804982,0.3,GBP,,,,
Dividend (Dividends paid by us corporations),2023-09-21,08:57:04,QCOM,Qualcomm,32.0,0.68,USD,Not available,,,17.66,GBP,3.84,USD,,,,,,,,,,,,
Dividend (Dividends paid by us corporations),2023-09-21,08:57:04,QCOM,Qualcomm,5.0,0.68,USD,Not available,,,2.76,GBP,0.6,USD,,,,,,,,,,,,
Dividend (Dividends paid by us corporations),2023-09-22,12:56:52,WM,Waste Management,10.0,0.6,USD,Not available,,,4.85,GBP,1.05,USD,,,,,,,,,,,,
Dividend (Dividends paid by us corporations),2023-09-22,12:56:52,WM,Waste Management,10.0,0.6,USD,Not available,,,4.85,GBP,1.05,USD,,,,,,,,,,,,
Interest on cash,2023-09-25,21:02:05,,,,,,,,,0.01,GBP,,,0.01,GBP,,,Interest on cash,df2ae596-b3e4-4cfb-8255-5240b2ef4081,,,,,,
Deposit,2023-09-26,19:46:52,,,,,,,,,250.0,GBP,,,250,GBP,,,Transaction ID: a75dc948-30f1-432a-9d9d-2b95409d59b9,f2609b56-f9ad-4335-9071-4ecfe1d79e81,,,,,,
Market buy,2023-09-26,19:47:35,O,Realty Income,6.2,50.19,USD,1.21574,,GBP,256.34,GBP,,,,,,,,EOF3951604688,0.38,GBP,,,,
Market buy,2023-09-27,13:36:32,GMRE,Global Medical REIT,30.0,8.87,USD,1.21404,,GBP,219.52,GBP,,,,,,,,EOF4000873512,0.33,GBP,,,,
Market sell,2023-09-27,13:30:01,JPM,JPMorgan Chase & Co,16.0,145.05,USD,1.21473,318.21,GBP,1907.66,GBP,,,,,0.02,,,EOF3951749352,2.87,GBP,GBP,,,
Market buy,2023-09-27,13:35:11,VICI,VICI Properties,4.108871,29.35,USD,1.21439,,GBP,99.45,GBP,,,,,,,,EOF4000865273,0.15,GBP,,,,
Market buy,2023-09-27,13:35:12,VICI,VICI Properties,5.891129,29.35,USD,1.21438,,GBP,142.59,GBP,,,,,,,,EOF4000865462,0.21,GBP,,,,
Market buy,2023-09-27,13:37:20,HRZN,Horizon Technology Finance,25.0,11.61,USD,1.21415,,GBP,239.42,GBP,,,,,,,,EOF4000873832,0.36,GBP,,,,
Market buy,2023-09-27,13:39:17,AMT,American Tower,2.0,162.26,USD,1.21401,,GBP,267.71,GBP,,,,,,,,EOF4000874546,0.4,GBP,,,,
Market buy,2023-09-27,13:52:22,SPGI,S&P Global,1.0,364.94,USD,1.21341,,GBP,301.2,GBP,,,,,,,,EOF4000878645,0.45,GBP,,,,
Market buy,2023-09-27,13:53:06,AMAT,Applied Materials,1.0,135.51,USD,1.21342,,GBP,111.85,GBP,,,,,,,,EOF4000878729,0.17,GBP,,,,
Market buy,2023-09-27,13:53:50,UNH,UnitedHealth,1.0,504.1,USD,1.21343,,GBP,416.05,GBP,,,,,,,,EOF4000878912,0.62,GBP,,,,
Market buy,2023-09-27,13:56:39,O,Realty Income,2.0,50.71,USD,1.21383,,GBP,83.68,GBP,,,,,,,,EOF4000879314,0.13,GBP,,,,
Interest on cash,2023-09-27,21:01:51,,,,,,,,,0.01,GBP,,,0.01,GBP,,,Interest on cash,09a2b4df-a412-46ca-8b1e-1dab3efb6936,,,,,,
Dividend (Dividends paid by us corporations),2023-09-28,08:25:45,PSA,Public Storage,4.0,2.55,USD,Not available,,,8.4,GBP,1.8,USD,,,,,,,,,,,,
Deposit,2023-09-28,13:15:22,,,,,,,,,1000.0,GBP,,,1000,GBP,,,Transaction ID: 8f2b7979-43b8-4173-9d04-ae159396eed9,dbc7894f-9520-419b-9ba2-d02c397bb5c9,,,,,,
Market buy,2023-09-28,13:39:12,O,Realty Income,0.121072,49.96,USD,1.21959,,GBP,4.97,GBP,,,,,,,,EOF4002548477,0.01,GBP,,,,
Market buy,2023-09-28,13:39:12,O,Realty Income,4.878928,49.96,USD,1.21959,,GBP,200.16,GBP,,,,,,,,EOF4002548480,0.3,GBP,,,,
Market buy,2023-09-28,13:43:11,VICI,VICI Properties,8.0,29.1,USD,1.21888,,GBP,191.29,GBP,,,,,,,,EOF4050800252,0.29,GBP,,,,
Market buy,2023-09-28,13:45:30,SPG,Simon Property,2.0,108.74,USD,1.21858,,GBP,178.74,GBP,,,,,,,,EOF4050800826,0.27,GBP,,,,
Market buy,2023-09-28,13:51:58,OHI,Omega Healthcare Investors,8.0,33.09,USD,1.21883,,GBP,217.52,GBP,,,,,,,,EOF4050802202,0.33,GBP,,,,
Market buy,2023-09-28,13:55:18,HRZN,Horizon Technology Finance,6.0,11.63,USD,1.21903,,GBP,57.33,GBP,,,,,,,,EOF4050803284,0.09,GBP,,,,
Market buy,2023-09-28,13:47:59,GMRE,Global Medical REIT,25.0,8.9,USD,1.21879,,GBP,182.83,GBP,,,,,,,,EOF4050801437,0.27,GBP,,,,
Dividend (Dividends paid by us corporations),2023-09-28,08:25:45,PSA,Public Storage,9.0,2.55,USD,Not available,,,18.9,GBP,4.05,USD,,,,,,,,,,,,
Market buy,2023-09-28,13:52:59,O,Realty Income,1.0,49.9,USD,1.21881,,GBP,41.0,GBP,,,,,,,,EOF4002740536,0.06,GBP,,,,
Dividend (Dividends paid by us corporations),2023-09-29,14:54:05,SCI,Service Corp International,14.0,0.25,USD,Not available,,,2.82,GBP,0.61,USD,,,,,,,,,,,,
Dividend (Dividends paid by us corporations),2023-09-29,14:54:25,SPG,Simon Property,9.0,1.62,USD,Not available,,,11.88,GBP,2.57,USD,,,,,,,,,,,,
Dividend (Dividends paid by us corporations),2023-09-29,14:58:06,ICE,Intercontinental Exchange,5.0,0.36,USD,Not available,,,1.46,GBP,0.32,USD,,,,,,,,,,,,
Dividend (Dividends paid by us corporations),2023-09-29,14:59:36,LTC,LTC Properties,25.0,0.16,USD,Not available,,,3.3,GBP,0.71,USD,,,,,,,,,,,,
Dividend (Dividends paid by us corporations),2023-09-29,15:06:45,EXR,Extra Space Storage,8.0,0.52,USD,Not available,,,3.39,GBP,0.73,USD,,,,,,,,,,,,
Dividend (Dividends paid by us corporations),2023-09-29,15:07:23,HI,Hillenbrand,2.0,0.19,USD,Not available,,,0.31,GBP,0.07,USD,,,,,,,,,,,,
Dividend (Dividends paid by us corporations),2023-09-29,15:07:48,AVGO,Broadcom,8.0,3.91,USD,Not available,,,25.56,GBP,5.52,USD,,,,,,,,,,,,
Dividend (Dividends paid by us corporations),2023-09-29,14:54:05,SCI,Service Corp International,37.0,0.25,USD,Not available,,,7.45,GBP,1.61,USD,,,,,,,,,,,,
Dividend (Dividends paid by us corporations),2023-09-29,14:54:12,UNP,Union Pacific,17.0,1.11,USD,Not available,,,15.35,GBP,3.32,USD,,,,,,,,,,,,
Dividend (Dividends paid by us corporations),2023-09-29,14:54:25,SPG,Simon Property,55.0,1.62,USD,Not available,,,72.61,GBP,15.68,USD,,,,,,,,,,,,
Dividend (Dividends paid by us corporations),2023-09-29,14:58:06,ICE,Intercontinental Exchange,18.0,0.36,USD,Not available,,,5.25,GBP,1.13,USD,,,,,,,,,,,,
Dividend (Dividends paid by us corporations),2023-09-29,14:59:08,GOOD,Gladstone Commercial,305.0,0.09,USD,Not available,,,21.17,GBP,4.58,USD,,,,,,,,,,,,
Dividend (Dividends paid by us corporations),2023-09-29,14:59:36,LTC,LTC Properties,165.0,0.16,USD,Not available,,,21.76,GBP,4.7,USD,,,,,,,,,,,,
Dividend (Dividends paid by us corporations),2023-09-29,15:06:20,DLR,Digital Realty Trust,58.0,1.04,USD,Not available,,,49.11,GBP,10.61,USD,,,,,,,,,,,,
Dividend (Dividends paid by us corporations),2023-09-29,15:06:45,EXR,Extra Space Storage,21.0,0.52,USD,Not available,,,8.89,GBP,1.92,USD,,,,,,,,,,,,
Dividend (Dividends paid by us corporations),2023-09-29,15:07:48,AVGO,Broadcom,2.0,3.91,USD,Not available,,,6.39,GBP,1.38,USD,,,,,,,,,,,,
Interest on cash,2023-09-29,21:02:34,,,,,,,,,0.01,GBP,,,0.01,GBP,,,Interest on cash,d34531d8-89c4-46b5-8b74-5f3112361de6,,,,,,
Interest on cash,2023-09-30,21:01:58,,,,,,,,,0.01,GBP,,,0.01,GBP,,,Interest on cash,7150a92e-581a-4e66-ab2b-33bcd34664bd,,,,,,
Interest on cash,2023-09-30,21:02:00,,,,,,,,,0.01,GBP,,,0.01,GBP,,,Interest on cash,c5f9c7cb-bf89-4293-a5f7-ca35e47193e4,,,,,,
Interest on cash,2023-10-01,21:02:55,,,,,,,,,0.01,GBP,,,0.01,GBP,,,Interest on cash,d73c143d-bf5a-4bc5-8b7e-d8afdbceaea9,,,,,,
Dividend (Dividends paid by us corporations),2023-10-02,08:41:20,NKE,Nike,20.0,0.29,USD,Not available,,,4.73,GBP,1.02,USD,,,,,,,,,,,,
Market buy,2023-10-02,13:30:08,O,Realty Income,5.0,49.79,USD,1.2139,,GBP,205.39,GBP,,,,,,,,EOF4200022279,0.31,GBP,,,,
Market sell,2023-10-02,17:10:56,SPG,Simon Property,7.5755,105.27,USD,1.21207,9.6,GBP,656.95,GBP,,,,,,,,EOF4201747233,0.99,GBP,,,,
Market sell,2023-10-02,17:10:57,SPG,Simon Property,2.4245,105.27,USD,1.21202,3.08,GBP,210.26,GBP,,,,,,,,EOF4201747235,0.32,GBP,,,,
Market buy,2023-10-02,17:11:37,O,Realty Income,10.0,48.87,USD,1.21183,,GBP,403.87,GBP,,,,,,,,EOF4201747268,0.6,GBP,,,,
Market buy,2023-10-02,17:12:14,VICI,VICI Properties,10.0,28.72,USD,1.21184,,GBP,237.35,GBP,,,,,,,,EOF4201747320,0.36,GBP,,,,
Market buy,2023-10-02,17:17:45,VICI,VICI Properties,9.0,28.74,USD,1.21206,,GBP,213.72,GBP,,,,,,,,EOF4201747885,0.32,GBP,,,,
Market buy,2023-10-02,17:18:00,VICI,VICI Properties,1.0,28.74,USD,1.212,,GBP,23.75,GBP,,,,,,,,EOF4201747894,0.04,GBP,,,,
Market buy,2023-10-03,13:30:01,VICI,VICI Properties,2.0,28.61,USD,1.20788,,GBP,47.44,GBP,,,,,,,,EOF4202499155,0.07,GBP,,,,
Interest on cash,2023-10-04,21:01:43,,,,,,,,,0.01,GBP,,,0.01,GBP,,,Interest on cash,0a311275-2346-4022-9f6d-a5ea70131aed,,,,,,
Interest on cash,2023-10-04,21:01:46,,,,,,,,,0.01,GBP,,,0.01,GBP,,,Interest on cash,808d1aa0-9128-4a5b-88b4-e6482d1caff2,,,,,,
Dividend (Dividends paid by us corporations),2023-10-05,12:27:01,VICI,VICI Properties,23.0,0.35,USD,Not available,,,6.68,GBP,1.43,USD,,,,,,,,,,,,
Dividend (Dividends paid by us corporations),2023-10-05,12:27:01,VICI,VICI Properties,214.0,0.35,USD,Not available,,,62.18,GBP,13.32,USD,,,,,,,,,,,,
Dividend (Dividends paid by us corporations),2023-10-06,13:17:44,MRK,Merck & Co,22.0,0.62,USD,Not available,,,11.21,GBP,2.41,USD,,,,,,,,,,,,
Deposit,2023-10-06,17:46:35,,,,,,,,,1000.0,GBP,,,1000,GBP,,,Transaction ID: d7ddb72b-ad88-4f07-9037-e368ba88fd44,e4c888ed-8ce9-4544-bba7-b351bb4ec8ff,,,,,,
Market buy,2023-10-06,17:47:19,HD,Home Depot,1.0,293.03,USD,1.22343,,GBP,239.87,GBP,,,,,,,,EOF4401157908,0.36,GBP,,,,
Market buy,2023-10-06,17:48:05,UNH,UnitedHealth,1.0,524.21,USD,1.22352,,GBP,429.08,GBP,,,,,,,,EOF4401157923,0.64,GBP,,,,
Market buy,2023-10-06,17:50:45,AMAT,Applied Materials,2.0,140.84,USD,1.22347,,GBP,230.58,GBP,,,,,,,,EOF4401158074,0.35,GBP,,,,
Dividend (Dividends paid by us corporations),2023-10-06,13:17:44,MRK,Merck & Co,24.0,0.62,USD,Not available,,,12.23,GBP,2.63,USD,,,,,,,,,,,,
Market sell,2023-10-06,13:30:06,RIOT,Riot Platforms,81.0,8.75,USD,1.21581,-2192.24,GBP,582.07,GBP,,,,,,,,EOF4350693773,0.87,GBP,,,,
Market buy,2023-10-06,15:01:50,AMT,American Tower,2.0,156.4,USD,1.21868,,GBP,257.06,GBP,,,,,,,,EOF4400581375,0.39,GBP,,,,
Market buy,2023-10-06,15:02:42,AMAT,Applied Materials,1.0,138.72,USD,1.21919,,GBP,113.95,GBP,,,,,,,,EOF4400581569,0.17,GBP,,,,
Market buy,2023-10-06,15:08:56,AMAT,Applied Materials,1.0,139.05,USD,1.21978,,GBP,114.17,GBP,,,,,,,,EOF4400583469,0.17,GBP,,,,
Market buy,2023-10-06,15:16:09,AMAT,Applied Materials,0.73355428,139.07,USD,1.22154,,GBP,83.64,GBP,,,,,,,,EOF4400585060,0.13,GBP,,,,
Market buy,2023-10-06,15:16:10,AMAT,Applied Materials,0.26644572,139.07,USD,1.22154,,GBP,30.38,GBP,,,,,,,,EOF4400585063,0.05,GBP,,,,
Market buy,2023-10-06,15:18:30,O,Realty Income,1.0,49.76,USD,1.22165,,GBP,40.79,GBP,,,,,,,,EOF4400585466,0.06,GBP,,,,
Interest on cash,2023-10-07,21:01:55,,,,,,,,,0.01,GBP,,,0.01,GBP,,,Interest on cash,8f19231a-15f9-415a-83b2-4b15ed3aa4b7,,,,,,
Market sell,2023-10-09,13:30:09,EXR,Extra Space Storage,8.0,117.61,USD,1.22055,-313.7,GBP,769.71,GBP,,,,,,,,EOF4450449340,1.16,GBP,,,,
Market sell,2023-10-09,13:30:13,HASI,Hannon Armstrong Sustainable Infrastructure Capital,46.0,14.15,USD,1.22045,-776.33,GBP,532.53,GBP,,,,,,,,EOF4500504296,0.8,GBP,,,,
Market buy,2023-10-09,13:50:04,AMT,American Tower,4.0,161.23,USD,1.22119,,GBP,528.9,GBP,,,,,,,,EOF4500536614,0.79,GBP,,,,
Market buy,2023-10-09,14:05:32,UNH,UnitedHealth,1.0,525.5,USD,1.22099,,GBP,431.04,GBP,,,,,,,,EOF4500541940,0.65,GBP,,,,
Market buy,2023-10-09,14:07:37,SPGI,S&P Global,1.0,363.93,USD,1.2207,,GBP,298.58,GBP,,,,,,,,EOF4500542405,0.45,GBP,,,,
Market buy,2023-10-09,14:08:24,AMAT,Applied Materials,1.0,138.11,USD,1.22069,,GBP,113.31,GBP,,,,,,,,EOF4500542651,0.17,GBP,,,,
Interest on cash,2023-10-09,21:01:48,,,,,,,,,0.01,GBP,,,0.01,GBP,,,Interest on cash,3774674d-f87e-40a2-8c54-e35f0854318b,,,,,,
Market sell,2023-10-09,13:30:07,HASI,Hannon Armstrong Sustainable Infrastructure Capital,103.0,14.15,USD,1.22053,-2581.64,GBP,1192.32,GBP,,,,,,,,EOF4500100174,1.79,GBP,,,,
Market buy,2023-10-09,13:52:07,SPGI,S&P Global,1.0,363.76,USD,1.22104,,GBP,298.36,GBP,,,,,,,,EOF4500141644,0.45,GBP,,,,
Market buy,2023-10-09,13:52:29,UNH,UnitedHealth,1.0,525.12,USD,1.22106,,GBP,430.7,GBP,,,,,,,,EOF4500141897,0.65,GBP,,,,
Market buy,2023-10-09,13:55:11,AMAT,Applied Materials,3.0,138.75,USD,1.22131,,GBP,341.33,GBP,,,,,,,,EOF4500142708,0.51,GBP,,,,
Market buy,2023-10-09,13:59:32,VICI,VICI Properties,5.0,28.72,USD,1.2211,,GBP,117.78,GBP,,,,,,,,EOF4500144708,0.18,GBP,,,,
Interest on cash,2023-10-09,21:01:47,,,,,,,,,0.01,GBP,,,0.01,GBP,,,Interest on cash,124fd59c-9ed8-4d15-9d7f-e0df64780b42,,,,,,
Market sell,2023-10-10,13:30:05,NEE,NextEra Energy,3.0,49.55,USD,1.22488,-46.09,GBP,121.18,GBP,,,,,,,,EOF4502563673,0.18,GBP,,,,
Market buy,2023-10-10,17:48:21,CWEN/A,Clearway Energy,10.0,20.75,USD,1.22723,,GBP,169.33,GBP,,,,,,,,EOF4551270228,0.25,GBP,,,,
Market buy,2023-10-10,17:56:53,CWEN/A,Clearway Energy,4.0,20.81,USD,1.22708,,GBP,67.94,GBP,,,,,,,,EOF4551270623,0.1,GBP,,,,
Dividend (Dividends paid by us corporations),2023-10-10,12:28:23,GMRE,Global Medical REIT,439.09373,0.18,USD,Not available,,,64.13,GBP,13.83,USD,,,,,,,,,,,,
Dividend (Dividends paid by us corporations),2023-10-10,12:28:23,GMRE,Global Medical REIT,316.0,0.18,USD,Not available,,,46.15,GBP,9.95,USD,,,,,,,,,,,,
Market sell,2023-10-10,13:30:06,EXR,Extra Space Storage,21.0,120.44,USD,1.22457,-8.55,GBP,2062.29,GBP,,,,,0.02,,,EOF4502174780,3.1,GBP,GBP,,,
Market buy,2023-10-10,14:25:44,INTU,Intuit,2.0,540.43,USD,1.22589,,GBP,883.01,GBP,,,,,,,,EOF4550856300,1.32,GBP,,,,
Market buy,2023-10-10,14:26:54,AMT,American Tower,3.0,159.25,USD,1.2263,,GBP,390.17,GBP,,,,,,,,EOF4550856491,0.58,GBP,,,,
Market buy,2023-10-10,14:28:18,TGT,Target,5.0,111.09,USD,1.22626,,GBP,453.64,GBP,,,,,,,,EOF4550856795,0.68,GBP,,,,
Market buy,2023-10-10,14:31:01,CWEN,Clearway Energy,10.0,21.68,USD,1.22591,,GBP,177.12,GBP,,,,,,,,EOF4550857419,0.27,GBP,,,,
Market buy,2023-10-10,14:34:41,AMAT,Applied Materials,1.0,141.65,USD,1.22631,,GBP,115.68,GBP,,,,,,,,EOF4550858222,0.17,GBP,,,,
Market buy,2023-10-10,14:36:08,TGT,Target,1.0,110.65,USD,1.22624,,GBP,90.37,GBP,,,,,,,,EOF4550858545,0.14,GBP,,,,
Market buy,2023-10-10,17:55:57,CWEN,Clearway Energy,1.0,22.11,USD,1.22721,,GBP,18.05,GBP,,,,,,,,EOF4550883322,0.03,GBP,,,,
Dividend (Dividends paid by us corporations),2023-10-11,12:32:30,HASI,Hannon Armstrong Sustainable Infrastructure Capital,46.0,0.34,USD,Not available,,,12.57,GBP,2.73,USD,,,,,,,,,,,,
Dividend (Dividends paid by us corporations),2023-10-11,12:32:30,HASI,Hannon Armstrong Sustainable Infrastructure Capital,103.0,0.34,USD,Not available,,,28.15,GBP,6.1,USD,,,,,,,,,,,,
Market sell,2023-10-11,13:30:05,AWR,American States Water,11.083,79.49,USD,1.23185,78.92,GBP,714.1,GBP,,,,,,,,EOF4552122914,1.07,GBP,,,,
Market sell,2023-10-11,13:30:07,AWR,American States Water,19.917,79.88,USD,1.23186,148.12,GBP,1289.57,GBP,,,,,,,,EOF4552124219,1.94,GBP,,,,
Market buy,2023-10-11,14:40:31,HD,Home Depot,1.0,297.22,USD,1.23171,,GBP,241.67,GBP,,,,,,,,EOF4600301459,0.36,GBP,,,,
Market buy,2023-10-11,14:44:02,INTU,Intuit,1.0,539.44,USD,1.23137,,GBP,438.74,GBP,,,,,,,,EOF4600302214,0.66,GBP,,,,
Market buy,2023-10-11,14:44:55,SPGI,S&P Global,1.0,370.96,USD,1.2315,,GBP,301.67,GBP,,,,,,,,EOF4600302378,0.45,GBP,,,,
Market buy,2023-10-11,14:47:00,UNH,UnitedHealth,1.0,523.95,USD,1.23132,,GBP,426.16,GBP,,,,,,,,EOF4600302746,0.64,GBP,,,,
Market buy,2023-10-11,14:48:16,AMAT,Applied Materials,2.0,142.08,USD,1.23124,,GBP,231.14,GBP,,,,,,,,EOF4600302942,0.35,GBP,,,,
Market buy,2023-10-11,14:50:18,V,Visa,1.0,237.02,USD,1.23128,,GBP,192.79,GBP,,,,,,,,EOF4600303192,0.29,GBP,,,,
Market buy,2023-10-11,14:55:19,V,Visa,1.0,237.08,USD,1.23141,,GBP,192.82,GBP,,,,,,,,EOF4600303984,0.29,GBP,,,,
Dividend (Dividends paid by us corporations),2023-10-13,13:38:17,O,Realty Income,30.0,0.22,USD,Not available,,,5.36,GBP,1.15,USD,,,,,,,,,,,,
Dividend (Dividends paid by foreign corporations),2023-10-13,13:54:22,MDT,Medtronic,3.0,0.52,USD,Not available,,,1.28,GBP,0.52,USD,,,,,,,,,,,,
Deposit,2023-10-13,18:35:41,,,,,,,,,300.0,GBP,,,300,GBP,,,Transaction ID: e0afc3ec-2f37-4eda-87ac-8fee99752ed8,e03ef728-9979-4ca9-95d0-299e96096aa7,,,,,,
Market buy,2023-10-13,18:39:01,AMAT,Applied Materials,2.0,141.27,USD,1.21327,,GBP,233.22,GBP,,,,,,,,EOF4700972108,0.35,GBP,,,,
Market buy,2023-10-13,18:52:53,O,Realty Income,2.0,50.49,USD,1.2134,,GBP,83.34,GBP,,,,,,,,EOF4700973086,0.12,GBP,,,,
Market sell,2023-10-13,19:42:36,WM,Waste Management,6.5867,158.01,USD,1.21377,191.14,GBP,856.17,GBP,,,,,,,,EOF4700976232,1.29,GBP,,,,
Market sell,2023-10-13,19:42:38,WM,Waste Management,3.4133,158.01,USD,1.21377,99.05,GBP,443.67,GBP,,,,,,,,EOF4700976238,0.67,GBP,,,,
Market buy,2023-10-13,19:48:24,INTU,Intuit,1.0,531.97,USD,1.21378,,GBP,438.94,GBP,,,,,,,,EOF4700976698,0.66,GBP,,,,
Market buy,2023-10-13,19:50:30,UNH,UnitedHealth,1.0,538.86,USD,1.21381,,GBP,444.61,GBP,,,,,,,,EOF4700976830,0.67,GBP,,,,
Market buy,2023-10-13,19:54:14,SPGI,S&P Global,1.0,363.37,USD,1.21388,,GBP,299.8,GBP,,,,,,,,EOF4700977485,0.45,GBP,,,,
Market buy,2023-10-13,19:56:43,AMAT,Applied Materials,1.0,141.43,USD,1.21405,,GBP,116.66,GBP,,,,,,,,EOF4700977803,0.17,GBP,,,,
Market sell,2023-10-13,19:58:44,JPM,JPMorgan Chase & Co,6.0,147.98,USD,1.21405,145.27,GBP,730.23,GBP,,,,,0.01,,,EOF4700978093,1.1,GBP,GBP,,,
Market buy,2023-10-13,19:59:12,INTU,Intuit,1.0,532.3,USD,1.2139,,GBP,439.16,GBP,,,,,,,,EOF4700978160,0.66,GBP,,,,
Interest on cash,2023-10-13,21:01:56,,,,,,,,,0.01,GBP,,,0.01,GBP,,,Interest on cash,78dede20-419e-4e79-85f4-a101a7f9a78b,,,,,,
Dividend (Dividends paid by us corporations),2023-10-13,13:38:17,O,Realty Income,123.0,0.22,USD,Not available,,,21.97,GBP,4.72,USD,,,,,,,,,,,,
Dividend (Dividends paid by foreign corporations),2023-10-13,13:54:22,MDT,Medtronic,24.0,0.52,USD,Not available,,,10.2,GBP,4.14,USD,,,,,,,,,,,,
Interest on cash,2023-10-14,21:02:13,,,,,,,,,0.02,GBP,,,0.02,GBP,,,Interest on cash,570eba96-1895-4b89-b38e-1ef31479d0cb,,,,,,
Interest on cash,2023-10-15,21:02:07,,,,,,,,,0.01,GBP,,,0.01,GBP,,,Interest on cash,ef1c1ce8-6933-40c1-9ff4-47271e436a67,,,,,,
Interest on cash,2023-10-15,21:01:47,,,,,,,,,0.01,GBP,,,0.01,GBP,,,Interest on cash,2868a39b-5c7a-4ebb-9114-67a143be6415,,,,,,
Dividend (Dividends paid by us corporations),2023-10-16,12:41:19,HRZN,Horizon Technology Finance,25.0,0.09,USD,Not available,,,1.92,GBP,0.41,USD,,,,,,,,,,,,
Market buy,2023-10-16,13:30:00,AMAT,Applied Materials,1.6661463,141.76,USD,1.2171,,GBP,194.35,GBP,,,,,,,,EOF4800050235,0.29,GBP,,,,
Market buy,2023-10-16,13:30:06,AMAT,Applied Materials,0.3338537,141.76,USD,1.21691,,GBP,38.95,GBP,,,,,,,,EOF4800056278,0.06,GBP,,,,
Market buy,2023-10-16,15:15:06,CWEN/A,Clearway Energy,4.0,21.09,USD,1.21941,,GBP,69.28,GBP,,,,,,,,EOF4800870413,0.1,GBP,,,,
Dividend (Dividends paid by us corporations),2023-10-16,12:41:19,HRZN,Horizon Technology Finance,502.0,0.09,USD,Not available,,,38.58,GBP,8.28,USD,,,,,,,,,,,,
Market sell,2023-10-16,15:00:34,WM,Waste Management,10.0,159.41,USD,1.21882,494.76,GBP,1305.89,GBP,,,,,0.01,,,EOF4801415866,1.96,GBP,GBP,,,
Market buy,2023-10-16,15:02:13,SPGI,S&P Global,1.0,371.22,USD,1.21888,,GBP,305.02,GBP,,,,,,,,EOF4801416380,0.46,GBP,,,,
Market buy,2023-10-16,15:03:30,V,Visa,1.0,240.66,USD,1.21898,,GBP,197.73,GBP,,,,,,,,EOF4801416604,0.3,GBP,,,,
Market buy,2023-10-16,15:03:49,MA,Mastercard,1.0,404.41,USD,1.21898,,GBP,332.26,GBP,,,,,,,,EOF4801416656,0.5,GBP,,,,
Market buy,2023-10-16,15:05:00,INTU,Intuit,1.0,541.17,USD,1.219,,GBP,444.62,GBP,,,,,,,,EOF4801416826,0.67,GBP,,,,
Market buy,2023-10-16,15:10:11,O,Realty Income,2.0,50.69,USD,1.21922,,GBP,83.27,GBP,,,,,,,,EOF4801418135,0.12,GBP,,,,
Market sell,2023-10-17,13:30:04,SCI,Service Corp International,37.0,55.02,USD,1.21496,360.1,GBP,1673.04,GBP,,,,,0.01,0,,EOF4801979505,2.51,GBP,GBP,GBP,,
Market buy,2023-10-17,19:53:09,UNH,UnitedHealth,1.0,536.18,USD,1.21798,,GBP,440.88,GBP,,,,,,,,EOF4850394611,0.66,GBP,,,,
Market buy,2023-10-17,19:54:14,SPGI,S&P Global,1.0,367.15,USD,1.21812,,GBP,301.86,GBP,,,,,,,,EOF4850394701,0.45,GBP,,,,
Market buy,2023-10-17,19:55:35,AMAT,Applied Materials,3.0,142.48,USD,1.21827,,GBP,351.39,GBP,,,,,,,,EOF4850394818,0.53,GBP,,,,
Market buy,2023-10-17,19:56:27,INTU,Intuit,1.0,538.48,USD,1.21826,,GBP,442.67,GBP,,,,,,,,EOF4850394903,0.66,GBP,,,,
Market buy,2023-10-17,19:57:55,AMAT,Applied Materials,1.0,142.61,USD,1.21841,,GBP,117.23,GBP,,,,,,,,EOF4850395059,0.18,GBP,,,,
Market buy,2023-10-18,13:30:01,HRZN,Horizon Technology Finance,4.0,11.91,USD,1.21697,,GBP,39.21,GBP,,,,,,,,EOF4851469283,0.06,GBP,,,,
Deposit,2023-10-20,12:48:55,,,,,,,,,300.0,GBP,,,300,GBP,,,Transaction ID: 0fd5cbc6-3e36-48d1-b558-dd5ad9e18cef,30818f3d-c2b1-4eb2-8d85-d95717cfd9bb,,,,,,
Market buy,2023-10-20,13:30:01,AMAT,Applied Materials,1.0,135.07,USD,1.21445,,GBP,111.39,GBP,,,,,,,,EOF4951873344,0.17,GBP,,,,
Market buy,2023-10-20,13:31:26,AMT,American Tower,1.0,160.78,USD,1.21502,,GBP,132.53,GBP,,,,,,,,EOF4951880242,0.2,GBP,,,,
Interest on cash,2023-10-20,21:01:48,,,,,,,,,0.01,GBP,,,0.01,GBP,,,Interest on cash,0243f414-c4ee-4980-a6fa-50e9226fd350,,,,,,
Interest on cash,2023-10-23,21:02:07,,,,,,,,,0.01,GBP,,,0.01,GBP,,,Interest on cash,93784bf5-afa9-498d-a906-1b5cd59ba2c1,,,,,,
Interest on cash,2023-10-24,21:02:16,,,,,,,,,0.01,GBP,,,0.01,GBP,,,Interest on cash,cbdc76fc-5109-43a2-9147-a9222674bce3,,,,,,
Dividend (Dividends paid by us corporations),2023-10-27,13:10:14,AMT,American Tower,10.0,1.38,USD,Not available,,,11.36,GBP,2.43,USD,,,,,,,,,,,,
Interest on cash,2023-10-27,21:01:57,,,,,,,,,0.01,GBP,,,0.01,GBP,,,Interest on cash,196fc574-0c05-4b77-9bd0-b3312fb661c7,,,,,,
Dividend (Dividends paid by us corporations),2023-10-27,13:10:14,AMT,American Tower,30.0,1.38,USD,Not available,,,34.08,GBP,7.29,USD,,,,,,,,,,,,
Interest on cash,2023-10-29,22:02:14,,,,,,,,,0.01,GBP,,,0.01,GBP,,,Interest on cash,376c89b5-053f-48b2-a722-55dfed7e8502,,,,,,
Deposit,2023-10-30,10:35:51,,,,,,,,,1100.0,GBP,,,1100,GBP,,,Transaction ID: bef20ecb-0876-43a7-81a0-fe44a7437c0a,9ea2b193-647a-43c1-b1c1-b15598b7e040,,,,,,
Interest on cash,2023-10-30,22:01:54,,,,,,,,,0.06,GBP,,,0.06,GBP,,,Interest on cash,c430a086-2b2f-4f66-80c0-4fc6ac6f9b5c,,,,,,
Market buy,2023-10-31,13:30:01,AMAT,Applied Materials,2.0,131.9,USD,1.21397,,GBP,217.63,GBP,,,,,,,,EOF5402067658,0.33,GBP,,,,
Market buy,2023-10-31,13:30:02,MA,Mastercard,1.0,373.9,USD,1.21398,,GBP,308.46,GBP,,,,,,,,EOF5402068976,0.46,GBP,,,,
Market buy,2023-10-31,13:30:03,SPGI,S&P Global,1.0,347.16,USD,1.21395,,GBP,286.41,GBP,,,,,,,,EOF5402069893,0.43,GBP,,,,
Market buy,2023-10-31,13:31:16,O,Realty Income,0.297231,46.34,USD,1.21347,,GBP,11.37,GBP,,,,,,,,EOF5402076776,0.02,GBP,,,,
Market buy,2023-10-31,13:31:33,O,Realty Income,4.702769,46.26,USD,1.2137,,GBP,179.52,GBP,,,,,,,,EOF5402077263,0.27,GBP,,,,
Dividend (Dividend),2023-10-31,14:02:04,JPM,JPMorgan Chase & Co,6.0,0.89,USD,Not available,,,4.4,GBP,0.95,USD,,,,,,,,,,,,
Dividend (Dividend),2023-10-31,14:18:48,LTC,LTC Properties,25.0,0.16,USD,Not available,,,3.32,GBP,0.71,USD,,,,,,,,,,,,
Dividend (Dividend),2023-10-31,14:18:48,LTC,LTC Properties,165.0,0.16,USD,Not available,,,21.93,GBP,4.7,USD,,,,,,,,,,,,
Dividend (Dividend),2023-10-31,14:33:40,GOOD,Gladstone Commercial,305.0,0.09,USD,Not available,,,21.32,GBP,4.58,USD,,,,,,,,,,,,
Interest on cash,2023-11-01,22:02:10,,,,,,,,,0.01,GBP,,,0.01,GBP,,,Interest on cash,e85c2c9e-1156-46ac-af33-16d2bc67d6fc,,,,,,
Interest on cash,2023-11-01,22:01:53,,,,,,,,,0.01,GBP,,,0.01,GBP,,,Interest on cash,86cfea01-62d8-4dd8-a5bc-9510d76866c1,,,,,,
Interest on cash,2023-11-02,22:01:52,,,,,,,,,0.01,GBP,,,0.01,GBP,,,Interest on cash,f068bc8e-4f0f-4fe3-9962-75a831616208,,,,,,
Market buy,2023-11-03,13:30:01,AMAT,Applied Materials,1.0,139.78,USD,1.23219,,GBP,113.61,GBP,,,,,,,,EOF5551232262,0.17,GBP,,,,
Interest on cash,2023-11-03,22:01:52,,,,,,,,,0.01,GBP,,,0.01,GBP,,,Interest on cash,bfceb7bb-d1a4-4eef-a848-3324b18bbb1f,,,,,,
Interest on cash,2023-11-04,22:01:57,,,,,,,,,0.01,GBP,,,0.01,GBP,,,Interest on cash,7799e01b-1277-47bc-b710-d67e3b4545b3,,,,,,
Interest on cash,2023-11-05,22:01:54,,,,,,,,,0.01,GBP,,,0.01,GBP,,,Interest on cash,d68e59f7-baf6-45fd-9468-8dba88fc9dee,,,,,,
Deposit,2023-11-06,18:31:54,,,,,,,,,200.0,GBP,,,200,GBP,,,Transaction ID: b89a5281-dc60-4bd1-99c9-3233f05655c3,752169a2-97a5-4400-b799-f1cca3d18c7d,,,,,,
Market buy,2023-11-06,18:33:41,AMAT,Applied Materials,2.0,139.98,USD,1.23672,,GBP,226.71,GBP,,,,,,,,EOF5751504462,0.34,GBP,,,,
Market sell,2023-11-06,14:30:15,NEE,NextEra Energy,3.469,59.4,USD,1.23952,-31.62,GBP,165.99,GBP,,,,,,,,EOF5750126697,0.25,GBP,,,,
Market sell,2023-11-06,14:30:17,NEE,NextEra Energy,43.531,59.75,USD,1.23954,-384.48,GBP,2095.17,GBP,,,,,,,,EOF5750128011,3.15,GBP,,,,
Market buy,2023-11-06,14:33:53,INTU,Intuit,5.0,499.32,USD,1.23962,,GBP,2017.02,GBP,,,,,,,,EOF5750132874,3.02,GBP,,,,
Market buy,2023-11-06,14:38:16,MCO,Moody's,1.0,331.17,USD,1.23947,,GBP,267.58,GBP,,,,,,,,EOF5751052575,0.4,GBP,,,,
Market sell,2023-11-06,14:39:52,MDT,Medtronic,24.0,72.78,USD,1.23928,-651.73,GBP,1407.38,GBP,,,,,0.01,,,EOF5751053455,2.11,GBP,GBP,,,
Market buy,2023-11-06,14:40:48,MCO,Moody's,5.0,331.24,USD,1.23958,,GBP,1338.1,GBP,,,,,,,,EOF5751053738,2,GBP,,,,
Market sell,2023-11-06,14:45:09,UNP,Union Pacific,17.0,210.62,USD,1.23965,134.42,GBP,2883.97,GBP,,,,,0.02,,,EOF5751054820,4.33,GBP,GBP,,,
Market buy,2023-11-06,14:57:48,MCO,Moody's,10.0,332.22,USD,1.23893,,GBP,2685.51,GBP,,,,,,,,EOF5751058230,4.02,GBP,,,,
Market buy,2023-11-06,15:20:27,MCO,Moody's,1.0,332.08,USD,1.23819,,GBP,268.6,GBP,,,,,,,,EOF5751064719,0.4,GBP,,,,
Market sell,2023-11-07,16:22:44,HI,Hillenbrand,2.0,39.38,USD,1.22996,-2.22,GBP,63.93,GBP,,,,,,,,EOF5799985876,0.1,GBP,,,,
Market buy,2023-11-07,16:48:37,AOS,A O Smith,1.0,71.03,USD,1.22965,,GBP,57.85,GBP,,,,,,,,EOF5799988853,0.09,GBP,,,,
Market sell,2023-11-07,20:59:22,WTRG,Essential Utilities,66.0,35.03,USD,1.22925,-449.83,GBP,1877.67,GBP,,,,,0.02,0.01,,EOF5801005342,2.82,GBP,GBP,GBP,,
Interest on cash,2023-11-07,22:01:58,,,,,,,,,0.11,GBP,,,0.11,GBP,,,Interest on cash,b049a9bd-8f01-47cf-b6cc-0ce76681d77f,,,,,,
Market sell,2023-11-08,15:18:10,MDT,Medtronic,3.0,72.18,USD,1.22775,-24.22,GBP,176.11,GBP,,,,,,,,EOF5850027951,0.26,GBP,,,,
Market buy,2023-11-08,15:20:35,AMAT,Applied Materials,1.0,143.03,USD,1.22764,,GBP,116.68,GBP,,,,,,,,EOF5850028350,0.17,GBP,,,,
Interest on cash,2023-11-08,22:01:55,,,,,,,,,0.01,GBP,,,0.01,GBP,,,Interest on cash,9132fee4-06ba-418e-ad67-d9483eba573a,,,,,,
Market buy,2023-11-08,14:30:01,INTU,Intuit,1.0,521.21,USD,1.22696,,GBP,425.44,GBP,,,,,,,,EOF5801035334,0.64,GBP,,,,
Market buy,2023-11-08,14:30:02,COST,Costco Wholesale,1.0,572.03,USD,1.22695,,GBP,466.92,GBP,,,,,,,,EOF5801035965,0.7,GBP,,,,
Market buy,2023-11-08,14:30:02,AMAT,Applied Materials,1.2728788,142.34,USD,1.2269,,GBP,147.89,GBP,,,,,,,,EOF5801036743,0.22,GBP,,,,
Market buy,2023-11-08,14:30:03,MCO,Moody's,1.0,338.39,USD,1.2269,,GBP,276.22,GBP,,,,,,,,EOF5801037345,0.41,GBP,,,,
Market buy,2023-11-08,14:30:06,CAT,Caterpillar,2.0,236.0,USD,1.22681,,GBP,385.32,GBP,,,,,,,,EOF5801040150,0.58,GBP,,,,
Market buy,2023-11-08,14:30:06,AMAT,Applied Materials,0.7271212,142.55,USD,1.2268,,GBP,84.62,GBP,,,,,,,,EOF5801040215,0.13,GBP,,,,
Interest on cash,2023-11-08,22:02:27,,,,,,,,,0.01,GBP,,,0.01,GBP,,,Interest on cash,252fd138-17a6-4192-997d-8731161af52a,,,,,,
Dividend (Dividend),2023-11-09,13:41:31,MA,Mastercard,7.0,0.48,USD,Not available,,,2.76,GBP,0.6,USD,,,,,,,,,,,,
Dividend (Dividend),2023-11-09,13:41:31,MA,Mastercard,5.0,0.48,USD,Not available,,,1.97,GBP,0.43,USD,,,,,,,,,,,,
Market buy,2023-11-09,14:30:03,AMAT,Applied Materials,1.0,144.9,USD,1.22688,,GBP,118.28,GBP,,,,,,,,EOF5851085721,0.18,GBP,,,,
Market sell,2023-11-10,14:30:06,PSA,Public Storage,4.0,246.58,USD,1.22221,-134.75,GBP,805.79,GBP,,,,,,,,EOF5949952754,1.21,GBP,,,,
Market buy,2023-11-10,15:23:56,ADBE,Adobe,1.0,582.47,USD,1.22026,,GBP,478.05,GBP,,,,,,,,EOF5949980006,0.72,GBP,,,,
Market buy,2023-11-10,15:31:37,MCO,Moody's,1.0,339.69,USD,1.21939,,GBP,278.99,GBP,,,,,,,,EOF5949981472,0.42,GBP,,,,
Market buy,2023-11-10,15:36:21,AOS,A O Smith,2.0,71.93,USD,1.21938,,GBP,118.16,GBP,,,,,,,,EOF5949982208,0.18,GBP,,,,
Market sell,2023-11-10,14:30:08,PSA,Public Storage,3.9444,246.58,USD,1.22221,57.81,GBP,794.58,GBP,,,,,,,,EOF5901191319,1.19,GBP,,,,
Market sell,2023-11-10,14:30:08,PSA,Public Storage,5.0556,246.58,USD,1.22221,74.11,GBP,1018.43,GBP,,,,,,,,EOF5901191340,1.53,GBP,,,,
Market buy,2023-11-10,15:22:54,ADBE,Adobe,3.0,581.93,USD,1.22021,,GBP,1432.88,GBP,,,,,,,,EOF5950217291,2.15,GBP,,,,
Market buy,2023-11-10,15:27:28,MCO,Moody's,1.0,340.06,USD,1.21933,,GBP,279.31,GBP,,,,,,,,EOF5950218382,0.42,GBP,,,,
Market buy,2023-11-10,15:29:33,AOS,A O Smith,2.0,71.88,USD,1.2194,,GBP,118.07,GBP,,,,,,,,EOF5950218900,0.18,GBP,,,,
Market sell,2023-11-10,19:03:37,GOOD,Gladstone Commercial,205.0,11.9,USD,1.22216,-617.45,GBP,1993.53,GBP,,,,,0.02,0.02,,EOF5950245106,2.99,GBP,GBP,GBP,,
Market sell,2023-11-10,19:03:37,GOOD,Gladstone Commercial,12.0,11.91,USD,1.22215,-36.08,GBP,116.76,GBP,,,,,,,,EOF5950245108,0.18,GBP,,,,
Market sell,2023-11-10,19:03:38,GOOD,Gladstone Commercial,88.0,11.89,USD,1.22216,-265.99,GBP,854.82,GBP,,,,,0.01,0.01,,EOF5950245110,1.28,GBP,GBP,GBP,,
Market buy,2023-11-10,19:04:58,ADBE,Adobe,5.0,595.06,USD,1.22222,,GBP,2437.97,GBP,,,,,,,,EOF5950245173,3.65,GBP,,,,
Market buy,2023-11-10,19:06:18,ADBE,Adobe,1.0,595.11,USD,1.22237,,GBP,487.58,GBP,,,,,,,,EOF5950245275,0.73,GBP,,,,
Interest on cash,2023-11-11,22:02:18,,,,,,,,,0.01,GBP,,,0.01,GBP,,,Interest on cash,e3c1fccc-0d39-4186-aeb0-bd22a818afe7,,,,,,
Interest on cash,2023-11-12,22:01:50,,,,,,,,,0.01,GBP,,,0.01,GBP,,,Interest on cash,8371b2d7-1681-4405-8e0c-3eef40666c09,,,,,,
Deposit,2023-11-13,13:25:42,,,,,,,,,250.0,GBP,,,250,GBP,,,Transaction ID: c4e12607-4ee3-41a6-995f-13a37e0a293f,68cfc27c-911e-444f-b6c8-241a8ff7406a,,,,,,
Market buy,2023-11-13,14:30:08,CAT,Caterpillar,0.106189,239.1,USD,1.22406,,GBP,20.77,GBP,,,,,,,,EOF6050103551,0.03,GBP,,,,
Market buy,2023-11-13,14:30:13,CAT,Caterpillar,0.893811,239.45,USD,1.22388,,GBP,175.13,GBP,,,,,,,,EOF6050108315,0.26,GBP,,,,
Interest on cash,2023-11-14,22:01:59,,,,,,,,,0.01,GBP,,,0.01,GBP,,,Interest on cash,94bbb3a4-e754-4813-9a78-bc6e1c454c5d,,,,,,
Dividend (Dividend),2023-11-15,13:30:48,ABBV,AbbVie,11.0,1.26,USD,Not available,,,11.1,GBP,2.44,USD,,,,,,,,,,,,
Dividend (Dividend),2023-11-15,13:33:04,OHI,Omega Healthcare Investors,42.0,0.57,USD,Not available,,,19.19,GBP,4.22,USD,,,,,,,,,,,,
Dividend (Dividend),2023-11-15,13:42:00,O,Realty Income,32.0,0.22,USD,Not available,,,5.59,GBP,1.23,USD,,,,,,,,,,,,
Dividend (Dividend),2023-11-15,13:56:52,HRZN,Horizon Technology Finance,31.0,0.09,USD,Not available,,,2.33,GBP,0.51,USD,,,,,,,,,,,,
Market buy,2023-11-15,15:26:28,AOS,A O Smith,1.0,76.95,USD,1.24198,,GBP,62.05,GBP,,,,,,,,EOF6150836480,0.09,GBP,,,,
Market buy,2023-11-15,15:28:01,OHI,Omega Healthcare Investors,2.0,31.7,USD,1.24193,,GBP,51.13,GBP,,,,,,,,EOF6150836863,0.08,GBP,,,,
Interest on cash,2023-11-15,22:02:07,,,,,,,,,0.01,GBP,,,0.01,GBP,,,Interest on cash,173d9226-3de0-46c9-99ae-f91a0758999d,,,,,,
Dividend (Dividend),2023-11-15,13:30:48,ABBV,AbbVie,35.0,1.26,USD,Not available,,,35.33,GBP,7.77,USD,,,,,,,,,,,,
Dividend (Dividend),2023-11-15,13:31:23,AOS,A O Smith,74.0,0.27,USD,Not available,,,16.15,GBP,3.55,USD,,,,,,,,,,,,
Dividend (Dividend),2023-11-15,13:33:04,OHI,Omega Healthcare Investors,178.0,0.57,USD,Not available,,,81.34,GBP,17.89,USD,,,,,,,,,,,,
Dividend (Dividend),2023-11-15,13:42:00,O,Realty Income,141.0,0.22,USD,Not available,,,24.62,GBP,5.41,USD,,,,,,,,,,,,
Dividend (Dividend),2023-11-15,13:56:52,HRZN,Horizon Technology Finance,547.0,0.09,USD,Not available,,,41.04,GBP,9.03,USD,,,,,,,,,,,,
Market buy,2023-11-15,15:23:06,ABBV,AbbVie,2.0,137.29,USD,1.24192,,GBP,221.42,GBP,,,,,,,,EOF6150793941,0.33,GBP,,,,
Dividend (Dividend),2023-11-16,13:24:06,AAPL,Apple,14.0,0.2,USD,Not available,,,2.3,GBP,0.5,USD,,,,,,,,,,,,
Market sell,2023-11-16,20:57:57,QCOM,Qualcomm,16.6424,128.77,USD,1.24095,319.16,GBP,1724.33,GBP,,,,,,,,EOF6201958056,2.59,GBP,,,,
Market sell,2023-11-16,20:57:58,QCOM,Qualcomm,15.3576,128.77,USD,1.24095,294.52,GBP,1591.21,GBP,,,,,,,,EOF6201958058,2.39,GBP,,,,
Interest on cash,2023-11-16,22:01:48,,,,,,,,,0.14,GBP,,,0.14,GBP,,,Interest on cash,fad03af5-ee93-4e40-b155-9f14f1cdb6cd,,,,,,
Dividend (Dividend),2023-11-16,13:24:06,AAPL,Apple,31.0,0.2,USD,Not available,,,5.1,GBP,1.12,USD,,,,,,,,,,,,
Market sell,2023-11-16,20:58:49,QCOM,Qualcomm,5.0,128.74,USD,1.24092,-11.75,GBP,517.95,GBP,,,,,,,,EOF6201097755,0.78,GBP,,,,
Interest on cash,2023-11-16,22:02:18,,,,,,,,,0.03,GBP,,,0.03,GBP,,,Interest on cash,57d3b915-9115-46eb-8812-fbe60f77480b,,,,,,
Market buy,2023-11-17,14:30:00,HRZN,Horizon Technology Finance,18.0,12.07,USD,1.24139,,GBP,175.27,GBP,,,,,,,,EOF6250126155,0.26,GBP,,,,
Market buy,2023-11-17,14:30:03,CAT,Caterpillar,1.0,250.78,USD,1.24147,,GBP,202.3,GBP,,,,,,,,EOF6250128739,0.3,GBP,,,,
Market buy,2023-11-17,14:30:03,INTU,Intuit,1.0,556.61,USD,1.24142,,GBP,449.04,GBP,,,,,,,,EOF6250128066,0.67,GBP,,,,
Market buy,2023-11-17,14:30:04,MCO,Moody's,2.0,355.0,USD,1.24154,,GBP,572.73,GBP,,,,,,,,EOF6250129659,0.86,GBP,,,,
Market buy,2023-11-17,14:30:04,CAT,Caterpillar,1.0,250.78,USD,1.24149,,GBP,202.3,GBP,,,,,,,,EOF6250129498,0.3,GBP,,,,
Market buy,2023-11-17,14:30:05,UNH,UnitedHealth,0.9865992,541.07,USD,1.24153,,GBP,430.61,GBP,,,,,,,,EOF6250130154,0.64,GBP,,,,
Market buy,2023-11-17,14:30:06,HD,Home Depot,1.0,308.4,USD,1.24158,,GBP,248.76,GBP,,,,,,,,EOF6250131412,0.37,GBP,,,,
Market buy,2023-11-17,14:30:06,UNH,UnitedHealth,0.0134008,540.62,USD,1.24152,,GBP,5.85,GBP,,,,,,,,EOF6250132039,0.01,GBP,,,,
Market buy,2023-11-17,14:30:07,CWEN/A,Clearway Energy,20.0,21.43,USD,1.24148,,GBP,345.75,GBP,,,,,,,,EOF6250132683,0.52,GBP,,,,
Market buy,2023-11-17,14:44:44,AMAT,Applied Materials,2.0,147.35,USD,1.24141,,GBP,237.75,GBP,,,,,,,,EOF6250149658,0.36,GBP,,,,
Market buy,2023-11-17,14:47:15,HD,Home Depot,1.0,307.3,USD,1.24148,,GBP,247.9,GBP,,,,,,,,EOF6251100242,0.37,GBP,,,,
Market buy,2023-11-17,14:50:54,DLR,Digital Realty Trust,1.0,134.6,USD,1.24144,,GBP,108.58,GBP,,,,,,,,EOF6251101051,0.16,GBP,,,,
Market buy,2023-11-17,14:52:17,HRZN,Horizon Technology Finance,10.0,12.07,USD,1.24151,,GBP,97.37,GBP,,,,,,,,EOF6251101395,0.15,GBP,,,,
Dividend (Dividend),2023-11-17,15:21:19,COST,Costco Wholesale,4.0,0.87,USD,Not available,,,2.79,GBP,0.61,USD,,,,,,,,,,,,
Market buy,2023-11-17,14:30:08,AMAT,Applied Materials,1.0,142.39,USD,1.24152,,GBP,114.86,GBP,,,,,,,,EOF6250436427,0.17,GBP,,,,
Market buy,2023-11-17,14:30:09,SPGI,S&P Global,1.0,405.0,USD,1.24148,,GBP,326.71,GBP,,,,,,,,EOF6250436684,0.49,GBP,,,,
Market buy,2023-11-17,14:59:47,AOS,A O Smith,0.795645,76.33,USD,1.24183,,GBP,48.97,GBP,,,,,,,,EOF6251004827,0.07,GBP,,,,
Market buy,2023-11-17,14:59:48,AOS,A O Smith,0.204355,76.34,USD,1.24182,,GBP,12.58,GBP,,,,,,,,EOF6251004830,0.02,GBP,,,,
Market buy,2023-11-17,15:00:17,OHI,Omega Healthcare Investors,2.0,31.78,USD,1.2419,,GBP,51.26,GBP,,,,,,,,EOF6251004894,0.08,GBP,,,,
Dividend (Dividend),2023-11-17,15:21:19,COST,Costco Wholesale,10.0,0.87,USD,Not available,,,6.98,GBP,1.53,USD,,,,,,,,,,,,
Dividend (Dividend),2023-11-20,13:19:28,CAT,Caterpillar,2.0,1.11,USD,Not available,,,1.77,GBP,0.39,USD,,,,,,,,,,,,
Dividend (Dividend),2023-11-20,13:19:28,CAT,Caterpillar,24.0,1.11,USD,Not available,,,21.24,GBP,4.68,USD,,,,,,,,,,,,
Interest on cash,2023-11-21,22:02:06,,,,,,,,,0.01,GBP,,,0.01,GBP,,,Interest on cash,56add1c8-166c-4bc1-8243-ecec3053d66c,,,,,,
Interest on cash,2023-11-21,22:01:59,,,,,,,,,0.01,GBP,,,0.01,GBP,,,Interest on cash,6464f750-1091-42a5-961e-c33d69eed817,,,,,,
Dividend (Dividend),2023-11-22,13:46:45,WELL,Welltower,1.0,0.52,USD,Not available,,,0.41,GBP,0.09,USD,,,,,,,,,,,,
Dividend (Dividend),2023-11-22,13:46:45,WELL,Welltower,72.0,0.52,USD,Not available,,,29.78,GBP,6.59,USD,,,,,,,,,,,,
Interest on cash,2023-11-24,22:02:22,,,,,,,,,0.01,GBP,,,0.01,GBP,,,Interest on cash,fa4959e7-86d0-4bb4-b120-220d49c37a26,,,,,,
Interest on cash,2023-11-26,22:02:04,,,,,,,,,0.01,GBP,,,0.01,GBP,,,Interest on cash,8961e7d0-dd10-4c55-95e7-96dc3b79fb06,,,,,,
Market sell,2023-11-27,16:51:04,NKE,Nike,20.0,107.87,USD,1.26082,-192.83,GBP,1708.53,GBP,,,,,,,,EOF6651123302,2.57,GBP,,,,
Market buy,2023-11-27,16:52:50,INTU,Intuit,1.0,563.96,USD,1.26077,,GBP,447.98,GBP,,,,,,,,EOF6651123441,0.67,GBP,,,,
Market buy,2023-11-27,16:54:02,CAT,Caterpillar,0.8658132,247.42,USD,1.26078,,GBP,170.16,GBP,,,,,,,,EOF6651123486,0.25,GBP,,,,
Market buy,2023-11-27,16:54:03,CAT,Caterpillar,0.1341868,247.4,USD,1.26078,,GBP,26.37,GBP,,,,,,,,EOF6651123487,0.04,GBP,,,,
Market buy,2023-11-27,16:55:06,ADBE,Adobe,1.0,623.28,USD,1.26082,,GBP,495.08,GBP,,,,,,,,EOF6651123533,0.74,GBP,,,,
Market buy,2023-11-27,16:56:10,V,Visa,1.0,253.91,USD,1.26106,,GBP,201.65,GBP,,,,,,,,EOF6651123618,0.3,GBP,,,,
Market buy,2023-11-27,16:56:23,MA,Mastercard,1.0,410.0,USD,1.26117,,GBP,325.58,GBP,,,,,,,,EOF6651123630,0.49,GBP,,,,
Market buy,2023-11-27,16:59:43,GMRE,Global Medical REIT,10.0,9.86,USD,1.261,,GBP,78.31,GBP,,,,,,,,EOF6651123891,0.12,GBP,,,,
Market sell,2023-11-28,14:57:49,ICE,Intercontinental Exchange,18.0,113.03,USD,1.26519,135.09,GBP,1605.67,GBP,,,,,0.01,,,EOF6701016203,2.41,GBP,GBP,,,
Market buy,2023-11-28,14:58:24,CWEN,Clearway Energy,10.0,24.77,USD,1.2652,,GBP,196.07,GBP,,,,,,,,EOF6701016355,0.29,GBP,,,,
Market buy,2023-11-28,15:00:33,MCO,Moody's,1.0,359.89,USD,1.26516,,GBP,284.89,GBP,,,,,,,,EOF6701017139,0.43,GBP,,,,
Market buy,2023-11-28,15:01:27,CAT,Caterpillar,1.0,246.96,USD,1.26514,,GBP,195.49,GBP,,,,,,,,EOF6701017462,0.29,GBP,,,,
Market buy,2023-11-28,15:02:31,AMAT,Applied Materials,3.0,148.26,USD,1.26511,,GBP,352.1,GBP,,,,,,,,EOF6701018053,0.53,GBP,,,,
Market buy,2023-11-28,15:03:46,ABBV,AbbVie,2.0,139.18,USD,1.26557,,GBP,220.28,GBP,,,,,,,,EOF6701018579,0.33,GBP,,,,
Market buy,2023-11-28,15:04:56,CWEN,Clearway Energy,10.0,24.99,USD,1.26659,,GBP,197.6,GBP,,,,,,,,EOF6701018832,0.3,GBP,,,,
Market buy,2023-11-28,15:07:05,AAPL,Apple,1.0,189.94,USD,1.26659,,GBP,150.18,GBP,,,,,,,,EOF6701019320,0.22,GBP,,,,
Deposit,2023-11-29,10:04:28,,,,,,,,,1100.0,GBP,,,1100,GBP,,,Transaction ID: 840dba76-66bf-4b5c-807e-2f7179304197,80313aa6-c883-498c-beed-ff16109f3e7b,,,,,,
Market sell,2023-11-29,14:30:02,ICE,Intercontinental Exchange,4.9322,112.61,USD,1.26935,-1.88,GBP,436.9,GBP,,,,,,,,EOF6703258446,0.66,GBP,,,,
Market buy,2023-11-29,14:30:03,ADBE,Adobe,1.0,627.0,USD,1.2692,,GBP,494.75,GBP,,,,,,,,EOF6703259428,0.74,GBP,,,,
Market buy,2023-11-29,14:30:04,CWEN/A,Clearway Energy,6.0,24.65,USD,1.26922,,GBP,116.7,GBP,,,,,,,,EOF6703260068,0.17,GBP,,,,
Market buy,2023-11-29,14:30:04,VICI,VICI Properties,8.0,29.54,USD,1.26923,,GBP,186.47,GBP,,,,,,,,EOF6703260526,0.28,GBP,,,,
Market buy,2023-11-29,14:30:05,V,Visa,1.0,254.15,USD,1.26923,,GBP,200.54,GBP,,,,,,,,EOF6703261406,0.3,GBP,,,,
Market sell,2023-11-29,14:30:05,ICE,Intercontinental Exchange,0.0678,112.72,USD,1.26938,-0.02,GBP,6.01,GBP,,,,,,,,EOF6703261029,0.01,GBP,,,,
Market buy,2023-11-29,14:58:11,UNH,UnitedHealth,1.0,534.05,USD,1.27006,,GBP,421.12,GBP,,,,,,,,EOF6703285559,0.63,GBP,,,,
Market buy,2023-11-29,15:56:21,AMAT,Applied Materials,1.0,151.78,USD,1.26963,,GBP,119.73,GBP,,,,,,,,EOF6703298569,0.18,GBP,,,,
Dividend (Dividend),2023-11-30,15:48:15,LTC,LTC Properties,25.0,0.16,USD,Not available,,,3.18,GBP,0.71,USD,,,,,,,,,,,,
Dividend (Dividend),2023-11-30,15:48:15,LTC,LTC Properties,165.0,0.16,USD,Not available,,,20.98,GBP,4.7,USD,,,,,,,,,,,,
Interest on cash,2023-11-30,22:02:12,,,,,,,,,0.01,GBP,,,0.01,GBP,,,Interest on cash,c4b84925-0ae3-4a85-a5bb-898230aabae6,,,,,,
Dividend (Dividend),2023-12-01,15:01:29,V,Visa,12.0,0.44,USD,Not available,,,4.19,GBP,0.94,USD,,,,,,,,,,,,
Market sell,2023-12-01,15:17:24,SCI,Service Corp International,14.0,61.0,USD,1.26297,102.45,GBP,675.16,GBP,,,,,0.01,,,EOF6851059399,1.01,GBP,GBP,,,
Market buy,2023-12-01,15:19:52,UNH,UnitedHealth,1.0,552.74,USD,1.26405,,GBP,437.94,GBP,,,,,,,,EOF6851060713,0.66,GBP,,,,
Market buy,2023-12-01,15:21:40,AMAT,Applied Materials,2.0,149.21,USD,1.26386,,GBP,236.47,GBP,,,,,,,,EOF6851061679,0.35,GBP,,,,
Interest on cash,2023-12-01,22:01:43,,,,,,,,,0.01,GBP,,,0.01,GBP,,,Interest on cash,008cb03a-be59-4982-9d9a-40c7c50accaa,,,,,,
Dividend (Dividend),2023-12-01,15:01:29,V,Visa,10.0,0.44,USD,Not available,,,3.49,GBP,0.78,USD,,,,,,,,,,,,
Market buy,2023-12-01,19:53:55,GMRE,Global Medical REIT,6.0,10.25,USD,1.26966,,GBP,48.51,GBP,,,,,,,,EOF6851389462,0.07,GBP,,,,
Market sell,2023-12-05,14:30:06,OHI,Omega Healthcare Investors,14.93,31.4,USD,1.26217,16.12,GBP,370.86,GBP,,,,,,,,EOF6952969427,0.56,GBP,,,,
Market sell,2023-12-05,14:30:08,OHI,Omega Healthcare Investors,9.07,31.4,USD,1.26213,9.8,GBP,225.31,GBP,,,,,,,,EOF6952970597,0.34,GBP,,,,
Market buy,2023-12-05,14:43:16,DLR,Digital Realty Trust,3.0,137.21,USD,1.26174,,GBP,326.73,GBP,,,,,,,,EOF6952985438,0.49,GBP,,,,
Market buy,2023-12-05,14:46:03,VICI,VICI Properties,5.0,30.35,USD,1.26007,,GBP,120.61,GBP,,,,,,,,EOF6952986028,0.18,GBP,,,,
Market buy,2023-12-05,14:47:52,AMAT,Applied Materials,1.0,145.86,USD,1.26126,,GBP,115.82,GBP,,,,,,,,EOF6952986547,0.17,GBP,,,,
Interest on cash,2023-12-08,05:18:48,,,,,,,,,0.01,GBP,,,0.01,GBP,,,Interest on cash,48bda03c-369d-40d6-9a89-6116c4a6d8cf,,,,,,
Interest on cash,2023-12-09,22:01:49,,,,,,,,,0.01,GBP,,,0.01,GBP,,,Interest on cash,1bf7aaa7-df12-491a-965f-de03f5705ce7,,,,,,
Interest on cash,2023-12-10,22:02:17,,,,,,,,,0.01,GBP,,,0.01,GBP,,,Interest on cash,405fdad5-d420-4a90-a294-525ad7ee9796,,,,,,
Dividend (Dividend),2023-12-11,14:32:47,TGT,Target,33.0,0.94,USD,Not available,,,24.6,GBP,5.45,USD,,,,,,,,,,,,
Dividend (Dividend),2023-12-12,08:52:43,UNH,UnitedHealth,7.0,1.6,USD,Not available,,,8.89,GBP,1.97,USD,,,,,,,,,,,,
Dividend (Dividend),2023-12-12,09:00:56,SPGI,S&P Global,3.0,0.77,USD,Not available,,,1.82,GBP,0.41,USD,,,,,,,,,,,,
Dividend (Dividend),2023-12-12,08:52:43,UNH,UnitedHealth,9.0,1.6,USD,Not available,,,11.43,GBP,2.54,USD,,,,,,,,,,,,
Dividend (Dividend),2023-12-12,09:00:56,SPGI,S&P Global,17.0,0.77,USD,Not available,,,10.34,GBP,2.3,USD,,,,,,,,,,,,
Interest on cash,2024-01-01,22:02:23,,,,,,,,,0.01,GBP,,,,,,,Interest on cash,1f06ae12-fb55-4b6e-9798-2a9ce18e3ccc,,,,,,
Deposit,2024-01-04,11:54:57,,,,,,,,,0.13,GBP,,,,,,,GBP_CORP_EQ,a1fd01b5-5b04-4e06-a183-21a24561c086,,,,,,
Dividend (Dividend),2024-01-04,12:34:34,VICI,VICI Properties,42.0,0.35,USD,Not available,,,11.7,GBP,2.61,USD,,,,,,,,,,,,
Deposit,2024-01-04,13:47:02,,,,,,,,,150.0,GBP,,,,,,,Transaction ID: 70ed12a0-a179-416f-a7b8-290c0b2219c1,e9df10e2-6b9e-4908-9798-81d8b71dffee,,,,,,
Market buy,2024-01-04,14:04:00,AAPL,Apple,1.0,182.0,USD,1.26758,,GBP,143.8,GBP,,,,,,,,EOF8252935918,,,,,,
Market buy,2024-01-04,14:27:46,GMRE,Global Medical REIT,5.0,10.89,USD,1.26657,,GBP,43.05,GBP,,,,,,,,EOF8252937052,,,,,,
Interest on cash,2024-01-04,22:02:36,,,,,,,,,0.01,GBP,,,,,,,Interest on cash,99cf0c28-2ab9-4f32-98ad-7a8c6a37d6df,,,,,,
Market buy,2024-01-04,14:27:46,GMRE,Global Medical REIT,5.0,10.89,USD,1.26657,,GBP,43.05,GBP,,,,,,,,EOF8252975216,,,,,,
Withdrawal,2024-01-04,11:54:57,,,,,,,,,0.0,GBP,,,,,,,GBP_CORP_EQ,2ec8b8da-499e-4586-a7e5-9f46dece9d46,,,,,,
Dividend (Dividend),2024-01-04,12:34:34,VICI,VICI Properties,258.0,0.35,USD,Not available,,,71.85,GBP,16.06,USD,,,,,,,,,,,,
Interest on cash,2024-01-05,22:02:29,,,,,,,,,0.01,GBP,,,,,,,Interest on cash,02cb9429-d126-47a3-91ff-7a590e5230c9,,,,,,
Dividend (Dividend),2024-01-08,13:17:33,MRK,Merck & Co,22.0,0.65,USD,Not available,,,11.33,GBP,2.54,USD,,,,,,,,,,,,
Dividend (Dividend),2024-01-08,13:17:33,MRK,Merck & Co,24.0,0.65,USD,Not available,,,12.36,GBP,2.77,USD,,,,,,,,,,,,
Interest on cash,2024-01-09,22:02:07,,,,,,,,,0.01,GBP,,,,,,,Interest on cash,6e7c1c67-fdd8-4d64-b373-f5f0ba173931,,,,,,
Dividend (Dividend),2024-01-09,08:59:48,GMRE,Global Medical REIT,464.09373,0.18,USD,Not available,,,65.0,GBP,14.62,USD,,,,,,,,,,,,
Dividend (Dividend),2024-01-09,08:59:48,GMRE,Global Medical REIT,362.0,0.18,USD,Not available,,,50.7,GBP,11.4,USD,,,,,,,,,,,,
Interest on cash,2024-01-09,22:02:18,,,,,,,,,0.01,GBP,,,,,,,Interest on cash,8eed6bad-4264-4b3a-a981-66d07e1aec3c,,,,,,
Interest on cash,2024-01-10,22:02:34,,,,,,,,,0.01,GBP,,,,,,,Interest on cash,184f448e-8b4b-4bac-b690-0d7bc16c7d19,,,,,,
Interest on cash,2024-01-10,22:02:08,,,,,,,,,0.01,GBP,,,,,,,Interest on cash,e85b9355-ac7d-4eb4-b5e0-2d2556b13389,,,,,,
Dividend (Dividend),2024-01-12,13:12:32,O,Realty Income,37.0,0.22,USD,Not available,,,6.32,GBP,1.42,USD,,,,,,,,,,,,
Dividend (Dividend),2024-01-12,13:22:09,COST,Costco Wholesale,5.0,12.75,USD,Not available,,,49.91,GBP,11.25,USD,,,,,,,,,,,,
Deposit,2024-01-12,15:31:18,,,,,,,,,250.0,GBP,,,,,,,Transaction ID: 0e1c47af-c8fb-4bb3-9e8f-96ddc6c4a2ac,ec94f0c6-2794-4d37-acee-bce24be4160d,,,,,,
Market buy,2024-01-12,15:40:19,MCO,Moody's,1.0,377.04,USD,1.27693,,GBP,295.71,GBP,,,,,,,,EOF8700684953,,,,,,
Market buy,2024-01-12,15:44:11,HRZN,Horizon Technology Finance,10.0,13.68,USD,1.27671,,GBP,107.31,GBP,,,,,,,,EOF8700686077,,,,,,
Interest on cash,2024-01-12,22:02:04,,,,,,,,,0.01,GBP,,,,,,,Interest on cash,e3c4f56d-874f-4342-824f-549580315ac1,,,,,,
Dividend (Dividend),2024-01-12,13:12:32,O,Realty Income,141.0,0.22,USD,Not available,,,24.07,GBP,5.42,USD,,,,,,,,,,,,
Dividend (Dividend),2024-01-12,13:22:09,COST,Costco Wholesale,11.0,12.75,USD,Not available,,,109.79,GBP,24.75,USD,,,,,,,,,,,,
Market buy,2024-01-12,15:35:55,AAPL,Apple,1.0,185.78,USD,1.2778,,GBP,145.61,GBP,,,,,,,,EOF8700422255,,,,,,
Market buy,2024-01-12,15:38:26,VICI,VICI Properties,3.0,31.22,USD,1.27723,,GBP,73.44,GBP,,,,,,,,EOF8700422850,,,,,,
Interest on cash,2024-01-12,22:02:10,,,,,,,,,0.01,GBP,,,,,,,Interest on cash,7010b3f1-ded7-4e22-84bb-1430176bfac2,,,,,,
Dividend (Dividend),2024-01-16,14:17:16,HRZN,Horizon Technology Finance,59.0,0.09,USD,Not available,,,4.35,GBP,0.97,USD,,,,,,,,,,,,
Dividend (Dividend),2024-01-16,14:17:16,HRZN,Horizon Technology Finance,551.0,0.09,USD,Not available,,,40.63,GBP,9.09,USD,,,,,,,,,,,,
Interest on cash,2024-01-17,22:02:25,,,,,,,,,0.01,GBP,,,,,,,Interest on cash,a6f4ede5-8bac-4113-8fec-9fd75787142e,,,,,,
Dividend (Dividend),2024-01-18,10:41:52,INTU,Intuit,4.0,0.77,USD,Not available,,,2.41,GBP,0.54,USD,,,,,,,,,,,,
Dividend (Dividend),2024-01-18,10:41:52,INTU,Intuit,12.0,0.77,USD,Not available,,,7.24,GBP,1.62,USD,,,,,,,,,,,,
Dividend (Dividend),2024-01-19,09:26:34,DLR,Digital Realty Trust,1.0,1.04,USD,Not available,,,0.82,GBP,0.18,USD,,,,,,,,,,,,
Dividend (Dividend),2024-01-19,09:26:34,DLR,Digital Realty Trust,61.0,1.04,USD,Not available,,,49.81,GBP,11.16,USD,,,,,,,,,,,,
Interest on cash,2024-01-19,22:02:27,,,,,,,,,0.01,GBP,,,,,,,Interest on cash,275c1c83-a675-4d15-b8a9-d94bf823534f,,,,,,
Interest on cash,2024-01-20,22:02:01,,,,,,,,,0.01,GBP,,,,,,,Interest on cash,56ed4b96-4594-4a9d-9b94-65f21640a818,,,,,,
Interest on cash,2024-01-20,22:02:07,,,,,,,,,0.01,GBP,,,,,,,Interest on cash,c5db722a-c325-4791-9764-1bdf7c79430e,,,,,,
Deposit,2024-01-22,11:00:06,,,,,,,,,200.0,GBP,,,,,,,Transaction ID: 7061d0ce-53ba-4379-a266-dceac918df33,e4b0e1ca-7c68-4cd0-990c-9be967d80ddd,,,,,,
Market buy,2024-01-22,15:26:30,AAPL,Apple,1.0,194.89,USD,1.27304,,GBP,153.32,GBP,,,,,,,,EOF9202160171,,,,,,
Deposit,2024-01-22,15:32:08,,,,,,,,,600.0,GBP,,,,,,,Transaction ID: 6d563cd6-a172-4d79-8540-d58a3d2d24c0,07144314-48cd-44c8-bcc1-6872f2415924,,,,,,
Market buy,2024-01-22,15:33:59,SPGI,S&P Global,0.40726,444.99,USD,1.27248,,GBP,142.63,GBP,,,,,,,,EOF9202162830,,,,,,
Market buy,2024-01-22,15:34:00,SPGI,S&P Global,0.59274,445.17,USD,1.27246,,GBP,207.68,GBP,,,,,,,,EOF9202162835,,,,,,
Market buy,2024-01-22,15:36:14,AAPL,Apple,1.0,194.94,USD,1.27228,,GBP,153.45,GBP,,,,,,,,EOF9202163664,,,,,,
Market buy,2024-01-22,15:39:25,VICI,VICI Properties,6.0,30.87,USD,1.27255,,GBP,145.77,GBP,,,,,,,,EOF9202164571,,,,,,
Market sell,2024-01-22,12:51:09,ADBE,Adobe,3.0,617.85,USD,1.27206,3.25,GBP,1454.93,GBP,,,,,,,,EOF9200415106,,,,,,
Market buy,2024-01-22,15:23:22,GOOGL,Alphabet (Class A),10.0,147.58,USD,1.27294,,GBP,1161.1,GBP,,,,,,,,EOF9202301649,,,,,,
Market buy,2024-01-22,15:24:35,GOOGL,Alphabet (Class A),3.0,147.53,USD,1.27283,,GBP,348.24,GBP,,,,,,,,EOF9202301994,,,,,,
Market buy,2024-01-22,15:41:12,VICI,VICI Properties,2.0,30.85,USD,1.27242,,GBP,48.56,GBP,,,,,,,,EOF9202307690,,,,,,
Market sell,2024-01-24,11:39:41,ADBE,Adobe,3.0,601.5,USD,1.27406,-37.54,GBP,1414.21,GBP,,,,,,,,EOF9253184608,,,,,,
Market buy,2024-01-24,14:56:39,NFLX,Netflix,3.0,559.0,USD,1.2745,,GBP,1317.77,GBP,,,,,,,,EOF9300880980,,,,,,
Interest on cash,2024-01-24,22:02:21,,,,,,,,,0.01,GBP,,,,,,,Interest on cash,bd60c2e3-45e5-4c63-b8ff-c37f1c3038ac,,,,,,
Market sell,2024-01-25,18:40:57,ADBE,Adobe,1.0,622.29,USD,1.26997,5.37,GBP,489.27,GBP,,,,,,,,EOF9351535587,,,,,,
Market buy,2024-01-25,18:45:09,NFLX,Netflix,1.0,553.77,USD,1.26996,,GBP,436.7,GBP,,,,,,,,EOF9351536399,,,,,,
Market buy,2024-01-25,18:47:25,HRZN,Horizon Technology Finance,10.0,13.18,USD,1.26999,,GBP,103.94,GBP,,,,,,,,EOF9351537048,,,,,,
Interest on cash,2024-01-26,22:02:45,,,,,,,,,0.01,GBP,,,,,,,Interest on cash,300329f6-024f-4bb8-b4c0-b3f5babed4d1,,,,,,
Interest on cash,2024-01-28,22:02:12,,,,,,,,,0.01,GBP,,,,,,,Interest on cash,4fbc15fe-c804-4b54-87ed-06cb3b3b88b5,,,,,,
Interest on cash,2024-01-28,22:02:16,,,,,,,,,0.01,GBP,,,,,,,Interest on cash,e5007787-6226-4022-b40f-1e91297fbaf7,,,,,,
Deposit,2024-01-29,17:35:23,,,,,,,,,500.0,GBP,,,,,,,Transaction ID: 00dd8961-7827-4698-bb50-079d48fd0eb7,60947981-3a8f-49ee-837e-9b00c2fa1892,,,,,,
Market buy,2024-01-29,17:44:36,O,Realty Income,7.0,54.95,USD,1.26855,,GBP,303.67,GBP,,,,,,,,EOF9553238675,,,,,,
Market buy,2024-01-29,17:50:34,VICI,VICI Properties,8.0,30.25,USD,1.26834,,GBP,191.09,GBP,,,,,,,,EOF9553239660,,,,,,
Deposit,2024-01-30,11:12:25,,,,,,,,,1100.0,GBP,,,,,,,Transaction ID: db1b858a-7e18-49d8-b782-2fccd32b6bb9,c4d556f3-cf78-4616-99d3-548e9bca6e01,,,,,,
Market buy,2024-01-30,12:00:01,UNH,UnitedHealth,1.0,506.49,USD,1.26774,,GBP,400.12,GBP,,,,,,,,EOF9555059125,,,,,,
Market buy,2024-01-30,14:20:01,AMT,American Tower,4.0,200.62,USD,1.26836,,GBP,633.64,GBP,,,,,,,,EOF9555073364,,,,,,
Market sell,2024-01-30,20:47:38,FSLY,Fastly,16.0,21.32,USD,1.26937,-536.02,GBP,268.33,GBP,,,,,,,,EOF9603215376,,,,,,
Market buy,2024-01-30,20:53:06,AAPL,Apple,2.0,187.99,USD,1.26917,,GBP,296.68,GBP,,,,,,,,EOF9603216816,,,,,,
Dividend (Dividend),2024-01-31,13:51:34,LTC,LTC Properties,25.0,0.16,USD,Not available,,,3.18,GBP,0.71,USD,,,,,,,,,,,,
Interest on cash,2024-01-31,22:02:31,,,,,,,,,0.01,GBP,,,,,,,Interest on cash,fda3c56e-8852-4dab-b4dd-2199e04f8913,,,,,,
Dividend (Dividend),2024-01-31,13:51:34,LTC,LTC Properties,165.0,0.16,USD,Not available,,,21.02,GBP,4.7,USD,,,,,,,,,,,,
Market buy,2024-01-31,14:51:51,HRZN,Horizon Technology Finance,4.0,13.27,USD,1.2732,,GBP,41.75,GBP,,,,,,,,EOF9650864800,,,,,,
Dividend (Dividend),2024-02-01,10:29:40,AMT,American Tower,11.0,1.45,USD,Not available,,,12.55,GBP,2.81,USD,,,,,,,,,,,,
Market buy,2024-02-01,20:50:31,HRZN,Horizon Technology Finance,8.0,13.2,USD,1.27443,,GBP,82.98,GBP,,,,,,,,EOF9702228986,,,,,,
Dividend (Dividend),2024-02-01,10:29:40,AMT,American Tower,33.0,1.45,USD,Not available,,,37.64,GBP,8.42,USD,,,,,,,,,,,,
Interest on cash,2024-02-01,22:02:22,,,,,,,,,0.01,GBP,,,,,,,Interest on cash,d126811b-3338-42ca-9741-d2299d42f797,,,,,,
Interest on cash,2024-02-05,22:02:18,,,,,,,,,0.01,GBP,,,,,,,Interest on cash,fb19fd01-1385-42e1-ba4e-e71e32ca01fd,,,,,,
Interest on cash,2024-02-05,22:02:20,,,,,,,,,0.01,GBP,,,,,,,Interest on cash,c73782c0-cef6-4084-8a49-e6cc0142e7a0,,,,,,
Interest on cash,2024-02-08,22:01:57,,,,,,,,,0.01,GBP,,,,,,,Interest on cash,5917cdda-6d13-4851-95aa-a162b44aa334,,,,,,
Dividend (Dividend),2024-02-09,11:08:13,MA,Mastercard,8.0,0.56,USD,Not available,,,3.56,GBP,0.79,USD,,,,,,,,,,,,
Dividend (Dividend),2024-02-09,11:08:13,MA,Mastercard,8.0,0.56,USD,Not available,,,3.56,GBP,0.79,USD,,,,,,,,,,,,
Deposit,2024-02-12,15:45:25,,,,,,,,,250.0,GBP,,,,,,,Transaction ID: 592e955d-f0e4-41db-9f33-c8c151f1f5b6,676ebb4d-ea96-4cf0-a4fb-90f43eab47f4,,,,,,
Market buy,2024-02-12,15:51:31,O,Realty Income,4.70172,52.66,USD,1.26142,,GBP,196.57,GBP,,,,,,,,EOF10202220141,,,,,,
Market buy,2024-02-12,15:51:31,O,Realty Income,0.29828,52.66,USD,1.26164,,GBP,12.47,GBP,,,,,,,,EOF10202220144,,,,,,
Market buy,2024-02-12,15:53:02,VICI,VICI Properties,2.0,29.77,USD,1.26117,,GBP,47.28,GBP,,,,,,,,EOF10202220716,,,,,,
Dividend (Dividend),2024-02-14,12:49:08,HRZN,Horizon Technology Finance,79.0,0.09,USD,Not available,,,5.86,GBP,1.3,USD,,,,,,,,,,,,
Dividend (Dividend),2024-02-14,12:49:08,HRZN,Horizon Technology Finance,553.0,0.09,USD,Not available,,,41.02,GBP,9.12,USD,,,,,,,,,,,,
Dividend (Dividend),2024-02-15,12:09:39,OHI,Omega Healthcare Investors,44.0,0.57,USD,Not available,,,19.94,GBP,4.42,USD,,,,,,,,,,,,
Dividend (Dividend),2024-02-15,12:16:11,ABBV,AbbVie,11.0,1.32,USD,Not available,,,11.53,GBP,2.56,USD,,,,,,,,,,,,
Dividend (Dividend),2024-02-15,12:22:53,O,Realty Income,44.0,0.22,USD,Not available,,,7.63,GBP,1.69,USD,,,,,,,,,,,,
Dividend (Dividend),2024-02-15,12:24:09,AOS,A O Smith,4.0,0.27,USD,Not available,,,0.87,GBP,0.19,USD,,,,,,,,,,,,
Dividend (Dividend),2024-02-15,12:30:21,AAPL,Apple,18.0,0.2,USD,Not available,,,2.92,GBP,0.65,USD,,,,,,,,,,,,
Market buy,2024-02-15,12:47:23,VICI,VICI Properties,2.0,29.5,USD,1.25558,,GBP,47.06,GBP,,,,,,,,EOF10351016512,,,,,,
Dividend (Dividend),2024-02-15,12:09:39,OHI,Omega Healthcare Investors,156.0,0.57,USD,Not available,,,70.7,GBP,15.68,USD,,,,,,,,,,,,
Market buy,2024-02-15,12:14:41,O,Realty Income,2.0,51.77,USD,1.25457,,GBP,82.65,GBP,,,,,,,,EOF10351010840,,,,,,
Market buy,2024-02-15,12:15:09,HRZN,Horizon Technology Finance,6.0,13.27,USD,1.25464,,GBP,63.56,GBP,,,,,,,,EOF10351010902,,,,,,
Dividend (Dividend),2024-02-15,12:16:11,ABBV,AbbVie,39.0,1.32,USD,Not available,,,40.89,GBP,9.07,USD,,,,,,,,,,,,
Dividend (Dividend),2024-02-15,12:22:53,O,Realty Income,141.0,0.22,USD,Not available,,,24.47,GBP,5.42,USD,,,,,,,,,,,,
Dividend (Dividend),2024-02-15,12:24:09,AOS,A O Smith,77.0,0.27,USD,Not available,,,16.67,GBP,3.7,USD,,,,,,,,,,,,
Dividend (Dividend),2024-02-15,12:30:21,AAPL,Apple,35.0,0.2,USD,Not available,,,5.68,GBP,1.26,USD,,,,,,,,,,,,
Market buy,2024-02-15,12:43:32,O,Realty Income,2.0,51.75,USD,1.25545,,GBP,82.56,GBP,,,,,,,,EOF10351015783,,,,,,
Dividend (Dividend),2024-02-16,10:02:18,COST,Costco Wholesale,5.0,0.87,USD,Not available,,,3.45,GBP,0.77,USD,,,,,,,,,,,,
Dividend (Dividend),2024-02-16,10:02:18,COST,Costco Wholesale,11.0,0.87,USD,Not available,,,7.58,GBP,1.68,USD,,,,,,,,,,,,
Dividend (Dividend),2024-02-20,11:54:44,CAT,Caterpillar,6.0,1.11,USD,Not available,,,5.27,GBP,1.17,USD,,,,,,,,,,,,
Dividend (Dividend),2024-02-20,11:54:44,CAT,Caterpillar,28.0,1.11,USD,Not available,,,24.59,GBP,5.46,USD,,,,,,,,,,,,
Deposit,2024-02-27,20:04:17,,,,,,,,,1200.0,GBP,,,,,,,Transaction ID: 23dbd343-dd22-40fe-91c1-82b00c6ed96e,c7f93ea5-a63b-449b-bf69-72bf8b12cb2e,,,,,,
Market buy,2024-02-27,20:07:29,AMT,American Tower,0.835422,184.98,USD,1.26783,,GBP,122.07,GBP,,,,,,,,EOF10902127769,,,,,,
Market buy,2024-02-27,20:07:37,AMT,American Tower,1.164578,184.98,USD,1.26779,,GBP,170.17,GBP,,,,,,,,EOF10902127775,,,,,,
Market buy,2024-02-27,20:08:20,AAPL,Apple,1.0,182.72,USD,1.26783,,GBP,144.34,GBP,,,,,,,,EOF10902127861,,,,,,
Market buy,2024-02-27,20:11:19,MCO,Moody's,1.0,378.46,USD,1.26795,,GBP,298.93,GBP,,,,,,,,EOF10902128519,,,,,,
Market buy,2024-02-27,20:12:34,SPGI,S&P Global,1.0,428.32,USD,1.26789,,GBP,338.33,GBP,,,,,,,,EOF10902128672,,,,,,
Market buy,2024-02-27,20:13:54,VICI,VICI Properties,5.0,29.5,USD,1.26783,,GBP,116.51,GBP,,,,,,,,EOF10902129022,,,,,,
Market buy,2024-02-27,20:15:06,HRZN,Horizon Technology Finance,3.0,13.06,USD,1.26796,,GBP,30.95,GBP,,,,,,,,EOF10902129160,,,,,,
Market buy,2024-02-27,20:15:52,HRZN,Horizon Technology Finance,1.0,13.06,USD,1.26796,,GBP,10.32,GBP,,,,,,,,EOF10902129258,,,,,,
Dividend (Dividend),2024-02-29,13:39:48,LTC,LTC Properties,25.0,0.16,USD,Not available,,,3.19,GBP,0.71,USD,,,,,,,,,,,,
Dividend (Dividend),2024-02-29,13:39:48,LTC,LTC Properties,165.0,0.16,USD,Not available,,,21.04,GBP,4.7,USD,,,,,,,,,,,,
Market buy,2024-02-29,14:58:51,HRZN,Horizon Technology Finance,6.0,12.13,USD,1.26662,,GBP,57.55,GBP,,,,,,,,EOF11001451612,,,,,,
Market sell,2024-03-01,14:29:18,CWEN/A,Clearway Energy,23.156,20.21,USD,1.26263,-117.49,GBP,370.08,GBP,,,,,,,,EOF11050045113,,,,,,
Market sell,2024-03-01,14:29:49,CWEN/A,Clearway Energy,26.844,20.21,USD,1.26243,-136.13,GBP,429.1,GBP,,,,,,,,EOF11050045173,,,,,,
Market buy,2024-03-01,14:34:20,O,Realty Income,6.0,51.4,USD,1.26233,,GBP,244.68,GBP,,,,,,,,EOF11051472197,,,,,,
Dividend (Dividend),2024-03-01,14:35:37,V,Visa,13.0,0.44,USD,Not available,,,4.55,GBP,1.01,USD,,,,,,,,,,,,
Market buy,2024-03-01,14:37:10,SPGI,S&P Global,1.0,428.25,USD,1.26234,,GBP,339.76,GBP,,,,,,,,EOF11052360152,,,,,,
Market buy,2024-03-01,14:38:17,AAPL,Apple,1.0,180.22,USD,1.26248,,GBP,142.96,GBP,,,,,,,,EOF11052361231,,,,,,
Market buy,2024-03-01,14:40:15,HRZN,Horizon Technology Finance,5.0,11.68,USD,1.26242,,GBP,46.33,GBP,,,,,,,,EOF11052362688,,,,,,
Dividend (Dividend),2024-03-01,14:35:37,V,Visa,12.0,0.44,USD,Not available,,,4.2,GBP,0.94,USD,,,,,,,,,,,,
Market sell,2024-03-04,15:21:04,CWEN,Clearway Energy,31.422,21.56,USD,1.26959,-158.4,GBP,532.8,GBP,,,,,,,,EOF11202921322,,,,,,
Market sell,2024-03-04,15:21:13,CWEN,Clearway Energy,18.578,21.56,USD,1.26962,-93.66,GBP,315.01,GBP,,,,,,,,EOF11202921396,,,,,,
Market buy,2024-03-04,15:26:03,UNH,UnitedHealth,1.0,485.8,USD,1.26946,,GBP,383.25,GBP,,,,,,,,EOF11202924042,,,,,,
Market buy,2024-03-04,15:27:16,AAPL,Apple,3.0,174.21,USD,1.26956,,GBP,412.28,GBP,,,,,,,,EOF11202924466,,,,,,
Market buy,2024-03-04,15:30:04,HRZN,Horizon Technology Finance,5.0,11.93,USD,1.26941,,GBP,47.06,GBP,,,,,,,,EOF11202925941,,,,,,
Dividend (Dividend),2024-03-07,10:26:53,WELL,Welltower,1.0,0.52,USD,Not available,,,0.41,GBP,0.09,USD,,,,,,,,,,,,
Market sell,2024-03-07,22:28:37,CWEN/A,Clearway Energy,12.28,20.41,USD,1.28129,-63.25,GBP,195.32,GBP,,,,,,,,EOF11352119245,,,,,,
Market sell,2024-03-07,22:28:40,CWEN/A,Clearway Energy,24.555,20.42,USD,1.2813,-126.28,GBP,390.74,GBP,,,,,,,,EOF11352119247,,,,,,
Market sell,2024-03-07,12:36:39,GMRE,Global Medical REIT,27.79,8.95,USD,1.27575,-11.47,GBP,194.67,GBP,,,,,,,,EOF11350057599,,,,,,
Market sell,2024-03-07,13:20:48,GMRE,Global Medical REIT,27.86,8.96,USD,1.27516,-11.19,GBP,195.47,GBP,,,,,,,,EOF11350062545,,,,,,
Market sell,2024-03-07,13:26:30,GMRE,Global Medical REIT,27.74,9.0,USD,1.27546,-10.32,GBP,195.45,GBP,,,,,,,,EOF11350063219,,,,,,
Market sell,2024-03-07,13:30:20,GMRE,Global Medical REIT,27.86,8.96,USD,1.27613,-11.34,GBP,195.32,GBP,,,,,,,,EOF11350063750,,,,,,
Market sell,2024-03-07,13:32:22,GMRE,Global Medical REIT,18.75,8.99,USD,1.27534,-7.11,GBP,131.97,GBP,,,,,,,,EOF11350063944,,,,,,
Market sell,2024-03-07,14:42:05,GMRE,Global Medical REIT,26.33,9.04,USD,1.27523,-8.94,GBP,186.37,GBP,,,,,,,,EOF11351100850,,,,,,
Market sell,2024-03-07,14:42:09,GMRE,Global Medical REIT,73.67,9.04,USD,1.27535,-25.05,GBP,521.41,GBP,,,,,,,,EOF11351100864,,,,,,
Dividend (Dividend),2024-03-07,10:26:53,WELL,Welltower,72.0,0.52,USD,Not available,,,29.32,GBP,6.59,USD,,,,,,,,,,,,
Market buy,2024-03-07,14:13:02,NNN,NNN REIT,19.33234349,41.95,USD,1.27526,,GBP,636.89,GBP,,,,,,,,EOF11350069345,,,,,,
Market buy,2024-03-07,14:13:07,NNN,NNN REIT,7.66765651,41.95,USD,1.27525,,GBP,252.61,GBP,,,,,,,,EOF11350069356,,,,,,
Market sell,2024-03-07,14:39:34,CWEN,Clearway Energy,17.711,22.16,USD,1.27551,-82.35,GBP,307.24,GBP,,,,,,,,EOF11350099847,,,,,,
Market sell,2024-03-07,14:39:36,CWEN,Clearway Energy,32.289,22.15,USD,1.27552,-150.38,GBP,559.87,GBP,,,,,,,,EOF11350099851,,,,,,
Market buy,2024-03-07,14:40:23,NNN,NNN REIT,7.25604649,41.87,USD,1.27539,,GBP,238.57,GBP,,,,,,,,EOF11351100138,,,,,,
Market buy,2024-03-07,14:40:25,NNN,NNN REIT,11.0,41.87,USD,1.27535,,GBP,361.67,GBP,,,,,,,,EOF11351100159,,,,,,
Market buy,2024-03-07,14:40:25,NNN,NNN REIT,4.74395351,41.87,USD,1.27539,,GBP,155.97,GBP,,,,,,,,EOF11351100164,,,,,,
Market buy,2024-03-07,14:41:22,NNN,NNN REIT,5.0,41.9,USD,1.27518,,GBP,164.54,GBP,,,,,,,,EOF11351100651,,,,,,
Market buy,2024-03-07,14:42:39,NNN,NNN REIT,1.25604649,41.94,USD,1.2752,,GBP,41.37,GBP,,,,,,,,EOF11351101075,,,,,,
Market buy,2024-03-07,14:42:40,NNN,NNN REIT,11.0,41.94,USD,1.27526,,GBP,362.3,GBP,,,,,,,,EOF11351101078,,,,,,
Market buy,2024-03-07,14:42:40,NNN,NNN REIT,7.74395351,41.94,USD,1.2753,,GBP,255.05,GBP,,,,,,,,EOF11351101082,,,,,,
Market sell,2024-03-07,14:45:55,CWEN,Clearway Energy,17.703,22.09,USD,1.27559,-83.3,GBP,306.11,GBP,,,,,,,,EOF11351102905,,,,,,
Market sell,2024-03-07,14:46:03,CWEN,Clearway Energy,17.08,22.09,USD,1.27542,-80.33,GBP,295.38,GBP,,,,,,,,EOF11351102953,,,,,,
Market sell,2024-03-07,14:46:06,CWEN,Clearway Energy,35.007,22.09,USD,1.27544,-164.65,GBP,605.39,GBP,,,,,,,,EOF11351102963,,,,,,
Market sell,2024-03-07,14:46:13,CWEN,Clearway Energy,11.21,22.09,USD,1.27545,-52.73,GBP,193.86,GBP,,,,,,,,EOF11351102994,,,,,,
Market buy,2024-03-07,14:47:51,NNN,NNN REIT,3.23220049,41.96,USD,1.27549,,GBP,106.49,GBP,,,,,,,,EOF11351103565,,,,,,
Market buy,2024-03-07,14:47:52,NNN,NNN REIT,11.0,41.94,USD,1.27551,,GBP,362.23,GBP,,,,,,,,EOF11351103566,,,,,,
Market buy,2024-03-07,14:47:54,NNN,NNN REIT,11.0,41.94,USD,1.27554,,GBP,362.22,GBP,,,,,,,,EOF11351103583,,,,,,
Market buy,2024-03-07,14:47:55,NNN,NNN REIT,11.0,41.93,USD,1.27552,,GBP,362.14,GBP,,,,,,,,EOF11351103584,,,,,,
Market buy,2024-03-07,14:47:55,NNN,NNN REIT,3.76779951,41.95,USD,1.27559,,GBP,124.1,GBP,,,,,,,,EOF11351103591,,,,,,
Market buy,2024-03-07,14:53:34,NNN,NNN REIT,4.0,41.89,USD,1.27674,,GBP,131.44,GBP,,,,,,,,EOF11351105796,,,,,,
Market sell,2024-03-08,12:00:05,CWEN/A,Clearway Energy,12.165,20.4,USD,1.28304,-63.02,GBP,193.13,GBP,,,,,,,,EOF11400241222,,,,,,
Market buy,2024-03-08,13:04:50,NNN,NNN REIT,9.306105,42.28,USD,1.28376,,GBP,306.95,GBP,,,,,,,,EOF11400247542,,,,,,
Market buy,2024-03-08,13:04:50,NNN,NNN REIT,7.693895,42.28,USD,1.28378,,GBP,253.77,GBP,,,,,,,,EOF11400247544,,,,,,
Market buy,2024-03-08,14:04:54,NNN,NNN REIT,3.306105,42.86,USD,1.28771,,GBP,110.21,GBP,,,,,,,,EOF11401005551,,,,,,
Market buy,2024-03-08,14:04:55,NNN,NNN REIT,3.693895,42.69,USD,1.2877,,GBP,122.64,GBP,,,,,,,,EOF11401005554,,,,,,
Market sell,2024-03-08,14:38:42,GMRE,Global Medical REIT,58.0,9.0,USD,1.28707,-25.26,GBP,404.96,GBP,,,,,,,,EOF11401672082,,,,,,
Market sell,2024-03-08,14:38:44,GMRE,Global Medical REIT,79.0,9.0,USD,1.28711,-34.43,GBP,551.57,GBP,,,,,,,,EOF11401672095,,,,,,
Market buy,2024-03-08,14:40:07,NNN,NNN REIT,6.392694,42.53,USD,1.28725,,GBP,211.53,GBP,,,,,,,,EOF11401672651,,,,,,
Market buy,2024-03-08,14:40:08,NNN,NNN REIT,20.607306,42.53,USD,1.28723,,GBP,681.88,GBP,,,,,,,,EOF11401672666,,,,,,
Market buy,2024-03-08,14:47:16,O,Realty Income,2.0,52.91,USD,1.28781,,GBP,82.29,GBP,,,,,,,,EOF11401675170,,,,,,
Market buy,2024-03-11,14:45:32,NNN,NNN REIT,27.046426,42.57,USD,1.28097,,GBP,900.17,GBP,,,,,,,,EOF11502086909,,,,,,
Market buy,2024-03-11,14:45:33,NNN,NNN REIT,1.953574,42.57,USD,1.28101,,GBP,65.02,GBP,,,,,,,,EOF11502086919,,,,,,
Market buy,2024-03-11,14:46:32,NNN,NNN REIT,1.0,42.56,USD,1.28077,,GBP,33.28,GBP,,,,,,,,EOF11502087384,,,,,,
Market buy,2024-03-11,14:53:29,NNN,NNN REIT,20.0,42.6,USD,1.28153,,GBP,665.83,GBP,,,,,,,,EOF11502089687,,,,,,
Market buy,2024-03-11,14:55:00,HRZN,Horizon Technology Finance,5.0,11.83,USD,1.28169,,GBP,46.22,GBP,,,,,,,,EOF11502090308,,,,,,
Market sell,2024-03-11,14:43:54,GMRE,Global Medical REIT,27.8,8.89,USD,1.28132,-11.72,GBP,192.59,GBP,,,,,,,,EOF11502085723,,,,,,
Market sell,2024-03-11,14:44:03,GMRE,Global Medical REIT,28.08,8.89,USD,1.28134,-11.84,GBP,194.53,GBP,,,,,,,,EOF11502085775,,,,,,
Market sell,2024-03-11,14:44:18,GMRE,Global Medical REIT,56.16,8.89,USD,1.28134,-23.68,GBP,389.06,GBP,,,,,,,,EOF11502086074,,,,,,
Market sell,2024-03-11,14:44:22,GMRE,Global Medical REIT,37.96,8.89,USD,1.28133,-16.0,GBP,262.97,GBP,,,,,,,,EOF11502086089,,,,,,
Market sell,2024-03-11,14:52:02,GMRE,Global Medical REIT,28.08,8.9,USD,1.28153,-11.65,GBP,194.72,GBP,,,,,,,,EOF11502089243,,,,,,
Market sell,2024-03-11,14:52:10,GMRE,Global Medical REIT,66.0,8.9,USD,1.28149,-27.37,GBP,457.68,GBP,,,,,,,,EOF11502089301,,,,,,
Market sell,2024-03-11,14:52:20,GMRE,Global Medical REIT,6.01373,8.9,USD,1.28135,-2.49,GBP,41.71,GBP,,,,,,,,EOF11502089359,,,,,,
Dividend (Dividend),2024-03-11,14:20:38,TGT,Target,33.0,0.94,USD,Not available,,,24.01,GBP,5.45,USD,,,,,,,,,,,,
Market sell,2024-03-11,22:07:01,LTC,LTC Properties,8.368,31.85,USD,1.28122,-29.0,GBP,207.71,GBP,,,,,,,,EOF11503850896,,,,,,
Market sell,2024-03-11,22:38:09,LTC,LTC Properties,7.897,31.65,USD,1.28121,-28.6,GBP,194.79,GBP,,,,,,,,EOF11503851649,,,,,,
Dividend (Dividend),2024-03-12,09:42:37,SPGI,S&P Global,4.0,0.77,USD,Not available,,,2.41,GBP,0.55,USD,,,,,,,,,,,,
Market buy,2024-03-12,15:09:47,MA,Mastercard,1.0,472.81,USD,1.27707,,GBP,370.79,GBP,,,,,,,,EOF11552020365,,,,,,
Market buy,2024-03-12,15:10:10,V,Visa,1.0,283.5,USD,1.27702,,GBP,222.33,GBP,,,,,,,,EOF11552020628,,,,,,
Market buy,2024-03-12,15:12:07,O,Realty Income,7.0,52.7,USD,1.27695,,GBP,289.32,GBP,,,,,,,,EOF11552021541,,,,,,
Deposit,2024-03-12,16:33:23,,,,,,,,,250.0,GBP,,,,,,,Transaction ID: ebafcb13-6808-41a8-b347-d39af8cf17b3,1d384d74-feff-4885-a923-373563e65fd5,,,,,,
Market buy,2024-03-12,16:37:14,V,Visa,1.0,283.22,USD,1.27801,,GBP,221.94,GBP,,,,,,,,EOF11552045494,,,,,,
Market buy,2024-03-12,16:38:41,HRZN,Horizon Technology Finance,7.0,11.76,USD,1.27806,,GBP,64.51,GBP,,,,,,,,EOF11552045731,,,,,,
Market sell,2024-03-12,15:01:47,GMRE,Global Medical REIT,27.37,9.07,USD,1.27718,-7.07,GBP,194.08,GBP,,,,,,,,EOF11552018124,,,,,,
Market sell,2024-03-12,15:02:18,GMRE,Global Medical REIT,27.53,9.07,USD,1.27722,-7.11,GBP,195.21,GBP,,,,,,,,EOF11552018247,,,,,,
Market sell,2024-03-12,15:02:24,GMRE,Global Medical REIT,70.1,9.07,USD,1.27718,-18.1,GBP,497.07,GBP,,,,,,,,EOF11552018266,,,,,,
Dividend (Dividend),2024-03-12,09:42:37,SPGI,S&P Global,18.0,0.77,USD,Not available,,,10.86,GBP,2.46,USD,,,,,,,,,,,,
Market sell,2024-03-12,11:00:10,LTC,LTC Properties,7.778,31.95,USD,1.27977,-26.13,GBP,193.89,GBP,,,,,,,,EOF11503885420,,,,,,
Market sell,2024-03-12,11:01:31,LTC,LTC Properties,15.611,32.05,USD,1.27985,-51.25,GBP,390.34,GBP,,,,,,,,EOF11503885598,,,,,,
Market sell,2024-03-12,11:23:08,LTC,LTC Properties,7.83,31.95,USD,1.27937,-26.24,GBP,195.25,GBP,,,,,,,,EOF11503887302,,,,,,
Market sell,2024-03-12,11:27:03,LTC,LTC Properties,2.516,31.95,USD,1.27922,-8.43,GBP,62.75,GBP,,,,,,,,EOF11503887750,,,,,,
Market buy,2024-03-12,12:36:31,V,Visa,1.0,281.15,USD,1.27905,,GBP,220.14,GBP,,,,,,,,EOF11503894892,,,,,,
Market buy,2024-03-12,12:41:28,MCO,Moody's,1.0,387.5,USD,1.28056,,GBP,303.05,GBP,,,,,,,,EOF11503895332,,,,,,
Market buy,2024-03-12,13:05:40,NNN,NNN REIT,7.688034,42.95,USD,1.27653,,GBP,259.06,GBP,,,,,,,,EOF11503897449,,,,,,
Market buy,2024-03-12,13:05:41,NNN,NNN REIT,10.0,42.95,USD,1.27652,,GBP,336.96,GBP,,,,,,,,EOF11503897452,,,,,,
Market buy,2024-03-12,13:05:41,NNN,NNN REIT,2.311966,42.95,USD,1.2765,,GBP,77.91,GBP,,,,,,,,EOF11503897453,,,,,,
Market sell,2024-03-13,14:22:04,LTC,LTC Properties,7.707,32.43,USD,1.28022,-23.07,GBP,194.94,GBP,,,,,,,,EOF11600957303,,,,,,
Market sell,2024-03-13,14:22:10,LTC,LTC Properties,15.271,32.43,USD,1.28014,-45.69,GBP,386.28,GBP,,,,,,,,EOF11600957322,,,,,,
Market sell,2024-03-13,14:22:11,LTC,LTC Properties,17.022,32.44,USD,1.28015,-50.79,GBP,430.7,GBP,,,,,,,,EOF11600957324,,,,,,
Market buy,2024-03-13,14:24:49,NFLX,Netflix,1.0,613.54,USD,1.28004,,GBP,480.03,GBP,,,,,,,,EOF11600958217,,,,,,
Market buy,2024-03-13,14:25:45,AAPL,Apple,1.0,171.05,USD,1.27993,,GBP,133.84,GBP,,,,,,,,EOF11600958678,,,,,,
Market buy,2024-03-13,14:28:07,MA,Mastercard,0.895403,474.27,USD,1.27972,,GBP,332.34,GBP,,,,,,,,EOF11600959063,,,,,,
Market buy,2024-03-13,14:29:06,MA,Mastercard,0.104597,474.5,USD,1.27981,,GBP,38.84,GBP,,,,,,,,EOF11600959275,,,,,,
Market buy,2024-03-13,14:29:45,HRZN,Horizon Technology Finance,12.0,11.78,USD,1.27985,,GBP,110.62,GBP,,,,,,,,EOF11600959375,,,,,,
Dividend (Dividend),2024-03-14,10:26:28,AMAT,Applied Materials,27.0,0.27,USD,Not available,,,5.74,GBP,1.3,USD,,,,,,,,,,,,
Market buy,2024-03-14,16:13:02,VICI,VICI Properties,4.90281,28.92,USD,1.27508,,GBP,111.37,GBP,,,,,,,,EOF11650979727,,,,,,
Market buy,2024-03-14,16:13:04,VICI,VICI Properties,0.09719,28.92,USD,1.2776,,GBP,2.2,GBP,,,,,,,,EOF11650979730,,,,,,
Market buy,2024-03-14,16:14:34,MCO,Moody's,1.0,384.66,USD,1.27493,,GBP,302.16,GBP,,,,,,,,EOF11650980257,,,,,,
Market buy,2024-03-14,16:18:38,NNN,NNN REIT,4.0,41.12,USD,1.27484,,GBP,129.21,GBP,,,,,,,,EOF11650981132,,,,,,
Market buy,2024-03-14,16:18:42,DLR,Digital Realty Trust,2.0,140.88,USD,1.27475,,GBP,221.36,GBP,,,,,,,,EOF11650981152,,,,,,
Market sell,2024-03-14,11:00:02,GMRE,Global Medical REIT,38.14,8.95,USD,1.28116,-14.26,GBP,266.04,GBP,,,,,,,,EOF11602532879,,,,,,
Market sell,2024-03-14,11:00:13,GMRE,Global Medical REIT,55.3,8.95,USD,1.28118,-20.68,GBP,385.73,GBP,,,,,,,,EOF11602532914,,,,,,
Market sell,2024-03-14,12:49:34,GMRE,Global Medical REIT,19.56,8.92,USD,1.27989,-7.64,GBP,136.12,GBP,,,,,,,,EOF11602542967,,,,,,
Dividend (Dividend),2024-03-14,10:26:28,AMAT,Applied Materials,35.0,0.27,USD,Not available,,,7.44,GBP,1.68,USD,,,,,,,,,,,,
Market sell,2024-03-14,16:20:36,LTC,LTC Properties,7.872,32.02,USD,1.27496,-25.27,GBP,197.4,GBP,,,,,,,,EOF11651122624,,,,,,
Market sell,2024-03-14,16:20:38,LTC,LTC Properties,0.056,32.02,USD,1.27171,-0.18,GBP,1.41,GBP,,,,,,,,EOF11651122631,,,,,,
Market sell,2024-03-14,16:20:40,LTC,LTC Properties,15.409,32.02,USD,1.27495,-49.47,GBP,386.41,GBP,,,,,,,,EOF11651122637,,,,,,
Market sell,2024-03-14,16:20:47,LTC,LTC Properties,34.409,32.02,USD,1.27499,-110.49,GBP,862.84,GBP,,,,,,,,EOF11651122667,,,,,,
Market sell,2024-03-14,16:20:51,LTC,LTC Properties,17.254,32.04,USD,1.275,-55.13,GBP,432.93,GBP,,,,,,,,EOF11651122689,,,,,,
Market buy,2024-03-14,16:22:40,O,Realty Income,5.0,51.39,USD,1.27524,,GBP,201.79,GBP,,,,,,,,EOF11651122973,,,,,,
Market buy,2024-03-14,16:25:22,O,Realty Income,1.0,51.38,USD,1.27525,,GBP,40.35,GBP,,,,,,,,EOF11651123736,,,,,,
Market buy,2024-03-14,16:27:21,MA,Mastercard,1.0,480.14,USD,1.27537,,GBP,377.03,GBP,,,,,,,,EOF11651124343,,,,,,
Market buy,2024-03-14,16:27:47,V,Visa,1.0,287.05,USD,1.27543,,GBP,225.4,GBP,,,,,,,,EOF11651124702,,,,,,
Market buy,2024-03-14,16:29:31,UNH,UnitedHealth,1.0,488.54,USD,1.27546,,GBP,383.6,GBP,,,,,,,,EOF11651125213,,,,,,
Market buy,2024-03-14,16:31:07,AAPL,Apple,2.0,172.61,USD,1.27514,,GBP,271.14,GBP,,,,,,,,EOF11651125519,,,,,,
Market buy,2024-03-14,21:16:43,V,Visa,1.0,286.79,USD,1.27473,,GBP,225.32,GBP,,,,,,,,EOF11652059800,,,,,,
Market buy,2024-03-14,21:45:38,VICI,VICI Properties,6.0,29.22,USD,1.27505,,GBP,137.71,GBP,,,,,,,,EOF11652060667,,,,,,
Market sell,2024-03-15,00:00:00,LTC,LTC Properties,1.397,31.73,USD,1.27449,-2.13,GBP,34.73,GBP,,,,,,,,EOF11651919462,,,,,,
Market sell,2024-03-15,12:27:08,LTC,LTC Properties,7.841,31.88,USD,1.27529,-11.15,GBP,195.72,GBP,,,,,,,,EOF11652860969,,,,,,
Market sell,2024-03-15,13:27:01,LTC,LTC Properties,7.813,31.83,USD,1.27447,-11.29,GBP,194.84,GBP,,,,,,,,EOF11652867006,,,,,,
Market sell,2024-03-15,13:29:05,LTC,LTC Properties,7.813,31.83,USD,1.27466,-11.33,GBP,194.81,GBP,,,,,,,,EOF11652867256,,,,,,
Market sell,2024-03-15,13:29:18,LTC,LTC Properties,0.136,31.88,USD,1.2752,-0.19,GBP,3.39,GBP,,,,,,,,EOF11652867307,,,,,,
Market buy,2024-03-15,13:41:31,SPGI,S&P Global,1.0,420.98,USD,1.27504,,GBP,330.67,GBP,,,,,,,,EOF11700854276,,,,,,
Market buy,2024-03-15,13:44:17,AMT,American Tower,1.0,198.11,USD,1.27483,,GBP,155.63,GBP,,,,,,,,EOF11700855326,,,,,,
Market buy,2024-03-15,13:45:39,AAPL,Apple,1.0,171.49,USD,1.27482,,GBP,134.72,GBP,,,,,,,,EOF11700855759,,,,,,
Dividend (Dividend),2024-03-15,15:43:51,HRZN,Horizon Technology Finance,87.0,0.09,USD,Not available,,,6.39,GBP,1.44,USD,,,,,,,,,,,,
Dividend (Dividend),2024-03-15,15:57:23,O,Realty Income,49.0,0.22,USD,Not available,,,8.39,GBP,1.89,USD,,,,,,,,,,,,
Dividend (Dividend),2024-03-15,16:07:48,MCO,Moody's,4.0,0.72,USD,Not available,,,2.27,GBP,0.51,USD,,,,,,,,,,,,
Dividend (Dividend),2024-03-15,16:10:44,CWEN/A,Clearway Energy,99.0,0.34,USD,Not available,,,26.64,GBP,5.99,USD,,,,,,,,,,,,
Dividend (Dividend),2024-03-15,15:43:51,HRZN,Horizon Technology Finance,567.0,0.09,USD,Not available,,,41.62,GBP,9.36,USD,,,,,,,,,,,,
Dividend (Dividend),2024-03-15,15:57:23,O,Realty Income,145.0,0.22,USD,Not available,,,24.82,GBP,5.58,USD,,,,,,,,,,,,
Dividend (Dividend),2024-03-15,16:07:48,MCO,Moody's,20.0,0.72,USD,Not available,,,11.34,GBP,2.55,USD,,,,,,,,,,,,
Dividend (Dividend),2024-03-15,16:10:36,CWEN,Clearway Energy,181.0,0.34,USD,Not available,,,48.71,GBP,10.95,USD,,,,,,,,,,,,
Market buy,2024-03-15,18:04:25,VICI,VICI Properties,5.0,28.71,USD,1.27317,,GBP,112.92,GBP,,,,,,,,EOF11701829096,,,,,,
Market buy,2024-03-15,18:05:25,VICI,VICI Properties,2.0,28.73,USD,1.27321,,GBP,45.2,GBP,,,,,,,,EOF11701829167,,,,,,
Market sell,2024-03-18,12:20:13,ADBE,Adobe,2.0,495.51,USD,1.27423,-193.6,GBP,776.57,GBP,,,,,,,,EOF11800110717,,,,,,
Market buy,2024-03-18,12:21:23,NFLX,Netflix,1.0,610.58,USD,1.27419,,GBP,479.91,GBP,,,,,,,,EOF11800110818,,,,,,
Market buy,2024-03-18,12:26:40,MCO,Moody's,1.0,389.0,USD,1.27444,,GBP,305.69,GBP,,,,,,,,EOF11800111270,,,,,,
Market buy,2024-03-18,12:30:00,HRZN,Horizon Technology Finance,6.0,11.5,USD,1.27447,,GBP,54.22,GBP,,,,,,,,EOF11800111573,,,,,,
Market sell,2024-03-18,08:00:02,ADBE,Adobe,3.0,490.5,USD,1.27419,-299.02,GBP,1153.12,GBP,,,,,,,,EOF11750769383,,,,,,
Market buy,2024-03-18,09:08:11,NFLX,Netflix,2.0,608.82,USD,1.27421,,GBP,957.03,GBP,,,,,,,,EOF11750797237,,,,,,
Market buy,2024-03-18,10:42:48,VICI,VICI Properties,8.0,29.0,USD,1.27304,,GBP,182.51,GBP,,,,,,,,EOF11800004397,,,,,,
Dividend (Dividend),2024-03-19,09:50:03,UNH,UnitedHealth,11.0,1.6,USD,Not available,,,13.83,GBP,3.1,USD,,,,,,,,,,,,
Dividend (Dividend),2024-03-19,09:50:03,UNH,UnitedHealth,10.0,1.6,USD,Not available,,,12.57,GBP,2.82,USD,,,,,,,,,,,,
Dividend (Dividend),2024-03-21,13:45:31,HD,Home Depot,5.0,1.91,USD,Not available,,,7.48,GBP,1.69,USD,,,,,,,,,,,,
Dividend (Dividend),2024-03-21,13:45:31,HD,Home Depot,22.0,1.91,USD,Not available,,,32.89,GBP,7.43,USD,,,,,,,,,,,,
Deposit,2024-03-22,17:39:11,,,,,,,,,100.0,GBP,,,,,,,Transaction ID: 0e0c0c22-c78b-4457-8285-a04008415d82,cc88075b-a564-492a-9ca1-d3979c0b136c,,,,,,
Market buy,2024-03-22,17:44:51,VICI,VICI Properties,5.0,28.84,USD,1.25927,,GBP,114.68,GBP,,,,,,,,EOF12001418081,,,,,,
Deposit,2024-03-27,19:34:00,,,,,,,,,1100.0,GBP,,,,,,,Transaction ID: 24e39752-1510-47d3-93c8-3cdf01acb1bb,3c756634-3484-47d7-a5ca-1ce70a074258,,,,,,
Market buy,2024-03-27,21:50:46,AAPL,Apple,3.0,173.03,USD,1.26366,,GBP,411.4,GBP,,,,,,,,EOF12202759561,,,,,,
Market buy,2024-03-27,21:53:08,UNH,UnitedHealth,1.0,494.8,USD,1.26363,,GBP,392.16,GBP,,,,,,,,EOF12202759650,,,,,,
Market buy,2024-03-27,22:00:05,V,Visa,1.0,279.02,USD,1.26281,,GBP,221.28,GBP,,,,,,,,EOF12202759855,,,,,,
Dividend (Dividend),2024-03-28,14:30:39,DLR,Digital Realty Trust,1.0,1.04,USD,Not available,,,0.82,GBP,0.18,USD,,,,,,,,,,,,
Dividend (Dividend),2024-03-28,14:30:39,DLR,Digital Realty Trust,61.0,1.04,USD,Not available,,,50.08,GBP,11.16,USD,,,,,,,,,,,,
Dividend (Dividend),2024-03-29,11:17:45,AVGO,Broadcom,8.0,4.46,USD,Not available,,,28.29,GBP,6.3,USD,,,,,,,,,,,,
Dividend (Dividend),2024-03-29,11:19:21,SPG,Simon Property,11.0,1.66,USD,Not available,,,14.45,GBP,3.22,USD,,,,,,,,,,,,
Dividend (Dividend),2024-03-29,11:17:45,AVGO,Broadcom,3.0,4.46,USD,Not available,,,10.61,GBP,2.36,USD,,,,,,,,,,,,
Dividend (Dividend),2024-03-29,11:19:21,SPG,Simon Property,45.0,1.66,USD,Not available,,,59.1,GBP,13.16,USD,,,,,,,,,,,,
Market buy,2024-04-01,00:00:05,AAPL,Apple,1.0,172.0,USD,1.26359,,GBP,136.32,GBP,,,,,,,,EOF12350714100,,,,,,
Dividend (Dividend),2024-04-04,11:09:12,VICI,VICI Properties,80.0,0.35,USD,Not available,,,22.3,GBP,4.98,USD,,,,,,,,,,,,
Market sell,2024-04-04,22:35:20,AVGO,Broadcom,8.0,1317.5,USD,1.26448,6075.24,GBP,8322.88,GBP,,,,,,,,EOF12552504084,,,,,,
Market sell,2024-04-04,22:37:31,AMAT,Applied Materials,4.4435,203.18,USD,1.26439,197.74,GBP,712.97,GBP,,,,,,,,EOF12552504116,,,,,,
Market sell,2024-04-04,22:38:00,AMAT,Applied Materials,8.8643,203.7,USD,1.26438,398.13,GBP,1425.95,GBP,,,,,,,,EOF12552504122,,,,,,
Market sell,2024-04-04,22:39:06,GOOGL,Alphabet (Class A),20.0,149.0,USD,1.26417,1222.69,GBP,2353.72,GBP,,,,,,,,EOF12552504134,,,,,,
Market sell,2024-04-04,22:39:12,AMAT,Applied Materials,13.6922,203.18,USD,1.26416,609.71,GBP,2197.34,GBP,,,,,,,,EOF12552504138,,,,,,
Dividend (Dividend),2024-04-04,11:09:12,VICI,VICI Properties,289.0,0.35,USD,Not available,,,80.56,GBP,17.99,USD,,,,,,,,,,,,
Withdrawal,2024-04-06,07:17:20,,,,,,,,,-15184.65,GBP,,,,,,,,552e980e-7a2d-4624-abe8-221304b56d80,,,,,,
Deposit,2024-04-06,07:17:20,,,,,,,,,15184.65,GBP,,,,,,,,b0ad8480-65c0-42b5-9be8-04561114c486,,,,,,
Market buy,2024-04-08,00:00:03,AMAT,Applied Materials,8.0725063,208.24,USD,1.26231,,GBP,1333.69,GBP,,,,,,,,EOF12700156993,,,,,,
Market buy,2024-04-08,00:00:03,GOOGL,Alphabet (Class A),13.0,152.63,USD,1.26231,,GBP,1574.22,GBP,,,,,,,,EOF12700157033,,,,,,
Market buy,2024-04-08,00:00:03,AVGO,Broadcom,8.0,1351.01,USD,1.26231,,GBP,8574.92,GBP,,,,,,,,EOF12700157180,,,,,,
Market buy,2024-04-08,00:00:04,AMAT,Applied Materials,2.7394894,208.24,USD,1.26232,,GBP,452.6,GBP,,,,,,,,EOF12700157389,,,,,,
Market buy,2024-04-08,00:00:06,AMAT,Applied Materials,9.0,208.24,USD,1.26229,,GBP,1486.96,GBP,,,,,,,,EOF12700157440,,,,,,
Market buy,2024-04-08,00:00:43,AMAT,Applied Materials,7.1880043,208.24,USD,1.26214,,GBP,1187.72,GBP,,,,,,,,EOF12700157495,,,,,,
Market buy,2024-04-08,04:55:51,GOOGL,Alphabet (Class A),5.0,152.15,USD,1.26286,,GBP,603.3,GBP,,,,,,,,EOF12700158844,,,,,,
Deposit,2024-04-11,16:13:33,,,,,,,,,250.0,GBP,,,,,,,Transaction ID: ef5442e7-e6f4-4486-aec4-5e75b0cd247d,fcd66dd2-dd09-4e37-a50d-47d70bcaef54,,,,,,
Market buy,2024-04-11,16:14:03,GOOGL,Alphabet (Class A),2.0,158.0,USD,1.25317,,GBP,252.54,GBP,,,,,,,,EOF12900677459,,,,,,
Dividend (Dividend),2024-04-15,13:43:36,O,Realty Income,62.0,0.22,USD,Not available,,,10.87,GBP,2.39,USD,,,,,,,,,,,,
Dividend (Dividend),2024-04-15,13:43:36,O,Realty Income,153.0,0.22,USD,Not available,,,26.82,GBP,5.9,USD,,,,,,,,,,,,
Dividend (Dividend),2024-04-16,09:04:16,HRZN,Horizon Technology Finance,108.0,0.09,USD,Not available,,,8.12,GBP,1.78,USD,,,,,,,,,,,,
Dividend (Dividend),2024-04-16,09:04:56,HRZN,Horizon Technology Finance,108.0,0.04,USD,Not available,,,3.69,GBP,0.81,USD,,,,,,,,,,,,
Dividend (Dividend),2024-04-16,09:04:16,HRZN,Horizon Technology Finance,596.0,0.09,USD,Not available,,,44.82,GBP,9.83,USD,,,,,,,,,,,,
Dividend (Dividend),2024-04-16,09:04:56,HRZN,Horizon Technology Finance,596.0,0.04,USD,Not available,,,20.37,GBP,4.47,USD,,,,,,,,,,,,
Deposit,2024-04-17,17:07:53,,,,,,,,,200.0,GBP,,,,,,,Transaction ID: 93fb71d8-7219-49e2-882d-e845698f0b3e,71733e09-61d2-4ac7-a9d8-0a9cdcb45cfd,,,,,,
Dividend (Dividend),2024-04-18,09:39:08,INTU,Intuit,4.0,0.77,USD,Not available,,,2.45,GBP,0.54,USD,,,,,,,,,,,,
Dividend (Dividend),2024-04-18,09:39:08,INTU,Intuit,12.0,0.77,USD,Not available,,,7.36,GBP,1.62,USD,,,,,,,,,,,,
Market sell,2024-04-19,13:35:22,COST,Costco Wholesale,5.0,711.52,USD,1.24675,914.72,GBP,2849.2,GBP,,,,,,,,EOF13300754646,,,,,,
Withdrawal,2024-04-19,13:35:58,,,,,,,,,-2874.0,GBP,,,,,,,,fd296316-dddb-4757-b1b7-cc3953447575,,,,,,
Market sell,2024-04-22,10:34:04,O,Realty Income,34.0,53.16,USD,1.23396,10.4,GBP,1462.54,GBP,,,,,,,,EOF13400012535,,,,,,
Withdrawal,2024-04-22,10:34:58,,,,,,,,,-1462.0,GBP,,,,,,,,65b68e11-9384-44d3-936a-c99230318a59,,,,,,
Deposit,2024-04-22,08:32:59,,,,,,,,,2874.0,GBP,,,,,,,,88174069-1b3f-472a-8217-bbc8a87ca67e,,,,,,
Market buy,2024-04-22,09:09:30,COST,Costco Wholesale,5.0,711.99,USD,1.23623,,GBP,2884.0,GBP,,,,,,,,EOF13400052293,,,,,,
Deposit,2024-04-22,10:34:58,,,,,,,,,1462.0,GBP,,,,,,,,66d144d2-60fb-43ec-b18b-0411b3ce284e,,,,,,
Deposit,2024-04-22,10:37:37,,,,,,,,,29.0,GBP,,,,,,,Transaction ID: c80fa261-b72e-41e0-8d6c-7b3410a04a7b,f5d904a2-a48f-48e1-a42a-506f4a73e3e8,,,,,,
Market buy,2024-04-22,10:40:22,O,Realty Income,34.0,53.23,USD,1.2343,,GBP,1468.47,GBP,,,,,,,,EOF13400061183,,,,,,
Market buy,2024-04-22,12:42:07,MA,Mastercard,1.0,460.0,USD,1.23221,,GBP,373.87,GBP,,,,,,,,EOF13400071894,,,,,,
Dividend (Dividend),2024-04-26,11:42:31,AMT,American Tower,19.0,1.38,USD,Not available,,,20.93,GBP,4.62,USD,,,,,,,,,,,,
Dividend (Dividend),2024-04-26,11:42:31,AMT,American Tower,33.0,1.38,USD,Not available,,,36.35,GBP,8.02,USD,,,,,,,,,,,,
Deposit,2024-04-29,08:07:01,,,,,,,,,1200.0,GBP,,,,,,,Transaction ID: 9babce0a-e1d4-4cae-b7ff-a00e87758807,7f44c61c-1cf0-4bbb-ab39-9ac07f40a476,,,,,,
Market buy,2024-04-29,09:33:32,V,Visa,1.0,277.0,USD,1.2522,,GBP,221.54,GBP,,,,,,,,EOF13750018742,,,,,,
Market buy,2024-04-29,09:33:49,GOOGL,Alphabet (Class A),4.0,171.21,USD,1.25222,,GBP,547.72,GBP,,,,,,,,EOF13750018792,,,,,,
Market buy,2024-04-29,09:57:24,MA,Mastercard,1.0,464.3,USD,1.25286,,GBP,371.15,GBP,,,,,,,,EOF13750021439,,,,,,
Market sell,2024-04-30,14:36:27,NFLX,Netflix,1.0,554.03,USD,1.25193,-36.65,GBP,441.88,GBP,,,,,,,,EOF13800925404,,,,,,
Market buy,2024-04-30,14:37:09,AMZN,Amazon,3.0,180.9,USD,1.25204,,GBP,434.1,GBP,,,,,,,,EOF13800925531,,,,,,
Market sell,2024-04-30,11:45:46,NFLX,Netflix,7.0,557.43,USD,1.25462,-76.67,GBP,3105.42,GBP,,,,,,,,EOF13754724077,,,,,,
Market buy,2024-04-30,11:46:57,AMZN,Amazon,20.0,182.75,USD,1.25431,,GBP,2918.32,GBP,,,,,,,,EOF13754724166,,,,,,
Market buy,2024-04-30,11:47:22,AMZN,Amazon,1.0,182.75,USD,1.25437,,GBP,145.91,GBP,,,,,,,,EOF13754724225,,,,,,
Market sell,2024-04-30,19:54:08,OHI,Omega Healthcare Investors,21.635,30.49,USD,1.2499,12.89,GBP,526.97,GBP,,,,,,,,EOF13801533189,,,,,,
Market sell,2024-04-30,19:54:10,OHI,Omega Healthcare Investors,28.365,30.49,USD,1.24992,16.9,GBP,690.88,GBP,,,,,,,,EOF13801533191,,,,,,
Market buy,2024-04-30,19:59:06,V,Visa,5.0,269.18,USD,1.24947,,GBP,1078.79,GBP,,,,,,,,EOF13801534006,,,,,,
Market sell,2024-04-30,20:31:54,OHI,Omega Healthcare Investors,20.948,30.41,USD,1.24929,11.39,GBP,509.15,GBP,,,,,,,,EOF13801537030,,,,,,
Market sell,2024-04-30,20:49:50,OHI,Omega Healthcare Investors,21.245,30.25,USD,1.24926,8.85,GBP,513.66,GBP,,,,,,,,EOF13801538006,,,,,,
Market buy,2024-04-30,20:50:50,NNN,NNN REIT,5.0,40.53,USD,1.24915,,GBP,162.47,GBP,,,,,,,,EOF13801538046,,,,,,
Market buy,2024-04-30,20:50:50,NNN,NNN REIT,1.0,40.53,USD,1.24899,,GBP,32.5,GBP,,,,,,,,EOF13801538045,,,,,,
Market buy,2024-04-30,20:51:53,AMZN,Amazon,6.0,179.65,USD,1.24911,,GBP,864.22,GBP,,,,,,,,EOF13801538086,,,,,,
Market sell,2024-04-30,21:09:18,OHI,Omega Healthcare Investors,7.807,30.25,USD,1.24992,3.15,GBP,188.66,GBP,,,,,,,,EOF13801538837,,,,,,
Market buy,2024-04-30,21:10:15,AMZN,Amazon,2.0,179.24,USD,1.24888,,GBP,287.47,GBP,,,,,,,,EOF13801538879,,,,,,
Market sell,2024-05-01,19:50:01,OHI,Omega Healthcare Investors,25.431,30.72,USD,1.25102,19.28,GBP,623.54,GBP,,,,,,,,EOF13853452757,,,,,,
Market sell,2024-05-01,19:50:02,OHI,Omega Healthcare Investors,30.569,30.7,USD,1.25097,22.71,GBP,749.06,GBP,,,,,,,,EOF13853452759,,,,,,
Market buy,2024-05-01,19:51:42,AMZN,Amazon,8.0,180.18,USD,1.25034,,GBP,1154.56,GBP,,,,,,,,EOF13853452879,,,,,,
Market buy,2024-05-01,19:53:09,GOOGL,Alphabet (Class A),2.0,164.06,USD,1.24998,,GBP,262.89,GBP,,,,,,,,EOF13853453355,,,,,,
Market sell,2024-05-02,09:32:10,OHI,Omega Healthcare Investors,25.691,30.42,USD,1.25123,5.03,GBP,623.66,GBP,,,,,,,,EOF13853927369,,,,,,
Market sell,2024-05-02,12:51:37,OHI,Omega Healthcare Investors,18.309,30.78,USD,1.25241,8.43,GBP,449.3,GBP,,,,,,,,EOF13853942135,,,,,,
Market buy,2024-05-02,17:17:46,AMZN,Amazon,3.0,183.17,USD,1.25147,,GBP,439.75,GBP,,,,,,,,EOF13902012913,,,,,,
Market buy,2024-05-02,17:18:34,GOOGL,Alphabet (Class A),3.0,165.3,USD,1.25154,,GBP,396.82,GBP,,,,,,,,EOF13902013055,,,,,,
Market buy,2024-05-02,17:22:18,V,Visa,1.0,268.31,USD,1.25185,,GBP,214.65,GBP,,,,,,,,EOF13902013359,,,,,,
Deposit,2024-05-08,06:52:05,,,,,,,,,200.0,GBP,,,,,,,Transaction ID: 03f8de5b-caaa-458a-b3ba-e14a9588b970,6c2fc583-ab34-412b-aad8-37838df5da1b,,,,,,
Market buy,2024-05-08,08:40:37,GOOGL,Alphabet (Class A),2.0,170.21,USD,1.24741,,GBP,273.31,GBP,,,,,,,,EOF14153472429,,,,,,
Dividend (Dividend),2024-05-09,10:57:22,MA,Mastercard,9.0,0.56,USD,Not available,,,4.04,GBP,0.89,USD,,,,,,,,,,,,
Dividend (Dividend),2024-05-09,10:57:22,MA,Mastercard,10.0,0.56,USD,Not available,,,4.49,GBP,0.99,USD,,,,,,,,,,,,
Dividend (Dividend),2024-05-10,10:02:49,COST,Costco Wholesale,16.0,0.99,USD,Not available,,,12.6,GBP,2.78,USD,,,,,,,,,,,,
Market sell,2024-05-13,20:19:03,TGT,Target,4.4529,160.3,USD,1.2556,-2.6,GBP,567.64,GBP,,,,,,,,EOF14402941837,,,,,,
Market sell,2024-05-13,20:19:20,TGT,Target,5.5471,160.31,USD,1.2556,-3.19,GBP,707.17,GBP,,,,,,,,EOF14402941850,,,,,,
Market buy,2024-05-13,20:21:18,GOOGL,Alphabet (Class A),5.0,169.29,USD,1.25548,,GBP,675.21,GBP,,,,,,,,EOF14402941914,,,,,,
Market buy,2024-05-13,20:21:52,AMZN,Amazon,4.0,186.6,USD,1.25548,,GBP,595.4,GBP,,,,,,,,EOF14402941924,,,,,,
Dividend (Dividend),2024-05-15,11:55:01,NNN,NNN REIT,78.0,0.48,USD,Not available,,,29.74,GBP,6.61,USD,,,,,,,,,,,,
Dividend (Dividend),2024-05-15,11:59:57,O,Realty Income,28.0,0.22,USD,Not available,,,4.86,GBP,1.08,USD,,,,,,,,,,,,
Dividend (Dividend),2024-05-15,12:17:14,AOS,A O Smith,4.0,0.27,USD,Not available,,,0.86,GBP,0.19,USD,,,,,,,,,,,,
Dividend (Dividend),2024-05-15,12:17:39,OHI,Omega Healthcare Investors,44.0,0.57,USD,Not available,,,19.9,GBP,4.42,USD,,,,,,,,,,,,
Dividend (Dividend),2024-05-15,12:18:53,HRZN,Horizon Technology Finance,114.0,0.09,USD,Not available,,,8.46,GBP,1.88,USD,,,,,,,,,,,,
Dividend (Dividend),2024-05-15,12:22:53,ABBV,AbbVie,11.0,1.32,USD,Not available,,,11.51,GBP,2.56,USD,,,,,,,,,,,,
Market buy,2024-05-15,13:43:22,VICI,VICI Properties,4.0,30.34,USD,1.26337,,GBP,96.2,GBP,,,,,,,,EOF14501957502,,,,,,
Dividend (Dividend),2024-05-15,11:55:01,NNN,NNN REIT,166.0,0.48,USD,Not available,,,63.3,GBP,14.07,USD,,,,,,,,,,,,
Dividend (Dividend),2024-05-15,11:59:57,O,Realty Income,187.0,0.22,USD,Not available,,,32.44,GBP,7.21,USD,,,,,,,,,,,,
Dividend (Dividend),2024-05-15,12:17:14,AOS,A O Smith,77.0,0.27,USD,Not available,,,16.63,GBP,3.7,USD,,,,,,,,,,,,
Dividend (Dividend),2024-05-15,12:17:39,OHI,Omega Healthcare Investors,156.0,0.57,USD,Not available,,,70.54,GBP,15.68,USD,,,,,,,,,,,,
Dividend (Dividend),2024-05-15,12:18:53,HRZN,Horizon Technology Finance,596.0,0.09,USD,Not available,,,44.25,GBP,9.83,USD,,,,,,,,,,,,
Dividend (Dividend),2024-05-15,12:22:53,ABBV,AbbVie,39.0,1.32,USD,Not available,,,40.8,GBP,9.07,USD,,,,,,,,,,,,
Market sell,2024-05-15,13:37:15,TGT,Target,5.3361,160.4,USD,1.26451,-7.48,GBP,675.85,GBP,,,,,,,,EOF14502156186,,,,,,
Market sell,2024-05-15,13:37:17,TGT,Target,4.6639,160.37,USD,1.26458,-6.69,GBP,590.57,GBP,,,,,,,,EOF14502156199,,,,,,
Market buy,2024-05-15,13:38:48,GOOGL,Alphabet (Class A),5.0,172.13,USD,1.26424,,GBP,681.78,GBP,,,,,,,,EOF14502157725,,,,,,
Market buy,2024-05-15,13:39:58,AMZN,Amazon,5.0,184.78,USD,1.26397,,GBP,732.05,GBP,,,,,,,,EOF14502158088,,,,,,
Market buy,2024-05-15,13:40:52,GOOGL,Alphabet (Class A),1.0,172.46,USD,1.26381,,GBP,136.66,GBP,,,,,,,,EOF14502158361,,,,,,
Market sell,2024-05-15,20:15:41,TGT,Target,4.6955,157.55,USD,1.26832,-18.93,GBP,582.4,GBP,,,,,,,,EOF14503486661,,,,,,
Market sell,2024-05-15,20:16:44,TGT,Target,4.9572,157.4,USD,1.26834,-20.58,GBP,614.26,GBP,,,,,,,,EOF14503486770,,,,,,
Market buy,2024-05-15,20:18:51,MA,Mastercard,1.0,458.0,USD,1.26841,,GBP,361.62,GBP,,,,,,,,EOF14503486914,,,,,,
Market buy,2024-05-15,20:25:36,UNH,UnitedHealth,1.0,522.59,USD,1.26848,,GBP,412.6,GBP,,,,,,,,EOF14503487452,,,,,,
Market buy,2024-05-15,20:28:12,GOOGL,Alphabet (Class A),1.0,172.1,USD,1.26842,,GBP,135.88,GBP,,,,,,,,EOF14503487564,,,,,,
Market sell,2024-05-15,20:29:18,TGT,Target,0.3473,157.41,USD,1.26841,-1.44,GBP,43.04,GBP,,,,,,,,EOF14503487596,,,,,,
Market buy,2024-05-15,20:34:14,AMZN,Amazon,2.0,185.89,USD,1.26835,,GBP,293.56,GBP,,,,,,,,EOF14503488051,,,,,,
Dividend (Dividend),2024-05-16,11:12:28,AAPL,Apple,24.0,0.21,USD,Not available,,,4.02,GBP,0.9,USD,,,,,,,,,,,,
Market sell,2024-05-16,09:56:41,TGT,Target,3.0,157.8,USD,1.26699,-11.11,GBP,373.08,GBP,,,,,,,,EOF14504578304,,,,,,
Market buy,2024-05-16,09:59:43,GOOGL,Alphabet (Class A),2.0,173.11,USD,1.26685,,GBP,273.7,GBP,,,,,,,,EOF14504578586,,,,,,
Market buy,2024-05-16,10:00:06,AMZN,Amazon,1.0,186.5,USD,1.26672,,GBP,147.45,GBP,,,,,,,,EOF14504578634,,,,,,
Market buy,2024-05-16,10:08:32,VICI,VICI Properties,2.0,30.5,USD,1.26687,,GBP,48.22,GBP,,,,,,,,EOF14504579314,,,,,,
Dividend (Dividend),2024-05-16,11:12:28,AAPL,Apple,42.0,0.21,USD,Not available,,,7.03,GBP,1.58,USD,,,,,,,,,,,,
Dividend (Dividend),2024-05-20,10:20:34,CAT,Caterpillar,6.0,1.11,USD,Not available,,,5.22,GBP,1.17,USD,,,,,,,,,,,,
Deposit,2024-05-20,11:42:59,,,,,,,,,250.0,GBP,,,,,,,Transaction ID: 4a8405a6-0928-4949-9ae3-9525f469ba68,e48cb84e-07c5-4698-a068-72472fe32061,,,,,,
Market buy,2024-05-20,11:47:42,V,Visa,1.0,281.6,USD,1.27012,,GBP,222.04,GBP,,,,,,,,EOF14750217088,,,,,,
Market buy,2024-05-20,13:27:01,NNN,NNN REIT,1.0,42.72,USD,1.26991,,GBP,33.69,GBP,,,,,,,,EOF14750229367,,,,,,
Dividend (Dividend),2024-05-20,10:20:34,CAT,Caterpillar,28.0,1.11,USD,Not available,,,24.35,GBP,5.46,USD,,,,,,,,,,,,
Market sell,2024-05-21,09:38:12,HD,Home Depot,2.0,336.0,USD,1.27161,21.7,GBP,527.67,GBP,,,,,,,,EOF14755093344,,,,,,
Market buy,2024-05-21,09:41:01,AMZN,Amazon,1.0,183.7,USD,1.27154,,GBP,144.69,GBP,,,,,,,,EOF14755093561,,,,,,
Market buy,2024-05-21,10:26:31,MA,Mastercard,1.0,463.5,USD,1.27188,,GBP,364.97,GBP,,,,,,,,EOF14755097295,,,,,,
Market sell,2024-05-22,12:18:35,HD,Home Depot,3.0,334.5,USD,1.27204,28.74,GBP,787.71,GBP,,,,,,,,EOF14803522072,,,,,,
Market buy,2024-05-22,12:19:49,COST,Costco Wholesale,1.0,799.0,USD,1.27184,,GBP,629.16,GBP,,,,,,,,EOF14803522144,,,,,,
Market buy,2024-05-22,12:21:58,AMZN,Amazon,1.0,183.0,USD,1.2718,,GBP,144.11,GBP,,,,,,,,EOF14803522414,,,,,,
Market buy,2024-05-22,12:29:49,NNN,NNN REIT,1.0,42.84,USD,1.27159,,GBP,33.74,GBP,,,,,,,,EOF14803523113,,,,,,
Dividend (Dividend),2024-05-22,13:12:15,WELL,Welltower,1.0,0.52,USD,Not available,,,0.41,GBP,0.09,USD,,,,,,,,,,,,
Dividend (Dividend),2024-05-22,13:12:15,WELL,Welltower,72.0,0.52,USD,Not available,,,29.37,GBP,6.59,USD,,,,,,,,,,,,
Deposit,2024-05-27,11:14:35,,,,,,,,,250.0,GBP,,,,,,,Transaction ID: 8e7d46fd-b762-4bc7-99f7-329cf0cfdc51,c3a85132-4882-4f02-92cd-d5dab4b2190b,,,,,,
Market buy,2024-05-28,00:00:02,AMZN,Amazon,1.0,181.42,USD,1.27715,,GBP,142.26,GBP,,,,,,,,EOF15050087365,,,,,,
Market sell,2024-05-28,00:00:16,WELL,Welltower,1.0,100.99,USD,1.27722,21.16,GBP,78.95,GBP,,,,,,,,EOF15050088368,,,,,,
Market sell,2024-05-28,00:00:16,WELL,Welltower,12.0,100.99,USD,1.27727,247.05,GBP,947.38,GBP,,,,,,,,EOF15050186944,,,,,,
Market buy,2024-05-28,09:31:44,MA,Mastercard,1.0,456.0,USD,1.27663,,GBP,357.73,GBP,,,,,,,,EOF15100442063,,,,,,
Market buy,2024-05-28,09:34:30,AMZN,Amazon,2.0,181.34,USD,1.27663,,GBP,284.52,GBP,,,,,,,,EOF15100442245,,,,,,
Market buy,2024-05-28,09:37:58,GOOGL,Alphabet (Class A),1.0,175.07,USD,1.27685,,GBP,137.32,GBP,,,,,,,,EOF15100442678,,,,,,
Market buy,2024-05-28,09:46:01,V,Visa,1.0,274.8,USD,1.27701,,GBP,215.51,GBP,,,,,,,,EOF15100443376,,,,,,
Market sell,2024-05-28,13:27:40,WELL,Welltower,10.0,99.45,USD,1.28005,192.13,GBP,775.75,GBP,,,,,,,,EOF15150918921,,,,,,
Market buy,2024-05-29,07:53:52,AMZN,Amazon,1.0,180.99,USD,1.27628,,GBP,142.02,GBP,,,,,,,,EOF15155281240,,,,,,
Market buy,2024-05-29,07:05:31,INTU,Intuit,1.0,597.0,USD,1.27656,,GBP,468.36,GBP,,,,,,,,EOF15155365823,,,,,,
Market buy,2024-05-29,07:08:11,GOOGL,Alphabet (Class A),1.0,175.79,USD,1.27652,,GBP,137.92,GBP,,,,,,,,EOF15155368223,,,,,,
Market buy,2024-05-29,07:09:36,AMZN,Amazon,1.0,181.19,USD,1.27634,,GBP,142.17,GBP,,,,,,,,EOF15155368801,,,,,,
Market sell,2024-05-29,07:26:06,WELL,Welltower,2.4144,100.01,USD,1.27704,47.89,GBP,188.8,GBP,,,,,,,,EOF15155371604,,,,,,
Market sell,2024-05-29,07:26:12,WELL,Welltower,4.4246,100.01,USD,1.27699,87.77,GBP,346.0,GBP,,,,,,,,EOF15155371616,,,,,,
Market sell,2024-05-29,07:27:32,WELL,Welltower,3.161,100.01,USD,1.27693,62.72,GBP,247.2,GBP,,,,,,,,EOF15155371715,,,,,,
Market buy,2024-05-29,07:31:25,INTU,Intuit,1.0,597.92,USD,1.2767,,GBP,469.03,GBP,,,,,,,,EOF15155372477,,,,,,
Market buy,2024-05-29,07:33:31,GOOGL,Alphabet (Class A),1.0,175.8,USD,1.27659,,GBP,137.92,GBP,,,,,,,,EOF15155372716,,,,,,
Market buy,2024-05-29,07:56:08,AMZN,Amazon,1.0,180.95,USD,1.27627,,GBP,141.99,GBP,,,,,,,,EOF15155374482,,,,,,
Market sell,2024-05-29,12:59:25,WELL,Welltower,2.76,99.95,USD,1.27454,55.04,GBP,216.12,GBP,,,,,,,,EOF15200552029,,,,,,
Market sell,2024-05-29,13:15:24,WELL,Welltower,2.208,99.95,USD,1.27426,44.07,GBP,172.93,GBP,,,,,,,,EOF15200553760,,,,,,
Market sell,2024-05-29,13:27:01,WELL,Welltower,2.208,99.95,USD,1.27389,44.12,GBP,172.98,GBP,,,,,,,,EOF15200554826,,,,,,
Market sell,2024-05-29,13:28:00,WELL,Welltower,2.824,99.95,USD,1.27407,56.39,GBP,221.21,GBP,,,,,,,,EOF15200554917,,,,,,
Market buy,2024-05-29,16:43:51,MA,Mastercard,1.0,443.62,USD,1.27111,,GBP,349.52,GBP,,,,,,,,EOF15201919153,,,,,,
Market buy,2024-05-29,16:45:08,SPGI,S&P Global,1.0,427.29,USD,1.27124,,GBP,336.62,GBP,,,,,,,,EOF15201919258,,,,,,
Market buy,2024-05-29,16:49:06,GOOGL,Alphabet (Class A),1.0,176.71,USD,1.27156,,GBP,139.18,GBP,,,,,,,,EOF15201919554,,,,,,
Deposit,2024-05-30,10:21:36,,,,,,,,,1500.0,GBP,,,,,,,Transaction ID: f6972861-8095-4f6d-97a2-4b0de74e1de5,9744a68c-3fdd-437c-8bfa-796e7b245d46,,,,,,
Market buy,2024-05-30,10:55:07,INTU,Intuit,1.0,596.5,USD,1.27125,,GBP,469.92,GBP,,,,,,,,EOF15202696261,,,,,,
Market buy,2024-05-30,11:00:03,SPGI,S&P Global,1.0,441.0,USD,1.27129,,GBP,347.41,GBP,,,,,,,,EOF15202697342,,,,,,
Market buy,2024-05-30,11:00:03,SPGI,S&P Global,1.0,441.0,USD,1.27129,,GBP,347.41,GBP,,,,,,,,EOF15202697343,,,,,,
Market sell,2024-05-30,13:28:30,WELL,Welltower,8.3061,100.0,USD,1.27228,167.12,GBP,651.87,GBP,,,,,,,,EOF15203149556,,,,,,
Market sell,2024-05-30,13:28:40,WELL,Welltower,1.6939,100.0,USD,1.27226,34.08,GBP,132.94,GBP,,,,,,,,EOF15203149573,,,,,,
Market buy,2024-05-30,15:06:19,CRM,Salesforce,1.0,215.08,USD,1.27364,,GBP,169.12,GBP,,,,,,,,EOF15250848457,,,,,,
Market buy,2024-05-30,16:02:43,CRM,Salesforce,1.0,215.96,USD,1.27364,,GBP,169.81,GBP,,,,,,,,EOF15252005884,,,,,,
Market buy,2024-05-30,16:28:46,CRM,Salesforce,1.0,217.39,USD,1.27396,,GBP,170.9,GBP,,,,,,,,EOF15252009266,,,,,,
Market buy,2024-05-30,16:29:33,CRM,Salesforce,1.0,217.37,USD,1.27392,,GBP,170.89,GBP,,,,,,,,EOF15252009336,,,,,,
Market buy,2024-05-31,12:31:02,MCO,Moody's,1.0,398.14,USD,1.27221,,GBP,313.42,GBP,,,,,,,,EOF15300111366,,,,,,
Market sell,2024-05-31,13:27:00,WELL,Welltower,4.3377,101.9,USD,1.2748,93.07,GBP,346.21,GBP,,,,,,,,EOF15253197019,,,,,,
Market sell,2024-05-31,13:28:30,WELL,Welltower,4.9906,102.28,USD,1.27482,108.55,GBP,399.8,GBP,,,,,,,,EOF15253197116,,,,,,
Market sell,2024-05-31,13:28:51,WELL,Welltower,0.6717,102.21,USD,1.27492,14.57,GBP,53.77,GBP,,,,,,,,EOF15253197167,,,,,,
Market buy,2024-05-31,13:30:16,CRM,Salesforce,5.0,220.54,USD,1.27453,,GBP,866.48,GBP,,,,,,,,EOF15300911972,,,,,,
Market sell,2024-05-31,16:53:08,WELL,Welltower,2.2927,103.03,USD,1.27361,51.4,GBP,185.19,GBP,,,,,,,,EOF15301922046,,,,,,
Market sell,2024-05-31,16:53:25,WELL,Welltower,4.4008,103.03,USD,1.2736,98.65,GBP,355.48,GBP,,,,,,,,EOF15301922066,,,,,,
Market sell,2024-05-31,16:53:44,WELL,Welltower,3.3065,103.03,USD,1.27352,74.14,GBP,267.1,GBP,,,,,,,,EOF15301922086,,,,,,
Market buy,2024-05-31,16:54:10,CRM,Salesforce,4.0,225.98,USD,1.27339,,GBP,710.91,GBP,,,,,,,,EOF15301922115,,,,,,
Dividend (Dividend),2024-06-03,11:39:13,V,Visa,18.0,0.44,USD,Not available,,,6.24,GBP,1.4,USD,,,,,,,,,,,,
Dividend (Dividend),2024-06-03,11:39:13,V,Visa,20.0,0.44,USD,Not available,,,6.94,GBP,1.56,USD,,,,,,,,,,,,
Deposit,2024-06-06,12:55:46,,,,,,,,,1000.0,GBP,,,,,,,Transaction ID: b4d15adc-eeac-4ee0-8b09-39c40d9adac9,4357a08f-ac26-47b7-aabf-5770b63dc0c8,,,,,,
Market buy,2024-06-06,13:10:43,INTU,Intuit,1.0,575.55,USD,1.27743,,GBP,451.23,GBP,,,,,,,,EOF15553425010,,,,,,
Market buy,2024-06-06,13:12:18,V,Visa,1.0,275.0,USD,1.27716,,GBP,215.64,GBP,,,,,,,,EOF15553425106,,,,,,
Market buy,2024-06-06,13:14:32,CRM,Salesforce,2.0,238.3,USD,1.27706,,GBP,373.76,GBP,,,,,,,,EOF15553425327,,,,,,
Dividend (Dividend),2024-06-07,09:54:12,MCO,Moody's,7.0,0.72,USD,Not available,,,3.95,GBP,0.89,USD,,,,,,,,,,,,
Deposit,2024-06-07,14:22:53,,,,,,,,,200.0,GBP,,,,,,,Transaction ID: 770ec52f-caa4-4426-8366-7acddac018cb,015c564a-9700-4c1c-9939-3953547f5aaa,,,,,,
Market buy,2024-06-07,16:55:44,GOOGL,Alphabet (Class A),1.0,177.02,USD,1.27215,,GBP,139.36,GBP,,,,,,,,EOF15651788805,,,,,,
Dividend (Dividend),2024-06-07,09:54:12,MCO,Moody's,21.0,0.72,USD,Not available,,,11.86,GBP,2.68,USD,,,,,,,,,,,,
Dividend (Dividend),2024-06-10,10:02:50,TGT,Target,23.0,0.94,USD,Not available,,,16.91,GBP,3.8,USD,,,,,,,,,,,,
Deposit,2024-06-11,19:54:11,,,,,,,,,500.0,GBP,,,,,,,Transaction ID: 58122e78-65f1-4d4e-beaa-26e71b027e14,12dcc27d-43c5-4e8b-b06d-3d24bec074b3,,,,,,
Market buy,2024-06-11,20:37:52,AAPL,Apple,1.0,207.78,USD,1.2737,,GBP,163.37,GBP,,,,,,,,EOF15802065331,,,,,,
Market buy,2024-06-11,20:43:55,AMZN,Amazon,1.0,187.05,USD,1.27374,,GBP,147.07,GBP,,,,,,,,EOF15802066017,,,,,,
Market buy,2024-06-11,20:52:45,GOOGL,Alphabet (Class A),1.0,177.05,USD,1.27383,,GBP,139.2,GBP,,,,,,,,EOF15802066503,,,,,,
Market buy,2024-06-11,20:55:34,GOOGL,Alphabet (Class A),1.0,177.05,USD,1.27383,,GBP,139.2,GBP,,,,,,,,EOF15802066659,,,,,,
Market buy,2024-06-11,20:59:46,AAPL,Apple,1.0,207.67,USD,1.27381,,GBP,163.27,GBP,,,,,,,,EOF15801910996,,,,,,
Dividend (Dividend),2024-06-12,12:14:21,SPGI,S&P Global,7.0,0.77,USD,Not available,,,4.25,GBP,0.96,USD,,,,,,,,,,,,
Deposit,2024-06-12,16:40:09,,,,,,,,,300.0,GBP,,,,,,,Transaction ID: 1248a550-2782-4ab7-b1bd-7c6ecabb7a88,741dffd0-6cac-44b7-b0ea-db55d032084a,,,,,,
Market buy,2024-06-12,16:41:54,GOOGL,Alphabet (Class A),1.0,176.33,USD,1.28417,,GBP,137.52,GBP,,,,,,,,EOF15851198498,,,,,,
Market buy,2024-06-12,16:43:09,AMZN,Amazon,1.0,186.98,USD,1.28437,,GBP,145.8,GBP,,,,,,,,EOF15851198606,,,,,,
Dividend (Dividend),2024-06-12,12:14:21,SPGI,S&P Global,18.0,0.77,USD,Not available,,,10.93,GBP,2.46,USD,,,,,,,,,,,,
Dividend (Dividend),2024-06-13,09:22:27,AMAT,Applied Materials,62.0,0.34,USD,Not available,,,16.49,GBP,3.72,USD,,,,,,,,,,,,
Dividend (Dividend),2024-06-13,09:43:38,HD,Home Depot,22.0,1.91,USD,Not available,,,32.92,GBP,7.43,USD,,,,,,,,,,,,
Dividend (Dividend),2024-06-14,12:37:06,HRZN,Horizon Technology Finance,114.0,0.09,USD,Not available,,,8.36,GBP,1.88,USD,,,,,,,,,,,,
Dividend (Dividend),2024-06-14,12:42:04,O,Realty Income,28.0,0.22,USD,Not available,,,4.9,GBP,1.1,USD,,,,,,,,,,,,
Dividend (Dividend),2024-06-14,12:37:06,HRZN,Horizon Technology Finance,596.0,0.09,USD,Not available,,,43.71,GBP,9.83,USD,,,,,,,,,,,,
Dividend (Dividend),2024-06-14,12:42:04,O,Realty Income,187.0,0.22,USD,Not available,,,32.73,GBP,7.36,USD,,,,,,,,,,,,
Market buy,2024-06-14,13:57:37,AAPL,Apple,1.0,213.88,USD,1.26616,,GBP,169.17,GBP,,,,,,,,EOF15951123645,,,,,,
Dividend (Dividend),2024-06-17,13:14:12,GOOGL,Alphabet (Class A),10.0,0.17,USD,Not available,,,1.34,GBP,0.3,USD,,,,,,,,,,,,
Dividend (Dividend),2024-06-17,13:14:12,GOOGL,Alphabet (Class A),55.0,0.17,USD,Not available,,,7.37,GBP,1.65,USD,,,,,,,,,,,,
Market sell,2024-06-18,19:49:37,ABBV,AbbVie,6.2999,171.43,USD,1.27077,266.83,GBP,848.6,GBP,,,,,,,,EOF16152276066,,,,,,
Market sell,2024-06-18,19:49:38,ABBV,AbbVie,3.7001,171.43,USD,1.27077,156.72,GBP,498.4,GBP,,,,,,,,EOF16152276068,,,,,,
Market buy,2024-06-18,20:16:52,AMZN,Amazon,4.0,182.66,USD,1.27094,,GBP,575.74,GBP,,,,,,,,EOF16152278299,,,,,,
Market buy,2024-06-18,20:17:59,AAPL,Apple,3.0,214.53,USD,1.27096,,GBP,507.14,GBP,,,,,,,,EOF16152278339,,,,,,
Market buy,2024-06-18,20:19:25,GOOGL,Alphabet (Class A),1.0,175.09,USD,1.27097,,GBP,137.97,GBP,,,,,,,,EOF16152278394,,,,,,
Market buy,2024-06-18,20:19:54,GOOGL,Alphabet (Class A),1.0,175.03,USD,1.271,,GBP,137.92,GBP,,,,,,,,EOF16152278405,,,,,,
Dividend (Dividend),2024-06-25,09:23:37,UNH,UnitedHealth,12.0,1.79,USD,Not available,,,16.87,GBP,3.78,USD,,,,,,,,,,,,
Market buy,2024-06-25,16:38:40,VICI,VICI Properties,2.0,27.93,USD,1.2681,,GBP,44.12,GBP,,,,,,,,EOF16501785913,,,,,,
Dividend (Dividend),2024-06-25,09:23:37,UNH,UnitedHealth,12.0,1.79,USD,Not available,,,16.87,GBP,3.78,USD,,,,,,,,,,,,
Market sell,2024-06-25,16:22:29,ABBV,AbbVie,7.6307,171.12,USD,1.26796,323.61,GBP,1028.27,GBP,,,,,,,,EOF16501878595,,,,,,
Market sell,2024-06-25,16:22:30,ABBV,AbbVie,2.3693,171.12,USD,1.26793,100.49,GBP,319.28,GBP,,,,,,,,EOF16501878600,,,,,,
Market buy,2024-06-25,16:25:17,UNH,UnitedHealth,0.8401554,481.88,USD,1.26786,,GBP,319.8,GBP,,,,,,,,EOF16501878852,,,,,,
Market buy,2024-06-25,16:25:18,UNH,UnitedHealth,0.1598446,482.03,USD,1.26789,,GBP,60.86,GBP,,,,,,,,EOF16501878855,,,,,,
Market buy,2024-06-25,16:28:13,CRM,Salesforce,1.0,240.57,USD,1.26795,,GBP,190.01,GBP,,,,,,,,EOF16501879141,,,,,,
Market buy,2024-06-25,16:29:20,CRM,Salesforce,1.0,240.47,USD,1.26803,,GBP,189.92,GBP,,,,,,,,EOF16501879259,,,,,,
Market buy,2024-06-25,16:31:41,MCO,Moody's,1.0,425.94,USD,1.26798,,GBP,336.42,GBP,,,,,,,,EOF16501879476,,,,,,
Market buy,2024-06-25,16:35:15,AMZN,Amazon,1.0,187.6,USD,1.26799,,GBP,148.17,GBP,,,,,,,,EOF16501879739,,,,,,
Market buy,2024-06-25,16:36:46,VICI,VICI Properties,5.0,27.93,USD,1.26804,,GBP,110.3,GBP,,,,,,,,EOF16501879869,,,,,,
Deposit,2024-06-27,09:30:17,,,,,,,,,1100.0,GBP,,,,,,,Transaction ID: 9086ef88-4d57-450f-9771-98cab5f44616,290035ac-ef2c-4aa2-805e-734479860e22,,,,,,
Market buy,2024-06-27,09:36:35,O,Realty Income,5.0,52.79,USD,1.26406,,GBP,209.12,GBP,,,,,,,,EOF16554111381,,,,,,
Market buy,2024-06-27,10:37:45,AMZN,Amazon,1.0,193.61,USD,1.26525,,GBP,153.25,GBP,,,,,,,,EOF16554115632,,,,,,
Market buy,2024-06-27,11:00:00,VICI,VICI Properties,13.0,28.14,USD,1.26506,,GBP,289.6,GBP,,,,,,,,EOF16554116983,,,,,,
Market buy,2024-06-27,11:00:00,VICI,VICI Properties,5.0,28.14,USD,1.26506,,GBP,111.39,GBP,,,,,,,,EOF16554116988,,,,,,
Market buy,2024-06-27,13:28:30,MCO,Moody's,1.0,421.37,USD,1.2659,,GBP,333.36,GBP,,,,,,,,EOF16554132684,,,,,,
Market sell,2024-06-27,09:47:12,ABBV,AbbVie,5.8834,171.0,USD,1.26446,251.15,GBP,794.45,GBP,,,,,,,,EOF16554505553,,,,,,
Market sell,2024-06-27,10:02:33,ABBV,AbbVie,3.1166,171.37,USD,1.2649,133.81,GBP,421.61,GBP,,,,,,,,EOF16554506601,,,,,,
Market buy,2024-06-27,10:26:19,CRM,Salesforce,5.0,243.28,USD,1.26448,,GBP,963.41,GBP,,,,,,,,EOF16554508354,,,,,,
Market buy,2024-06-27,15:17:31,CRM,Salesforce,1.0,254.38,USD,1.26513,,GBP,201.37,GBP,,,,,,,,EOF16601080118,,,,,,
Dividend (Dividend),2024-06-28,14:50:17,SPG,Simon Property,11.0,1.7,USD,Not available,,,14.81,GBP,3.3,USD,,,,,,,,,,,,
Dividend (Dividend),2024-06-28,15:16:03,DLR,Digital Realty Trust,3.0,1.04,USD,Not available,,,2.46,GBP,0.55,USD,,,,,,,,,,,,
Market sell,2024-06-28,13:55:00,ABBV,AbbVie,3.4045,169.34,USD,1.26426,140.93,GBP,455.33,GBP,,,,,,,,EOF16651397705,,,,,,
Market sell,2024-06-28,13:55:01,ABBV,AbbVie,6.5955,169.32,USD,1.26426,272.93,GBP,882.0,GBP,,,,,,,,EOF16651397710,,,,,,
Market buy,2024-06-28,13:56:24,AMZN,Amazon,1.0,196.79,USD,1.26358,,GBP,155.97,GBP,,,,,,,,EOF16651398564,,,,,,
Market buy,2024-06-28,13:58:14,SPGI,S&P Global,1.0,446.04,USD,1.26349,,GBP,353.55,GBP,,,,,,,,EOF16651399267,,,,,,
Market buy,2024-06-28,14:01:27,INTU,Intuit,1.0,653.38,USD,1.2631,,GBP,518.06,GBP,,,,,,,,EOF16652350626,,,,,,
Market buy,2024-06-28,14:02:45,GOOGL,Alphabet (Class A),1.0,184.27,USD,1.26333,,GBP,146.08,GBP,,,,,,,,EOF16652351497,,,,,,
Market buy,2024-06-28,14:07:59,CRM,Salesforce,1.0,258.56,USD,1.26268,,GBP,205.08,GBP,,,,,,,,EOF16652353690,,,,,,
Dividend (Dividend),2024-06-28,14:42:13,AVGO,Broadcom,11.0,4.46,USD,Not available,,,38.89,GBP,8.66,USD,,,,,,,,,,,,
Dividend (Dividend),2024-06-28,14:50:17,SPG,Simon Property,45.0,1.7,USD,Not available,,,60.6,GBP,13.5,USD,,,,,,,,,,,,
Dividend (Dividend),2024-06-28,15:16:03,DLR,Digital Realty Trust,61.0,1.04,USD,Not available,,,50.11,GBP,11.16,USD,,,,,,,,,,,,
Market buy,2024-06-28,16:09:01,GOOGL,Alphabet (Class A),1.0,183.71,USD,1.26365,,GBP,145.6,GBP,,,,,,,,EOF16653900722,,,,,,
Market sell,2024-07-01,11:55:10,ABBV,AbbVie,3.2525,171.27,USD,1.26718,148.55,GBP,438.94,GBP,,,,,,,,EOF16800196675,,,,,,
Market sell,2024-07-01,11:55:31,ABBV,AbbVie,0.0147,171.27,USD,1.26516,0.67,GBP,1.99,GBP,,,,,,,,EOF16800196691,,,,,,
Market sell,2024-07-01,11:55:36,ABBV,AbbVie,6.6308,171.2,USD,1.26732,302.37,GBP,894.4,GBP,,,,,,,,EOF16800196693,,,,,,
Market sell,2024-07-01,11:55:39,ABBV,AbbVie,1.102,171.2,USD,1.26738,50.25,GBP,148.64,GBP,,,,,,,,EOF16800196697,,,,,,
Market buy,2024-07-01,13:45:50,AMZN,Amazon,1.0,193.81,USD,1.26789,,GBP,153.09,GBP,,,,,,,,EOF16803192752,,,,,,
Market buy,2024-07-01,13:48:36,SPGI,S&P Global,1.0,449.68,USD,1.26784,,GBP,355.21,GBP,,,,,,,,EOF16803195185,,,,,,
Market buy,2024-07-01,13:51:51,V,Visa,0.3626975,265.41,USD,1.26812,,GBP,76.02,GBP,,,,,,,,EOF16803197189,,,,,,
Market buy,2024-07-01,13:51:52,V,Visa,0.6373025,265.4,USD,1.2682,,GBP,133.57,GBP,,,,,,,,EOF16803197204,,,,,,
Market buy,2024-07-01,13:53:38,AAPL,Apple,3.0,212.6,USD,1.26816,,GBP,503.68,GBP,,,,,,,,EOF16803197715,,,,,,
Market buy,2024-07-01,13:55:15,GOOGL,Alphabet (Class A),2.0,181.6,USD,1.2682,,GBP,286.82,GBP,,,,,,,,EOF16803198544,,,,,,
