break_id,account_id,business_date,ticker,break_category,internal_value,custodian_value,variance,dollar_exposure,injection_id
0,2,2022-07-29,,CASH_BALANCE_BREAK,-699.26,-701.76,2.5,2.5,1
1,5,2022-07-29,,CASH_BALANCE_BREAK,4451.23,4701.23,-250.0,250.0,4
2,1,2022-05-10,,CASH_BALANCE_BREAK,-1045.54,-2045.54,1000.0,1000.0,0
3,5,2022-06-20,,CASH_BALANCE_BREAK,3501.34,3751.34,-250.0,250.0,4
4,6,2022-06-20,,CASH_BALANCE_BREAK,-1437.52,-1453.02,15.5,15.5,6
5,1,2022-08-08,,CASH_BALANCE_BREAK,-1283.39,-2283.39,1000.0,1000.0,0
6,2,2021-07-12,,CASH_BALANCE_BREAK,-1266.11,-1268.61,2.5,2.5,1
7,5,2022-01-04,,CASH_BALANCE_BREAK,1374.55,1624.55,-250.0,250.0,4
8,5,2022-01-23,,CASH_BALANCE_BREAK,1374.55,1624.55,-250.0,250.0,4
9,5,2023-02-16,,CASH_BALANCE_BREAK,5626.14,5876.14,-250.0,250.0,4
10,6,2023-02-16,,CASH_BALANCE_BREAK,-1823.87,-1839.37,15.5,15.5,6
11,2,2022-05-13,,CASH_BALANCE_BREAK,-267.88,-270.38,2.5,2.5,1
12,1,2022-10-11,,CASH_BALANCE_BREAK,-1358.81,-2358.81,1000.0,1000.0,0
13,1,2021-11-16,,CASH_BALANCE_BREAK,-1058.56,-2058.56,1000.0,1000.0,0
14,1,2021-10-20,,CASH_BALANCE_BREAK,-927.71,-1927.71,1000.0,1000.0,0
15,1,2022-03-31,,CASH_BALANCE_BREAK,-1016.87,-2016.87,1000.0,1000.0,0
16,1,2023-05-10,,CASH_BALANCE_BREAK,-2791.98,-3791.98,1000.0,1000.0,0
17,2,2023-01-22,,CASH_BALANCE_BREAK,-936.56,-939.06,2.5,2.5,1
18,6,2022-02-13,,CASH_BALANCE_BREAK,-635.5,-651.0,15.5,15.5,6
19,2,2022-07-13,,CASH_BALANCE_BREAK,-615.08,-617.58,2.5,2.5,1
20,6,2023-06-13,,CASH_BALANCE_BREAK,-1121.48,-1136.98,15.5,15.5,6
21,1,2022-06-16,,CASH_BALANCE_BREAK,-1284.32,-2284.32,1000.0,1000.0,0
22,6,2023-06-23,,CASH_BALANCE_BREAK,-1121.48,-1136.98,15.5,15.5,6
23,2,2023-06-30,,CASH_BALANCE_BREAK,-649.08,-651.58,2.5,2.5,1
24,1,2022-09-24,,CASH_BALANCE_BREAK,-1365.4,-2365.4,1000.0,1000.0,0
25,5,2022-09-02,,CASH_BALANCE_BREAK,4456.74,4706.74,-250.0,250.0,4
26,6,2022-09-02,,CASH_BALANCE_BREAK,-1581.71,-1597.21,15.5,15.5,6
27,1,2022-10-18,,CASH_BALANCE_BREAK,-1358.81,-2358.81,1000.0,1000.0,0
28,5,2022-10-19,,CASH_BALANCE_BREAK,4341.62,4591.62,-250.0,250.0,4
29,5,2021-12-08,,CASH_BALANCE_BREAK,1168.52,1418.52,-250.0,250.0,4
30,2,2021-05-10,,CASH_BALANCE_BREAK,-1271.28,-1273.78,2.5,2.5,1
31,5,2022-02-23,,CASH_BALANCE_BREAK,1376.68,1626.68,-250.0,250.0,4
32,6,2022-03-04,,CASH_BALANCE_BREAK,-635.26,-650.76,15.5,15.5,6
33,1,2022-02-04,,CASH_BALANCE_BREAK,-1022.78,-2022.78,1000.0,1000.0,0
34,5,2022-09-26,,CASH_BALANCE_BREAK,4464.85,4714.85,-250.0,250.0,4
35,6,2023-03-04,,CASH_BALANCE_BREAK,-1823.87,-1839.37,15.5,15.5,6
36,2,2022-09-04,,CASH_BALANCE_BREAK,-783.61,-786.11,2.5,2.5,1
37,5,2022-08-06,,CASH_BALANCE_BREAK,4451.23,4701.23,-250.0,250.0,4
38,6,2023-03-28,,CASH_BALANCE_BREAK,-1810.04,-1825.54,15.5,15.5,6
39,5,2022-02-20,,CASH_BALANCE_BREAK,1376.68,1626.68,-250.0,250.0,4
40,6,2022-04-09,,CASH_BALANCE_BREAK,-629.61,-645.11,15.5,15.5,6
41,2,2021-06-10,,CASH_BALANCE_BREAK,-1253.05,-1255.55,2.5,2.5,1
42,5,2022-08-09,,CASH_BALANCE_BREAK,4451.23,4701.23,-250.0,250.0,4
43,6,2022-08-09,,CASH_BALANCE_BREAK,-1584.25,-1599.75,15.5,15.5,6
44,1,2021-12-10,,CASH_BALANCE_BREAK,-1047.58,-2047.58,1000.0,1000.0,0
45,2,2021-12-10,,CASH_BALANCE_BREAK,-1337.29,-1339.79,2.5,2.5,1
46,1,2022-03-07,,CASH_BALANCE_BREAK,-1016.87,-2016.87,1000.0,1000.0,0
47,2,2022-02-27,,CASH_BALANCE_BREAK,-1379.51,-1382.01,2.5,2.5,1
48,6,2022-04-17,,CASH_BALANCE_BREAK,-2440.99,-2456.49,15.5,15.5,6
49,1,2022-06-05,,CASH_BALANCE_BREAK,-1284.32,-2284.32,1000.0,1000.0,0
50,5,2022-06-28,,CASH_BALANCE_BREAK,3501.34,3751.34,-250.0,250.0,4
51,2,2022-03-05,,CASH_BALANCE_BREAK,-1369.24,-1371.74,2.5,2.5,1
52,1,2021-11-11,,CASH_BALANCE_BREAK,-1058.56,-2058.56,1000.0,1000.0,0
53,1,2021-08-18,,CASH_BALANCE_BREAK,-680.19,-1680.19,1000.0,1000.0,0
54,2,2021-09-30,,CASH_BALANCE_BREAK,-1377.17,-1379.67,2.5,2.5,1
55,5,2023-01-02,,CASH_BALANCE_BREAK,5572.82,5822.82,-250.0,250.0,4
56,1,2021-01-10,,CASH_BALANCE_BREAK,-380.07,-1380.07,1000.0,1000.0,0
57,5,2022-07-30,,CASH_BALANCE_BREAK,4451.23,4701.23,-250.0,250.0,4
58,2,2021-03-18,,CASH_BALANCE_BREAK,-1584.47,-1586.97,2.5,2.5,1
59,1,2021-07-04,,CASH_BALANCE_BREAK,-592.19,-1592.19,1000.0,1000.0,0
60,5,2021-11-30,,CASH_BALANCE_BREAK,1168.52,1418.52,-250.0,250.0,4
61,1,2021-12-02,,CASH_BALANCE_BREAK,-1047.58,-2047.58,1000.0,1000.0,0
62,1,2021-04-13,,CASH_BALANCE_BREAK,-735.94,-1735.94,1000.0,1000.0,0
63,2,2021-11-01,,CASH_BALANCE_BREAK,-1341.01,-1343.51,2.5,2.5,1
64,5,2021-11-01,,CASH_BALANCE_BREAK,768.52,1018.52,-250.0,250.0,4
65,2,2021-07-20,,CASH_BALANCE_BREAK,-1266.11,-1268.61,2.5,2.5,1
66,2,2021-10-31,,CASH_BALANCE_BREAK,-1341.01,-1343.51,2.5,2.5,1
67,2,2021-06-21,,CASH_BALANCE_BREAK,-1253.05,-1255.55,2.5,2.5,1
68,2,2021-10-05,,CASH_BALANCE_BREAK,-1358.34,-1360.84,2.5,2.5,1
69,6,2022-12-06,,CASH_BALANCE_BREAK,-1739.01,-1754.51,15.5,15.5,6
70,6,2023-01-15,,CASH_BALANCE_BREAK,-1722.08,-1737.58,15.5,15.5,6
71,1,2021-08-21,,CASH_BALANCE_BREAK,-680.19,-1680.19,1000.0,1000.0,0
72,2,2021-08-21,,CASH_BALANCE_BREAK,-1251.53,-1254.03,2.5,2.5,1
73,2,2021-08-24,,CASH_BALANCE_BREAK,-1251.53,-1254.03,2.5,2.5,1
74,5,2021-08-24,,CASH_BALANCE_BREAK,260.88,510.88,-250.0,250.0,4
75,1,2022-05-04,,CASH_BALANCE_BREAK,-1045.54,-2045.54,1000.0,1000.0,0
76,6,2022-05-04,,CASH_BALANCE_BREAK,-1340.99,-1356.49,15.5,15.5,6
77,6,2023-01-29,,CASH_BALANCE_BREAK,-1722.08,-1737.58,15.5,15.5,6
78,2,2022-06-21,,CASH_BALANCE_BREAK,-615.08,-617.58,2.5,2.5,1
79,2,2022-11-04,,CASH_BALANCE_BREAK,-878.48,-880.98,2.5,2.5,1
80,1,2023-03-24,,CASH_BALANCE_BREAK,-1254.78,-2254.78,1000.0,1000.0,0
81,5,2022-04-23,,CASH_BALANCE_BREAK,3198.78,3448.78,-250.0,250.0,4
82,2,2022-05-10,,CASH_BALANCE_BREAK,-267.88,-270.38,2.5,2.5,1
83,2,2022-08-08,,CASH_BALANCE_BREAK,-783.61,-786.11,2.5,2.5,1
84,2,2022-04-11,,CASH_BALANCE_BREAK,-290.33,-292.83,2.5,2.5,1
85,6,2022-01-23,,CASH_BALANCE_BREAK,-672.7,-688.2,15.5,15.5,6
86,5,2022-05-11,,CASH_BALANCE_BREAK,3201.34,3451.34,-250.0,250.0,4
87,2,2022-08-16,,CASH_BALANCE_BREAK,-783.61,-786.11,2.5,2.5,1
88,2,2023-05-10,,CASH_BALANCE_BREAK,-188.49,-190.99,2.5,2.5,1
89,6,2022-07-14,,CASH_BALANCE_BREAK,-1598.51,-1614.01,15.5,15.5,6
90,5,2022-07-13,,CASH_BALANCE_BREAK,4501.34,4751.34,-250.0,250.0,4
91,1,2023-06-03,,CASH_BALANCE_BREAK,-2796.17,-3796.17,1000.0,1000.0,0
92,6,2022-05-12,,CASH_BALANCE_BREAK,-1340.99,-1356.49,15.5,15.5,6
93,2,2022-06-30,,CASH_BALANCE_BREAK,-615.08,-617.58,2.5,2.5,1
94,5,2022-06-30,,CASH_BALANCE_BREAK,4501.34,4751.34,-250.0,250.0,4
95,2,2022-06-16,,CASH_BALANCE_BREAK,-520.25,-522.75,2.5,2.5,1
96,1,2023-06-22,,CASH_BALANCE_BREAK,-2796.17,-3796.17,1000.0,1000.0,0
97,5,2023-06-23,,CASH_BALANCE_BREAK,6439.8,6689.8,-250.0,250.0,4
98,1,2023-06-30,,CASH_BALANCE_BREAK,-3043.21,-4043.21,1000.0,1000.0,0
99,1,2023-03-15,,CASH_BALANCE_BREAK,-1261.89,-2261.89,1000.0,1000.0,0
100,5,2022-08-04,,CASH_BALANCE_BREAK,4451.23,4701.23,-250.0,250.0,4
101,2,2022-10-19,,CASH_BALANCE_BREAK,-884.91,-887.41,2.5,2.5,1
102,5,2022-12-06,,CASH_BALANCE_BREAK,5564.78,5814.78,-250.0,250.0,4
103,5,2022-08-07,,CASH_BALANCE_BREAK,4451.23,4701.23,-250.0,250.0,4
104,6,2022-09-26,,CASH_BALANCE_BREAK,-1481.71,-1497.21,15.5,15.5,6
105,1,2021-02-19,,CASH_BALANCE_BREAK,-919.27,-1919.27,1000.0,1000.0,0
106,1,2021-04-02,,CASH_BALANCE_BREAK,-918.03,-1918.03,1000.0,1000.0,0
107,2,2021-04-03,,CASH_BALANCE_BREAK,-1584.47,-1586.97,2.5,2.5,1
108,2,2022-05-29,,CASH_BALANCE_BREAK,-520.25,-522.75,2.5,2.5,1
109,5,2022-05-29,,CASH_BALANCE_BREAK,3501.34,3751.34,-250.0,250.0,4
110,1,2021-03-22,,CASH_BALANCE_BREAK,-918.03,-1918.03,1000.0,1000.0,0
111,5,2022-03-03,,CASH_BALANCE_BREAK,1380.44,1630.44,-250.0,250.0,4
112,5,2021-10-17,,CASH_BALANCE_BREAK,762.96,1012.96,-250.0,250.0,4
113,2,2021-12-05,,CASH_BALANCE_BREAK,-1337.29,-1339.79,2.5,2.5,1
114,5,2021-12-06,,CASH_BALANCE_BREAK,1168.52,1418.52,-250.0,250.0,4
115,5,2022-01-25,,CASH_BALANCE_BREAK,1374.55,1624.55,-250.0,250.0,4
116,2,2021-05-20,,CASH_BALANCE_BREAK,-1271.28,-1273.78,2.5,2.5,1
117,2,2021-12-08,,CASH_BALANCE_BREAK,-1337.29,-1339.79,2.5,2.5,1
118,6,2022-01-28,,CASH_BALANCE_BREAK,-672.7,-688.2,15.5,15.5,6
119,1,2021-10-26,,CASH_BALANCE_BREAK,-1058.56,-2058.56,1000.0,1000.0,0
120,5,2022-02-07,,CASH_BALANCE_BREAK,1376.68,1626.68,-250.0,250.0,4
121,2,2022-03-26,,CASH_BALANCE_BREAK,-1369.24,-1371.74,2.5,2.5,1
122,5,2022-03-19,,CASH_BALANCE_BREAK,1380.44,1630.44,-250.0,250.0,4
123,1,2021-10-02,,CASH_BALANCE_BREAK,-927.71,-1927.71,1000.0,1000.0,0
124,1,2021-12-15,,CASH_BALANCE_BREAK,-1047.58,-2047.58,1000.0,1000.0,0
125,2,2021-12-15,,CASH_BALANCE_BREAK,-1337.29,-1339.79,2.5,2.5,1
126,2,2021-07-26,,CASH_BALANCE_BREAK,-1262.66,-1265.16,2.5,2.5,1
127,2,2021-07-04,,CASH_BALANCE_BREAK,-1266.11,-1268.61,2.5,2.5,1
128,1,2021-03-30,,CASH_BALANCE_BREAK,-918.03,-1918.03,1000.0,1000.0,0
129,1,2021-07-06,,CASH_BALANCE_BREAK,-592.19,-1592.19,1000.0,1000.0,0
130,1,2021-07-23,,CASH_BALANCE_BREAK,-684.54,-1684.54,1000.0,1000.0,0
131,1,2021-11-26,,CASH_BALANCE_BREAK,-1047.58,-2047.58,1000.0,1000.0,0
132,5,2021-11-20,,CASH_BALANCE_BREAK,1168.52,1418.52,-250.0,250.0,4
133,1,2021-12-13,,CASH_BALANCE_BREAK,-1047.58,-2047.58,1000.0,1000.0,0
134,2,2021-10-13,,CASH_BALANCE_BREAK,-1358.34,-1360.84,2.5,2.5,1
135,2,2022-03-08,,CASH_BALANCE_BREAK,-1369.24,-1371.74,2.5,2.5,1
136,1,2022-08-05,,CASH_BALANCE_BREAK,-1283.39,-2283.39,1000.0,1000.0,0
137,6,2022-12-31,,CASH_BALANCE_BREAK,-1739.01,-1754.51,15.5,15.5,6
138,1,2021-12-04,,CASH_BALANCE_BREAK,-1047.58,-2047.58,1000.0,1000.0,0
139,5,2023-02-26,,CASH_BALANCE_BREAK,5626.14,5876.14,-250.0,250.0,4
140,6,2023-01-26,,CASH_BALANCE_BREAK,-1722.08,-1737.58,15.5,15.5,6
141,1,2022-08-02,,CASH_BALANCE_BREAK,-1366.11,-2366.11,1000.0,1000.0,0
142,5,2022-11-02,,CASH_BALANCE_BREAK,4230.23,4480.23,-250.0,250.0,4
143,6,2022-11-05,,CASH_BALANCE_BREAK,-1484.66,-1500.16,15.5,15.5,6
144,1,2022-12-21,,CASH_BALANCE_BREAK,-1255.61,-2255.61,1000.0,1000.0,0
145,6,2023-03-23,,CASH_BALANCE_BREAK,-1810.04,-1825.54,15.5,15.5,6
146,2,2023-02-02,,CASH_BALANCE_BREAK,-843.15,-845.65,2.5,2.5,1
147,1,2022-09-25,,CASH_BALANCE_BREAK,-1365.4,-2365.4,1000.0,1000.0,0
148,1,2022-07-15,,CASH_BALANCE_BREAK,-1381.37,-2381.37,1000.0,1000.0,0
149,6,2022-08-31,,CASH_BALANCE_BREAK,-1581.71,-1597.21,15.5,15.5,6
150,1,2022-09-01,,CASH_BALANCE_BREAK,-1283.39,-2283.39,1000.0,1000.0,0
151,5,2021-09-30,,CASH_BALANCE_BREAK,262.96,512.96,-250.0,250.0,4
152,6,2022-06-07,,CASH_BALANCE_BREAK,-1437.52,-1453.02,15.5,15.5,6
153,1,2022-05-21,,CASH_BALANCE_BREAK,-1284.32,-2284.32,1000.0,1000.0,0
154,1,2022-08-18,,CASH_BALANCE_BREAK,-1283.39,-2283.39,1000.0,1000.0,0
155,6,2022-03-17,,CASH_BALANCE_BREAK,-635.26,-650.76,15.5,15.5,6
156,6,2022-06-26,,CASH_BALANCE_BREAK,-1437.52,-1453.02,15.5,15.5,6
157,5,2022-08-15,,CASH_BALANCE_BREAK,4456.74,4706.74,-250.0,250.0,4
158,6,2022-08-15,,CASH_BALANCE_BREAK,-1581.71,-1597.21,15.5,15.5,6
159,1,2021-10-21,,CASH_BALANCE_BREAK,-927.71,-1927.71,1000.0,1000.0,0
160,1,2022-03-18,,CASH_BALANCE_BREAK,-1016.87,-2016.87,1000.0,1000.0,0
161,2,2022-03-18,,CASH_BALANCE_BREAK,-1369.24,-1371.74,2.5,2.5,1
162,2,2021-03-14,,CASH_BALANCE_BREAK,-1588.82,-1591.32,2.5,2.5,1
163,2,2022-04-23,,CASH_BALANCE_BREAK,-290.33,-292.83,2.5,2.5,1
164,6,2022-07-29,,CASH_BALANCE_BREAK,-1584.25,-1599.75,15.5,15.5,6
165,6,2022-08-08,,CASH_BALANCE_BREAK,-1584.25,-1599.75,15.5,15.5,6
166,2,2022-08-10,,CASH_BALANCE_BREAK,-783.61,-786.11,2.5,2.5,1
167,2,2021-07-13,,CASH_BALANCE_BREAK,-1266.11,-1268.61,2.5,2.5,1
168,2,2021-08-06,,CASH_BALANCE_BREAK,-1262.66,-1265.16,2.5,2.5,1
169,5,2022-04-11,,CASH_BALANCE_BREAK,3198.78,3448.78,-250.0,250.0,4
170,1,2021-10-09,,CASH_BALANCE_BREAK,-927.71,-1927.71,1000.0,1000.0,0
171,1,2021-06-27,,CASH_BALANCE_BREAK,-565.72,-1565.72,1000.0,1000.0,0
172,5,2021-11-19,,CASH_BALANCE_BREAK,1168.52,1418.52,-250.0,250.0,4
173,5,2022-10-11,,CASH_BALANCE_BREAK,4341.62,4591.62,-250.0,250.0,4
174,2,2021-10-20,,CASH_BALANCE_BREAK,-1358.34,-1360.84,2.5,2.5,1
175,6,2022-05-20,,CASH_BALANCE_BREAK,-1437.52,-1453.02,15.5,15.5,6
176,2,2022-07-14,,CASH_BALANCE_BREAK,-615.08,-617.58,2.5,2.5,1
177,6,2023-05-03,,CASH_BALANCE_BREAK,-783.59,-799.09,15.5,15.5,6
178,6,2022-06-16,,CASH_BALANCE_BREAK,-1437.52,-1453.02,15.5,15.5,6
179,1,2023-06-23,,CASH_BALANCE_BREAK,-2796.17,-3796.17,1000.0,1000.0,0
180,5,2023-01-06,,CASH_BALANCE_BREAK,5572.82,5822.82,-250.0,250.0,4
181,1,2022-09-23,,CASH_BALANCE_BREAK,-1365.4,-2365.4,1000.0,1000.0,0
182,2,2022-09-02,,CASH_BALANCE_BREAK,-783.61,-786.11,2.5,2.5,1
183,2,2022-09-26,,CASH_BALANCE_BREAK,-890.06,-892.56,2.5,2.5,1
184,5,2022-09-27,,CASH_BALANCE_BREAK,4464.85,4714.85,-250.0,250.0,4
185,6,2022-09-27,,CASH_BALANCE_BREAK,-1481.71,-1497.21,15.5,15.5,6
186,5,2022-12-02,,CASH_BALANCE_BREAK,4230.23,4480.23,-250.0,250.0,4
187,6,2022-12-02,,CASH_BALANCE_BREAK,-1484.66,-1500.16,15.5,15.5,6
188,2,2023-05-22,,CASH_BALANCE_BREAK,-188.49,-190.99,2.5,2.5,1
189,1,2022-02-20,,CASH_BALANCE_BREAK,-1022.78,-2022.78,1000.0,1000.0,0
190,2,2021-08-04,,CASH_BALANCE_BREAK,-1262.66,-1265.16,2.5,2.5,1
191,6,2022-03-29,,CASH_BALANCE_BREAK,-635.26,-650.76,15.5,15.5,6
192,1,2022-05-29,,CASH_BALANCE_BREAK,-1284.32,-2284.32,1000.0,1000.0,0
193,6,2022-05-29,,CASH_BALANCE_BREAK,-1437.52,-1453.02,15.5,15.5,6
194,2,2021-08-01,,CASH_BALANCE_BREAK,-1262.66,-1265.16,2.5,2.5,1
195,1,2021-08-03,,CASH_BALANCE_BREAK,-684.54,-1684.54,1000.0,1000.0,0
196,2,2022-03-03,,CASH_BALANCE_BREAK,-1369.24,-1371.74,2.5,2.5,1
197,5,2021-12-10,,CASH_BALANCE_BREAK,1168.52,1418.52,-250.0,250.0,4
198,6,2022-03-07,,CASH_BALANCE_BREAK,-635.26,-650.76,15.5,15.5,6
199,5,2022-03-05,,CASH_BALANCE_BREAK,1380.44,1630.44,-250.0,250.0,4
200,5,2022-03-15,,CASH_BALANCE_BREAK,1380.44,1630.44,-250.0,250.0,4
201,1,2022-08-14,,CASH_BALANCE_BREAK,-1283.39,-2283.39,1000.0,1000.0,0
202,6,2022-05-21,,CASH_BALANCE_BREAK,-1437.52,-1453.02,15.5,15.5,6
203,1,2022-03-17,,CASH_BALANCE_BREAK,-1016.87,-2016.87,1000.0,1000.0,0
204,5,2022-06-26,,CASH_BALANCE_BREAK,3501.34,3751.34,-250.0,250.0,4
205,1,2022-08-15,,CASH_BALANCE_BREAK,-1283.39,-2283.39,1000.0,1000.0,0
206,2,2021-10-19,,CASH_BALANCE_BREAK,-1358.34,-1360.84,2.5,2.5,1
207,5,2021-09-24,,CASH_BALANCE_BREAK,262.96,512.96,-250.0,250.0,4
208,2,2022-08-01,,CASH_BALANCE_BREAK,-699.26,-701.76,2.5,2.5,1
209,6,2022-09-17,,CASH_BALANCE_BREAK,-1481.71,-1497.21,15.5,15.5,6
210,5,2022-02-17,,CASH_BALANCE_BREAK,1376.68,1626.68,-250.0,250.0,4
211,6,2022-02-17,,CASH_BALANCE_BREAK,-635.5,-651.0,15.5,15.5,6
212,1,2021-09-15,,CASH_BALANCE_BREAK,-933.76,-1933.76,1000.0,1000.0,0
213,2,2021-08-12,,CASH_BALANCE_BREAK,-1262.66,-1265.16,2.5,2.5,1
214,1,2021-05-13,,CASH_BALANCE_BREAK,-405.94,-1405.94,1000.0,1000.0,0
215,1,2021-11-01,,CASH_BALANCE_BREAK,-1058.56,-2058.56,1000.0,1000.0,0
216,5,2021-10-04,,CASH_BALANCE_BREAK,762.96,1012.96,-250.0,250.0,4
217,1,2021-12-25,,CASH_BALANCE_BREAK,-1072.2,-2072.2,1000.0,1000.0,0
218,5,2021-12-26,,CASH_BALANCE_BREAK,1868.52,2118.52,-250.0,250.0,4
219,5,2021-10-28,,CASH_BALANCE_BREAK,768.52,1018.52,-250.0,250.0,4
220,5,2021-10-02,,CASH_BALANCE_BREAK,762.96,1012.96,-250.0,250.0,4
221,2,2022-03-06,,CASH_BALANCE_BREAK,-1369.24,-1371.74,2.5,2.5,1
222,2,2022-03-01,,CASH_BALANCE_BREAK,-1369.24,-1371.74,2.5,2.5,1
223,6,2022-03-02,,CASH_BALANCE_BREAK,-635.26,-650.76,15.5,15.5,6
224,5,2022-09-24,,CASH_BALANCE_BREAK,4464.85,4714.85,-250.0,250.0,4
225,5,2021-12-12,,CASH_BALANCE_BREAK,1168.52,1418.52,-250.0,250.0,4
226,5,2021-12-13,,CASH_BALANCE_BREAK,1168.52,1418.52,-250.0,250.0,4
227,5,2021-10-13,,CASH_BALANCE_BREAK,762.96,1012.96,-250.0,250.0,4
228,5,2022-01-27,,CASH_BALANCE_BREAK,1374.55,1624.55,-250.0,250.0,4
229,6,2022-01-27,,CASH_BALANCE_BREAK,-672.7,-688.2,15.5,15.5,6
230,1,2022-03-08,,CASH_BALANCE_BREAK,-1016.87,-2016.87,1000.0,1000.0,0
231,6,2022-06-21,,CASH_BALANCE_BREAK,-1437.52,-1453.02,15.5,15.5,6
232,5,2021-11-24,,CASH_BALANCE_BREAK,1168.52,1418.52,-250.0,250.0,4
233,2,2022-11-02,,CASH_BALANCE_BREAK,-878.48,-880.98,2.5,2.5,1
234,1,2022-11-05,,CASH_BALANCE_BREAK,-1283.85,-2283.85,1000.0,1000.0,0
235,2,2022-11-05,,CASH_BALANCE_BREAK,-878.48,-880.98,2.5,2.5,1
236,6,2022-12-21,,CASH_BALANCE_BREAK,-1739.01,-1754.51,15.5,15.5,6
237,1,2023-02-24,,CASH_BALANCE_BREAK,-1261.89,-2261.89,1000.0,1000.0,0
238,5,2022-09-25,,CASH_BALANCE_BREAK,4464.85,4714.85,-250.0,250.0,4
239,5,2022-07-12,,CASH_BALANCE_BREAK,4501.34,4751.34,-250.0,250.0,4
240,6,2022-07-12,,CASH_BALANCE_BREAK,-1598.51,-1614.01,15.5,15.5,6
241,2,2022-08-31,,CASH_BALANCE_BREAK,-783.61,-786.11,2.5,2.5,1
242,5,2022-08-31,,CASH_BALANCE_BREAK,4456.74,4706.74,-250.0,250.0,4
243,6,2022-04-23,,CASH_BALANCE_BREAK,-2440.99,-2456.49,15.5,15.5,6
244,1,2021-07-12,,CASH_BALANCE_BREAK,-592.19,-1592.19,1000.0,1000.0,0
245,2,2021-07-17,,CASH_BALANCE_BREAK,-1266.11,-1268.61,2.5,2.5,1
246,1,2022-05-13,,CASH_BALANCE_BREAK,-1045.54,-2045.54,1000.0,1000.0,0
247,5,2021-09-28,,CASH_BALANCE_BREAK,262.96,512.96,-250.0,250.0,4
248,1,2022-08-16,,CASH_BALANCE_BREAK,-1283.39,-2283.39,1000.0,1000.0,0
249,2,2021-11-09,,CASH_BALANCE_BREAK,-1341.01,-1343.51,2.5,2.5,1
250,2,2022-04-01,,CASH_BALANCE_BREAK,-1362.36,-1364.86,2.5,2.5,1
251,6,2022-04-01,,CASH_BALANCE_BREAK,-629.61,-645.11,15.5,15.5,6
252,1,2022-10-13,,CASH_BALANCE_BREAK,-1358.81,-2358.81,1000.0,1000.0,0
253,2,2022-10-13,,CASH_BALANCE_BREAK,-884.91,-887.41,2.5,2.5,1
254,1,2022-07-13,,CASH_BALANCE_BREAK,-1381.37,-2381.37,1000.0,1000.0,0
255,5,2022-03-22,,CASH_BALANCE_BREAK,1380.44,1630.44,-250.0,250.0,4
256,1,2022-05-12,,CASH_BALANCE_BREAK,-1045.54,-2045.54,1000.0,1000.0,0
257,1,2021-11-05,,CASH_BALANCE_BREAK,-1058.56,-2058.56,1000.0,1000.0,0
258,6,2022-08-04,,CASH_BALANCE_BREAK,-1584.25,-1599.75,15.5,15.5,6
259,5,2023-01-15,,CASH_BALANCE_BREAK,5572.82,5822.82,-250.0,250.0,4
260,1,2022-10-21,,CASH_BALANCE_BREAK,-1358.81,-2358.81,1000.0,1000.0,0
261,2,2022-08-06,,CASH_BALANCE_BREAK,-783.61,-786.11,2.5,2.5,1
262,2,2022-02-20,,CASH_BALANCE_BREAK,-1379.51,-1382.01,2.5,2.5,1
263,2,2021-08-03,,CASH_BALANCE_BREAK,-1262.66,-1265.16,2.5,2.5,1
264,2,2022-10-06,,CASH_BALANCE_BREAK,-884.91,-887.41,2.5,2.5,1
265,5,2022-02-21,,CASH_BALANCE_BREAK,1376.68,1626.68,-250.0,250.0,4
266,1,2021-05-20,,CASH_BALANCE_BREAK,-405.94,-1405.94,1000.0,1000.0,0
267,5,2021-11-07,,CASH_BALANCE_BREAK,768.52,1018.52,-250.0,250.0,4
268,1,2021-12-26,,CASH_BALANCE_BREAK,-1072.2,-2072.2,1000.0,1000.0,0
269,2,2021-12-26,,CASH_BALANCE_BREAK,-1333.6,-1336.1,2.5,2.5,1
270,1,2021-02-06,,CASH_BALANCE_BREAK,-380.07,-1380.07,1000.0,1000.0,0
271,1,2021-10-28,,CASH_BALANCE_BREAK,-1058.56,-2058.56,1000.0,1000.0,0
272,1,2021-11-21,,CASH_BALANCE_BREAK,-1047.58,-2047.58,1000.0,1000.0,0
273,6,2022-02-23,,CASH_BALANCE_BREAK,-635.5,-651.0,15.5,15.5,6
274,5,2022-03-06,,CASH_BALANCE_BREAK,1380.44,1630.44,-250.0,250.0,4
275,6,2022-03-06,,CASH_BALANCE_BREAK,-635.26,-650.76,15.5,15.5,6
276,1,2021-08-12,,CASH_BALANCE_BREAK,-684.54,-1684.54,1000.0,1000.0,0
277,2,2021-07-23,,CASH_BALANCE_BREAK,-1266.11,-1268.61,2.5,2.5,1
278,2,2021-02-27,,CASH_BALANCE_BREAK,-1588.82,-1591.32,2.5,2.5,1
279,1,2021-07-20,,CASH_BALANCE_BREAK,-592.19,-1592.19,1000.0,1000.0,0
280,5,2021-11-25,,CASH_BALANCE_BREAK,1168.52,1418.52,-250.0,250.0,4
281,1,2021-05-07,,CASH_BALANCE_BREAK,-405.94,-1405.94,1000.0,1000.0,0
282,2,2021-05-07,,CASH_BALANCE_BREAK,-1271.28,-1273.78,2.5,2.5,1
283,1,2021-10-04,,CASH_BALANCE_BREAK,-927.71,-1927.71,1000.0,1000.0,0
284,1,2021-10-31,,CASH_BALANCE_BREAK,-1058.56,-2058.56,1000.0,1000.0,0
285,1,2021-06-21,,CASH_BALANCE_BREAK,-565.72,-1565.72,1000.0,1000.0,0
286,2,2021-09-09,,CASH_BALANCE_BREAK,-1377.17,-1379.67,2.5,2.5,1
287,5,2021-09-09,,CASH_BALANCE_BREAK,262.96,512.96,-250.0,250.0,4
288,6,2022-06-23,,CASH_BALANCE_BREAK,-1437.52,-1453.02,15.5,15.5,6
289,2,2022-08-14,,CASH_BALANCE_BREAK,-783.61,-786.11,2.5,2.5,1
290,2,2022-11-20,,CASH_BALANCE_BREAK,-878.48,-880.98,2.5,2.5,1
291,6,2023-01-02,,CASH_BALANCE_BREAK,-1722.08,-1737.58,15.5,15.5,6
292,2,2022-05-21,,CASH_BALANCE_BREAK,-520.25,-522.75,2.5,2.5,1
293,5,2022-05-22,,CASH_BALANCE_BREAK,3501.34,3751.34,-250.0,250.0,4
294,5,2022-05-16,,CASH_BALANCE_BREAK,3201.34,3451.34,-250.0,250.0,4
295,5,2021-12-09,,CASH_BALANCE_BREAK,1168.52,1418.52,-250.0,250.0,4
296,2,2022-07-31,,CASH_BALANCE_BREAK,-699.26,-701.76,2.5,2.5,1
297,1,2022-11-09,,CASH_BALANCE_BREAK,-1283.85,-2283.85,1000.0,1000.0,0
298,1,2023-03-03,,CASH_BALANCE_BREAK,-1261.89,-2261.89,1000.0,1000.0,0
299,1,2021-09-03,,CASH_BALANCE_BREAK,-933.76,-1933.76,1000.0,1000.0,0
300,2,2021-12-13,,CASH_BALANCE_BREAK,-1337.29,-1339.79,2.5,2.5,1
301,1,2021-10-13,,CASH_BALANCE_BREAK,-927.71,-1927.71,1000.0,1000.0,0
302,5,2022-03-08,,CASH_BALANCE_BREAK,1380.44,1630.44,-250.0,250.0,4
303,1,2022-08-03,,CASH_BALANCE_BREAK,-1366.11,-2366.11,1000.0,1000.0,0
304,2,2022-08-03,,CASH_BALANCE_BREAK,-699.26,-701.76,2.5,2.5,1
305,1,2022-12-31,,CASH_BALANCE_BREAK,-1255.61,-2255.61,1000.0,1000.0,0
306,1,2022-06-21,,CASH_BALANCE_BREAK,-1381.37,-2381.37,1000.0,1000.0,0
307,6,2022-11-15,,CASH_BALANCE_BREAK,-1484.66,-1500.16,15.5,15.5,6
308,6,2022-11-02,,CASH_BALANCE_BREAK,-1484.66,-1500.16,15.5,15.5,6
309,2,2023-03-24,,CASH_BALANCE_BREAK,-809.33,-811.83,2.5,2.5,1
310,6,2023-02-24,,CASH_BALANCE_BREAK,-1823.87,-1839.37,15.5,15.5,6
311,5,2023-02-02,,CASH_BALANCE_BREAK,5610.48,5860.48,-250.0,250.0,4
312,2,2022-09-25,,CASH_BALANCE_BREAK,-890.06,-892.56,2.5,2.5,1
313,1,2022-07-12,,CASH_BALANCE_BREAK,-1381.37,-2381.37,1000.0,1000.0,0
314,2,2022-09-01,,CASH_BALANCE_BREAK,-783.61,-786.11,2.5,2.5,1
315,6,2023-01-28,,CASH_BALANCE_BREAK,-1722.08,-1737.58,15.5,15.5,6
316,5,2021-10-08,,CASH_BALANCE_BREAK,762.96,1012.96,-250.0,250.0,4
317,6,2022-09-21,,CASH_BALANCE_BREAK,-1481.71,-1497.21,15.5,15.5,6
318,2,2021-03-26,,CASH_BALANCE_BREAK,-1584.47,-1586.97,2.5,2.5,1
319,1,2021-01-13,,CASH_BALANCE_BREAK,-380.07,-1380.07,1000.0,1000.0,0
320,1,2021-02-05,,CASH_BALANCE_BREAK,-380.07,-1380.07,1000.0,1000.0,0
321,2,2021-02-25,,CASH_BALANCE_BREAK,-1588.82,-1591.32,2.5,2.5,1
322,6,2023-12-13,,CASH_BALANCE_BREAK,-79.65,-95.15,15.5,15.5,6
323,6,2023-09-11,,CASH_BALANCE_BREAK,-1465.26,-1480.76,15.5,15.5,6
324,1,2022-04-23,,CASH_BALANCE_BREAK,-994.68,-1994.68,1000.0,1000.0,0
325,5,2022-06-11,,CASH_BALANCE_BREAK,3501.34,3751.34,-250.0,250.0,4
326,6,2022-05-10,,CASH_BALANCE_BREAK,-1340.99,-1356.49,15.5,15.5,6
327,1,2022-06-20,,CASH_BALANCE_BREAK,-1284.32,-2284.32,1000.0,1000.0,0
328,5,2022-08-10,,CASH_BALANCE_BREAK,4451.23,4701.23,-250.0,250.0,4
329,6,2022-04-11,,CASH_BALANCE_BREAK,-2440.99,-2456.49,15.5,15.5,6
330,6,2023-01-12,,CASH_BALANCE_BREAK,-1722.08,-1737.58,15.5,15.5,6
331,1,2023-02-16,,CASH_BALANCE_BREAK,-1261.89,-2261.89,1000.0,1000.0,0
332,5,2022-11-08,,CASH_BALANCE_BREAK,4230.23,4480.23,-250.0,250.0,4
333,1,2022-05-11,,CASH_BALANCE_BREAK,-1045.54,-2045.54,1000.0,1000.0,0
334,5,2022-05-13,,CASH_BALANCE_BREAK,3201.34,3451.34,-250.0,250.0,4
335,6,2022-05-13,,CASH_BALANCE_BREAK,-1340.99,-1356.49,15.5,15.5,6
336,6,2022-10-11,,CASH_BALANCE_BREAK,-1500.64,-1516.14,15.5,15.5,6
337,1,2021-08-08,,CASH_BALANCE_BREAK,-684.54,-1684.54,1000.0,1000.0,0
338,5,2021-11-16,,CASH_BALANCE_BREAK,768.52,1018.52,-250.0,250.0,4
339,5,2022-08-16,,CASH_BALANCE_BREAK,4456.74,4706.74,-250.0,250.0,4
340,6,2022-10-13,,CASH_BALANCE_BREAK,-1500.64,-1516.14,15.5,15.5,6
341,5,2023-01-22,,CASH_BALANCE_BREAK,5572.82,5822.82,-250.0,250.0,4
342,6,2022-06-30,,CASH_BALANCE_BREAK,-1598.51,-1614.01,15.5,15.5,6
343,5,2022-06-16,,CASH_BALANCE_BREAK,3501.34,3751.34,-250.0,250.0,4
344,5,2023-06-21,,CASH_BALANCE_BREAK,6439.8,6689.8,-250.0,250.0,4
345,2,2023-06-23,,CASH_BALANCE_BREAK,-437.34,-439.84,2.5,2.5,1
346,5,2023-06-30,,CASH_BALANCE_BREAK,6202.36,6452.36,-250.0,250.0,4
347,5,2023-03-15,,CASH_BALANCE_BREAK,5626.14,5876.14,-250.0,250.0,4
348,2,2021-11-05,,CASH_BALANCE_BREAK,-1341.01,-1343.51,2.5,2.5,1
349,5,2021-11-05,,CASH_BALANCE_BREAK,768.52,1018.52,-250.0,250.0,4
350,6,2022-09-22,,CASH_BALANCE_BREAK,-1481.71,-1497.21,15.5,15.5,6
351,1,2022-12-04,,CASH_BALANCE_BREAK,-1255.61,-2255.61,1000.0,1000.0,0
352,5,2022-10-18,,CASH_BALANCE_BREAK,4341.62,4591.62,-250.0,250.0,4
353,6,2022-10-19,,CASH_BALANCE_BREAK,-1500.64,-1516.14,15.5,15.5,6
354,2,2022-08-07,,CASH_BALANCE_BREAK,-783.61,-786.11,2.5,2.5,1
355,1,2023-03-04,,CASH_BALANCE_BREAK,-1261.89,-2261.89,1000.0,1000.0,0
356,1,2022-09-20,,CASH_BALANCE_BREAK,-1365.4,-2365.4,1000.0,1000.0,0
357,1,2022-09-04,,CASH_BALANCE_BREAK,-1283.39,-2283.39,1000.0,1000.0,0
358,6,2022-09-04,,CASH_BALANCE_BREAK,-1581.71,-1597.21,15.5,15.5,6
359,5,2022-01-16,,CASH_BALANCE_BREAK,1374.55,1624.55,-250.0,250.0,4
360,6,2022-01-16,,CASH_BALANCE_BREAK,-672.7,-688.2,15.5,15.5,6
361,5,2023-02-20,,CASH_BALANCE_BREAK,5626.14,5876.14,-250.0,250.0,4
362,6,2023-02-20,,CASH_BALANCE_BREAK,-1823.87,-1839.37,15.5,15.5,6
363,1,2022-08-06,,CASH_BALANCE_BREAK,-1283.39,-2283.39,1000.0,1000.0,0
364,6,2022-08-06,,CASH_BALANCE_BREAK,-1584.25,-1599.75,15.5,15.5,6
365,6,2022-02-20,,CASH_BALANCE_BREAK,-635.5,-651.0,15.5,15.5,6
366,5,2022-03-29,,CASH_BALANCE_BREAK,1380.44,1630.44,-250.0,250.0,4
367,6,2022-04-08,,CASH_BALANCE_BREAK,-629.61,-645.11,15.5,15.5,6
368,2,2022-08-09,,CASH_BALANCE_BREAK,-783.61,-786.11,2.5,2.5,1
369,1,2021-06-24,,CASH_BALANCE_BREAK,-565.72,-1565.72,1000.0,1000.0,0
370,2,2021-04-25,,CASH_BALANCE_BREAK,-1272.68,-1275.18,2.5,2.5,1
371,1,2021-08-22,,CASH_BALANCE_BREAK,-680.19,-1680.19,1000.0,1000.0,0
372,2,2021-10-14,,CASH_BALANCE_BREAK,-1358.34,-1360.84,2.5,2.5,1
373,2,2021-10-30,,CASH_BALANCE_BREAK,-1341.01,-1343.51,2.5,2.5,1
374,1,2021-07-10,,CASH_BALANCE_BREAK,-592.19,-1592.19,1000.0,1000.0,0
375,5,2021-11-26,,CASH_BALANCE_BREAK,1168.52,1418.52,-250.0,250.0,4
376,2,2021-10-04,,CASH_BALANCE_BREAK,-1358.34,-1360.84,2.5,2.5,1
377,5,2021-12-05,,CASH_BALANCE_BREAK,1168.52,1418.52,-250.0,250.0,4
378,2,2021-12-06,,CASH_BALANCE_BREAK,-1337.29,-1339.79,2.5,2.5,1
379,2,2022-01-25,,CASH_BALANCE_BREAK,-1328.37,-1330.87,2.5,2.5,1
380,1,2022-01-28,,CASH_BALANCE_BREAK,-1051.39,-2051.39,1000.0,1000.0,0
381,2,2022-01-28,,CASH_BALANCE_BREAK,-1328.37,-1330.87,2.5,2.5,1
382,1,2021-09-23,,CASH_BALANCE_BREAK,-933.76,-1933.76,1000.0,1000.0,0
383,5,2021-11-21,,CASH_BALANCE_BREAK,1168.52,1418.52,-250.0,250.0,4
384,6,2022-04-13,,CASH_BALANCE_BREAK,-2440.99,-2456.49,15.5,15.5,6
385,1,2021-05-29,,CASH_BALANCE_BREAK,-565.72,-1565.72,1000.0,1000.0,0
386,2,2021-05-29,,CASH_BALANCE_BREAK,-1253.05,-1255.55,2.5,2.5,1
387,1,2022-07-27,,CASH_BALANCE_BREAK,-1366.11,-2366.11,1000.0,1000.0,0
388,6,2022-03-15,,CASH_BALANCE_BREAK,-635.26,-650.76,15.5,15.5,6
389,6,2022-08-14,,CASH_BALANCE_BREAK,-1584.25,-1599.75,15.5,15.5,6
390,1,2022-05-22,,CASH_BALANCE_BREAK,-1284.32,-2284.32,1000.0,1000.0,0
391,5,2022-03-18,,CASH_BALANCE_BREAK,1380.44,1630.44,-250.0,250.0,4
392,6,2023-01-14,,CASH_BALANCE_BREAK,-1722.08,-1737.58,15.5,15.5,6
393,2,2023-01-15,,CASH_BALANCE_BREAK,-936.56,-939.06,2.5,2.5,1
394,5,2022-05-04,,CASH_BALANCE_BREAK,3201.34,3451.34,-250.0,250.0,4
395,2,2023-01-26,,CASH_BALANCE_BREAK,-936.56,-939.06,2.5,2.5,1
396,5,2022-12-31,,CASH_BALANCE_BREAK,5564.78,5814.78,-250.0,250.0,4
397,5,2022-06-21,,CASH_BALANCE_BREAK,3501.34,3751.34,-250.0,250.0,4
398,6,2022-12-27,,CASH_BALANCE_BREAK,-1739.01,-1754.51,15.5,15.5,6
399,5,2022-08-02,,CASH_BALANCE_BREAK,4451.23,4701.23,-250.0,250.0,4
400,6,2023-03-24,,CASH_BALANCE_BREAK,-1810.04,-1825.54,15.5,15.5,6
401,5,2023-03-23,,CASH_BALANCE_BREAK,5646.75,5896.75,-250.0,250.0,4
402,6,2023-02-02,,CASH_BALANCE_BREAK,-1715.32,-1730.82,15.5,15.5,6
403,6,2022-09-25,,CASH_BALANCE_BREAK,-1481.71,-1497.21,15.5,15.5,6
404,1,2022-11-10,,CASH_BALANCE_BREAK,-1283.85,-2283.85,1000.0,1000.0,0
405,2,2022-06-20,,CASH_BALANCE_BREAK,-520.25,-522.75,2.5,2.5,1
406,5,2022-08-08,,CASH_BALANCE_BREAK,4451.23,4701.23,-250.0,250.0,4
407,1,2021-07-13,,CASH_BALANCE_BREAK,-592.19,-1592.19,1000.0,1000.0,0
408,1,2023-01-12,,CASH_BALANCE_BREAK,-1229.65,-2229.65,1000.0,1000.0,0
409,2,2023-02-16,,CASH_BALANCE_BREAK,-820.18,-822.68,2.5,2.5,1
410,2,2022-11-08,,CASH_BALANCE_BREAK,-878.48,-880.98,2.5,2.5,1
411,1,2021-09-28,,CASH_BALANCE_BREAK,-933.76,-1933.76,1000.0,1000.0,0
412,6,2022-08-16,,CASH_BALANCE_BREAK,-1581.71,-1597.21,15.5,15.5,6
413,1,2021-04-14,,CASH_BALANCE_BREAK,-735.94,-1735.94,1000.0,1000.0,0
414,5,2022-03-31,,CASH_BALANCE_BREAK,1380.44,1630.44,-250.0,250.0,4
415,6,2022-03-31,,CASH_BALANCE_BREAK,-635.26,-650.76,15.5,15.5,6
416,1,2022-07-14,,CASH_BALANCE_BREAK,-1381.37,-2381.37,1000.0,1000.0,0
417,5,2022-05-12,,CASH_BALANCE_BREAK,3201.34,3451.34,-250.0,250.0,4
418,1,2022-06-30,,CASH_BALANCE_BREAK,-1381.37,-2381.37,1000.0,1000.0,0
419,5,2023-06-22,,CASH_BALANCE_BREAK,6439.8,6689.8,-250.0,250.0,4
420,6,2023-06-22,,CASH_BALANCE_BREAK,-1121.48,-1136.98,15.5,15.5,6
421,2,2022-09-23,,CASH_BALANCE_BREAK,-890.06,-892.56,2.5,2.5,1
422,2,2022-09-24,,CASH_BALANCE_BREAK,-890.06,-892.56,2.5,2.5,1
423,6,2022-07-15,,CASH_BALANCE_BREAK,-1598.51,-1614.01,15.5,15.5,6
424,5,2022-10-21,,CASH_BALANCE_BREAK,4341.62,4591.62,-250.0,250.0,4
425,2,2023-01-13,,CASH_BALANCE_BREAK,-936.56,-939.06,2.5,2.5,1
426,5,2023-02-15,,CASH_BALANCE_BREAK,5610.48,5860.48,-250.0,250.0,4
427,2,2023-03-28,,CASH_BALANCE_BREAK,-809.33,-811.83,2.5,2.5,1
428,2,2022-04-09,,CASH_BALANCE_BREAK,-1362.36,-1364.86,2.5,2.5,1
429,1,2021-06-11,,CASH_BALANCE_BREAK,-565.72,-1565.72,1000.0,1000.0,0
430,1,2022-08-09,,CASH_BALANCE_BREAK,-1283.39,-2283.39,1000.0,1000.0,0
431,1,2022-03-03,,CASH_BALANCE_BREAK,-1016.87,-2016.87,1000.0,1000.0,0
432,2,2022-02-21,,CASH_BALANCE_BREAK,-1379.51,-1382.01,2.5,2.5,1
433,6,2022-04-19,,CASH_BALANCE_BREAK,-2440.99,-2456.49,15.5,15.5,6
434,1,2021-12-06,,CASH_BALANCE_BREAK,-1047.58,-2047.58,1000.0,1000.0,0
435,1,2021-12-08,,CASH_BALANCE_BREAK,-1047.58,-2047.58,1000.0,1000.0,0
436,2,2021-11-07,,CASH_BALANCE_BREAK,-1341.01,-1343.51,2.5,2.5,1
437,2,2021-03-27,,CASH_BALANCE_BREAK,-1584.47,-1586.97,2.5,2.5,1
438,5,2021-10-26,,CASH_BALANCE_BREAK,762.96,1012.96,-250.0,250.0,4
439,1,2022-03-19,,CASH_BALANCE_BREAK,-1016.87,-2016.87,1000.0,1000.0,0
440,2,2021-08-20,,CASH_BALANCE_BREAK,-1251.53,-1254.03,2.5,2.5,1
441,5,2021-08-20,,CASH_BALANCE_BREAK,260.88,510.88,-250.0,250.0,4
442,1,2021-07-19,,CASH_BALANCE_BREAK,-592.19,-1592.19,1000.0,1000.0,0
443,1,2021-07-29,,CASH_BALANCE_BREAK,-684.54,-1684.54,1000.0,1000.0,0
444,2,2021-11-04,,CASH_BALANCE_BREAK,-1341.01,-1343.51,2.5,2.5,1
445,2,2021-05-13,,CASH_BALANCE_BREAK,-1271.28,-1273.78,2.5,2.5,1
446,2,2021-03-30,,CASH_BALANCE_BREAK,-1584.47,-1586.97,2.5,2.5,1
447,2,2021-06-04,,CASH_BALANCE_BREAK,-1253.05,-1255.55,2.5,2.5,1
448,1,2021-11-25,,CASH_BALANCE_BREAK,-1047.58,-2047.58,1000.0,1000.0,0
449,2,2021-11-20,,CASH_BALANCE_BREAK,-1337.29,-1339.79,2.5,2.5,1
450,1,2022-06-07,,CASH_BALANCE_BREAK,-1284.32,-2284.32,1000.0,1000.0,0
451,2,2022-06-07,,CASH_BALANCE_BREAK,-520.25,-522.75,2.5,2.5,1
452,1,2023-01-02,,CASH_BALANCE_BREAK,-1229.65,-2229.65,1000.0,1000.0,0
453,2,2022-05-22,,CASH_BALANCE_BREAK,-520.25,-522.75,2.5,2.5,1
454,5,2021-10-29,,CASH_BALANCE_BREAK,768.52,1018.52,-250.0,250.0,4
455,1,2021-04-27,,CASH_BALANCE_BREAK,-1005.94,-2005.94,1000.0,1000.0,0
456,5,2022-08-18,,CASH_BALANCE_BREAK,4456.74,4706.74,-250.0,250.0,4
457,5,2022-09-17,,CASH_BALANCE_BREAK,4464.85,4714.85,-250.0,250.0,4
458,1,2021-05-11,,CASH_BALANCE_BREAK,-405.94,-1405.94,1000.0,1000.0,0
459,2,2021-05-11,,CASH_BALANCE_BREAK,-1271.28,-1273.78,2.5,2.5,1
460,5,2021-09-03,,CASH_BALANCE_BREAK,262.96,512.96,-250.0,250.0,4
461,5,2023-01-29,,CASH_BALANCE_BREAK,5572.82,5822.82,-250.0,250.0,4
462,5,2022-03-10,,CASH_BALANCE_BREAK,1380.44,1630.44,-250.0,250.0,4
463,1,2023-01-26,,CASH_BALANCE_BREAK,-1229.65,-2229.65,1000.0,1000.0,0
464,2,2022-12-31,,CASH_BALANCE_BREAK,-936.87,-939.37,2.5,2.5,1
465,5,2021-12-04,,CASH_BALANCE_BREAK,1168.52,1418.52,-250.0,250.0,4
466,1,2023-02-26,,CASH_BALANCE_BREAK,-1261.89,-2261.89,1000.0,1000.0,0
467,5,2022-12-21,,CASH_BALANCE_BREAK,5564.78,5814.78,-250.0,250.0,4
468,2,2023-02-24,,CASH_BALANCE_BREAK,-820.18,-822.68,2.5,2.5,1
469,5,2022-11-03,,CASH_BALANCE_BREAK,4230.23,4480.23,-250.0,250.0,4
470,6,2022-06-05,,CASH_BALANCE_BREAK,-1437.52,-1453.02,15.5,15.5,6
471,2,2021-07-03,,CASH_BALANCE_BREAK,-1266.11,-1268.61,2.5,2.5,1
472,5,2022-12-23,,CASH_BALANCE_BREAK,5564.78,5814.78,-250.0,250.0,4
473,6,2022-12-24,,CASH_BALANCE_BREAK,-1739.01,-1754.51,15.5,15.5,6
474,5,2022-11-22,,CASH_BALANCE_BREAK,4230.23,4480.23,-250.0,250.0,4
475,1,2023-01-04,,CASH_BALANCE_BREAK,-1229.65,-2229.65,1000.0,1000.0,0
476,6,2023-05-19,,CASH_BALANCE_BREAK,-783.59,-799.09,15.5,15.5,6
477,1,2023-05-20,,CASH_BALANCE_BREAK,-2791.98,-3791.98,1000.0,1000.0,0
478,2,2023-05-20,,CASH_BALANCE_BREAK,-188.49,-190.99,2.5,2.5,1
479,6,2023-03-16,,CASH_BALANCE_BREAK,-1810.04,-1825.54,15.5,15.5,6
480,1,2022-04-28,,CASH_BALANCE_BREAK,-1045.54,-2045.54,1000.0,1000.0,0
481,1,2022-11-07,,CASH_BALANCE_BREAK,-1283.85,-2283.85,1000.0,1000.0,0
482,2,2021-02-15,,CASH_BALANCE_BREAK,839.5,837.0,2.5,2.5,1
483,1,2021-01-14,,CASH_BALANCE_BREAK,-380.07,-1380.07,1000.0,1000.0,0
484,1,2021-03-03,,CASH_BALANCE_BREAK,-919.27,-1919.27,1000.0,1000.0,0
485,1,2021-10-14,,CASH_BALANCE_BREAK,-927.71,-1927.71,1000.0,1000.0,0
486,1,2021-03-14,,CASH_BALANCE_BREAK,-919.27,-1919.27,1000.0,1000.0,0
487,1,2022-03-04,,CASH_BALANCE_BREAK,-1016.87,-2016.87,1000.0,1000.0,0
488,1,2022-06-11,,CASH_BALANCE_BREAK,-1284.32,-2284.32,1000.0,1000.0,0
489,2,2021-09-01,,CASH_BALANCE_BREAK,-1377.17,-1379.67,2.5,2.5,1
490,1,2022-08-10,,CASH_BALANCE_BREAK,-1283.39,-2283.39,1000.0,1000.0,0
491,6,2022-08-10,,CASH_BALANCE_BREAK,-1584.25,-1599.75,15.5,15.5,6
492,5,2021-11-14,,CASH_BALANCE_BREAK,768.52,1018.52,-250.0,250.0,4
493,5,2021-10-09,,CASH_BALANCE_BREAK,762.96,1012.96,-250.0,250.0,4
494,2,2023-01-12,,CASH_BALANCE_BREAK,-936.56,-939.06,2.5,2.5,1
495,1,2022-11-08,,CASH_BALANCE_BREAK,-1283.85,-2283.85,1000.0,1000.0,0
496,6,2022-11-08,,CASH_BALANCE_BREAK,-1484.66,-1500.16,15.5,15.5,6
497,1,2021-11-19,,CASH_BALANCE_BREAK,-1047.58,-2047.58,1000.0,1000.0,0
498,2,2021-11-19,,CASH_BALANCE_BREAK,-1337.29,-1339.79,2.5,2.5,1
499,1,2021-07-17,,CASH_BALANCE_BREAK,-592.19,-1592.19,1000.0,1000.0,0
500,6,2022-05-11,,CASH_BALANCE_BREAK,-1340.99,-1356.49,15.5,15.5,6
501,2,2022-10-11,,CASH_BALANCE_BREAK,-884.91,-887.41,2.5,2.5,1
502,2,2022-05-08,,CASH_BALANCE_BREAK,-267.88,-270.38,2.5,2.5,1
503,5,2022-05-08,,CASH_BALANCE_BREAK,3201.34,3451.34,-250.0,250.0,4
504,1,2022-05-20,,CASH_BALANCE_BREAK,-1284.32,-2284.32,1000.0,1000.0,0
505,1,2023-01-22,,CASH_BALANCE_BREAK,-1229.65,-2229.65,1000.0,1000.0,0
506,6,2022-03-22,,CASH_BALANCE_BREAK,-635.26,-650.76,15.5,15.5,6
507,1,2023-06-21,,CASH_BALANCE_BREAK,-2796.17,-3796.17,1000.0,1000.0,0
508,6,2023-06-21,,CASH_BALANCE_BREAK,-1121.48,-1136.98,15.5,15.5,6
509,2,2023-06-22,,CASH_BALANCE_BREAK,-437.34,-439.84,2.5,2.5,1
510,6,2023-03-15,,CASH_BALANCE_BREAK,-1823.87,-1839.37,15.5,15.5,6
511,2,2022-07-15,,CASH_BALANCE_BREAK,-615.08,-617.58,2.5,2.5,1
512,5,2022-12-04,,CASH_BALANCE_BREAK,4230.23,4480.23,-250.0,250.0,4
513,6,2022-12-04,,CASH_BALANCE_BREAK,-1484.66,-1500.16,15.5,15.5,6
514,1,2022-10-19,,CASH_BALANCE_BREAK,-1358.81,-2358.81,1000.0,1000.0,0
515,5,2022-01-28,,CASH_BALANCE_BREAK,1374.55,1624.55,-250.0,250.0,4
516,1,2021-10-18,,CASH_BALANCE_BREAK,-927.71,-1927.71,1000.0,1000.0,0
517,2,2022-01-27,,CASH_BALANCE_BREAK,-1328.37,-1330.87,2.5,2.5,1
518,1,2022-02-12,,CASH_BALANCE_BREAK,-1022.78,-2022.78,1000.0,1000.0,0
519,2,2022-02-12,,CASH_BALANCE_BREAK,-1379.51,-1382.01,2.5,2.5,1
520,2,2021-10-26,,CASH_BALANCE_BREAK,-1358.34,-1360.84,2.5,2.5,1
521,1,2022-03-26,,CASH_BALANCE_BREAK,-1016.87,-2016.87,1000.0,1000.0,0
522,1,2021-08-20,,CASH_BALANCE_BREAK,-680.19,-1680.19,1000.0,1000.0,0
523,2,2021-10-02,,CASH_BALANCE_BREAK,-1358.34,-1360.84,2.5,2.5,1
524,2,2021-11-21,,CASH_BALANCE_BREAK,-1337.29,-1339.79,2.5,2.5,1
525,2,2021-12-23,,CASH_BALANCE_BREAK,-1333.6,-1336.1,2.5,2.5,1
526,6,2022-08-07,,CASH_BALANCE_BREAK,-1584.25,-1599.75,15.5,15.5,6
527,1,2022-09-27,,CASH_BALANCE_BREAK,-1365.4,-2365.4,1000.0,1000.0,0
528,5,2022-09-20,,CASH_BALANCE_BREAK,4464.85,4714.85,-250.0,250.0,4
529,2,2022-10-21,,CASH_BALANCE_BREAK,-884.91,-887.41,2.5,2.5,1
530,1,2022-04-24,,CASH_BALANCE_BREAK,-994.68,-1994.68,1000.0,1000.0,0
531,6,2023-02-22,,CASH_BALANCE_BREAK,-1823.87,-1839.37,15.5,15.5,6
532,5,2023-05-22,,CASH_BALANCE_BREAK,6491.22,6741.22,-250.0,250.0,4
533,2,2023-02-15,,CASH_BALANCE_BREAK,-843.15,-845.65,2.5,2.5,1
534,5,2023-03-28,,CASH_BALANCE_BREAK,5646.75,5896.75,-250.0,250.0,4
535,2,2022-03-29,,CASH_BALANCE_BREAK,-1369.24,-1371.74,2.5,2.5,1
536,2,2021-04-02,,CASH_BALANCE_BREAK,-1584.47,-1586.97,2.5,2.5,1
537,5,2022-04-09,,CASH_BALANCE_BREAK,1389.5,1639.5,-250.0,250.0,4
538,2,2021-06-11,,CASH_BALANCE_BREAK,-1253.05,-1255.55,2.5,2.5,1
539,5,2022-10-06,,CASH_BALANCE_BREAK,4341.62,4591.62,-250.0,250.0,4
540,1,2022-04-19,,CASH_BALANCE_BREAK,-994.68,-1994.68,1000.0,1000.0,0
541,1,2022-11-03,,CASH_BALANCE_BREAK,-1283.85,-2283.85,1000.0,1000.0,0
542,1,2021-01-07,,CASH_BALANCE_BREAK,-380.07,-1380.07,1000.0,1000.0,0
543,1,2021-01-15,,CASH_BALANCE_BREAK,-380.07,-1380.07,1000.0,1000.0,0
544,1,2022-03-05,,CASH_BALANCE_BREAK,-1016.87,-2016.87,1000.0,1000.0,0
545,2,2021-08-18,,CASH_BALANCE_BREAK,-1251.53,-1254.03,2.5,2.5,1
546,5,2022-06-07,,CASH_BALANCE_BREAK,3501.34,3751.34,-250.0,250.0,4
547,5,2022-06-23,,CASH_BALANCE_BREAK,3501.34,3751.34,-250.0,250.0,4
548,5,2022-08-14,,CASH_BALANCE_BREAK,4451.23,4701.23,-250.0,250.0,4
549,5,2022-05-21,,CASH_BALANCE_BREAK,3501.34,3751.34,-250.0,250.0,4
550,6,2022-05-16,,CASH_BALANCE_BREAK,-1340.99,-1356.49,15.5,15.5,6
551,5,2022-03-17,,CASH_BALANCE_BREAK,1380.44,1630.44,-250.0,250.0,4
552,1,2022-06-26,,CASH_BALANCE_BREAK,-1381.37,-2381.37,1000.0,1000.0,0
553,5,2021-10-19,,CASH_BALANCE_BREAK,762.96,1012.96,-250.0,250.0,4
554,2,2021-10-21,,CASH_BALANCE_BREAK,-1358.34,-1360.84,2.5,2.5,1
555,5,2021-12-29,,CASH_BALANCE_BREAK,1868.52,2118.52,-250.0,250.0,4
556,1,2022-04-08,,CASH_BALANCE_BREAK,-1012.66,-2012.66,1000.0,1000.0,0
557,5,2021-09-15,,CASH_BALANCE_BREAK,262.96,512.96,-250.0,250.0,4
558,2,2021-07-10,,CASH_BALANCE_BREAK,-1266.11,-1268.61,2.5,2.5,1
559,2,2021-04-13,,CASH_BALANCE_BREAK,-1790.68,-1793.18,2.5,2.5,1
560,1,2021-02-27,,CASH_BALANCE_BREAK,-919.27,-1919.27,1000.0,1000.0,0
561,1,2021-10-05,,CASH_BALANCE_BREAK,-927.71,-1927.71,1000.0,1000.0,0
562,2,2021-09-03,,CASH_BALANCE_BREAK,-1377.17,-1379.67,2.5,2.5,1
563,1,2022-03-10,,CASH_BALANCE_BREAK,-1016.87,-2016.87,1000.0,1000.0,0
564,2,2022-03-10,,CASH_BALANCE_BREAK,-1369.24,-1371.74,2.5,2.5,1
565,5,2022-11-15,,CASH_BALANCE_BREAK,4230.23,4480.23,-250.0,250.0,4
566,5,2022-12-27,,CASH_BALANCE_BREAK,5564.78,5814.78,-250.0,250.0,4
567,6,2023-05-02,,CASH_BALANCE_BREAK,-783.59,-799.09,15.5,15.5,6
568,5,2022-11-11,,CASH_BALANCE_BREAK,4230.23,4480.23,-250.0,250.0,4
569,2,2021-11-28,,CASH_BALANCE_BREAK,-1337.29,-1339.79,2.5,2.5,1
570,2,2022-09-21,,CASH_BALANCE_BREAK,-890.06,-892.56,2.5,2.5,1
571,1,2022-10-06,,CASH_BALANCE_BREAK,-1358.81,-2358.81,1000.0,1000.0,0
572,5,2022-04-19,,CASH_BALANCE_BREAK,3198.78,3448.78,-250.0,250.0,4
573,2,2021-08-17,,CASH_BALANCE_BREAK,-1251.53,-1254.03,2.5,2.5,1
574,2,2022-04-17,,CASH_BALANCE_BREAK,-290.33,-292.83,2.5,2.5,1
575,2,2022-07-25,,CASH_BALANCE_BREAK,-699.26,-701.76,2.5,2.5,1
576,1,2021-01-22,,CASH_BALANCE_BREAK,-380.07,-1380.07,1000.0,1000.0,0
577,1,2021-07-03,,CASH_BALANCE_BREAK,-592.19,-1592.19,1000.0,1000.0,0
578,6,2023-04-22,,CASH_BALANCE_BREAK,-650.73,-666.23,15.5,15.5,6
579,6,2022-03-16,,CASH_BALANCE_BREAK,-635.26,-650.76,15.5,15.5,6
580,1,2022-06-25,,CASH_BALANCE_BREAK,-1381.37,-2381.37,1000.0,1000.0,0
581,5,2021-10-05,,CASH_BALANCE_BREAK,762.96,1012.96,-250.0,250.0,4
582,1,2021-10-06,,CASH_BALANCE_BREAK,-927.71,-1927.71,1000.0,1000.0,0
583,2,2021-12-19,,CASH_BALANCE_BREAK,-1337.29,-1339.79,2.5,2.5,1
584,1,2021-12-11,,CASH_BALANCE_BREAK,-1047.58,-2047.58,1000.0,1000.0,0
585,2,2021-12-11,,CASH_BALANCE_BREAK,-1337.29,-1339.79,2.5,2.5,1
586,1,2021-11-12,,CASH_BALANCE_BREAK,-1058.56,-2058.56,1000.0,1000.0,0
587,5,2021-09-27,,CASH_BALANCE_BREAK,262.96,512.96,-250.0,250.0,4
588,1,2021-02-12,,CASH_BALANCE_BREAK,-230.07,-1230.07,1000.0,1000.0,0
589,1,2021-04-01,,CASH_BALANCE_BREAK,-918.03,-1918.03,1000.0,1000.0,0
590,1,2022-09-12,,CASH_BALANCE_BREAK,-1283.39,-2283.39,1000.0,1000.0,0
591,1,2023-08-17,,CASH_BALANCE_BREAK,-851.26,-1851.26,1000.0,1000.0,0
592,6,2023-08-17,,CASH_BALANCE_BREAK,-1169.65,-1185.15,15.5,15.5,6
593,2,2023-07-14,,CASH_BALANCE_BREAK,-742.39,-744.89,2.5,2.5,1
594,1,2023-08-12,,CASH_BALANCE_BREAK,-859.19,-1859.19,1000.0,1000.0,0
595,5,2023-08-24,,CASH_BALANCE_BREAK,6344.12,6594.12,-250.0,250.0,4
596,1,2023-10-09,,CASH_BALANCE_BREAK,-1250.53,-2250.53,1000.0,1000.0,0
597,2,2023-10-23,,CASH_BALANCE_BREAK,-40.89,-43.39,2.5,2.5,1
598,6,2023-10-01,,CASH_BALANCE_BREAK,-563.01,-578.51,15.5,15.5,6
599,6,2023-12-06,,CASH_BALANCE_BREAK,-79.65,-95.15,15.5,15.5,6
600,2,2023-07-20,,CASH_BALANCE_BREAK,-542.39,-544.89,2.5,2.5,1
601,5,2023-07-31,,CASH_BALANCE_BREAK,6022.59,6272.59,-250.0,250.0,4
602,1,2023-09-16,,CASH_BALANCE_BREAK,-1062.8,-2062.8,1000.0,1000.0,0
603,2,2022-12-09,,CASH_BALANCE_BREAK,-936.87,-939.37,2.5,2.5,1
604,2,2021-08-25,,CASH_BALANCE_BREAK,-1251.53,-1254.03,2.5,2.5,1
605,2,2021-09-10,,CASH_BALANCE_BREAK,-1377.17,-1379.67,2.5,2.5,1
606,6,2023-03-03,,CASH_BALANCE_BREAK,-1823.87,-1839.37,15.5,15.5,6
607,6,2022-11-30,,CASH_BALANCE_BREAK,-1484.66,-1500.16,15.5,15.5,6
608,2,2022-01-20,,CASH_BALANCE_BREAK,-1328.37,-1330.87,2.5,2.5,1
609,1,2023-02-13,,CASH_BALANCE_BREAK,-1267.32,-2267.32,1000.0,1000.0,0
610,5,2022-08-26,,CASH_BALANCE_BREAK,4456.74,4706.74,-250.0,250.0,4
611,6,2022-08-26,,CASH_BALANCE_BREAK,-1581.71,-1597.21,15.5,15.5,6
612,2,2022-11-26,,CASH_BALANCE_BREAK,-878.48,-880.98,2.5,2.5,1
613,2,2022-03-12,,CASH_BALANCE_BREAK,-1369.24,-1371.74,2.5,2.5,1
614,2,2022-06-18,,CASH_BALANCE_BREAK,-520.25,-522.75,2.5,2.5,1
615,5,2022-06-18,,CASH_BALANCE_BREAK,3501.34,3751.34,-250.0,250.0,4
616,5,2022-05-31,,CASH_BALANCE_BREAK,3501.34,3751.34,-250.0,250.0,4
617,1,2022-10-25,,CASH_BALANCE_BREAK,-1358.81,-2358.81,1000.0,1000.0,0
618,2,2022-10-25,,CASH_BALANCE_BREAK,-884.91,-887.41,2.5,2.5,1
619,1,2022-01-15,,CASH_BALANCE_BREAK,-1051.39,-2051.39,1000.0,1000.0,0
620,1,2021-06-06,,CASH_BALANCE_BREAK,-565.72,-1565.72,1000.0,1000.0,0
621,2,2021-06-06,,CASH_BALANCE_BREAK,-1253.05,-1255.55,2.5,2.5,1
622,1,2021-11-02,,CASH_BALANCE_BREAK,-1058.56,-2058.56,1000.0,1000.0,0
623,1,2022-02-28,,CASH_BALANCE_BREAK,-1022.78,-2022.78,1000.0,1000.0,0
624,1,2022-04-20,,CASH_BALANCE_BREAK,-994.68,-1994.68,1000.0,1000.0,0
625,6,2022-04-21,,CASH_BALANCE_BREAK,-2440.99,-2456.49,15.5,15.5,6
626,2,2021-09-20,,CASH_BALANCE_BREAK,-1377.17,-1379.67,2.5,2.5,1
627,1,2021-04-22,,CASH_BALANCE_BREAK,-1005.94,-2005.94,1000.0,1000.0,0
628,1,2022-03-30,,CASH_BALANCE_BREAK,-1016.87,-2016.87,1000.0,1000.0,0
629,2,2022-03-20,,CASH_BALANCE_BREAK,-1369.24,-1371.74,2.5,2.5,1
630,5,2022-03-20,,CASH_BALANCE_BREAK,1380.44,1630.44,-250.0,250.0,4
631,2,2022-03-09,,CASH_BALANCE_BREAK,-1369.24,-1371.74,2.5,2.5,1
632,1,2021-10-03,,CASH_BALANCE_BREAK,-927.71,-1927.71,1000.0,1000.0,0
633,6,2022-04-14,,CASH_BALANCE_BREAK,-2440.99,-2456.49,15.5,15.5,6
634,6,2022-04-29,,CASH_BALANCE_BREAK,-1340.99,-1356.49,15.5,15.5,6
635,2,2021-08-27,,CASH_BALANCE_BREAK,-1251.53,-1254.03,2.5,2.5,1
636,1,2021-06-01,,CASH_BALANCE_BREAK,-565.72,-1565.72,1000.0,1000.0,0
637,2,2021-06-01,,CASH_BALANCE_BREAK,-1253.05,-1255.55,2.5,2.5,1
638,6,2022-02-06,,CASH_BALANCE_BREAK,-635.5,-651.0,15.5,15.5,6
639,2,2022-06-10,,CASH_BALANCE_BREAK,-520.25,-522.75,2.5,2.5,1
640,2,2022-02-16,,CASH_BALANCE_BREAK,-1379.51,-1382.01,2.5,2.5,1
641,6,2022-05-28,,CASH_BALANCE_BREAK,-1437.52,-1453.02,15.5,15.5,6
642,2,2022-04-04,,CASH_BALANCE_BREAK,-1362.36,-1364.86,2.5,2.5,1
643,1,2022-03-14,,CASH_BALANCE_BREAK,-1016.87,-2016.87,1000.0,1000.0,0
644,6,2022-06-22,,CASH_BALANCE_BREAK,-1437.52,-1453.02,15.5,15.5,6
645,6,2022-01-29,,CASH_BALANCE_BREAK,-672.7,-688.2,15.5,15.5,6
646,5,2022-06-19,,CASH_BALANCE_BREAK,3501.34,3751.34,-250.0,250.0,4
647,1,2022-12-19,,CASH_BALANCE_BREAK,-1255.61,-2255.61,1000.0,1000.0,0
648,6,2022-06-11,,CASH_BALANCE_BREAK,-1437.52,-1453.02,15.5,15.5,6
649,1,2022-07-29,,CASH_BALANCE_BREAK,-1366.11,-2366.11,1000.0,1000.0,0
650,5,2022-05-10,,CASH_BALANCE_BREAK,3201.34,3451.34,-250.0,250.0,4
651,2,2022-01-04,,CASH_BALANCE_BREAK,-1328.37,-1330.87,2.5,2.5,1
652,2,2021-10-09,,CASH_BALANCE_BREAK,-1358.34,-1360.84,2.5,2.5,1
653,1,2022-01-23,,CASH_BALANCE_BREAK,-1051.39,-2051.39,1000.0,1000.0,0
654,2,2022-01-23,,CASH_BALANCE_BREAK,-1328.37,-1330.87,2.5,2.5,1
655,2,2022-05-11,,CASH_BALANCE_BREAK,-267.88,-270.38,2.5,2.5,1
656,5,2021-10-20,,CASH_BALANCE_BREAK,762.96,1012.96,-250.0,250.0,4
657,6,2022-03-05,,CASH_BALANCE_BREAK,-635.26,-650.76,15.5,15.5,6
658,1,2021-11-09,,CASH_BALANCE_BREAK,-1058.56,-2058.56,1000.0,1000.0,0
659,5,2022-05-20,,CASH_BALANCE_BREAK,3501.34,3751.34,-250.0,250.0,4
660,6,2022-02-12,,CASH_BALANCE_BREAK,-635.5,-651.0,15.5,15.5,6
661,5,2022-10-13,,CASH_BALANCE_BREAK,4341.62,4591.62,-250.0,250.0,4
662,1,2023-05-03,,CASH_BALANCE_BREAK,-2791.98,-3791.98,1000.0,1000.0,0
663,2,2022-02-13,,CASH_BALANCE_BREAK,-1379.51,-1382.01,2.5,2.5,1
664,2,2022-12-02,,CASH_BALANCE_BREAK,-936.87,-939.37,2.5,2.5,1
665,6,2023-06-03,,CASH_BALANCE_BREAK,-1121.48,-1136.98,15.5,15.5,6
666,1,2023-06-13,,CASH_BALANCE_BREAK,-2796.17,-3796.17,1000.0,1000.0,0
667,2,2023-06-13,,CASH_BALANCE_BREAK,-437.34,-439.84,2.5,2.5,1
668,1,2022-03-22,,CASH_BALANCE_BREAK,-1016.87,-2016.87,1000.0,1000.0,0
669,2,2022-05-12,,CASH_BALANCE_BREAK,-267.88,-270.38,2.5,2.5,1
670,6,2023-06-30,,CASH_BALANCE_BREAK,-1113.4,-1128.9,15.5,15.5,6
671,6,2023-01-06,,CASH_BALANCE_BREAK,-1722.08,-1737.58,15.5,15.5,6
672,2,2023-03-15,,CASH_BALANCE_BREAK,-820.18,-822.68,2.5,2.5,1
673,2,2021-07-30,,CASH_BALANCE_BREAK,-1262.66,-1265.16,2.5,2.5,1
674,1,2022-08-04,,CASH_BALANCE_BREAK,-1366.11,-2366.11,1000.0,1000.0,0
675,5,2022-07-15,,CASH_BALANCE_BREAK,4501.34,4751.34,-250.0,250.0,4
676,2,2023-03-04,,CASH_BALANCE_BREAK,-820.18,-822.68,2.5,2.5,1
677,1,2023-01-13,,CASH_BALANCE_BREAK,-1229.65,-2229.65,1000.0,1000.0,0
678,5,2023-02-22,,CASH_BALANCE_BREAK,5626.14,5876.14,-250.0,250.0,4
679,1,2023-05-22,,CASH_BALANCE_BREAK,-2791.98,-3791.98,1000.0,1000.0,0
680,1,2021-08-04,,CASH_BALANCE_BREAK,-684.54,-1684.54,1000.0,1000.0,0
681,1,2021-04-03,,CASH_BALANCE_BREAK,-918.03,-1918.03,1000.0,1000.0,0
682,5,2022-04-08,,CASH_BALANCE_BREAK,1389.5,1639.5,-250.0,250.0,4
683,1,2022-04-09,,CASH_BALANCE_BREAK,-1012.66,-2012.66,1000.0,1000.0,0
684,2,2021-03-22,,CASH_BALANCE_BREAK,-1584.47,-1586.97,2.5,2.5,1
685,2,2021-05-21,,CASH_BALANCE_BREAK,-1271.28,-1273.78,2.5,2.5,1
686,6,2022-10-06,,CASH_BALANCE_BREAK,-1500.64,-1516.14,15.5,15.5,6
687,1,2022-01-25,,CASH_BALANCE_BREAK,-1051.39,-2051.39,1000.0,1000.0,0
688,1,2021-11-07,,CASH_BALANCE_BREAK,-1058.56,-2058.56,1000.0,1000.0,0
689,2,2021-12-25,,CASH_BALANCE_BREAK,-1333.6,-1336.1,2.5,2.5,1
690,1,2021-02-10,,CASH_BALANCE_BREAK,-380.07,-1380.07,1000.0,1000.0,0
691,5,2021-10-18,,CASH_BALANCE_BREAK,762.96,1012.96,-250.0,250.0,4
692,1,2021-03-27,,CASH_BALANCE_BREAK,-918.03,-1918.03,1000.0,1000.0,0
693,1,2022-02-07,,CASH_BALANCE_BREAK,-1022.78,-2022.78,1000.0,1000.0,0
694,6,2022-02-07,,CASH_BALANCE_BREAK,-635.5,-651.0,15.5,15.5,6
695,6,2022-03-26,,CASH_BALANCE_BREAK,-635.26,-650.76,15.5,15.5,6
696,2,2021-10-28,,CASH_BALANCE_BREAK,-1341.01,-1343.51,2.5,2.5,1
697,1,2022-02-05,,CASH_BALANCE_BREAK,-1022.78,-2022.78,1000.0,1000.0,0
698,2,2022-03-19,,CASH_BALANCE_BREAK,-1369.24,-1371.74,2.5,2.5,1
699,1,2022-02-23,,CASH_BALANCE_BREAK,-1022.78,-2022.78,1000.0,1000.0,0
700,5,2022-02-04,,CASH_BALANCE_BREAK,1376.68,1626.68,-250.0,250.0,4
701,1,2021-07-26,,CASH_BALANCE_BREAK,-684.54,-1684.54,1000.0,1000.0,0
702,2,2021-07-29,,CASH_BALANCE_BREAK,-1262.66,-1265.16,2.5,2.5,1
703,1,2021-04-25,,CASH_BALANCE_BREAK,-1005.94,-2005.94,1000.0,1000.0,0
704,2,2021-08-22,,CASH_BALANCE_BREAK,-1251.53,-1254.03,2.5,2.5,1
705,1,2021-03-29,,CASH_BALANCE_BREAK,-918.03,-1918.03,1000.0,1000.0,0
706,2,2021-03-29,,CASH_BALANCE_BREAK,-1584.47,-1586.97,2.5,2.5,1
707,2,2021-07-06,,CASH_BALANCE_BREAK,-1266.11,-1268.61,2.5,2.5,1
708,1,2021-06-04,,CASH_BALANCE_BREAK,-565.72,-1565.72,1000.0,1000.0,0
709,1,2021-11-20,,CASH_BALANCE_BREAK,-1047.58,-2047.58,1000.0,1000.0,0
710,5,2021-10-31,,CASH_BALANCE_BREAK,768.52,1018.52,-250.0,250.0,4
711,1,2022-12-06,,CASH_BALANCE_BREAK,-1255.61,-2255.61,1000.0,1000.0,0
712,5,2023-01-14,,CASH_BALANCE_BREAK,5572.82,5822.82,-250.0,250.0,4
713,1,2021-08-24,,CASH_BALANCE_BREAK,-680.19,-1680.19,1000.0,1000.0,0
714,2,2021-12-12,,CASH_BALANCE_BREAK,-1337.29,-1339.79,2.5,2.5,1
715,2,2022-05-04,,CASH_BALANCE_BREAK,-267.88,-270.38,2.5,2.5,1
716,2,2023-01-29,,CASH_BALANCE_BREAK,-936.56,-939.06,2.5,2.5,1
717,6,2022-03-08,,CASH_BALANCE_BREAK,-635.26,-650.76,15.5,15.5,6
718,6,2022-08-03,,CASH_BALANCE_BREAK,-1584.25,-1599.75,15.5,15.5,6
719,6,2022-08-05,,CASH_BALANCE_BREAK,-1584.25,-1599.75,15.5,15.5,6
720,2,2021-12-04,,CASH_BALANCE_BREAK,-1337.29,-1339.79,2.5,2.5,1
721,2,2022-11-15,,CASH_BALANCE_BREAK,-878.48,-880.98,2.5,2.5,1
722,2,2022-08-02,,CASH_BALANCE_BREAK,-699.26,-701.76,2.5,2.5,1
723,6,2022-11-04,,CASH_BALANCE_BREAK,-1484.66,-1500.16,15.5,15.5,6
724,1,2023-02-02,,CASH_BALANCE_BREAK,-1267.32,-2267.32,1000.0,1000.0,0
725,5,2023-05-02,,CASH_BALANCE_BREAK,6491.22,6741.22,-250.0,250.0,4
726,1,2021-09-30,,CASH_BALANCE_BREAK,-933.76,-1933.76,1000.0,1000.0,0
727,2,2021-07-21,,CASH_BALANCE_BREAK,-1266.11,-1268.61,2.5,2.5,1
728,2,2022-08-18,,CASH_BALANCE_BREAK,-783.61,-786.11,2.5,2.5,1
729,2,2023-02-26,,CASH_BALANCE_BREAK,-820.18,-822.68,2.5,2.5,1
730,1,2021-11-24,,CASH_BALANCE_BREAK,-1047.58,-2047.58,1000.0,1000.0,0
731,2,2021-11-24,,CASH_BALANCE_BREAK,-1337.29,-1339.79,2.5,2.5,1
732,5,2023-01-26,,CASH_BALANCE_BREAK,5572.82,5822.82,-250.0,250.0,4
733,5,2022-11-05,,CASH_BALANCE_BREAK,4230.23,4480.23,-250.0,250.0,4
734,2,2022-12-21,,CASH_BALANCE_BREAK,-936.87,-939.37,2.5,2.5,1
735,1,2023-03-23,,CASH_BALANCE_BREAK,-1254.78,-2254.78,1000.0,1000.0,0
736,2,2023-05-02,,CASH_BALANCE_BREAK,-188.49,-190.99,2.5,2.5,1
737,2,2022-11-03,,CASH_BALANCE_BREAK,-878.48,-880.98,2.5,2.5,1
738,5,2022-05-09,,CASH_BALANCE_BREAK,3201.34,3451.34,-250.0,250.0,4
739,6,2022-12-22,,CASH_BALANCE_BREAK,-1739.01,-1754.51,15.5,15.5,6
740,1,2022-12-24,,CASH_BALANCE_BREAK,-1255.61,-2255.61,1000.0,1000.0,0
741,2,2023-05-19,,CASH_BALANCE_BREAK,-188.49,-190.99,2.5,2.5,1
742,1,2023-03-16,,CASH_BALANCE_BREAK,-1254.78,-2254.78,1000.0,1000.0,0
743,2,2022-05-05,,CASH_BALANCE_BREAK,-267.88,-270.38,2.5,2.5,1
744,2,2022-01-19,,CASH_BALANCE_BREAK,-1328.37,-1330.87,2.5,2.5,1
745,2,2022-01-06,,CASH_BALANCE_BREAK,-1328.37,-1330.87,2.5,2.5,1
746,6,2023-07-23,,CASH_BALANCE_BREAK,-1184.51,-1200.01,15.5,15.5,6
747,6,2023-07-07,,CASH_BALANCE_BREAK,-1164.51,-1180.01,15.5,15.5,6
748,5,2023-06-05,,CASH_BALANCE_BREAK,6439.8,6689.8,-250.0,250.0,4
749,6,2022-11-18,,CASH_BALANCE_BREAK,-1484.66,-1500.16,15.5,15.5,6
750,1,2021-07-15,,CASH_BALANCE_BREAK,-592.19,-1592.19,1000.0,1000.0,0
751,2,2021-07-15,,CASH_BALANCE_BREAK,-1266.11,-1268.61,2.5,2.5,1
752,1,2022-04-03,,CASH_BALANCE_BREAK,-1012.66,-2012.66,1000.0,1000.0,0
753,2,2023-04-06,,CASH_BALANCE_BREAK,-950.53,-953.03,2.5,2.5,1
754,2,2023-04-25,,CASH_BALANCE_BREAK,-133.53,-136.03,2.5,2.5,1
755,1,2023-07-05,,CASH_BALANCE_BREAK,-862.98,-1862.98,1000.0,1000.0,0
756,6,2022-09-07,,CASH_BALANCE_BREAK,-1581.71,-1597.21,15.5,15.5,6
757,2,2023-02-10,,CASH_BALANCE_BREAK,-843.15,-845.65,2.5,2.5,1
758,2,2022-09-12,,CASH_BALANCE_BREAK,-783.61,-786.11,2.5,2.5,1
759,5,2023-08-17,,CASH_BALANCE_BREAK,6054.3,6304.3,-250.0,250.0,4
760,6,2023-07-14,,CASH_BALANCE_BREAK,-1164.51,-1180.01,15.5,15.5,6
761,1,2023-03-13,,CASH_BALANCE_BREAK,-1261.89,-2261.89,1000.0,1000.0,0
762,2,2023-03-13,,CASH_BALANCE_BREAK,-820.18,-822.68,2.5,2.5,1
763,2,2023-09-17,,CASH_BALANCE_BREAK,-571.16,-573.66,2.5,2.5,1
764,2,2023-08-11,,CASH_BALANCE_BREAK,-542.39,-544.89,2.5,2.5,1
765,6,2023-10-23,,CASH_BALANCE_BREAK,512.84,497.34,15.5,15.5,6
766,1,2023-12-06,,CASH_BALANCE_BREAK,-1607.54,-2607.54,1000.0,1000.0,0
767,1,2022-10-26,,CASH_BALANCE_BREAK,-1358.81,-2358.81,1000.0,1000.0,0
768,1,2022-12-08,,CASH_BALANCE_BREAK,-1255.61,-2255.61,1000.0,1000.0,0
769,1,2023-01-19,,CASH_BALANCE_BREAK,-1229.65,-2229.65,1000.0,1000.0,0
770,2,2022-02-04,,CASH_BALANCE_BREAK,-1379.51,-1382.01,2.5,2.5,1
771,1,2022-03-02,,CASH_BALANCE_BREAK,-1016.87,-2016.87,1000.0,1000.0,0
772,2,2021-08-13,,CASH_BALANCE_BREAK,-1262.66,-1265.16,2.5,2.5,1
773,2,2022-04-21,,CASH_BALANCE_BREAK,-290.33,-292.83,2.5,2.5,1
774,1,2021-08-02,,CASH_BALANCE_BREAK,-684.54,-1684.54,1000.0,1000.0,0
775,5,2021-09-20,,CASH_BALANCE_BREAK,262.96,512.96,-250.0,250.0,4
776,6,2022-03-30,,CASH_BALANCE_BREAK,-635.26,-650.76,15.5,15.5,6
777,2,2021-03-04,,CASH_BALANCE_BREAK,-1588.82,-1591.32,2.5,2.5,1
778,1,2022-03-20,,CASH_BALANCE_BREAK,-1016.87,-2016.87,1000.0,1000.0,0
779,6,2022-03-11,,CASH_BALANCE_BREAK,-635.26,-650.76,15.5,15.5,6
780,5,2022-09-28,,CASH_BALANCE_BREAK,4464.85,4714.85,-250.0,250.0,4
781,6,2022-04-02,,CASH_BALANCE_BREAK,-629.61,-645.11,15.5,15.5,6
782,2,2021-10-15,,CASH_BALANCE_BREAK,-1358.34,-1360.84,2.5,2.5,1
783,6,2022-06-09,,CASH_BALANCE_BREAK,-1437.52,-1453.02,15.5,15.5,6
784,1,2022-06-10,,CASH_BALANCE_BREAK,-1284.32,-2284.32,1000.0,1000.0,0
785,2,2022-11-06,,CASH_BALANCE_BREAK,-878.48,-880.98,2.5,2.5,1
786,1,2021-03-17,,CASH_BALANCE_BREAK,-918.03,-1918.03,1000.0,1000.0,0
787,5,2022-04-04,,CASH_BALANCE_BREAK,1389.5,1639.5,-250.0,250.0,4
788,5,2021-10-27,,CASH_BALANCE_BREAK,762.96,1012.96,-250.0,250.0,4
789,1,2022-01-03,,CASH_BALANCE_BREAK,-1051.39,-2051.39,1000.0,1000.0,0
790,1,2022-09-14,,CASH_BALANCE_BREAK,-1283.39,-2283.39,1000.0,1000.0,0
791,2,2022-09-14,,CASH_BALANCE_BREAK,-783.61,-786.11,2.5,2.5,1
792,1,2021-12-31,,CASH_BALANCE_BREAK,-1072.2,-2072.2,1000.0,1000.0,0
793,1,2021-02-21,,CASH_BALANCE_BREAK,-919.27,-1919.27,1000.0,1000.0,0
794,1,2023-10-19,,CASH_BALANCE_BREAK,-1340.9,-2340.9,1000.0,1000.0,0
795,1,2023-10-27,,CASH_BALANCE_BREAK,-1040.9,-2040.9,1000.0,1000.0,0
796,1,2023-11-22,,CASH_BALANCE_BREAK,-1628.52,-2628.52,1000.0,1000.0,0
797,5,2023-11-05,,CASH_BALANCE_BREAK,6840.26,7090.26,-250.0,250.0,4
798,6,2023-11-05,,CASH_BALANCE_BREAK,512.85,497.35,15.5,15.5,6
799,6,2023-12-10,,CASH_BALANCE_BREAK,-79.65,-95.15,15.5,15.5,6
800,6,2024-01-21,,CASH_BALANCE_BREAK,-77.24,-92.74,15.5,15.5,6
801,5,2024-02-06,,CASH_BALANCE_BREAK,6058.55,6308.55,-250.0,250.0,4
802,6,2024-02-06,,CASH_BALANCE_BREAK,-77.24,-92.74,15.5,15.5,6
803,1,2023-10-13,,CASH_BALANCE_BREAK,-1340.9,-2340.9,1000.0,1000.0,0
804,5,2024-03-19,,CASH_BALANCE_BREAK,6333.37,6583.37,-250.0,250.0,4
805,6,2023-08-07,,CASH_BALANCE_BREAK,-1184.51,-1200.01,15.5,15.5,6
806,5,2023-11-10,,CASH_BALANCE_BREAK,6842.23,7092.23,-250.0,250.0,4
807,2,2023-11-28,,CASH_BALANCE_BREAK,-556.12,-558.62,2.5,2.5,1
808,5,2023-07-22,,CASH_BALANCE_BREAK,6022.59,6272.59,-250.0,250.0,4
809,2,2023-10-24,,CASH_BALANCE_BREAK,-40.89,-43.39,2.5,2.5,1
810,5,2022-08-01,,CASH_BALANCE_BREAK,4451.23,4701.23,-250.0,250.0,4
811,1,2021-12-29,,CASH_BALANCE_BREAK,-1072.2,-2072.2,1000.0,1000.0,0
812,1,2022-02-17,,CASH_BALANCE_BREAK,-1022.78,-2022.78,1000.0,1000.0,0
813,2,2022-02-17,,CASH_BALANCE_BREAK,-1379.51,-1382.01,2.5,2.5,1
814,6,2022-02-21,,CASH_BALANCE_BREAK,-635.5,-651.0,15.5,15.5,6
815,2,2022-04-19,,CASH_BALANCE_BREAK,-290.33,-292.83,2.5,2.5,1
816,1,2022-07-25,,CASH_BALANCE_BREAK,-1366.11,-2366.11,1000.0,1000.0,0
817,1,2022-12-23,,CASH_BALANCE_BREAK,-1255.61,-2255.61,1000.0,1000.0,0
818,6,2022-12-23,,CASH_BALANCE_BREAK,-1739.01,-1754.51,15.5,15.5,6
819,2,2022-12-24,,CASH_BALANCE_BREAK,-936.87,-939.37,2.5,2.5,1
820,5,2023-05-19,,CASH_BALANCE_BREAK,6491.22,6741.22,-250.0,250.0,4
821,6,2023-05-07,,CASH_BALANCE_BREAK,-783.59,-799.09,15.5,15.5,6
822,5,2022-03-16,,CASH_BALANCE_BREAK,1380.44,1630.44,-250.0,250.0,4
823,6,2022-06-25,,CASH_BALANCE_BREAK,-1437.52,-1453.02,15.5,15.5,6
824,5,2021-12-01,,CASH_BALANCE_BREAK,1168.52,1418.52,-250.0,250.0,4
825,1,2022-01-19,,CASH_BALANCE_BREAK,-1051.39,-2051.39,1000.0,1000.0,0
826,1,2021-01-05,,CASH_BALANCE_BREAK,-380.07,-1380.07,1000.0,1000.0,0
827,1,2021-05-04,,CASH_BALANCE_BREAK,-405.94,-1405.94,1000.0,1000.0,0
828,1,2021-03-25,,CASH_BALANCE_BREAK,-918.03,-1918.03,1000.0,1000.0,0
829,2,2021-03-25,,CASH_BALANCE_BREAK,-1584.47,-1586.97,2.5,2.5,1
830,6,2022-11-10,,CASH_BALANCE_BREAK,-1484.66,-1500.16,15.5,15.5,6
831,1,2022-11-11,,CASH_BALANCE_BREAK,-1283.85,-2283.85,1000.0,1000.0,0
832,2,2021-10-08,,CASH_BALANCE_BREAK,-1358.34,-1360.84,2.5,2.5,1
833,1,2022-06-13,,CASH_BALANCE_BREAK,-1284.32,-2284.32,1000.0,1000.0,0
834,5,2023-03-27,,CASH_BALANCE_BREAK,5646.75,5896.75,-250.0,250.0,4
835,5,2022-07-11,,CASH_BALANCE_BREAK,4501.34,4751.34,-250.0,250.0,4
836,6,2022-07-11,,CASH_BALANCE_BREAK,-1598.51,-1614.01,15.5,15.5,6
837,2,2023-06-25,,CASH_BALANCE_BREAK,-437.34,-439.84,2.5,2.5,1
838,2,2021-03-10,,CASH_BALANCE_BREAK,-1588.82,-1591.32,2.5,2.5,1
839,3,2021-03-10,,CASH_BALANCE_BREAK,-2392.07,-2892.07,500.0,500.0,2
840,2,2021-04-24,,CASH_BALANCE_BREAK,-1272.68,-1275.18,2.5,2.5,1
841,1,2024-06-19,,CASH_BALANCE_BREAK,-557.21,-1557.21,1000.0,1000.0,0
842,6,2022-01-18,,CASH_BALANCE_BREAK,-672.7,-688.2,15.5,15.5,6
843,2,2022-02-28,,CASH_BALANCE_BREAK,-1379.51,-1382.01,2.5,2.5,1
844,5,2022-04-20,,CASH_BALANCE_BREAK,3198.78,3448.78,-250.0,250.0,4
845,6,2022-04-20,,CASH_BALANCE_BREAK,-2440.99,-2456.49,15.5,15.5,6
846,5,2022-04-22,,CASH_BALANCE_BREAK,3198.78,3448.78,-250.0,250.0,4
847,1,2021-09-19,,CASH_BALANCE_BREAK,-933.76,-1933.76,1000.0,1000.0,0
848,2,2021-09-19,,CASH_BALANCE_BREAK,-1377.17,-1379.67,2.5,2.5,1
849,5,2022-03-09,,CASH_BALANCE_BREAK,1380.44,1630.44,-250.0,250.0,4
850,5,2022-04-14,,CASH_BALANCE_BREAK,3198.78,3448.78,-250.0,250.0,4
851,2,2021-11-08,,CASH_BALANCE_BREAK,-1341.01,-1343.51,2.5,2.5,1
852,1,2021-02-13,,CASH_BALANCE_BREAK,-230.07,-1230.07,1000.0,1000.0,0
853,5,2021-08-27,,CASH_BALANCE_BREAK,260.88,510.88,-250.0,250.0,4
854,2,2022-02-06,,CASH_BALANCE_BREAK,-1379.51,-1382.01,2.5,2.5,1
855,1,2022-01-29,,CASH_BALANCE_BREAK,-1051.39,-2051.39,1000.0,1000.0,0
856,2,2022-01-29,,CASH_BALANCE_BREAK,-1328.37,-1330.87,2.5,2.5,1
857,5,2022-04-30,,CASH_BALANCE_BREAK,3201.34,3451.34,-250.0,250.0,4
858,5,2022-06-22,,CASH_BALANCE_BREAK,3501.34,3751.34,-250.0,250.0,4
859,1,2022-06-19,,CASH_BALANCE_BREAK,-1284.32,-2284.32,1000.0,1000.0,0
860,2,2021-07-18,,CASH_BALANCE_BREAK,-1266.11,-1268.61,2.5,2.5,1
861,2,2021-10-29,,CASH_BALANCE_BREAK,-1341.01,-1343.51,2.5,2.5,1
862,6,2023-01-21,,CASH_BALANCE_BREAK,-1722.08,-1737.58,15.5,15.5,6
863,2,2022-02-15,,CASH_BALANCE_BREAK,-1379.51,-1382.01,2.5,2.5,1
864,2,2022-02-25,,CASH_BALANCE_BREAK,-1379.51,-1382.01,2.5,2.5,1
865,1,2022-07-26,,CASH_BALANCE_BREAK,-1366.11,-2366.11,1000.0,1000.0,0
866,2,2022-07-26,,CASH_BALANCE_BREAK,-699.26,-701.76,2.5,2.5,1
867,5,2022-04-07,,CASH_BALANCE_BREAK,1389.5,1639.5,-250.0,250.0,4
868,6,2022-04-07,,CASH_BALANCE_BREAK,-629.61,-645.11,15.5,15.5,6
869,6,2022-07-16,,CASH_BALANCE_BREAK,-1598.51,-1614.01,15.5,15.5,6
870,1,2024-01-25,,CASH_BALANCE_BREAK,-1680.98,-2680.98,1000.0,1000.0,0
871,1,2021-01-24,,CASH_BALANCE_BREAK,-380.07,-1380.07,1000.0,1000.0,0
872,1,2023-08-22,,CASH_BALANCE_BREAK,-851.26,-1851.26,1000.0,1000.0,0
873,1,2023-08-21,,CASH_BALANCE_BREAK,-851.26,-1851.26,1000.0,1000.0,0
874,6,2023-09-06,,CASH_BALANCE_BREAK,-1465.26,-1480.76,15.5,15.5,6
875,5,2023-08-12,,CASH_BALANCE_BREAK,6022.59,6272.59,-250.0,250.0,4
876,6,2023-08-12,,CASH_BALANCE_BREAK,-1184.51,-1200.01,15.5,15.5,6
877,1,2023-09-17,,CASH_BALANCE_BREAK,-1062.8,-2062.8,1000.0,1000.0,0
878,5,2023-03-11,,CASH_BALANCE_BREAK,5626.14,5876.14,-250.0,250.0,4
879,1,2023-09-23,,CASH_BALANCE_BREAK,-1045.14,-2045.14,1000.0,1000.0,0
880,5,2023-09-23,,CASH_BALANCE_BREAK,6363.49,6613.49,-250.0,250.0,4
881,2,2023-10-09,,CASH_BALANCE_BREAK,88.55,86.05,2.5,2.5,1
882,5,2023-10-10,,CASH_BALANCE_BREAK,6126.15,6376.15,-250.0,250.0,4
883,6,2023-08-26,,CASH_BALANCE_BREAK,-1465.26,-1480.76,15.5,15.5,6
884,5,2023-08-25,,CASH_BALANCE_BREAK,6344.12,6594.12,-250.0,250.0,4
885,6,2022-12-09,,CASH_BALANCE_BREAK,-1739.01,-1754.51,15.5,15.5,6
886,1,2023-10-11,,CASH_BALANCE_BREAK,-1340.9,-2340.9,1000.0,1000.0,0
887,2,2023-10-30,,CASH_BALANCE_BREAK,-40.89,-43.39,2.5,2.5,1
888,2,2023-11-12,,CASH_BALANCE_BREAK,-125.51,-128.01,2.5,2.5,1
889,5,2023-09-08,,CASH_BALANCE_BREAK,6344.12,6594.12,-250.0,250.0,4
890,6,2023-09-21,,CASH_BALANCE_BREAK,-813.01,-828.51,15.5,15.5,6
891,2,2022-06-26,,CASH_BALANCE_BREAK,-615.08,-617.58,2.5,2.5,1
892,2,2022-08-15,,CASH_BALANCE_BREAK,-783.61,-786.11,2.5,2.5,1
893,1,2022-07-30,,CASH_BALANCE_BREAK,-1366.11,-2366.11,1000.0,1000.0,0
894,6,2022-07-31,,CASH_BALANCE_BREAK,-1584.25,-1599.75,15.5,15.5,6
895,1,2022-08-01,,CASH_BALANCE_BREAK,-1366.11,-2366.11,1000.0,1000.0,0
896,1,2021-09-10,,CASH_BALANCE_BREAK,-933.76,-1933.76,1000.0,1000.0,0
897,5,2022-11-09,,CASH_BALANCE_BREAK,4230.23,4480.23,-250.0,250.0,4
898,5,2023-03-03,,CASH_BALANCE_BREAK,5626.14,5876.14,-250.0,250.0,4
899,5,2022-02-19,,CASH_BALANCE_BREAK,1376.68,1626.68,-250.0,250.0,4
900,2,2021-03-19,,CASH_BALANCE_BREAK,-1584.47,-1586.97,2.5,2.5,1
901,1,2021-01-12,,CASH_BALANCE_BREAK,-380.07,-1380.07,1000.0,1000.0,0
902,2,2021-03-11,,CASH_BALANCE_BREAK,-1588.82,-1591.32,2.5,2.5,1
903,1,2021-03-24,,CASH_BALANCE_BREAK,-918.03,-1918.03,1000.0,1000.0,0
904,2,2021-03-24,,CASH_BALANCE_BREAK,-1584.47,-1586.97,2.5,2.5,1
905,1,2021-02-25,,CASH_BALANCE_BREAK,-919.27,-1919.27,1000.0,1000.0,0
906,1,2022-04-17,,CASH_BALANCE_BREAK,-994.68,-1994.68,1000.0,1000.0,0
907,5,2022-06-05,,CASH_BALANCE_BREAK,3501.34,3751.34,-250.0,250.0,4
908,6,2023-04-17,,CASH_BALANCE_BREAK,-650.73,-666.23,15.5,15.5,6
909,2,2022-05-09,,CASH_BALANCE_BREAK,-267.88,-270.38,2.5,2.5,1
910,1,2022-06-12,,CASH_BALANCE_BREAK,-1284.32,-2284.32,1000.0,1000.0,0
911,2,2022-09-18,,CASH_BALANCE_BREAK,-890.06,-892.56,2.5,2.5,1
912,2,2022-12-22,,CASH_BALANCE_BREAK,-936.87,-939.37,2.5,2.5,1
913,6,2023-01-04,,CASH_BALANCE_BREAK,-1722.08,-1737.58,15.5,15.5,6
914,5,2023-04-22,,CASH_BALANCE_BREAK,5001.5,5251.5,-250.0,250.0,4
915,2,2023-04-05,,CASH_BALANCE_BREAK,-950.53,-953.03,2.5,2.5,1
916,2,2023-05-07,,CASH_BALANCE_BREAK,-188.49,-190.99,2.5,2.5,1
917,5,2023-05-07,,CASH_BALANCE_BREAK,6491.22,6741.22,-250.0,250.0,4
918,1,2023-05-14,,CASH_BALANCE_BREAK,-2791.98,-3791.98,1000.0,1000.0,0
919,2,2022-06-25,,CASH_BALANCE_BREAK,-615.08,-617.58,2.5,2.5,1
920,5,2022-01-19,,CASH_BALANCE_BREAK,1374.55,1624.55,-250.0,250.0,4
921,2,2022-04-28,,CASH_BALANCE_BREAK,-267.88,-270.38,2.5,2.5,1
922,5,2022-04-27,,CASH_BALANCE_BREAK,3198.78,3448.78,-250.0,250.0,4
923,6,2022-04-27,,CASH_BALANCE_BREAK,-2440.99,-2456.49,15.5,15.5,6
924,6,2022-11-11,,CASH_BALANCE_BREAK,-1484.66,-1500.16,15.5,15.5,6
925,1,2021-11-28,,CASH_BALANCE_BREAK,-1047.58,-2047.58,1000.0,1000.0,0
926,1,2022-07-11,,CASH_BALANCE_BREAK,-1381.37,-2381.37,1000.0,1000.0,0
927,1,2023-01-07,,CASH_BALANCE_BREAK,-1229.65,-2229.65,1000.0,1000.0,0
928,2,2023-01-07,,CASH_BALANCE_BREAK,-936.56,-939.06,2.5,2.5,1
929,2,2022-02-10,,CASH_BALANCE_BREAK,-1379.51,-1382.01,2.5,2.5,1
930,6,2022-07-10,,CASH_BALANCE_BREAK,-1598.51,-1614.01,15.5,15.5,6
931,6,2022-11-27,,CASH_BALANCE_BREAK,-1484.66,-1500.16,15.5,15.5,6
932,1,2022-10-17,,CASH_BALANCE_BREAK,-1358.81,-2358.81,1000.0,1000.0,0
933,2,2022-10-17,,CASH_BALANCE_BREAK,-884.91,-887.41,2.5,2.5,1
934,2,2023-05-31,,CASH_BALANCE_BREAK,-437.34,-439.84,2.5,2.5,1
935,6,2023-06-17,,CASH_BALANCE_BREAK,-1121.48,-1136.98,15.5,15.5,6
936,1,2021-06-30,,CASH_BALANCE_BREAK,-592.19,-1592.19,1000.0,1000.0,0
937,5,2024-06-19,,CASH_BALANCE_BREAK,7928.1,8178.1,-250.0,250.0,4
938,6,2024-06-19,,CASH_BALANCE_BREAK,741.93,726.43,15.5,15.5,6
939,5,2022-01-18,,CASH_BALANCE_BREAK,1374.55,1624.55,-250.0,250.0,4
940,1,2022-01-17,,CASH_BALANCE_BREAK,-1051.39,-2051.39,1000.0,1000.0,0
941,5,2022-02-27,,CASH_BALANCE_BREAK,1376.68,1626.68,-250.0,250.0,4
942,5,2021-12-07,,CASH_BALANCE_BREAK,1168.52,1418.52,-250.0,250.0,4
943,2,2021-05-05,,CASH_BALANCE_BREAK,-1271.28,-1273.78,2.5,2.5,1
944,1,2022-04-14,,CASH_BALANCE_BREAK,-994.68,-1994.68,1000.0,1000.0,0
945,5,2022-04-02,,CASH_BALANCE_BREAK,1389.5,1639.5,-250.0,250.0,4
946,1,2021-01-20,,CASH_BALANCE_BREAK,-380.07,-1380.07,1000.0,1000.0,0
947,1,2021-01-11,,CASH_BALANCE_BREAK,-380.07,-1380.07,1000.0,1000.0,0
948,2,2021-03-03,,CASH_BALANCE_BREAK,-1588.82,-1591.32,2.5,2.5,1
949,1,2023-03-12,,CASH_BALANCE_BREAK,-1261.89,-2261.89,1000.0,1000.0,0
950,2,2023-03-10,,CASH_BALANCE_BREAK,-820.18,-822.68,2.5,2.5,1
951,6,2023-10-09,,CASH_BALANCE_BREAK,-776.73,-792.23,15.5,15.5,6
952,6,2023-05-10,,CASH_BALANCE_BREAK,-783.59,-799.09,15.5,15.5,6
953,2,2023-05-12,,CASH_BALANCE_BREAK,-188.49,-190.99,2.5,2.5,1
954,5,2023-08-11,,CASH_BALANCE_BREAK,6022.59,6272.59,-250.0,250.0,4
955,2,2023-10-26,,CASH_BALANCE_BREAK,-40.89,-43.39,2.5,2.5,1
956,1,2023-11-29,,CASH_BALANCE_BREAK,-1628.52,-2628.52,1000.0,1000.0,0
957,2,2023-11-29,,CASH_BALANCE_BREAK,-556.12,-558.62,2.5,2.5,1
958,6,2023-11-30,,CASH_BALANCE_BREAK,156.82,141.32,15.5,15.5,6
959,5,2023-09-19,,CASH_BALANCE_BREAK,6363.49,6613.49,-250.0,250.0,4
960,1,2022-05-30,,CASH_BALANCE_BREAK,-1284.32,-2284.32,1000.0,1000.0,0
961,5,2022-10-26,,CASH_BALANCE_BREAK,4341.62,4591.62,-250.0,250.0,4
962,5,2023-01-19,,CASH_BALANCE_BREAK,5572.82,5822.82,-250.0,250.0,4
963,2,2023-08-07,,CASH_BALANCE_BREAK,-542.39,-544.89,2.5,2.5,1
964,2,2023-10-18,,CASH_BALANCE_BREAK,70.5,68.0,2.5,2.5,1
965,1,2023-08-31,,CASH_BALANCE_BREAK,-1065.58,-2065.58,1000.0,1000.0,0
966,1,2023-10-12,,CASH_BALANCE_BREAK,-1340.9,-2340.9,1000.0,1000.0,0
967,5,2023-10-19,,CASH_BALANCE_BREAK,6840.25,7090.25,-250.0,250.0,4
968,1,2023-12-10,,CASH_BALANCE_BREAK,-1607.54,-2607.54,1000.0,1000.0,0
969,1,2023-12-25,,CASH_BALANCE_BREAK,-1607.54,-2607.54,1000.0,1000.0,0
970,1,2023-04-21,,CASH_BALANCE_BREAK,-2787.46,-3787.46,1000.0,1000.0,0
971,1,2024-01-13,,CASH_BALANCE_BREAK,-1680.98,-2680.98,1000.0,1000.0,0
972,2,2023-12-24,,CASH_BALANCE_BREAK,-556.11,-558.61,2.5,2.5,1
973,1,2024-01-01,,CASH_BALANCE_BREAK,-1607.54,-2607.54,1000.0,1000.0,0
974,6,2023-09-24,,CASH_BALANCE_BREAK,-813.01,-828.51,15.5,15.5,6
975,5,2023-12-28,,CASH_BALANCE_BREAK,6058.54,6308.54,-250.0,250.0,4
976,5,2023-12-02,,CASH_BALANCE_BREAK,6058.54,6308.54,-250.0,250.0,4
977,2,2023-08-16,,CASH_BALANCE_BREAK,-540.68,-543.18,2.5,2.5,1
978,2,2023-12-19,,CASH_BALANCE_BREAK,-556.11,-558.61,2.5,2.5,1
979,6,2024-01-05,,CASH_BALANCE_BREAK,-79.65,-95.15,15.5,15.5,6
980,1,2024-01-03,,CASH_BALANCE_BREAK,-1607.54,-2607.54,1000.0,1000.0,0
981,6,2024-01-03,,CASH_BALANCE_BREAK,-79.65,-95.15,15.5,15.5,6
982,2,2023-03-29,,CASH_BALANCE_BREAK,-809.33,-811.83,2.5,2.5,1
983,6,2024-02-01,,CASH_BALANCE_BREAK,-77.24,-92.74,15.5,15.5,6
984,1,2024-02-02,,CASH_BALANCE_BREAK,-1680.98,-2680.98,1000.0,1000.0,0
985,6,2023-10-15,,CASH_BALANCE_BREAK,512.84,497.34,15.5,15.5,6
986,1,2022-04-13,,CASH_BALANCE_BREAK,-994.68,-1994.68,1000.0,1000.0,0
987,2,2022-04-13,,CASH_BALANCE_BREAK,-290.33,-292.83,2.5,2.5,1
988,6,2023-08-21,,CASH_BALANCE_BREAK,-1169.65,-1185.15,15.5,15.5,6
989,1,2023-09-27,,CASH_BALANCE_BREAK,-1045.14,-2045.14,1000.0,1000.0,0
990,2,2023-10-11,,CASH_BALANCE_BREAK,70.5,68.0,2.5,2.5,1
991,6,2023-03-12,,CASH_BALANCE_BREAK,-1823.87,-1839.37,15.5,15.5,6
992,6,2023-09-29,,CASH_BALANCE_BREAK,-563.01,-578.51,15.5,15.5,6
993,1,2023-03-10,,CASH_BALANCE_BREAK,-1261.89,-2261.89,1000.0,1000.0,0
994,5,2023-10-09,,CASH_BALANCE_BREAK,6126.15,6376.15,-250.0,250.0,4
995,5,2023-05-12,,CASH_BALANCE_BREAK,6491.22,6741.22,-250.0,250.0,4
996,6,2023-05-12,,CASH_BALANCE_BREAK,-783.59,-799.09,15.5,15.5,6
997,6,2023-10-26,,CASH_BALANCE_BREAK,512.85,497.35,15.5,15.5,6
998,6,2023-11-29,,CASH_BALANCE_BREAK,156.82,141.32,15.5,15.5,6
999,6,2023-12-04,,CASH_BALANCE_BREAK,-79.65,-95.15,15.5,15.5,6
1000,2,2023-08-25,,CASH_BALANCE_BREAK,-578.1,-580.6,2.5,2.5,1
1001,6,2023-09-19,,CASH_BALANCE_BREAK,-813.01,-828.51,15.5,15.5,6
1002,1,2023-10-30,,CASH_BALANCE_BREAK,-1040.9,-2040.9,1000.0,1000.0,0
1003,2,2022-12-08,,CASH_BALANCE_BREAK,-936.87,-939.37,2.5,2.5,1
1004,2,2023-01-19,,CASH_BALANCE_BREAK,-936.56,-939.06,2.5,2.5,1
1005,5,2022-03-01,,CASH_BALANCE_BREAK,1376.68,1626.68,-250.0,250.0,4
1006,5,2022-01-17,,CASH_BALANCE_BREAK,1374.55,1624.55,-250.0,250.0,4
1007,2,2021-03-12,,CASH_BALANCE_BREAK,-1588.82,-1591.32,2.5,2.5,1
1008,2,2021-08-02,,CASH_BALANCE_BREAK,-1262.66,-1265.16,2.5,2.5,1
1009,2,2022-04-14,,CASH_BALANCE_BREAK,-290.33,-292.83,2.5,2.5,1
1010,2,2022-09-28,,CASH_BALANCE_BREAK,-890.06,-892.56,2.5,2.5,1
1011,1,2021-11-08,,CASH_BALANCE_BREAK,-1058.56,-2058.56,1000.0,1000.0,0
1012,1,2021-01-16,,CASH_BALANCE_BREAK,-380.07,-1380.07,1000.0,1000.0,0
1013,2,2021-03-02,,CASH_BALANCE_BREAK,-1588.82,-1591.32,2.5,2.5,1
1014,2,2021-02-19,,CASH_BALANCE_BREAK,-1588.82,-1591.32,2.5,2.5,1
1015,6,2023-08-31,,CASH_BALANCE_BREAK,-1465.26,-1480.76,15.5,15.5,6
1016,5,2023-10-12,,CASH_BALANCE_BREAK,6840.25,7090.25,-250.0,250.0,4
1017,6,2023-10-12,,CASH_BALANCE_BREAK,512.84,497.34,15.5,15.5,6
1018,6,2023-09-18,,CASH_BALANCE_BREAK,-813.01,-828.51,15.5,15.5,6
1019,2,2023-10-19,,CASH_BALANCE_BREAK,70.5,68.0,2.5,2.5,1
1020,6,2023-04-21,,CASH_BALANCE_BREAK,-650.73,-666.23,15.5,15.5,6
1021,2,2024-01-22,,CASH_BALANCE_BREAK,-556.1,-558.6,2.5,2.5,1
1022,1,2024-01-19,,CASH_BALANCE_BREAK,-1680.98,-2680.98,1000.0,1000.0,0
1023,2,2024-02-08,,CASH_BALANCE_BREAK,-556.1,-558.6,2.5,2.5,1
1024,6,2024-02-08,,CASH_BALANCE_BREAK,-77.24,-92.74,15.5,15.5,6
1025,6,2024-03-03,,CASH_BALANCE_BREAK,-89.71,-105.21,15.5,15.5,6
1026,2,2024-03-10,,CASH_BALANCE_BREAK,-599.6,-602.1,2.5,2.5,1
1027,1,2024-04-06,,CASH_BALANCE_BREAK,-976.78,-1976.78,1000.0,1000.0,0
1028,2,2024-04-06,,CASH_BALANCE_BREAK,86.07,83.57,2.5,2.5,1
1029,5,2024-04-06,,CASH_BALANCE_BREAK,7046.34,7296.34,-250.0,250.0,4
1030,1,2024-04-21,,CASH_BALANCE_BREAK,-976.78,-1976.78,1000.0,1000.0,0
1031,2,2022-03-07,,CASH_BALANCE_BREAK,-1369.24,-1371.74,2.5,2.5,1
1032,5,2022-04-17,,CASH_BALANCE_BREAK,3198.78,3448.78,-250.0,250.0,4
1033,5,2023-03-30,,CASH_BALANCE_BREAK,5646.75,5896.75,-250.0,250.0,4
1034,6,2023-03-30,,CASH_BALANCE_BREAK,-1810.04,-1825.54,15.5,15.5,6
1035,1,2021-01-21,,CASH_BALANCE_BREAK,-380.07,-1380.07,1000.0,1000.0,0
1036,5,2022-06-12,,CASH_BALANCE_BREAK,3501.34,3751.34,-250.0,250.0,4
1037,6,2022-06-12,,CASH_BALANCE_BREAK,-1437.52,-1453.02,15.5,15.5,6
1038,5,2022-09-18,,CASH_BALANCE_BREAK,4464.85,4714.85,-250.0,250.0,4
1039,6,2022-09-18,,CASH_BALANCE_BREAK,-1481.71,-1497.21,15.5,15.5,6
1040,5,2022-12-22,,CASH_BALANCE_BREAK,5564.78,5814.78,-250.0,250.0,4
1041,1,2023-02-15,,CASH_BALANCE_BREAK,-1267.32,-2267.32,1000.0,1000.0,0
1042,2,2023-03-16,,CASH_BALANCE_BREAK,-809.33,-811.83,2.5,2.5,1
1043,2,2022-03-16,,CASH_BALANCE_BREAK,-1369.24,-1371.74,2.5,2.5,1
1044,5,2022-06-25,,CASH_BALANCE_BREAK,3501.34,3751.34,-250.0,250.0,4
1045,2,2022-06-13,,CASH_BALANCE_BREAK,-520.25,-522.75,2.5,2.5,1
1046,5,2023-08-07,,CASH_BALANCE_BREAK,6022.59,6272.59,-250.0,250.0,4
1047,5,2023-10-18,,CASH_BALANCE_BREAK,6840.25,7090.25,-250.0,250.0,4
1048,6,2023-10-18,,CASH_BALANCE_BREAK,512.84,497.34,15.5,15.5,6
1049,6,2023-11-10,,CASH_BALANCE_BREAK,394.57,379.07,15.5,15.5,6
1050,1,2023-11-28,,CASH_BALANCE_BREAK,-1628.52,-2628.52,1000.0,1000.0,0
1051,1,2023-08-14,,CASH_BALANCE_BREAK,-859.19,-1859.19,1000.0,1000.0,0
1052,5,2023-09-21,,CASH_BALANCE_BREAK,6363.49,6613.49,-250.0,250.0,4
1053,5,2022-09-01,,CASH_BALANCE_BREAK,4456.74,4706.74,-250.0,250.0,4
1054,6,2022-09-01,,CASH_BALANCE_BREAK,-1581.71,-1597.21,15.5,15.5,6
1055,2,2021-12-28,,CASH_BALANCE_BREAK,-1333.6,-1336.1,2.5,2.5,1
1056,1,2022-09-18,,CASH_BALANCE_BREAK,-1365.4,-2365.4,1000.0,1000.0,0
1057,1,2022-12-22,,CASH_BALANCE_BREAK,-1255.61,-2255.61,1000.0,1000.0,0
1058,5,2022-12-24,,CASH_BALANCE_BREAK,5564.78,5814.78,-250.0,250.0,4
1059,6,2022-11-22,,CASH_BALANCE_BREAK,-1484.66,-1500.16,15.5,15.5,6
1060,5,2023-03-13,,CASH_BALANCE_BREAK,5626.14,5876.14,-250.0,250.0,4
1061,6,2023-03-13,,CASH_BALANCE_BREAK,-1823.87,-1839.37,15.5,15.5,6
1062,5,2023-05-21,,CASH_BALANCE_BREAK,6491.22,6741.22,-250.0,250.0,4
1063,5,2023-03-16,,CASH_BALANCE_BREAK,5646.75,5896.75,-250.0,250.0,4
1064,1,2023-04-05,,CASH_BALANCE_BREAK,-1437.14,-2437.14,1000.0,1000.0,0
1065,1,2022-03-16,,CASH_BALANCE_BREAK,-1016.87,-2016.87,1000.0,1000.0,0
1066,6,2022-05-05,,CASH_BALANCE_BREAK,-1340.99,-1356.49,15.5,15.5,6
1067,1,2021-09-20,,CASH_BALANCE_BREAK,-933.76,-1933.76,1000.0,1000.0,0
1068,2,2021-06-14,,CASH_BALANCE_BREAK,-1253.05,-1255.55,2.5,2.5,1
1069,2,2021-10-03,,CASH_BALANCE_BREAK,-1358.34,-1360.84,2.5,2.5,1
1070,1,2022-03-11,,CASH_BALANCE_BREAK,-1016.87,-2016.87,1000.0,1000.0,0
1071,1,2022-09-28,,CASH_BALANCE_BREAK,-1365.4,-2365.4,1000.0,1000.0,0
1072,1,2022-04-02,,CASH_BALANCE_BREAK,-1012.66,-2012.66,1000.0,1000.0,0
1073,1,2021-08-27,,CASH_BALANCE_BREAK,-680.19,-1680.19,1000.0,1000.0,0
1074,2,2021-02-26,,CASH_BALANCE_BREAK,-1588.82,-1591.32,2.5,2.5,1
1075,2,2021-03-01,,CASH_BALANCE_BREAK,-1588.82,-1591.32,2.5,2.5,1
1076,5,2022-11-06,,CASH_BALANCE_BREAK,4230.23,4480.23,-250.0,250.0,4
1077,5,2022-04-13,,CASH_BALANCE_BREAK,3198.78,3448.78,-250.0,250.0,4
1078,2,2023-08-21,,CASH_BALANCE_BREAK,-540.68,-543.18,2.5,2.5,1
1079,2,2023-09-06,,CASH_BALANCE_BREAK,-578.1,-580.6,2.5,2.5,1
1080,5,2023-09-06,,CASH_BALANCE_BREAK,6344.12,6594.12,-250.0,250.0,4
1081,2,2023-09-27,,CASH_BALANCE_BREAK,-568.4,-570.9,2.5,2.5,1
1082,6,2023-10-11,,CASH_BALANCE_BREAK,512.84,497.34,15.5,15.5,6
1083,5,2023-09-17,,CASH_BALANCE_BREAK,6363.49,6613.49,-250.0,250.0,4
1084,6,2023-09-17,,CASH_BALANCE_BREAK,-813.01,-828.51,15.5,15.5,6
1085,6,2023-09-23,,CASH_BALANCE_BREAK,-813.01,-828.51,15.5,15.5,6
1086,1,2023-10-10,,CASH_BALANCE_BREAK,-1340.9,-2340.9,1000.0,1000.0,0
1087,1,2023-10-23,,CASH_BALANCE_BREAK,-1040.9,-2040.9,1000.0,1000.0,0
1088,5,2023-05-10,,CASH_BALANCE_BREAK,6491.22,6741.22,-250.0,250.0,4
1089,1,2023-07-20,,CASH_BALANCE_BREAK,-859.19,-1859.19,1000.0,1000.0,0
1090,6,2023-07-31,,CASH_BALANCE_BREAK,-1184.51,-1200.01,15.5,15.5,6
1091,1,2023-08-25,,CASH_BALANCE_BREAK,-1065.58,-2065.58,1000.0,1000.0,0
1092,1,2022-12-09,,CASH_BALANCE_BREAK,-1255.61,-2255.61,1000.0,1000.0,0
1093,1,2023-09-10,,CASH_BALANCE_BREAK,-1062.8,-2062.8,1000.0,1000.0,0
1094,6,2023-09-10,,CASH_BALANCE_BREAK,-1465.26,-1480.76,15.5,15.5,6
1095,5,2023-11-30,,CASH_BALANCE_BREAK,6496.48,6746.48,-250.0,250.0,4
1096,2,2023-09-19,,CASH_BALANCE_BREAK,-571.16,-573.66,2.5,2.5,1
1097,6,2023-01-19,,CASH_BALANCE_BREAK,-1722.08,-1737.58,15.5,15.5,6
1098,2,2023-10-12,,CASH_BALANCE_BREAK,70.5,68.0,2.5,2.5,1
1099,6,2023-11-22,,CASH_BALANCE_BREAK,156.82,141.32,15.5,15.5,6
1100,2,2023-12-10,,CASH_BALANCE_BREAK,-556.11,-558.61,2.5,2.5,1
1101,2,2024-01-21,,CASH_BALANCE_BREAK,-556.1,-558.6,2.5,2.5,1
1102,6,2023-11-12,,CASH_BALANCE_BREAK,394.57,379.07,15.5,15.5,6
1103,6,2023-11-28,,CASH_BALANCE_BREAK,156.82,141.32,15.5,15.5,6
1104,1,2023-11-02,,CASH_BALANCE_BREAK,-1040.9,-2040.9,1000.0,1000.0,0
1105,6,2023-08-01,,CASH_BALANCE_BREAK,-1184.51,-1200.01,15.5,15.5,6
1106,2,2023-08-02,,CASH_BALANCE_BREAK,-542.39,-544.89,2.5,2.5,1
1107,1,2022-07-22,,CASH_BALANCE_BREAK,-1366.11,-2366.11,1000.0,1000.0,0
1108,2,2023-10-28,,CASH_BALANCE_BREAK,-40.89,-43.39,2.5,2.5,1
1109,5,2023-09-09,,CASH_BALANCE_BREAK,6344.12,6594.12,-250.0,250.0,4
1110,6,2023-12-01,,CASH_BALANCE_BREAK,-79.65,-95.15,15.5,15.5,6
1111,1,2021-03-13,,CASH_BALANCE_BREAK,-919.27,-1919.27,1000.0,1000.0,0
1112,1,2021-08-09,,CASH_BALANCE_BREAK,-684.54,-1684.54,1000.0,1000.0,0
1113,2,2021-11-17,,CASH_BALANCE_BREAK,-1337.29,-1339.79,2.5,2.5,1
1114,1,2021-05-27,,CASH_BALANCE_BREAK,-565.72,-1565.72,1000.0,1000.0,0
1115,2,2022-10-04,,CASH_BALANCE_BREAK,-884.91,-887.41,2.5,2.5,1
1116,6,2022-12-29,,CASH_BALANCE_BREAK,-1739.01,-1754.51,15.5,15.5,6
1117,6,2022-12-03,,CASH_BALANCE_BREAK,-1484.66,-1500.16,15.5,15.5,6
1118,1,2022-05-03,,CASH_BALANCE_BREAK,-1045.54,-2045.54,1000.0,1000.0,0
1119,2,2021-10-25,,CASH_BALANCE_BREAK,-1358.34,-1360.84,2.5,2.5,1
1120,2,2022-07-03,,CASH_BALANCE_BREAK,-615.08,-617.58,2.5,2.5,1
1121,6,2022-06-14,,CASH_BALANCE_BREAK,-1437.52,-1453.02,15.5,15.5,6
1122,6,2022-06-29,,CASH_BALANCE_BREAK,-1598.51,-1614.01,15.5,15.5,6
1123,2,2022-10-09,,CASH_BALANCE_BREAK,-884.91,-887.41,2.5,2.5,1
1124,5,2022-10-10,,CASH_BALANCE_BREAK,4341.62,4591.62,-250.0,250.0,4
1125,6,2022-10-10,,CASH_BALANCE_BREAK,-1500.64,-1516.14,15.5,15.5,6
1126,6,2022-07-18,,CASH_BALANCE_BREAK,-1598.51,-1614.01,15.5,15.5,6
1127,6,2024-05-08,,CASH_BALANCE_BREAK,1184.75,1169.25,15.5,15.5,6
1128,2,2024-04-20,,CASH_BALANCE_BREAK,86.07,83.57,2.5,2.5,1
1129,5,2024-05-26,,CASH_BALANCE_BREAK,7933.08,8183.08,-250.0,250.0,4
1130,2,2024-06-28,,CASH_BALANCE_BREAK,-103.16,-105.66,2.5,2.5,1
1131,2,2023-07-12,,CASH_BALANCE_BREAK,-742.39,-744.89,2.5,2.5,1
1132,5,2022-02-09,,CASH_BALANCE_BREAK,1376.68,1626.68,-250.0,250.0,4
1133,6,2023-11-20,,CASH_BALANCE_BREAK,156.82,141.32,15.5,15.5,6
1134,5,2023-02-24,,CASH_BALANCE_BREAK,5626.14,5876.14,-250.0,250.0,4
1135,5,2022-08-12,,CASH_BALANCE_BREAK,4451.23,4701.23,-250.0,250.0,4
1136,6,2022-08-12,,CASH_BALANCE_BREAK,-1584.25,-1599.75,15.5,15.5,6
1137,5,2022-11-10,,CASH_BALANCE_BREAK,4230.23,4480.23,-250.0,250.0,4
1138,5,2021-11-28,,CASH_BALANCE_BREAK,1168.52,1418.52,-250.0,250.0,4
1139,1,2021-02-08,,CASH_BALANCE_BREAK,-380.07,-1380.07,1000.0,1000.0,0
1140,2,2021-06-03,,CASH_BALANCE_BREAK,-1253.05,-1255.55,2.5,2.5,1
1141,1,2022-01-18,,CASH_BALANCE_BREAK,-1051.39,-2051.39,1000.0,1000.0,0
1142,6,2022-03-01,,CASH_BALANCE_BREAK,-635.5,-651.0,15.5,15.5,6
1143,6,2022-01-17,,CASH_BALANCE_BREAK,-672.7,-688.2,15.5,15.5,6
1144,5,2022-02-28,,CASH_BALANCE_BREAK,1376.68,1626.68,-250.0,250.0,4
1145,1,2022-04-21,,CASH_BALANCE_BREAK,-994.68,-1994.68,1000.0,1000.0,0
1146,1,2021-03-12,,CASH_BALANCE_BREAK,-919.27,-1919.27,1000.0,1000.0,0
1147,2,2021-03-05,,CASH_BALANCE_BREAK,-1588.82,-1591.32,2.5,2.5,1
1148,1,2021-12-07,,CASH_BALANCE_BREAK,-1047.58,-2047.58,1000.0,1000.0,0
1149,6,2022-03-09,,CASH_BALANCE_BREAK,-635.26,-650.76,15.5,15.5,6
1150,1,2021-03-23,,CASH_BALANCE_BREAK,-918.03,-1918.03,1000.0,1000.0,0
1151,5,2022-03-11,,CASH_BALANCE_BREAK,1380.44,1630.44,-250.0,250.0,4
1152,2,2022-04-29,,CASH_BALANCE_BREAK,-267.88,-270.38,2.5,2.5,1
1153,5,2022-12-28,,CASH_BALANCE_BREAK,5564.78,5814.78,-250.0,250.0,4
1154,1,2021-03-01,,CASH_BALANCE_BREAK,-919.27,-1919.27,1000.0,1000.0,0
1155,1,2022-02-19,,CASH_BALANCE_BREAK,-1022.78,-2022.78,1000.0,1000.0,0
1156,2,2022-11-30,,CASH_BALANCE_BREAK,-878.48,-880.98,2.5,2.5,1
1157,1,2022-07-02,,CASH_BALANCE_BREAK,-1381.37,-2381.37,1000.0,1000.0,0
1158,6,2022-06-17,,CASH_BALANCE_BREAK,-1437.52,-1453.02,15.5,15.5,6
1159,6,2023-02-11,,CASH_BALANCE_BREAK,-1715.32,-1730.82,15.5,15.5,6
1160,5,2021-08-30,,CASH_BALANCE_BREAK,260.88,510.88,-250.0,250.0,4
1161,6,2022-01-26,,CASH_BALANCE_BREAK,-672.7,-688.2,15.5,15.5,6
1162,1,2023-09-06,,CASH_BALANCE_BREAK,-1065.58,-2065.58,1000.0,1000.0,0
1163,5,2023-07-14,,CASH_BALANCE_BREAK,6008.63,6258.63,-250.0,250.0,4
1164,5,2023-03-12,,CASH_BALANCE_BREAK,5626.14,5876.14,-250.0,250.0,4
1165,1,2023-08-24,,CASH_BALANCE_BREAK,-1065.58,-2065.58,1000.0,1000.0,0
1166,2,2023-08-24,,CASH_BALANCE_BREAK,-578.1,-580.6,2.5,2.5,1
1167,2,2023-03-11,,CASH_BALANCE_BREAK,-820.18,-822.68,2.5,2.5,1
1168,2,2023-09-23,,CASH_BALANCE_BREAK,-568.4,-570.9,2.5,2.5,1
1169,1,2023-08-11,,CASH_BALANCE_BREAK,-859.19,-1859.19,1000.0,1000.0,0
1170,5,2023-08-26,,CASH_BALANCE_BREAK,6344.12,6594.12,-250.0,250.0,4
1171,2,2023-09-20,,CASH_BALANCE_BREAK,-571.16,-573.66,2.5,2.5,1
1172,5,2023-10-23,,CASH_BALANCE_BREAK,6840.26,7090.26,-250.0,250.0,4
1173,5,2023-11-29,,CASH_BALANCE_BREAK,6496.48,6746.48,-250.0,250.0,4
1174,2,2023-12-06,,CASH_BALANCE_BREAK,-556.11,-558.61,2.5,2.5,1
1175,5,2023-07-20,,CASH_BALANCE_BREAK,6022.59,6272.59,-250.0,250.0,4
1176,6,2023-07-20,,CASH_BALANCE_BREAK,-1164.51,-1180.01,15.5,15.5,6
1177,5,2023-09-16,,CASH_BALANCE_BREAK,6363.49,6613.49,-250.0,250.0,4
1178,5,2022-12-09,,CASH_BALANCE_BREAK,5564.78,5814.78,-250.0,250.0,4
1179,5,2023-09-10,,CASH_BALANCE_BREAK,6344.12,6594.12,-250.0,250.0,4
1180,1,2023-11-30,,CASH_BALANCE_BREAK,-1607.54,-2607.54,1000.0,1000.0,0
1181,5,2022-05-30,,CASH_BALANCE_BREAK,3501.34,3751.34,-250.0,250.0,4
1182,6,2022-05-30,,CASH_BALANCE_BREAK,-1437.52,-1453.02,15.5,15.5,6
1183,1,2021-01-08,,CASH_BALANCE_BREAK,-380.07,-1380.07,1000.0,1000.0,0
1184,1,2022-02-06,,CASH_BALANCE_BREAK,-1022.78,-2022.78,1000.0,1000.0,0
1185,1,2021-07-30,,CASH_BALANCE_BREAK,-684.54,-1684.54,1000.0,1000.0,0
1186,1,2022-04-05,,CASH_BALANCE_BREAK,-1012.66,-2012.66,1000.0,1000.0,0
1187,2,2022-06-19,,CASH_BALANCE_BREAK,-520.25,-522.75,2.5,2.5,1
1188,1,2022-02-25,,CASH_BALANCE_BREAK,-1022.78,-2022.78,1000.0,1000.0,0
1189,1,2022-07-28,,CASH_BALANCE_BREAK,-1366.11,-2366.11,1000.0,1000.0,0
1190,2,2022-07-28,,CASH_BALANCE_BREAK,-699.26,-701.76,2.5,2.5,1
1191,5,2022-07-16,,CASH_BALANCE_BREAK,4501.34,4751.34,-250.0,250.0,4
1192,5,2023-08-31,,CASH_BALANCE_BREAK,6344.12,6594.12,-250.0,250.0,4
1193,2,2023-09-18,,CASH_BALANCE_BREAK,-571.16,-573.66,2.5,2.5,1
1194,5,2023-12-25,,CASH_BALANCE_BREAK,6058.54,6308.54,-250.0,250.0,4
1195,6,2023-12-25,,CASH_BALANCE_BREAK,-79.65,-95.15,15.5,15.5,6
1196,1,2024-01-04,,CASH_BALANCE_BREAK,-1607.54,-2607.54,1000.0,1000.0,0
1197,5,2024-01-21,,CASH_BALANCE_BREAK,6058.55,6308.55,-250.0,250.0,4
1198,5,2024-03-03,,CASH_BALANCE_BREAK,5861.98,6111.98,-250.0,250.0,4
1199,6,2023-10-13,,CASH_BALANCE_BREAK,512.84,497.34,15.5,15.5,6
1200,2,2024-05-08,,CASH_BALANCE_BREAK,776.95,774.45,2.5,2.5,1
1201,1,2024-05-10,,CASH_BALANCE_BREAK,-449.81,-1449.81,1000.0,1000.0,0
1202,2,2024-05-23,,CASH_BALANCE_BREAK,819.99,817.49,2.5,2.5,1
1203,2,2023-04-17,,CASH_BALANCE_BREAK,-133.53,-136.03,2.5,2.5,1
1204,6,2022-05-09,,CASH_BALANCE_BREAK,-1340.99,-1356.49,15.5,15.5,6
1205,2,2022-11-22,,CASH_BALANCE_BREAK,-878.48,-880.98,2.5,2.5,1
1206,6,2023-05-20,,CASH_BALANCE_BREAK,-783.59,-799.09,15.5,15.5,6
1207,2,2023-05-21,,CASH_BALANCE_BREAK,-188.49,-190.99,2.5,2.5,1
1208,5,2023-05-14,,CASH_BALANCE_BREAK,6491.22,6741.22,-250.0,250.0,4
1209,6,2023-05-14,,CASH_BALANCE_BREAK,-783.59,-799.09,15.5,15.5,6
1210,5,2022-04-28,,CASH_BALANCE_BREAK,3201.34,3451.34,-250.0,250.0,4
1211,5,2022-11-07,,CASH_BALANCE_BREAK,4230.23,4480.23,-250.0,250.0,4
1212,1,2022-01-24,,CASH_BALANCE_BREAK,-1051.39,-2051.39,1000.0,1000.0,0
1213,2,2022-05-07,,CASH_BALANCE_BREAK,-267.88,-270.38,2.5,2.5,1
1214,2,2023-11-10,,CASH_BALANCE_BREAK,-125.51,-128.01,2.5,2.5,1
1215,1,2021-09-18,,CASH_BALANCE_BREAK,-933.76,-1933.76,1000.0,1000.0,0
1216,2,2021-09-18,,CASH_BALANCE_BREAK,-1377.17,-1379.67,2.5,2.5,1
1217,1,2022-02-15,,CASH_BALANCE_BREAK,-1022.78,-2022.78,1000.0,1000.0,0
1218,5,2024-01-25,,CASH_BALANCE_BREAK,6058.55,6308.55,-250.0,250.0,4
1219,5,2024-01-14,,CASH_BALANCE_BREAK,6058.54,6308.54,-250.0,250.0,4
1220,6,2024-01-14,,CASH_BALANCE_BREAK,-79.65,-95.15,15.5,15.5,6
1221,1,2021-02-20,,CASH_BALANCE_BREAK,-919.27,-1919.27,1000.0,1000.0,0
1222,2,2021-02-20,,CASH_BALANCE_BREAK,-1588.82,-1591.32,2.5,2.5,1
1223,2,2023-11-06,,CASH_BALANCE_BREAK,-40.89,-43.39,2.5,2.5,1
1224,5,2023-11-06,,CASH_BALANCE_BREAK,6840.26,7090.26,-250.0,250.0,4
1225,6,2023-11-06,,CASH_BALANCE_BREAK,512.85,497.35,15.5,15.5,6
1226,5,2024-01-04,,CASH_BALANCE_BREAK,6058.54,6308.54,-250.0,250.0,4
1227,2,2024-01-13,,CASH_BALANCE_BREAK,-556.1,-558.6,2.5,2.5,1
1228,5,2024-01-19,,CASH_BALANCE_BREAK,6058.55,6308.55,-250.0,250.0,4
1229,1,2024-02-08,,CASH_BALANCE_BREAK,-1680.97,-2680.97,1000.0,1000.0,0
1230,5,2024-03-10,,CASH_BALANCE_BREAK,6252.72,6502.72,-250.0,250.0,4
1231,6,2024-03-10,,CASH_BALANCE_BREAK,104.96,89.46,15.5,15.5,6
1232,2,2023-10-13,,CASH_BALANCE_BREAK,70.5,68.0,2.5,2.5,1
1233,2,2024-03-20,,CASH_BALANCE_BREAK,222.39,219.89,2.5,2.5,1
1234,6,2024-04-06,,CASH_BALANCE_BREAK,1347.22,1331.72,15.5,15.5,6
1235,5,2024-04-21,,CASH_BALANCE_BREAK,7046.34,7296.34,-250.0,250.0,4
1236,6,2024-04-21,,CASH_BALANCE_BREAK,1347.22,1331.72,15.5,15.5,6
1237,5,2024-05-10,,CASH_BALANCE_BREAK,7560.0,7810.0,-250.0,250.0,4
1238,6,2024-05-10,,CASH_BALANCE_BREAK,1184.75,1169.25,15.5,15.5,6
1239,1,2024-04-20,,CASH_BALANCE_BREAK,-976.78,-1976.78,1000.0,1000.0,0
1240,1,2023-08-07,,CASH_BALANCE_BREAK,-859.19,-1859.19,1000.0,1000.0,0
1241,5,2023-11-28,,CASH_BALANCE_BREAK,6496.48,6746.48,-250.0,250.0,4
1242,6,2023-08-14,,CASH_BALANCE_BREAK,-1184.51,-1200.01,15.5,15.5,6
1243,1,2023-09-08,,CASH_BALANCE_BREAK,-1062.8,-2062.8,1000.0,1000.0,0
1244,2,2023-02-08,,CASH_BALANCE_BREAK,-843.15,-845.65,2.5,2.5,1
1245,1,2023-07-27,,CASH_BALANCE_BREAK,-859.19,-1859.19,1000.0,1000.0,0
1246,1,2023-10-02,,CASH_BALANCE_BREAK,-1250.53,-2250.53,1000.0,1000.0,0
1247,2,2023-10-21,,CASH_BALANCE_BREAK,-40.89,-43.39,2.5,2.5,1
1248,1,2023-08-04,,CASH_BALANCE_BREAK,-859.19,-1859.19,1000.0,1000.0,0
1249,1,2023-08-20,,CASH_BALANCE_BREAK,-851.26,-1851.26,1000.0,1000.0,0
1250,5,2023-10-08,,CASH_BALANCE_BREAK,6126.15,6376.15,-250.0,250.0,4
1251,2,2023-10-31,,CASH_BALANCE_BREAK,-40.89,-43.39,2.5,2.5,1
1252,2,2023-11-08,,CASH_BALANCE_BREAK,-125.51,-128.01,2.5,2.5,1
1253,6,2023-11-14,,CASH_BALANCE_BREAK,394.57,379.07,15.5,15.5,6
1254,1,2023-12-01,,CASH_BALANCE_BREAK,-1607.54,-2607.54,1000.0,1000.0,0
1255,1,2021-05-18,,CASH_BALANCE_BREAK,-405.94,-1405.94,1000.0,1000.0,0
1256,5,2021-08-26,,CASH_BALANCE_BREAK,260.88,510.88,-250.0,250.0,4
1257,2,2022-11-07,,CASH_BALANCE_BREAK,-878.48,-880.98,2.5,2.5,1
1258,6,2022-01-24,,CASH_BALANCE_BREAK,-672.7,-688.2,15.5,15.5,6
1259,1,2022-10-04,,CASH_BALANCE_BREAK,-1358.81,-2358.81,1000.0,1000.0,0
1260,5,2022-10-02,,CASH_BALANCE_BREAK,4464.85,4714.85,-250.0,250.0,4
1261,1,2021-10-25,,CASH_BALANCE_BREAK,-927.71,-1927.71,1000.0,1000.0,0
1262,2,2022-06-15,,CASH_BALANCE_BREAK,-520.25,-522.75,2.5,2.5,1
1263,5,2023-03-21,,CASH_BALANCE_BREAK,5646.75,5896.75,-250.0,250.0,4
1264,6,2023-03-21,,CASH_BALANCE_BREAK,-1810.04,-1825.54,15.5,15.5,6
1265,5,2022-06-29,,CASH_BALANCE_BREAK,4501.34,4751.34,-250.0,250.0,4
1266,2,2021-09-07,,CASH_BALANCE_BREAK,-1377.17,-1379.67,2.5,2.5,1
1267,6,2022-08-24,,CASH_BALANCE_BREAK,-1581.71,-1597.21,15.5,15.5,6
1268,2,2022-10-10,,CASH_BALANCE_BREAK,-884.91,-887.41,2.5,2.5,1
1269,2,2022-12-17,,CASH_BALANCE_BREAK,-936.87,-939.37,2.5,2.5,1
1270,1,2024-03-11,,CASH_BALANCE_BREAK,-1898.72,-2898.72,1000.0,1000.0,0
1271,2,2021-12-14,,CASH_BALANCE_BREAK,-1337.29,-1339.79,2.5,2.5,1
1272,1,2022-02-02,,CASH_BALANCE_BREAK,-1022.78,-2022.78,1000.0,1000.0,0
1273,2,2022-02-02,,CASH_BALANCE_BREAK,-1379.51,-1382.01,2.5,2.5,1
1274,5,2023-11-20,,CASH_BALANCE_BREAK,6496.48,6746.48,-250.0,250.0,4
1275,2,2023-12-05,,CASH_BALANCE_BREAK,-556.11,-558.61,2.5,2.5,1
1276,5,2023-10-06,,CASH_BALANCE_BREAK,6126.15,6376.15,-250.0,250.0,4
1277,5,2023-12-14,,CASH_BALANCE_BREAK,6058.54,6308.54,-250.0,250.0,4
1278,1,2023-03-27,,CASH_BALANCE_BREAK,-1254.78,-2254.78,1000.0,1000.0,0
1279,5,2023-03-26,,CASH_BALANCE_BREAK,5646.75,5896.75,-250.0,250.0,4
1280,2,2022-08-28,,CASH_BALANCE_BREAK,-783.61,-786.11,2.5,2.5,1
1281,1,2022-08-30,,CASH_BALANCE_BREAK,-1283.39,-2283.39,1000.0,1000.0,0
1282,6,2023-06-04,,CASH_BALANCE_BREAK,-1121.48,-1136.98,15.5,15.5,6
1283,5,2022-07-10,,CASH_BALANCE_BREAK,4501.34,4751.34,-250.0,250.0,4
1284,6,2022-10-16,,CASH_BALANCE_BREAK,-1500.64,-1516.14,15.5,15.5,6
1285,2,2023-06-02,,CASH_BALANCE_BREAK,-437.34,-439.84,2.5,2.5,1
1286,1,2021-06-12,,CASH_BALANCE_BREAK,-565.72,-1565.72,1000.0,1000.0,0
1287,1,2021-08-16,,CASH_BALANCE_BREAK,-684.54,-1684.54,1000.0,1000.0,0
1288,5,2024-06-16,,CASH_BALANCE_BREAK,8066.02,8316.02,-250.0,250.0,4
1289,2,2023-06-18,,CASH_BALANCE_BREAK,-437.34,-439.84,2.5,2.5,1
1290,2,2023-07-23,,CASH_BALANCE_BREAK,-542.39,-544.89,2.5,2.5,1
1291,5,2023-07-23,,CASH_BALANCE_BREAK,6022.59,6272.59,-250.0,250.0,4
1292,1,2023-07-01,,CASH_BALANCE_BREAK,-3043.21,-4043.21,1000.0,1000.0,0
1293,1,2023-06-05,,CASH_BALANCE_BREAK,-2796.17,-3796.17,1000.0,1000.0,0
1294,6,2022-10-05,,CASH_BALANCE_BREAK,-1500.64,-1516.14,15.5,15.5,6
1295,2,2023-01-08,,CASH_BALANCE_BREAK,-936.56,-939.06,2.5,2.5,1
1296,1,2022-03-06,,CASH_BALANCE_BREAK,-1016.87,-2016.87,1000.0,1000.0,0
1297,1,2021-05-05,,CASH_BALANCE_BREAK,-405.94,-1405.94,1000.0,1000.0,0
1298,2,2022-01-18,,CASH_BALANCE_BREAK,-1328.37,-1330.87,2.5,2.5,1
1299,1,2022-03-01,,CASH_BALANCE_BREAK,-1016.87,-2016.87,1000.0,1000.0,0
1300,5,2022-03-02,,CASH_BALANCE_BREAK,1380.44,1630.44,-250.0,250.0,4
1301,2,2022-01-17,,CASH_BALANCE_BREAK,-1328.37,-1330.87,2.5,2.5,1
1302,5,2022-04-21,,CASH_BALANCE_BREAK,3198.78,3448.78,-250.0,250.0,4
1303,1,2022-04-22,,CASH_BALANCE_BREAK,-994.68,-1994.68,1000.0,1000.0,0
1304,2,2021-04-22,,CASH_BALANCE_BREAK,-1272.68,-1275.18,2.5,2.5,1
1305,1,2021-06-14,,CASH_BALANCE_BREAK,-565.72,-1565.72,1000.0,1000.0,0
1306,2,2022-03-30,,CASH_BALANCE_BREAK,-1369.24,-1371.74,2.5,2.5,1
1307,1,2022-03-09,,CASH_BALANCE_BREAK,-1016.87,-2016.87,1000.0,1000.0,0
1308,6,2022-09-28,,CASH_BALANCE_BREAK,-1481.71,-1497.21,15.5,15.5,6
1309,2,2022-12-28,,CASH_BALANCE_BREAK,-936.87,-939.37,2.5,2.5,1
1310,1,2021-02-09,,CASH_BALANCE_BREAK,-380.07,-1380.07,1000.0,1000.0,0
1311,1,2022-02-16,,CASH_BALANCE_BREAK,-1022.78,-2022.78,1000.0,1000.0,0
1312,2,2022-09-05,,CASH_BALANCE_BREAK,-783.61,-786.11,2.5,2.5,1
1313,2,2021-08-19,,CASH_BALANCE_BREAK,-1251.53,-1254.03,2.5,2.5,1
1314,1,2022-04-30,,CASH_BALANCE_BREAK,-1045.54,-2045.54,1000.0,1000.0,0
1315,1,2021-04-28,,CASH_BALANCE_BREAK,-1005.94,-2005.94,1000.0,1000.0,0
1316,1,2021-10-27,,CASH_BALANCE_BREAK,-1058.56,-2058.56,1000.0,1000.0,0
1317,5,2023-01-21,,CASH_BALANCE_BREAK,5572.82,5822.82,-250.0,250.0,4
1318,5,2021-09-16,,CASH_BALANCE_BREAK,262.96,512.96,-250.0,250.0,4
1319,6,2022-02-25,,CASH_BALANCE_BREAK,-635.5,-651.0,15.5,15.5,6
1320,6,2022-07-26,,CASH_BALANCE_BREAK,-1584.25,-1599.75,15.5,15.5,6
1321,5,2022-09-14,,CASH_BALANCE_BREAK,4456.74,4706.74,-250.0,250.0,4
1322,1,2022-07-16,,CASH_BALANCE_BREAK,-1381.37,-2381.37,1000.0,1000.0,0
1323,6,2024-01-25,,CASH_BALANCE_BREAK,-77.24,-92.74,15.5,15.5,6
1324,1,2023-04-20,,CASH_BALANCE_BREAK,-2787.46,-3787.46,1000.0,1000.0,0
1325,5,2023-08-21,,CASH_BALANCE_BREAK,6054.3,6304.3,-250.0,250.0,4
1326,1,2023-09-29,,CASH_BALANCE_BREAK,-1045.14,-2045.14,1000.0,1000.0,0
1327,6,2023-08-24,,CASH_BALANCE_BREAK,-1465.26,-1480.76,15.5,15.5,6
1328,6,2023-03-10,,CASH_BALANCE_BREAK,-1823.87,-1839.37,15.5,15.5,6
1329,6,2023-03-11,,CASH_BALANCE_BREAK,-1823.87,-1839.37,15.5,15.5,6
1330,2,2023-08-26,,CASH_BALANCE_BREAK,-578.1,-580.6,2.5,2.5,1
1331,1,2023-12-04,,CASH_BALANCE_BREAK,-1607.54,-2607.54,1000.0,1000.0,0
1332,2,2023-12-04,,CASH_BALANCE_BREAK,-556.11,-558.61,2.5,2.5,1
1333,6,2023-08-25,,CASH_BALANCE_BREAK,-1465.26,-1480.76,15.5,15.5,6
1334,2,2023-09-16,,CASH_BALANCE_BREAK,-571.16,-573.66,2.5,2.5,1
1335,2,2022-05-30,,CASH_BALANCE_BREAK,-520.25,-522.75,2.5,2.5,1
1336,6,2022-10-26,,CASH_BALANCE_BREAK,-1500.64,-1516.14,15.5,15.5,6
1337,2,2021-02-21,,CASH_BALANCE_BREAK,-1588.82,-1591.32,2.5,2.5,1
1338,2,2023-08-31,,CASH_BALANCE_BREAK,-578.1,-580.6,2.5,2.5,1
1339,1,2023-09-18,,CASH_BALANCE_BREAK,-1062.8,-2062.8,1000.0,1000.0,0
1340,6,2023-10-19,,CASH_BALANCE_BREAK,512.84,497.34,15.5,15.5,6
1341,5,2023-10-27,,CASH_BALANCE_BREAK,6840.26,7090.26,-250.0,250.0,4
1342,5,2023-11-22,,CASH_BALANCE_BREAK,6496.48,6746.48,-250.0,250.0,4
1343,1,2023-11-05,,CASH_BALANCE_BREAK,-1040.9,-2040.9,1000.0,1000.0,0
1344,6,2024-01-04,,CASH_BALANCE_BREAK,-79.65,-95.15,15.5,15.5,6
1345,2,2023-04-21,,CASH_BALANCE_BREAK,-133.53,-136.03,2.5,2.5,1
1346,2,2024-01-19,,CASH_BALANCE_BREAK,-556.1,-558.6,2.5,2.5,1
1347,2,2024-02-06,,CASH_BALANCE_BREAK,-556.1,-558.6,2.5,2.5,1
1348,1,2024-03-03,,CASH_BALANCE_BREAK,-1680.97,-2680.97,1000.0,1000.0,0
1349,5,2024-05-23,,CASH_BALANCE_BREAK,7933.08,8183.08,-250.0,250.0,4
1350,5,2023-08-14,,CASH_BALANCE_BREAK,6022.59,6272.59,-250.0,250.0,4
1351,6,2023-10-24,,CASH_BALANCE_BREAK,512.85,497.35,15.5,15.5,6
1352,6,2023-11-02,,CASH_BALANCE_BREAK,512.85,497.35,15.5,15.5,6
1353,1,2023-02-08,,CASH_BALANCE_BREAK,-1267.32,-2267.32,1000.0,1000.0,0
1354,2,2023-07-15,,CASH_BALANCE_BREAK,-742.39,-744.89,2.5,2.5,1
1355,2,2023-08-23,,CASH_BALANCE_BREAK,-578.1,-580.6,2.5,2.5,1
1356,2,2023-10-20,,CASH_BALANCE_BREAK,-40.89,-43.39,2.5,2.5,1
1357,1,2023-11-15,,CASH_BALANCE_BREAK,-1426.22,-2426.22,1000.0,1000.0,0
1358,6,2023-09-09,,CASH_BALANCE_BREAK,-1465.26,-1480.76,15.5,15.5,6
1359,1,2021-06-19,,CASH_BALANCE_BREAK,-565.72,-1565.72,1000.0,1000.0,0
1360,5,2022-08-13,,CASH_BALANCE_BREAK,4451.23,4701.23,-250.0,250.0,4
1361,6,2022-08-13,,CASH_BALANCE_BREAK,-1584.25,-1599.75,15.5,15.5,6
1362,6,2022-05-02,,CASH_BALANCE_BREAK,-1340.99,-1356.49,15.5,15.5,6
1363,5,2022-05-07,,CASH_BALANCE_BREAK,3201.34,3451.34,-250.0,250.0,4
1364,6,2022-05-07,,CASH_BALANCE_BREAK,-1340.99,-1356.49,15.5,15.5,6
1365,5,2022-06-27,,CASH_BALANCE_BREAK,3501.34,3751.34,-250.0,250.0,4
1366,5,2022-12-29,,CASH_BALANCE_BREAK,5564.78,5814.78,-250.0,250.0,4
1367,1,2022-10-22,,CASH_BALANCE_BREAK,-1358.81,-2358.81,1000.0,1000.0,0
1368,6,2022-07-21,,CASH_BALANCE_BREAK,-1598.51,-1614.01,15.5,15.5,6
1369,5,2022-10-24,,CASH_BALANCE_BREAK,4341.62,4591.62,-250.0,250.0,4
1370,6,2022-10-24,,CASH_BALANCE_BREAK,-1500.64,-1516.14,15.5,15.5,6
1371,2,2021-09-05,,CASH_BALANCE_BREAK,-1377.17,-1379.67,2.5,2.5,1
1372,1,2022-07-03,,CASH_BALANCE_BREAK,-1381.37,-2381.37,1000.0,1000.0,0
1373,1,2022-06-15,,CASH_BALANCE_BREAK,-1284.32,-2284.32,1000.0,1000.0,0
1374,5,2022-12-05,,CASH_BALANCE_BREAK,5564.78,5814.78,-250.0,250.0,4
1375,5,2021-09-08,,CASH_BALANCE_BREAK,262.96,512.96,-250.0,250.0,4
1376,5,2023-04-30,,CASH_BALANCE_BREAK,6491.22,6741.22,-250.0,250.0,4
1377,1,2021-09-01,,CASH_BALANCE_BREAK,-933.76,-1933.76,1000.0,1000.0,0
1378,1,2021-08-06,,CASH_BALANCE_BREAK,-684.54,-1684.54,1000.0,1000.0,0
1379,1,2022-01-04,,CASH_BALANCE_BREAK,-1051.39,-2051.39,1000.0,1000.0,0
1380,2,2021-06-27,,CASH_BALANCE_BREAK,-1253.05,-1255.55,2.5,2.5,1
1381,2,2021-09-28,,CASH_BALANCE_BREAK,-1377.17,-1379.67,2.5,2.5,1
1382,1,2022-05-08,,CASH_BALANCE_BREAK,-1045.54,-2045.54,1000.0,1000.0,0
1383,6,2022-05-08,,CASH_BALANCE_BREAK,-1340.99,-1356.49,15.5,15.5,6
1384,1,2022-06-28,,CASH_BALANCE_BREAK,-1381.37,-2381.37,1000.0,1000.0,0
1385,2,2022-06-28,,CASH_BALANCE_BREAK,-615.08,-617.58,2.5,2.5,1
1386,2,2021-04-14,,CASH_BALANCE_BREAK,-1790.68,-1793.18,2.5,2.5,1
1387,1,2022-04-01,,CASH_BALANCE_BREAK,-1012.66,-2012.66,1000.0,1000.0,0
1388,2,2022-05-20,,CASH_BALANCE_BREAK,-520.25,-522.75,2.5,2.5,1
1389,6,2023-01-22,,CASH_BALANCE_BREAK,-1722.08,-1737.58,15.5,15.5,6
1390,1,2022-02-13,,CASH_BALANCE_BREAK,-1022.78,-2022.78,1000.0,1000.0,0
1391,6,2022-07-13,,CASH_BALANCE_BREAK,-1598.51,-1614.01,15.5,15.5,6
1392,5,2023-06-03,,CASH_BALANCE_BREAK,6439.8,6689.8,-250.0,250.0,4
1393,5,2023-06-13,,CASH_BALANCE_BREAK,6439.8,6689.8,-250.0,250.0,4
1394,2,2022-03-22,,CASH_BALANCE_BREAK,-1369.24,-1371.74,2.5,2.5,1
1395,2,2023-06-21,,CASH_BALANCE_BREAK,-437.34,-439.84,2.5,2.5,1
1396,2,2022-08-04,,CASH_BALANCE_BREAK,-699.26,-701.76,2.5,2.5,1
1397,2,2022-12-04,,CASH_BALANCE_BREAK,-936.87,-939.37,2.5,2.5,1
1398,6,2022-10-18,,CASH_BALANCE_BREAK,-1500.64,-1516.14,15.5,15.5,6
1399,2,2022-12-06,,CASH_BALANCE_BREAK,-936.87,-939.37,2.5,2.5,1
1400,1,2023-01-15,,CASH_BALANCE_BREAK,-1229.65,-2229.65,1000.0,1000.0,0
1401,5,2021-08-21,,CASH_BALANCE_BREAK,260.88,510.88,-250.0,250.0,4
1402,2,2021-09-23,,CASH_BALANCE_BREAK,-1377.17,-1379.67,2.5,2.5,1
1403,5,2021-12-25,,CASH_BALANCE_BREAK,1868.52,2118.52,-250.0,250.0,4
1404,5,2022-03-26,,CASH_BALANCE_BREAK,1380.44,1630.44,-250.0,250.0,4
1405,2,2022-02-23,,CASH_BALANCE_BREAK,-1379.51,-1382.01,2.5,2.5,1
1406,2,2021-07-19,,CASH_BALANCE_BREAK,-1266.11,-1268.61,2.5,2.5,1
1407,5,2021-12-15,,CASH_BALANCE_BREAK,1168.52,1418.52,-250.0,250.0,4
1408,6,2022-02-04,,CASH_BALANCE_BREAK,-635.5,-651.0,15.5,15.5,6
1409,1,2022-08-07,,CASH_BALANCE_BREAK,-1283.39,-2283.39,1000.0,1000.0,0
1410,1,2022-09-26,,CASH_BALANCE_BREAK,-1365.4,-2365.4,1000.0,1000.0,0
1411,6,2022-09-20,,CASH_BALANCE_BREAK,-1481.71,-1497.21,15.5,15.5,6
1412,6,2022-10-21,,CASH_BALANCE_BREAK,-1500.64,-1516.14,15.5,15.5,6
1413,2,2023-02-22,,CASH_BALANCE_BREAK,-820.18,-822.68,2.5,2.5,1
1414,6,2023-02-15,,CASH_BALANCE_BREAK,-1715.32,-1730.82,15.5,15.5,6
1415,1,2023-03-28,,CASH_BALANCE_BREAK,-1254.78,-2254.78,1000.0,1000.0,0
1416,1,2021-03-08,,CASH_BALANCE_BREAK,-919.27,-1919.27,1000.0,1000.0,0
1417,2,2021-03-08,,CASH_BALANCE_BREAK,-1588.82,-1591.32,2.5,2.5,1
1418,1,2021-08-01,,CASH_BALANCE_BREAK,-684.54,-1684.54,1000.0,1000.0,0
1419,1,2021-08-14,,CASH_BALANCE_BREAK,-684.54,-1684.54,1000.0,1000.0,0
1420,2,2021-08-14,,CASH_BALANCE_BREAK,-1262.66,-1265.16,2.5,2.5,1
1421,1,2021-05-21,,CASH_BALANCE_BREAK,-405.94,-1405.94,1000.0,1000.0,0
1422,1,2022-02-21,,CASH_BALANCE_BREAK,-1022.78,-2022.78,1000.0,1000.0,0
1423,6,2022-11-03,,CASH_BALANCE_BREAK,-1484.66,-1500.16,15.5,15.5,6
1424,5,2022-03-07,,CASH_BALANCE_BREAK,1380.44,1630.44,-250.0,250.0,4
1425,1,2021-08-17,,CASH_BALANCE_BREAK,-680.19,-1680.19,1000.0,1000.0,0
1426,5,2021-11-11,,CASH_BALANCE_BREAK,768.52,1018.52,-250.0,250.0,4
1427,2,2022-07-27,,CASH_BALANCE_BREAK,-699.26,-701.76,2.5,2.5,1
1428,1,2022-11-20,,CASH_BALANCE_BREAK,-1283.85,-2283.85,1000.0,1000.0,0
1429,6,2022-11-20,,CASH_BALANCE_BREAK,-1484.66,-1500.16,15.5,15.5,6
1430,2,2023-01-02,,CASH_BALANCE_BREAK,-936.56,-939.06,2.5,2.5,1
1431,1,2021-07-21,,CASH_BALANCE_BREAK,-684.54,-1684.54,1000.0,1000.0,0
1432,1,2022-05-16,,CASH_BALANCE_BREAK,-1045.54,-2045.54,1000.0,1000.0,0
1433,2,2022-03-17,,CASH_BALANCE_BREAK,-1369.24,-1371.74,2.5,2.5,1
1434,5,2021-10-21,,CASH_BALANCE_BREAK,762.96,1012.96,-250.0,250.0,4
1435,1,2021-12-09,,CASH_BALANCE_BREAK,-1047.58,-2047.58,1000.0,1000.0,0
1436,2,2021-12-09,,CASH_BALANCE_BREAK,-1337.29,-1339.79,2.5,2.5,1
1437,6,2022-03-18,,CASH_BALANCE_BREAK,-635.26,-650.76,15.5,15.5,6
1438,2,2022-07-30,,CASH_BALANCE_BREAK,-699.26,-701.76,2.5,2.5,1
1439,5,2022-07-31,,CASH_BALANCE_BREAK,4451.23,4701.23,-250.0,250.0,4
1440,6,2022-11-09,,CASH_BALANCE_BREAK,-1484.66,-1500.16,15.5,15.5,6
1441,2,2021-09-15,,CASH_BALANCE_BREAK,-1377.17,-1379.67,2.5,2.5,1
1442,1,2021-03-18,,CASH_BALANCE_BREAK,-918.03,-1918.03,1000.0,1000.0,0
1443,1,2021-11-04,,CASH_BALANCE_BREAK,-1058.56,-2058.56,1000.0,1000.0,0
1444,1,2021-11-30,,CASH_BALANCE_BREAK,-1047.58,-2047.58,1000.0,1000.0,0
1445,1,2021-10-30,,CASH_BALANCE_BREAK,-1058.56,-2058.56,1000.0,1000.0,0
1446,2,2021-11-25,,CASH_BALANCE_BREAK,-1337.29,-1339.79,2.5,2.5,1
1447,2,2021-11-26,,CASH_BALANCE_BREAK,-1337.29,-1339.79,2.5,2.5,1
1448,2,2021-10-06,,CASH_BALANCE_BREAK,-1358.34,-1360.84,2.5,2.5,1
1449,6,2022-03-10,,CASH_BALANCE_BREAK,-635.26,-650.76,15.5,15.5,6
1450,5,2022-08-03,,CASH_BALANCE_BREAK,4451.23,4701.23,-250.0,250.0,4
1451,5,2022-08-05,,CASH_BALANCE_BREAK,4451.23,4701.23,-250.0,250.0,4
1452,1,2022-11-15,,CASH_BALANCE_BREAK,-1283.85,-2283.85,1000.0,1000.0,0
1453,1,2022-12-27,,CASH_BALANCE_BREAK,-1255.61,-2255.61,1000.0,1000.0,0
1454,6,2023-02-26,,CASH_BALANCE_BREAK,-1823.87,-1839.37,15.5,15.5,6
1455,1,2022-11-02,,CASH_BALANCE_BREAK,-1283.85,-2283.85,1000.0,1000.0,0
1456,1,2022-11-04,,CASH_BALANCE_BREAK,-1283.85,-2283.85,1000.0,1000.0,0
1457,5,2023-03-24,,CASH_BALANCE_BREAK,5646.75,5896.75,-250.0,250.0,4
1458,5,2023-11-02,,CASH_BALANCE_BREAK,6840.26,7090.26,-250.0,250.0,4
1459,5,2023-10-20,,CASH_BALANCE_BREAK,6840.25,7090.25,-250.0,250.0,4
1460,5,2022-07-22,,CASH_BALANCE_BREAK,4451.23,4701.23,-250.0,250.0,4
1461,5,2022-12-11,,CASH_BALANCE_BREAK,5564.78,5814.78,-250.0,250.0,4
1462,5,2023-11-08,,CASH_BALANCE_BREAK,6840.26,7090.26,-250.0,250.0,4
1463,1,2023-11-14,,CASH_BALANCE_BREAK,-1426.22,-2426.22,1000.0,1000.0,0
1464,2,2023-11-15,,CASH_BALANCE_BREAK,-125.51,-128.01,2.5,2.5,1
1465,6,2023-10-21,,CASH_BALANCE_BREAK,512.84,497.34,15.5,15.5,6
1466,2,2023-12-01,,CASH_BALANCE_BREAK,-556.11,-558.61,2.5,2.5,1
1467,5,2023-12-01,,CASH_BALANCE_BREAK,6058.54,6308.54,-250.0,250.0,4
1468,1,2021-02-14,,CASH_BALANCE_BREAK,-230.07,-1230.07,1000.0,1000.0,0
1469,2,2021-05-18,,CASH_BALANCE_BREAK,-1271.28,-1273.78,2.5,2.5,1
1470,6,2022-04-28,,CASH_BALANCE_BREAK,-1340.99,-1356.49,15.5,15.5,6
1471,6,2022-11-07,,CASH_BALANCE_BREAK,-1484.66,-1500.16,15.5,15.5,6
1472,5,2022-01-06,,CASH_BALANCE_BREAK,1374.55,1624.55,-250.0,250.0,4
1473,2,2022-01-24,,CASH_BALANCE_BREAK,-1328.37,-1330.87,2.5,2.5,1
1474,1,2021-07-07,,CASH_BALANCE_BREAK,-592.19,-1592.19,1000.0,1000.0,0
1475,1,2022-05-02,,CASH_BALANCE_BREAK,-1045.54,-2045.54,1000.0,1000.0,0
1476,6,2022-09-10,,CASH_BALANCE_BREAK,-1581.71,-1597.21,15.5,15.5,6
1477,1,2022-10-24,,CASH_BALANCE_BREAK,-1358.81,-2358.81,1000.0,1000.0,0
1478,5,2021-10-25,,CASH_BALANCE_BREAK,762.96,1012.96,-250.0,250.0,4
1479,5,2022-07-03,,CASH_BALANCE_BREAK,4501.34,4751.34,-250.0,250.0,4
1480,5,2022-06-15,,CASH_BALANCE_BREAK,3501.34,3751.34,-250.0,250.0,4
1481,1,2022-12-05,,CASH_BALANCE_BREAK,-1255.61,-2255.61,1000.0,1000.0,0
1482,1,2023-03-21,,CASH_BALANCE_BREAK,-1254.78,-2254.78,1000.0,1000.0,0
1483,1,2022-06-29,,CASH_BALANCE_BREAK,-1381.37,-2381.37,1000.0,1000.0,0
1484,2,2022-06-29,,CASH_BALANCE_BREAK,-615.08,-617.58,2.5,2.5,1
1485,2,2021-12-16,,CASH_BALANCE_BREAK,-1337.29,-1339.79,2.5,2.5,1
1486,2,2022-08-24,,CASH_BALANCE_BREAK,-783.61,-786.11,2.5,2.5,1
1487,1,2022-11-25,,CASH_BALANCE_BREAK,-1283.85,-2283.85,1000.0,1000.0,0
1488,2,2022-11-25,,CASH_BALANCE_BREAK,-878.48,-880.98,2.5,2.5,1
1489,1,2022-10-10,,CASH_BALANCE_BREAK,-1358.81,-2358.81,1000.0,1000.0,0
1490,5,2024-01-13,,CASH_BALANCE_BREAK,6058.54,6308.54,-250.0,250.0,4
1491,1,2024-01-22,,CASH_BALANCE_BREAK,-1680.98,-2680.98,1000.0,1000.0,0
1492,6,2024-01-19,,CASH_BALANCE_BREAK,-77.24,-92.74,15.5,15.5,6
1493,5,2024-02-08,,CASH_BALANCE_BREAK,6058.55,6308.55,-250.0,250.0,4
1494,1,2024-03-10,,CASH_BALANCE_BREAK,-2093.25,-3093.25,1000.0,1000.0,0
1495,5,2024-04-04,,CASH_BALANCE_BREAK,7046.34,7296.34,-250.0,250.0,4
1496,5,2024-05-08,,CASH_BALANCE_BREAK,7560.0,7810.0,-250.0,250.0,4
1497,1,2024-05-23,,CASH_BALANCE_BREAK,-585.69,-1585.69,1000.0,1000.0,0
1498,6,2022-12-17,,CASH_BALANCE_BREAK,-1739.01,-1754.51,15.5,15.5,6
1499,1,2021-07-31,,CASH_BALANCE_BREAK,-684.54,-1684.54,1000.0,1000.0,0
1500,2,2021-07-31,,CASH_BALANCE_BREAK,-1262.66,-1265.16,2.5,2.5,1
1501,2,2023-09-25,,CASH_BALANCE_BREAK,-568.4,-570.9,2.5,2.5,1
1502,1,2023-10-22,,CASH_BALANCE_BREAK,-1040.9,-2040.9,1000.0,1000.0,0
1503,2,2023-12-09,,CASH_BALANCE_BREAK,-556.11,-558.61,2.5,2.5,1
1504,1,2023-12-14,,CASH_BALANCE_BREAK,-1607.54,-2607.54,1000.0,1000.0,0
1505,1,2021-02-03,,CASH_BALANCE_BREAK,-380.07,-1380.07,1000.0,1000.0,0
1506,2,2021-11-22,,CASH_BALANCE_BREAK,-1337.29,-1339.79,2.5,2.5,1
1507,2,2021-11-27,,CASH_BALANCE_BREAK,-1337.29,-1339.79,2.5,2.5,1
1508,1,2021-09-27,,CASH_BALANCE_BREAK,-933.76,-1933.76,1000.0,1000.0,0
1509,2,2021-03-31,,CASH_BALANCE_BREAK,-1584.47,-1586.97,2.5,2.5,1
1510,1,2021-11-06,,CASH_BALANCE_BREAK,-1058.56,-2058.56,1000.0,1000.0,0
1511,5,2021-11-06,,CASH_BALANCE_BREAK,768.52,1018.52,-250.0,250.0,4
1512,5,2021-12-24,,CASH_BALANCE_BREAK,1868.52,2118.52,-250.0,250.0,4
1513,2,2023-06-12,,CASH_BALANCE_BREAK,-437.34,-439.84,2.5,2.5,1
1514,1,2023-07-23,,CASH_BALANCE_BREAK,-859.19,-1859.19,1000.0,1000.0,0
1515,5,2023-07-01,,CASH_BALANCE_BREAK,6202.36,6452.36,-250.0,250.0,4
1516,5,2021-11-15,,CASH_BALANCE_BREAK,768.52,1018.52,-250.0,250.0,4
1517,6,2023-06-05,,CASH_BALANCE_BREAK,-1121.48,-1136.98,15.5,15.5,6
1518,2,2023-02-07,,CASH_BALANCE_BREAK,-843.15,-845.65,2.5,2.5,1
1519,2,2023-01-11,,CASH_BALANCE_BREAK,-936.56,-939.06,2.5,2.5,1
1520,2,2022-04-03,,CASH_BALANCE_BREAK,-1362.36,-1364.86,2.5,2.5,1
1521,1,2022-05-23,,CASH_BALANCE_BREAK,-1284.32,-2284.32,1000.0,1000.0,0
1522,2,2022-05-23,,CASH_BALANCE_BREAK,-520.25,-522.75,2.5,2.5,1
1523,5,2022-12-01,,CASH_BALANCE_BREAK,4230.23,4480.23,-250.0,250.0,4
1524,1,2023-04-06,,CASH_BALANCE_BREAK,-1437.14,-2437.14,1000.0,1000.0,0
1525,2,2023-07-03,,CASH_BALANCE_BREAK,-649.08,-651.58,2.5,2.5,1
1526,5,2023-07-03,,CASH_BALANCE_BREAK,6202.36,6452.36,-250.0,250.0,4
1527,6,2023-07-06,,CASH_BALANCE_BREAK,-1164.51,-1180.01,15.5,15.5,6
1528,6,2023-05-30,,CASH_BALANCE_BREAK,-1121.48,-1136.98,15.5,15.5,6
1529,1,2022-11-27,,CASH_BALANCE_BREAK,-1283.85,-2283.85,1000.0,1000.0,0
1530,1,2022-09-11,,CASH_BALANCE_BREAK,-1283.39,-2283.39,1000.0,1000.0,0
1531,2,2023-07-29,,CASH_BALANCE_BREAK,-542.39,-544.89,2.5,2.5,1
1532,1,2023-08-08,,CASH_BALANCE_BREAK,-859.19,-1859.19,1000.0,1000.0,0
1533,2,2023-02-09,,CASH_BALANCE_BREAK,-843.15,-845.65,2.5,2.5,1
1534,1,2023-07-26,,CASH_BALANCE_BREAK,-859.19,-1859.19,1000.0,1000.0,0
1535,5,2022-12-12,,CASH_BALANCE_BREAK,5564.78,5814.78,-250.0,250.0,4
1536,5,2023-08-18,,CASH_BALANCE_BREAK,6054.3,6304.3,-250.0,250.0,4
1537,5,2023-10-07,,CASH_BALANCE_BREAK,6126.15,6376.15,-250.0,250.0,4
1538,1,2023-01-03,,CASH_BALANCE_BREAK,-1229.65,-2229.65,1000.0,1000.0,0
1539,2,2022-06-11,,CASH_BALANCE_BREAK,-520.25,-522.75,2.5,2.5,1
1540,5,2021-09-01,,CASH_BALANCE_BREAK,260.88,510.88,-250.0,250.0,4
1541,1,2022-04-11,,CASH_BALANCE_BREAK,-994.68,-1994.68,1000.0,1000.0,0
1542,5,2023-01-12,,CASH_BALANCE_BREAK,5572.82,5822.82,-250.0,250.0,4
1543,2,2021-08-08,,CASH_BALANCE_BREAK,-1262.66,-1265.16,2.5,2.5,1
1544,2,2021-11-16,,CASH_BALANCE_BREAK,-1341.01,-1343.51,2.5,2.5,1
1545,6,2022-06-28,,CASH_BALANCE_BREAK,-1437.52,-1453.02,15.5,15.5,6
1546,5,2021-11-09,,CASH_BALANCE_BREAK,768.52,1018.52,-250.0,250.0,4
1547,2,2021-11-11,,CASH_BALANCE_BREAK,-1341.01,-1343.51,2.5,2.5,1
1548,2,2022-03-31,,CASH_BALANCE_BREAK,-1369.24,-1371.74,2.5,2.5,1
1549,5,2022-04-01,,CASH_BALANCE_BREAK,1389.5,1639.5,-250.0,250.0,4
1550,5,2022-07-14,,CASH_BALANCE_BREAK,4501.34,4751.34,-250.0,250.0,4
1551,2,2023-05-03,,CASH_BALANCE_BREAK,-188.49,-190.99,2.5,2.5,1
1552,5,2023-05-03,,CASH_BALANCE_BREAK,6491.22,6741.22,-250.0,250.0,4
1553,5,2021-11-04,,CASH_BALANCE_BREAK,768.52,1018.52,-250.0,250.0,4
1554,5,2022-02-13,,CASH_BALANCE_BREAK,1376.68,1626.68,-250.0,250.0,4
1555,1,2022-12-02,,CASH_BALANCE_BREAK,-1255.61,-2255.61,1000.0,1000.0,0
1556,2,2023-06-03,,CASH_BALANCE_BREAK,-437.34,-439.84,2.5,2.5,1
1557,5,2022-09-23,,CASH_BALANCE_BREAK,4464.85,4714.85,-250.0,250.0,4
1558,6,2022-09-23,,CASH_BALANCE_BREAK,-1481.71,-1497.21,15.5,15.5,6
1559,1,2023-01-14,,CASH_BALANCE_BREAK,-1229.65,-2229.65,1000.0,1000.0,0
1560,2,2023-01-14,,CASH_BALANCE_BREAK,-936.56,-939.06,2.5,2.5,1
1561,2,2022-10-18,,CASH_BALANCE_BREAK,-884.91,-887.41,2.5,2.5,1
1562,1,2021-12-23,,CASH_BALANCE_BREAK,-1072.2,-2072.2,1000.0,1000.0,0
1563,2,2022-09-27,,CASH_BALANCE_BREAK,-890.06,-892.56,2.5,2.5,1
1564,5,2023-03-04,,CASH_BALANCE_BREAK,5626.14,5876.14,-250.0,250.0,4
1565,2,2022-09-20,,CASH_BALANCE_BREAK,-890.06,-892.56,2.5,2.5,1
1566,5,2022-09-04,,CASH_BALANCE_BREAK,4456.74,4706.74,-250.0,250.0,4
1567,5,2023-01-13,,CASH_BALANCE_BREAK,5572.82,5822.82,-250.0,250.0,4
1568,6,2023-01-13,,CASH_BALANCE_BREAK,-1722.08,-1737.58,15.5,15.5,6
1569,2,2022-04-24,,CASH_BALANCE_BREAK,-290.33,-292.83,2.5,2.5,1
1570,1,2023-02-22,,CASH_BALANCE_BREAK,-1261.89,-2261.89,1000.0,1000.0,0
1571,6,2023-05-22,,CASH_BALANCE_BREAK,-783.59,-799.09,15.5,15.5,6
1572,1,2021-06-10,,CASH_BALANCE_BREAK,-565.72,-1565.72,1000.0,1000.0,0
1573,2,2021-06-24,,CASH_BALANCE_BREAK,-1253.05,-1255.55,2.5,2.5,1
1574,6,2022-03-03,,CASH_BALANCE_BREAK,-635.26,-650.76,15.5,15.5,6
1575,1,2021-06-23,,CASH_BALANCE_BREAK,-565.72,-1565.72,1000.0,1000.0,0
1576,2,2021-06-23,,CASH_BALANCE_BREAK,-1253.05,-1255.55,2.5,2.5,1
1577,5,2021-08-22,,CASH_BALANCE_BREAK,260.88,510.88,-250.0,250.0,4
1578,2,2021-11-30,,CASH_BALANCE_BREAK,-1337.29,-1339.79,2.5,2.5,1
1579,5,2021-10-14,,CASH_BALANCE_BREAK,762.96,1012.96,-250.0,250.0,4
1580,5,2021-10-30,,CASH_BALANCE_BREAK,768.52,1018.52,-250.0,250.0,4
1581,5,2021-10-06,,CASH_BALANCE_BREAK,762.96,1012.96,-250.0,250.0,4
1582,1,2021-12-05,,CASH_BALANCE_BREAK,-1047.58,-2047.58,1000.0,1000.0,0
1583,6,2022-01-25,,CASH_BALANCE_BREAK,-672.7,-688.2,15.5,15.5,6
1584,1,2021-02-11,,CASH_BALANCE_BREAK,-380.07,-1380.07,1000.0,1000.0,0
1585,5,2021-09-23,,CASH_BALANCE_BREAK,262.96,512.96,-250.0,250.0,4
1586,2,2021-10-18,,CASH_BALANCE_BREAK,-1358.34,-1360.84,2.5,2.5,1
1587,1,2022-01-27,,CASH_BALANCE_BREAK,-1051.39,-2051.39,1000.0,1000.0,0
1588,5,2022-02-12,,CASH_BALANCE_BREAK,1376.68,1626.68,-250.0,250.0,4
1589,2,2022-02-07,,CASH_BALANCE_BREAK,-1379.51,-1382.01,2.5,2.5,1
1590,6,2022-03-19,,CASH_BALANCE_BREAK,-635.26,-650.76,15.5,15.5,6
1591,2,2022-03-02,,CASH_BALANCE_BREAK,-1369.24,-1371.74,2.5,2.5,1
1592,5,2022-07-27,,CASH_BALANCE_BREAK,4451.23,4701.23,-250.0,250.0,4
1593,6,2022-07-27,,CASH_BALANCE_BREAK,-1584.25,-1599.75,15.5,15.5,6
1594,1,2022-03-15,,CASH_BALANCE_BREAK,-1016.87,-2016.87,1000.0,1000.0,0
1595,2,2022-03-15,,CASH_BALANCE_BREAK,-1369.24,-1371.74,2.5,2.5,1
1596,5,2022-11-20,,CASH_BALANCE_BREAK,4230.23,4480.23,-250.0,250.0,4
1597,6,2022-05-22,,CASH_BALANCE_BREAK,-1437.52,-1453.02,15.5,15.5,6
1598,2,2022-05-16,,CASH_BALANCE_BREAK,-267.88,-270.38,2.5,2.5,1
1599,2,2021-04-27,,CASH_BALANCE_BREAK,-1272.68,-1275.18,2.5,2.5,1
1600,1,2021-09-24,,CASH_BALANCE_BREAK,-933.76,-1933.76,1000.0,1000.0,0
1601,2,2021-09-24,,CASH_BALANCE_BREAK,-1377.17,-1379.67,2.5,2.5,1
1602,6,2022-08-18,,CASH_BALANCE_BREAK,-1581.71,-1597.21,15.5,15.5,6
1603,6,2022-07-30,,CASH_BALANCE_BREAK,-1584.25,-1599.75,15.5,15.5,6
1604,1,2022-07-31,,CASH_BALANCE_BREAK,-1366.11,-2366.11,1000.0,1000.0,0
1605,6,2022-08-01,,CASH_BALANCE_BREAK,-1584.25,-1599.75,15.5,15.5,6
1606,2,2021-12-29,,CASH_BALANCE_BREAK,-1333.6,-1336.1,2.5,2.5,1
1607,5,2021-08-25,,CASH_BALANCE_BREAK,260.88,510.88,-250.0,250.0,4
1608,5,2021-09-10,,CASH_BALANCE_BREAK,262.96,512.96,-250.0,250.0,4
1609,1,2023-03-05,,CASH_BALANCE_BREAK,-1261.89,-2261.89,1000.0,1000.0,0
1610,2,2023-03-05,,CASH_BALANCE_BREAK,-820.18,-822.68,2.5,2.5,1
1611,2,2022-02-19,,CASH_BALANCE_BREAK,-1379.51,-1382.01,2.5,2.5,1
1612,6,2022-09-24,,CASH_BALANCE_BREAK,-1481.71,-1497.21,15.5,15.5,6
1613,1,2021-12-12,,CASH_BALANCE_BREAK,-1047.58,-2047.58,1000.0,1000.0,0
1614,1,2023-01-29,,CASH_BALANCE_BREAK,-1229.65,-2229.65,1000.0,1000.0,0
1615,2,2022-08-05,,CASH_BALANCE_BREAK,-783.61,-786.11,2.5,2.5,1
1616,2,2022-12-27,,CASH_BALANCE_BREAK,-936.87,-939.37,2.5,2.5,1
1617,6,2022-08-02,,CASH_BALANCE_BREAK,-1584.25,-1599.75,15.5,15.5,6
1618,5,2022-11-04,,CASH_BALANCE_BREAK,4230.23,4480.23,-250.0,250.0,4
1619,2,2022-07-12,,CASH_BALANCE_BREAK,-615.08,-617.58,2.5,2.5,1
1620,1,2023-07-15,,CASH_BALANCE_BREAK,-862.98,-1862.98,1000.0,1000.0,0
1621,6,2023-08-02,,CASH_BALANCE_BREAK,-1184.51,-1200.01,15.5,15.5,6
1622,6,2023-10-02,,CASH_BALANCE_BREAK,-776.73,-792.23,15.5,15.5,6
1623,2,2023-08-04,,CASH_BALANCE_BREAK,-542.39,-544.89,2.5,2.5,1
1624,6,2023-08-04,,CASH_BALANCE_BREAK,-1184.51,-1200.01,15.5,15.5,6
1625,5,2023-08-20,,CASH_BALANCE_BREAK,6054.3,6304.3,-250.0,250.0,4
1626,6,2023-10-28,,CASH_BALANCE_BREAK,512.85,497.35,15.5,15.5,6
1627,2,2021-08-26,,CASH_BALANCE_BREAK,-1251.53,-1254.03,2.5,2.5,1
1628,2,2022-04-27,,CASH_BALANCE_BREAK,-267.88,-270.38,2.5,2.5,1
1629,2,2022-08-13,,CASH_BALANCE_BREAK,-783.61,-786.11,2.5,2.5,1
1630,2,2022-06-27,,CASH_BALANCE_BREAK,-615.08,-617.58,2.5,2.5,1
1631,5,2022-10-22,,CASH_BALANCE_BREAK,4341.62,4591.62,-250.0,250.0,4
1632,6,2022-10-22,,CASH_BALANCE_BREAK,-1500.64,-1516.14,15.5,15.5,6
1633,5,2022-12-03,,CASH_BALANCE_BREAK,4230.23,4480.23,-250.0,250.0,4
1634,5,2022-09-10,,CASH_BALANCE_BREAK,4456.74,4706.74,-250.0,250.0,4
1635,2,2022-10-24,,CASH_BALANCE_BREAK,-884.91,-887.41,2.5,2.5,1
1636,6,2022-08-23,,CASH_BALANCE_BREAK,-1581.71,-1597.21,15.5,15.5,6
1637,1,2023-01-06,,CASH_BALANCE_BREAK,-1229.65,-2229.65,1000.0,1000.0,0
1638,2,2021-09-08,,CASH_BALANCE_BREAK,-1377.17,-1379.67,2.5,2.5,1
1639,1,2022-08-24,,CASH_BALANCE_BREAK,-1283.39,-2283.39,1000.0,1000.0,0
1640,2,2022-10-08,,CASH_BALANCE_BREAK,-884.91,-887.41,2.5,2.5,1
1641,6,2022-10-09,,CASH_BALANCE_BREAK,-1500.64,-1516.14,15.5,15.5,6
1642,1,2022-07-18,,CASH_BALANCE_BREAK,-1366.11,-2366.11,1000.0,1000.0,0
1643,2,2022-07-18,,CASH_BALANCE_BREAK,-615.08,-617.58,2.5,2.5,1
1644,1,2024-03-12,,CASH_BALANCE_BREAK,-1898.72,-2898.72,1000.0,1000.0,0
1645,1,2023-04-30,,CASH_BALANCE_BREAK,-2791.98,-3791.98,1000.0,1000.0,0
1646,2,2023-04-30,,CASH_BALANCE_BREAK,-188.49,-190.99,2.5,2.5,1
1647,5,2021-11-17,,CASH_BALANCE_BREAK,768.52,1018.52,-250.0,250.0,4
1648,5,2022-02-02,,CASH_BALANCE_BREAK,1376.68,1626.68,-250.0,250.0,4
1649,1,2021-06-13,,CASH_BALANCE_BREAK,-565.72,-1565.72,1000.0,1000.0,0
1650,2,2023-11-20,,CASH_BALANCE_BREAK,-556.12,-558.62,2.5,2.5,1
1651,1,2023-12-05,,CASH_BALANCE_BREAK,-1607.54,-2607.54,1000.0,1000.0,0
1652,2,2023-10-22,,CASH_BALANCE_BREAK,-40.89,-43.39,2.5,2.5,1
1653,1,2023-12-30,,CASH_BALANCE_BREAK,-1607.54,-2607.54,1000.0,1000.0,0
1654,5,2021-12-19,,CASH_BALANCE_BREAK,1168.52,1418.52,-250.0,250.0,4
1655,1,2021-03-15,,CASH_BALANCE_BREAK,-919.27,-1919.27,1000.0,1000.0,0
1656,2,2021-03-15,,CASH_BALANCE_BREAK,-1588.82,-1591.32,2.5,2.5,1
1657,5,2022-03-14,,CASH_BALANCE_BREAK,1380.44,1630.44,-250.0,250.0,4
1658,2,2021-11-13,,CASH_BALANCE_BREAK,-1341.01,-1343.51,2.5,2.5,1
1659,2,2022-01-03,,CASH_BALANCE_BREAK,-1328.37,-1330.87,2.5,2.5,1
1660,1,2021-10-07,,CASH_BALANCE_BREAK,-927.71,-1927.71,1000.0,1000.0,0
1661,2,2021-10-07,,CASH_BALANCE_BREAK,-1358.34,-1360.84,2.5,2.5,1
1662,1,2021-01-23,,CASH_BALANCE_BREAK,-380.07,-1380.07,1000.0,1000.0,0
1663,5,2022-01-07,,CASH_BALANCE_BREAK,1374.55,1624.55,-250.0,250.0,4
1664,2,2021-08-29,,CASH_BALANCE_BREAK,-1251.53,-1254.03,2.5,2.5,1
1665,5,2021-12-27,,CASH_BALANCE_BREAK,1868.52,2118.52,-250.0,250.0,4
1666,5,2023-01-28,,CASH_BALANCE_BREAK,5572.82,5822.82,-250.0,250.0,4
1667,1,2022-06-08,,CASH_BALANCE_BREAK,-1284.32,-2284.32,1000.0,1000.0,0
1668,5,2022-09-21,,CASH_BALANCE_BREAK,4464.85,4714.85,-250.0,250.0,4
1669,2,2023-03-27,,CASH_BALANCE_BREAK,-809.33,-811.83,2.5,2.5,1
1670,5,2023-05-06,,CASH_BALANCE_BREAK,6491.22,6741.22,-250.0,250.0,4
1671,6,2023-05-06,,CASH_BALANCE_BREAK,-783.59,-799.09,15.5,15.5,6
1672,6,2022-08-28,,CASH_BALANCE_BREAK,-1581.71,-1597.21,15.5,15.5,6
1673,6,2023-01-07,,CASH_BALANCE_BREAK,-1722.08,-1737.58,15.5,15.5,6
1674,1,2023-05-29,,CASH_BALANCE_BREAK,-2791.98,-3791.98,1000.0,1000.0,0
1675,2,2023-06-04,,CASH_BALANCE_BREAK,-437.34,-439.84,2.5,2.5,1
1676,2,2022-07-10,,CASH_BALANCE_BREAK,-615.08,-617.58,2.5,2.5,1
1677,1,2022-10-16,,CASH_BALANCE_BREAK,-1358.81,-2358.81,1000.0,1000.0,0
1678,2,2022-10-16,,CASH_BALANCE_BREAK,-884.91,-887.41,2.5,2.5,1
1679,5,2022-10-17,,CASH_BALANCE_BREAK,4341.62,4591.62,-250.0,250.0,4
1680,6,2022-10-17,,CASH_BALANCE_BREAK,-1500.64,-1516.14,15.5,15.5,6
1681,5,2023-06-07,,CASH_BALANCE_BREAK,6439.8,6689.8,-250.0,250.0,4
1682,1,2023-06-17,,CASH_BALANCE_BREAK,-2796.17,-3796.17,1000.0,1000.0,0
1683,1,2021-05-09,,CASH_BALANCE_BREAK,-405.94,-1405.94,1000.0,1000.0,0
1684,6,2022-10-15,,CASH_BALANCE_BREAK,-1500.64,-1516.14,15.5,15.5,6
1685,2,2022-06-03,,CASH_BALANCE_BREAK,-520.25,-522.75,2.5,2.5,1
1686,2,2022-07-23,,CASH_BALANCE_BREAK,-699.26,-701.76,2.5,2.5,1
1687,6,2022-10-23,,CASH_BALANCE_BREAK,-1500.64,-1516.14,15.5,15.5,6
1688,5,2022-10-07,,CASH_BALANCE_BREAK,4341.62,4591.62,-250.0,250.0,4
1689,6,2022-10-07,,CASH_BALANCE_BREAK,-1500.64,-1516.14,15.5,15.5,6
1690,2,2023-07-21,,CASH_BALANCE_BREAK,-542.39,-544.89,2.5,2.5,1
1691,1,2023-07-29,,CASH_BALANCE_BREAK,-859.19,-1859.19,1000.0,1000.0,0
1692,2,2023-09-07,,CASH_BALANCE_BREAK,-578.1,-580.6,2.5,2.5,1
1693,1,2023-05-08,,CASH_BALANCE_BREAK,-2791.98,-3791.98,1000.0,1000.0,0
1694,2,2023-08-08,,CASH_BALANCE_BREAK,-542.39,-544.89,2.5,2.5,1
1695,5,2023-05-09,,CASH_BALANCE_BREAK,6491.22,6741.22,-250.0,250.0,4
1696,6,2023-05-09,,CASH_BALANCE_BREAK,-783.59,-799.09,15.5,15.5,6
1697,2,2023-02-12,,CASH_BALANCE_BREAK,-843.15,-845.65,2.5,2.5,1
1698,2,2023-05-13,,CASH_BALANCE_BREAK,-188.49,-190.99,2.5,2.5,1
1699,6,2022-09-08,,CASH_BALANCE_BREAK,-1581.71,-1597.21,15.5,15.5,6
1700,2,2022-11-09,,CASH_BALANCE_BREAK,-878.48,-880.98,2.5,2.5,1
1701,6,2023-11-11,,CASH_BALANCE_BREAK,394.57,379.07,15.5,15.5,6
1702,5,2023-08-02,,CASH_BALANCE_BREAK,6022.59,6272.59,-250.0,250.0,4
1703,5,2023-08-23,,CASH_BALANCE_BREAK,6344.12,6594.12,-250.0,250.0,4
1704,5,2023-10-02,,CASH_BALANCE_BREAK,6126.15,6376.15,-250.0,250.0,4
1705,6,2023-10-20,,CASH_BALANCE_BREAK,512.84,497.34,15.5,15.5,6
1706,6,2023-08-20,,CASH_BALANCE_BREAK,-1169.65,-1185.15,15.5,15.5,6
1707,2,2023-10-08,,CASH_BALANCE_BREAK,88.55,86.05,2.5,2.5,1
1708,2,2023-11-14,,CASH_BALANCE_BREAK,-125.51,-128.01,2.5,2.5,1
1709,1,2022-06-27,,CASH_BALANCE_BREAK,-1381.37,-2381.37,1000.0,1000.0,0
1710,5,2022-05-24,,CASH_BALANCE_BREAK,3501.34,3751.34,-250.0,250.0,4
1711,6,2022-05-24,,CASH_BALANCE_BREAK,-1437.52,-1453.02,15.5,15.5,6
1712,2,2022-12-03,,CASH_BALANCE_BREAK,-936.87,-939.37,2.5,2.5,1
1713,2,2022-07-21,,CASH_BALANCE_BREAK,-699.26,-701.76,2.5,2.5,1
1714,5,2022-07-21,,CASH_BALANCE_BREAK,4451.23,4701.23,-250.0,250.0,4
1715,5,2022-05-03,,CASH_BALANCE_BREAK,3201.34,3451.34,-250.0,250.0,4
1716,6,2022-10-02,,CASH_BALANCE_BREAK,-1481.71,-1497.21,15.5,15.5,6
1717,6,2022-07-03,,CASH_BALANCE_BREAK,-1598.51,-1614.01,15.5,15.5,6
1718,5,2022-06-14,,CASH_BALANCE_BREAK,3501.34,3751.34,-250.0,250.0,4
1719,6,2022-02-03,,CASH_BALANCE_BREAK,-635.5,-651.0,15.5,15.5,6
1720,2,2023-03-21,,CASH_BALANCE_BREAK,-809.33,-811.83,2.5,2.5,1
1721,5,2021-09-07,,CASH_BALANCE_BREAK,262.96,512.96,-250.0,250.0,4
1722,1,2022-10-08,,CASH_BALANCE_BREAK,-1358.81,-2358.81,1000.0,1000.0,0
1723,2,2022-04-08,,CASH_BALANCE_BREAK,-1362.36,-1364.86,2.5,2.5,1
1724,5,2024-04-20,,CASH_BALANCE_BREAK,7046.34,7296.34,-250.0,250.0,4
1725,6,2024-04-20,,CASH_BALANCE_BREAK,1347.22,1331.72,15.5,15.5,6
1726,1,2024-05-26,,CASH_BALANCE_BREAK,-585.69,-1585.69,1000.0,1000.0,0
1727,2,2024-05-26,,CASH_BALANCE_BREAK,819.99,817.49,2.5,2.5,1
1728,6,2024-06-28,,CASH_BALANCE_BREAK,758.8,743.3,15.5,15.5,6
1729,5,2022-12-17,,CASH_BALANCE_BREAK,5564.78,5814.78,-250.0,250.0,4
1730,1,2022-02-11,,CASH_BALANCE_BREAK,-1022.78,-2022.78,1000.0,1000.0,0
1731,2,2023-10-06,,CASH_BALANCE_BREAK,88.55,86.05,2.5,2.5,1
1732,5,2023-12-09,,CASH_BALANCE_BREAK,6058.54,6308.54,-250.0,250.0,4
1733,1,2023-12-11,,CASH_BALANCE_BREAK,-1607.54,-2607.54,1000.0,1000.0,0
1734,2,2023-12-14,,CASH_BALANCE_BREAK,-556.11,-558.61,2.5,2.5,1
1735,5,2021-09-25,,CASH_BALANCE_BREAK,262.96,512.96,-250.0,250.0,4
1736,6,2022-03-14,,CASH_BALANCE_BREAK,-635.26,-650.76,15.5,15.5,6
1737,5,2021-11-12,,CASH_BALANCE_BREAK,768.52,1018.52,-250.0,250.0,4
1738,1,2021-05-06,,CASH_BALANCE_BREAK,-405.94,-1405.94,1000.0,1000.0,0
1739,1,2021-11-27,,CASH_BALANCE_BREAK,-1047.58,-2047.58,1000.0,1000.0,0
1740,2,2021-09-27,,CASH_BALANCE_BREAK,-1377.17,-1379.67,2.5,2.5,1
1741,1,2021-11-18,,CASH_BALANCE_BREAK,-1047.58,-2047.58,1000.0,1000.0,0
1742,1,2021-08-29,,CASH_BALANCE_BREAK,-680.19,-1680.19,1000.0,1000.0,0
1743,2,2021-11-06,,CASH_BALANCE_BREAK,-1341.01,-1343.51,2.5,2.5,1
1744,1,2023-03-26,,CASH_BALANCE_BREAK,-1254.78,-2254.78,1000.0,1000.0,0
1745,6,2022-08-30,,CASH_BALANCE_BREAK,-1581.71,-1597.21,15.5,15.5,6
1746,5,2023-01-07,,CASH_BALANCE_BREAK,5572.82,5822.82,-250.0,250.0,4
1747,2,2023-05-29,,CASH_BALANCE_BREAK,-188.49,-190.99,2.5,2.5,1
1748,2,2022-11-27,,CASH_BALANCE_BREAK,-878.48,-880.98,2.5,2.5,1
1749,5,2022-11-28,,CASH_BALANCE_BREAK,4230.23,4480.23,-250.0,250.0,4
1750,6,2022-11-28,,CASH_BALANCE_BREAK,-1484.66,-1500.16,15.5,15.5,6
1751,6,2023-05-31,,CASH_BALANCE_BREAK,-1121.48,-1136.98,15.5,15.5,6
1752,5,2023-06-02,,CASH_BALANCE_BREAK,6439.8,6689.8,-250.0,250.0,4
1753,2,2023-06-17,,CASH_BALANCE_BREAK,-437.34,-439.84,2.5,2.5,1
1754,1,2021-04-24,,CASH_BALANCE_BREAK,-1005.94,-2005.94,1000.0,1000.0,0
1755,2,2023-07-08,,CASH_BALANCE_BREAK,-742.39,-744.89,2.5,2.5,1
1756,5,2023-06-18,,CASH_BALANCE_BREAK,6439.8,6689.8,-250.0,250.0,4
1757,2,2023-06-27,,CASH_BALANCE_BREAK,-437.34,-439.84,2.5,2.5,1
1758,6,2023-06-12,,CASH_BALANCE_BREAK,-1121.48,-1136.98,15.5,15.5,6
1759,6,2023-02-06,,CASH_BALANCE_BREAK,-1715.32,-1730.82,15.5,15.5,6
1760,1,2023-07-07,,CASH_BALANCE_BREAK,-862.98,-1862.98,1000.0,1000.0,0
1761,1,2022-10-05,,CASH_BALANCE_BREAK,-1358.81,-2358.81,1000.0,1000.0,0
1762,2,2022-10-05,,CASH_BALANCE_BREAK,-884.91,-887.41,2.5,2.5,1
1763,1,2023-01-08,,CASH_BALANCE_BREAK,-1229.65,-2229.65,1000.0,1000.0,0
1764,6,2023-01-08,,CASH_BALANCE_BREAK,-1722.08,-1737.58,15.5,15.5,6
1765,1,2023-01-11,,CASH_BALANCE_BREAK,-1229.65,-2229.65,1000.0,1000.0,0
1766,2,2021-10-23,,CASH_BALANCE_BREAK,-1358.34,-1360.84,2.5,2.5,1
1767,1,2022-02-01,,CASH_BALANCE_BREAK,-1022.78,-2022.78,1000.0,1000.0,0
1768,6,2022-12-01,,CASH_BALANCE_BREAK,-1484.66,-1500.16,15.5,15.5,6
1769,2,2023-06-06,,CASH_BALANCE_BREAK,-437.34,-439.84,2.5,2.5,1
1770,5,2023-04-25,,CASH_BALANCE_BREAK,5001.5,5251.5,-250.0,250.0,4
1771,6,2023-07-04,,CASH_BALANCE_BREAK,-1113.4,-1128.9,15.5,15.5,6
1772,5,2023-07-06,,CASH_BALANCE_BREAK,6008.63,6258.63,-250.0,250.0,4
1773,5,2023-05-30,,CASH_BALANCE_BREAK,6439.8,6689.8,-250.0,250.0,4
1774,6,2023-04-02,,CASH_BALANCE_BREAK,-1810.04,-1825.54,15.5,15.5,6
1775,5,2023-04-04,,CASH_BALANCE_BREAK,5651.4,5901.4,-250.0,250.0,4
1776,2,2023-07-24,,CASH_BALANCE_BREAK,-542.39,-544.89,2.5,2.5,1
1777,5,2023-08-28,,CASH_BALANCE_BREAK,6344.12,6594.12,-250.0,250.0,4
1778,2,2022-12-10,,CASH_BALANCE_BREAK,-936.87,-939.37,2.5,2.5,1
1779,2,2022-10-14,,CASH_BALANCE_BREAK,-884.91,-887.41,2.5,2.5,1
1780,5,2023-06-15,,CASH_BALANCE_BREAK,6439.8,6689.8,-250.0,250.0,4
1781,6,2023-06-15,,CASH_BALANCE_BREAK,-1121.48,-1136.98,15.5,15.5,6
1782,5,2023-12-21,,CASH_BALANCE_BREAK,6058.54,6308.54,-250.0,250.0,4
1783,5,2023-10-22,,CASH_BALANCE_BREAK,6840.25,7090.25,-250.0,250.0,4
1784,6,2023-12-09,,CASH_BALANCE_BREAK,-79.65,-95.15,15.5,15.5,6
1785,6,2023-12-11,,CASH_BALANCE_BREAK,-79.65,-95.15,15.5,15.5,6
1786,1,2021-12-19,,CASH_BALANCE_BREAK,-1047.58,-2047.58,1000.0,1000.0,0
1787,1,2021-09-25,,CASH_BALANCE_BREAK,-933.76,-1933.76,1000.0,1000.0,0
1788,2,2021-09-25,,CASH_BALANCE_BREAK,-1377.17,-1379.67,2.5,2.5,1
1789,2,2021-11-18,,CASH_BALANCE_BREAK,-1337.29,-1339.79,2.5,2.5,1
1790,5,2021-11-18,,CASH_BALANCE_BREAK,768.52,1018.52,-250.0,250.0,4
1791,5,2021-08-29,,CASH_BALANCE_BREAK,260.88,510.88,-250.0,250.0,4
1792,2,2021-12-27,,CASH_BALANCE_BREAK,-1333.6,-1336.1,2.5,2.5,1
1793,2,2023-01-28,,CASH_BALANCE_BREAK,-936.56,-939.06,2.5,2.5,1
1794,1,2021-10-08,,CASH_BALANCE_BREAK,-927.71,-1927.71,1000.0,1000.0,0
1795,5,2022-09-22,,CASH_BALANCE_BREAK,4464.85,4714.85,-250.0,250.0,4
1796,2,2022-07-11,,CASH_BALANCE_BREAK,-615.08,-617.58,2.5,2.5,1
1797,1,2022-08-28,,CASH_BALANCE_BREAK,-1283.39,-2283.39,1000.0,1000.0,0
1798,1,2023-06-02,,CASH_BALANCE_BREAK,-2796.17,-3796.17,1000.0,1000.0,0
1799,1,2023-06-07,,CASH_BALANCE_BREAK,-2796.17,-3796.17,1000.0,1000.0,0
1800,2,2023-06-07,,CASH_BALANCE_BREAK,-437.34,-439.84,2.5,2.5,1
1801,2,2023-06-16,,CASH_BALANCE_BREAK,-437.34,-439.84,2.5,2.5,1
1802,1,2023-06-25,,CASH_BALANCE_BREAK,-2796.17,-3796.17,1000.0,1000.0,0
1803,6,2023-06-25,,CASH_BALANCE_BREAK,-1121.48,-1136.98,15.5,15.5,6
1804,2,2021-06-12,,CASH_BALANCE_BREAK,-1253.05,-1255.55,2.5,2.5,1
1805,5,2023-07-08,,CASH_BALANCE_BREAK,6008.63,6258.63,-250.0,250.0,4
1806,6,2023-07-08,,CASH_BALANCE_BREAK,-1164.51,-1180.01,15.5,15.5,6
1807,1,2023-06-20,,CASH_BALANCE_BREAK,-2796.17,-3796.17,1000.0,1000.0,0
1808,2,2023-02-06,,CASH_BALANCE_BREAK,-843.15,-845.65,2.5,2.5,1
1809,5,2023-07-07,,CASH_BALANCE_BREAK,6008.63,6258.63,-250.0,250.0,4
1810,2,2021-11-15,,CASH_BALANCE_BREAK,-1341.01,-1343.51,2.5,2.5,1
1811,2,2022-06-02,,CASH_BALANCE_BREAK,-520.25,-522.75,2.5,2.5,1
1812,5,2022-10-05,,CASH_BALANCE_BREAK,4341.62,4591.62,-250.0,250.0,4
1813,1,2022-11-18,,CASH_BALANCE_BREAK,-1283.85,-2283.85,1000.0,1000.0,0
1814,5,2021-10-23,,CASH_BALANCE_BREAK,762.96,1012.96,-250.0,250.0,4
1815,5,2022-02-01,,CASH_BALANCE_BREAK,1376.68,1626.68,-250.0,250.0,4
1816,5,2022-05-23,,CASH_BALANCE_BREAK,3501.34,3751.34,-250.0,250.0,4
1817,6,2022-05-23,,CASH_BALANCE_BREAK,-1437.52,-1453.02,15.5,15.5,6
1818,1,2022-12-01,,CASH_BALANCE_BREAK,-1255.61,-2255.61,1000.0,1000.0,0
1819,6,2023-06-06,,CASH_BALANCE_BREAK,-1121.48,-1136.98,15.5,15.5,6
1820,6,2023-07-03,,CASH_BALANCE_BREAK,-1113.4,-1128.9,15.5,15.5,6
1821,2,2023-07-06,,CASH_BALANCE_BREAK,-742.39,-744.89,2.5,2.5,1
1822,1,2023-04-02,,CASH_BALANCE_BREAK,-1254.78,-2254.78,1000.0,1000.0,0
1823,2,2023-08-29,,CASH_BALANCE_BREAK,-578.1,-580.6,2.5,2.5,1
1824,1,2023-06-15,,CASH_BALANCE_BREAK,-2796.17,-3796.17,1000.0,1000.0,0
1825,6,2022-07-23,,CASH_BALANCE_BREAK,-1598.51,-1614.01,15.5,15.5,6
1826,1,2023-09-21,,CASH_BALANCE_BREAK,-1045.14,-2045.14,1000.0,1000.0,0
1827,1,2022-10-07,,CASH_BALANCE_BREAK,-1358.81,-2358.81,1000.0,1000.0,0
1828,2,2023-03-09,,CASH_BALANCE_BREAK,-820.18,-822.68,2.5,2.5,1
1829,5,2023-07-29,,CASH_BALANCE_BREAK,6022.59,6272.59,-250.0,250.0,4
1830,5,2023-07-16,,CASH_BALANCE_BREAK,6008.63,6258.63,-250.0,250.0,4
1831,2,2023-04-26,,CASH_BALANCE_BREAK,-133.53,-136.03,2.5,2.5,1
1832,6,2023-05-11,,CASH_BALANCE_BREAK,-783.59,-799.09,15.5,15.5,6
1833,5,2023-02-12,,CASH_BALANCE_BREAK,5610.48,5860.48,-250.0,250.0,4
1834,2,2023-07-30,,CASH_BALANCE_BREAK,-542.39,-544.89,2.5,2.5,1
1835,2,2022-02-18,,CASH_BALANCE_BREAK,-1379.51,-1382.01,2.5,2.5,1
1836,2,2022-04-12,,CASH_BALANCE_BREAK,-290.33,-292.83,2.5,2.5,1
1837,2,2022-06-01,,CASH_BALANCE_BREAK,-520.25,-522.75,2.5,2.5,1
1838,6,2022-09-09,,CASH_BALANCE_BREAK,-1581.71,-1597.21,15.5,15.5,6
1839,1,2021-08-25,,CASH_BALANCE_BREAK,-680.19,-1680.19,1000.0,1000.0,0
1840,2,2022-08-25,,CASH_BALANCE_BREAK,-783.61,-786.11,2.5,2.5,1
1841,6,2023-01-09,,CASH_BALANCE_BREAK,-1722.08,-1737.58,15.5,15.5,6
1842,1,2022-01-20,,CASH_BALANCE_BREAK,-1051.39,-2051.39,1000.0,1000.0,0
1843,2,2023-02-13,,CASH_BALANCE_BREAK,-843.15,-845.65,2.5,2.5,1
1844,5,2022-01-26,,CASH_BALANCE_BREAK,1374.55,1624.55,-250.0,250.0,4
1845,2,2021-06-09,,CASH_BALANCE_BREAK,-1253.05,-1255.55,2.5,2.5,1
1846,2,2021-09-12,,CASH_BALANCE_BREAK,-1377.17,-1379.67,2.5,2.5,1
1847,2,2023-07-17,,CASH_BALANCE_BREAK,-742.39,-744.89,2.5,2.5,1
1848,5,2023-06-11,,CASH_BALANCE_BREAK,6439.8,6689.8,-250.0,250.0,4
1849,6,2023-06-27,,CASH_BALANCE_BREAK,-1121.48,-1136.98,15.5,15.5,6
1850,1,2024-04-30,,CASH_BALANCE_BREAK,-449.81,-1449.81,1000.0,1000.0,0
1851,5,2023-06-01,,CASH_BALANCE_BREAK,6439.8,6689.8,-250.0,250.0,4
1852,1,2023-07-09,,CASH_BALANCE_BREAK,-862.98,-1862.98,1000.0,1000.0,0
1853,5,2022-07-25,,CASH_BALANCE_BREAK,4451.23,4701.23,-250.0,250.0,4
1854,1,2021-10-01,,CASH_BALANCE_BREAK,-927.71,-1927.71,1000.0,1000.0,0
1855,6,2023-07-02,,CASH_BALANCE_BREAK,-1113.4,-1128.9,15.5,15.5,6
1856,2,2023-01-10,,CASH_BALANCE_BREAK,-936.56,-939.06,2.5,2.5,1
1857,5,2022-07-20,,CASH_BALANCE_BREAK,4501.34,4751.34,-250.0,250.0,4
1858,2,2021-08-28,,CASH_BALANCE_BREAK,-1251.53,-1254.03,2.5,2.5,1
1859,1,2021-10-11,,CASH_BALANCE_BREAK,-927.71,-1927.71,1000.0,1000.0,0
1860,2,2022-03-04,,CASH_BALANCE_BREAK,-1369.24,-1371.74,2.5,2.5,1
1861,5,2022-03-04,,CASH_BALANCE_BREAK,1380.44,1630.44,-250.0,250.0,4
1862,1,2021-12-22,,CASH_BALANCE_BREAK,-1072.2,-2072.2,1000.0,1000.0,0
1863,1,2023-08-06,,CASH_BALANCE_BREAK,-859.19,-1859.19,1000.0,1000.0,0
1864,2,2023-08-14,,CASH_BALANCE_BREAK,-542.39,-544.89,2.5,2.5,1
1865,6,2023-09-08,,CASH_BALANCE_BREAK,-1465.26,-1480.76,15.5,15.5,6
1866,1,2023-10-24,,CASH_BALANCE_BREAK,-1040.9,-2040.9,1000.0,1000.0,0
1867,2,2023-11-02,,CASH_BALANCE_BREAK,-40.89,-43.39,2.5,2.5,1
1868,5,2023-02-08,,CASH_BALANCE_BREAK,5610.48,5860.48,-250.0,250.0,4
1869,6,2023-02-08,,CASH_BALANCE_BREAK,-1715.32,-1730.82,15.5,15.5,6
1870,1,2023-10-21,,CASH_BALANCE_BREAK,-1040.9,-2040.9,1000.0,1000.0,0
1871,5,2023-08-04,,CASH_BALANCE_BREAK,6022.59,6272.59,-250.0,250.0,4
1872,6,2022-07-22,,CASH_BALANCE_BREAK,-1598.51,-1614.01,15.5,15.5,6
1873,2,2022-12-11,,CASH_BALANCE_BREAK,-936.87,-939.37,2.5,2.5,1
1874,1,2022-12-13,,CASH_BALANCE_BREAK,-1255.61,-2255.61,1000.0,1000.0,0
1875,2,2022-12-13,,CASH_BALANCE_BREAK,-936.87,-939.37,2.5,2.5,1
1876,1,2023-10-08,,CASH_BALANCE_BREAK,-1250.53,-2250.53,1000.0,1000.0,0
1877,6,2023-10-31,,CASH_BALANCE_BREAK,512.85,497.35,15.5,15.5,6
1878,5,2022-10-04,,CASH_BALANCE_BREAK,4341.62,4591.62,-250.0,250.0,4
1879,6,2022-10-04,,CASH_BALANCE_BREAK,-1500.64,-1516.14,15.5,15.5,6
1880,1,2022-02-22,,CASH_BALANCE_BREAK,-1022.78,-2022.78,1000.0,1000.0,0
1881,2,2022-02-22,,CASH_BALANCE_BREAK,-1379.51,-1382.01,2.5,2.5,1
1882,6,2022-06-15,,CASH_BALANCE_BREAK,-1437.52,-1453.02,15.5,15.5,6
1883,1,2022-02-03,,CASH_BALANCE_BREAK,-1022.78,-2022.78,1000.0,1000.0,0
1884,2,2022-12-05,,CASH_BALANCE_BREAK,-936.87,-939.37,2.5,2.5,1
1885,2,2023-01-06,,CASH_BALANCE_BREAK,-936.56,-939.06,2.5,2.5,1
1886,1,2021-09-08,,CASH_BALANCE_BREAK,-933.76,-1933.76,1000.0,1000.0,0
1887,5,2024-06-28,,CASH_BALANCE_BREAK,7928.1,8178.1,-250.0,250.0,4
1888,5,2024-03-11,,CASH_BALANCE_BREAK,6710.4,6960.4,-250.0,250.0,4
1889,6,2024-03-11,,CASH_BALANCE_BREAK,146.67,131.17,15.5,15.5,6
1890,1,2021-02-24,,CASH_BALANCE_BREAK,-919.27,-1919.27,1000.0,1000.0,0
1891,2,2021-02-24,,CASH_BALANCE_BREAK,-1588.82,-1591.32,2.5,2.5,1
1892,6,2022-02-02,,CASH_BALANCE_BREAK,-635.5,-651.0,15.5,15.5,6
1893,2,2021-06-13,,CASH_BALANCE_BREAK,-1253.05,-1255.55,2.5,2.5,1
1894,1,2023-11-20,,CASH_BALANCE_BREAK,-1628.52,-2628.52,1000.0,1000.0,0
1895,1,2023-12-21,,CASH_BALANCE_BREAK,-1607.54,-2607.54,1000.0,1000.0,0
1896,1,2023-09-25,,CASH_BALANCE_BREAK,-1045.14,-2045.14,1000.0,1000.0,0
1897,2,2023-12-11,,CASH_BALANCE_BREAK,-556.11,-558.61,2.5,2.5,1
1898,2,2023-12-30,,CASH_BALANCE_BREAK,-556.11,-558.61,2.5,2.5,1
1899,5,2023-12-30,,CASH_BALANCE_BREAK,6058.54,6308.54,-250.0,250.0,4
1900,2,2021-10-24,,CASH_BALANCE_BREAK,-1358.34,-1360.84,2.5,2.5,1
1901,5,2021-12-11,,CASH_BALANCE_BREAK,1168.52,1418.52,-250.0,250.0,4
1902,1,2021-05-28,,CASH_BALANCE_BREAK,-565.72,-1565.72,1000.0,1000.0,0
1903,2,2021-05-28,,CASH_BALANCE_BREAK,-1253.05,-1255.55,2.5,2.5,1
1904,2,2021-12-02,,CASH_BALANCE_BREAK,-1337.29,-1339.79,2.5,2.5,1
1905,5,2021-11-22,,CASH_BALANCE_BREAK,1168.52,1418.52,-250.0,250.0,4
1906,1,2021-03-31,,CASH_BALANCE_BREAK,-918.03,-1918.03,1000.0,1000.0,0
1907,1,2021-10-10,,CASH_BALANCE_BREAK,-927.71,-1927.71,1000.0,1000.0,0
1908,5,2021-10-11,,CASH_BALANCE_BREAK,762.96,1012.96,-250.0,250.0,4
1909,1,2021-12-21,,CASH_BALANCE_BREAK,-1072.2,-2072.2,1000.0,1000.0,0
1910,5,2022-08-28,,CASH_BALANCE_BREAK,4456.74,4706.74,-250.0,250.0,4
1911,5,2022-02-10,,CASH_BALANCE_BREAK,1376.68,1626.68,-250.0,250.0,4
1912,6,2022-02-10,,CASH_BALANCE_BREAK,-635.5,-651.0,15.5,15.5,6
1913,6,2023-06-07,,CASH_BALANCE_BREAK,-1121.48,-1136.98,15.5,15.5,6
1914,5,2023-06-17,,CASH_BALANCE_BREAK,6439.8,6689.8,-250.0,250.0,4
1915,5,2023-06-25,,CASH_BALANCE_BREAK,6439.8,6689.8,-250.0,250.0,4
1916,2,2021-08-16,,CASH_BALANCE_BREAK,-1262.66,-1265.16,2.5,2.5,1
1917,2,2024-06-19,,CASH_BALANCE_BREAK,-103.16,-105.66,2.5,2.5,1
1918,5,2023-06-12,,CASH_BALANCE_BREAK,6439.8,6689.8,-250.0,250.0,4
1919,5,2023-06-20,,CASH_BALANCE_BREAK,6439.8,6689.8,-250.0,250.0,4
1920,1,2023-02-06,,CASH_BALANCE_BREAK,-1267.32,-2267.32,1000.0,1000.0,0
1921,6,2023-07-01,,CASH_BALANCE_BREAK,-1113.4,-1128.9,15.5,15.5,6
1922,5,2021-10-22,,CASH_BALANCE_BREAK,762.96,1012.96,-250.0,250.0,4
1923,1,2021-10-23,,CASH_BALANCE_BREAK,-927.71,-1927.71,1000.0,1000.0,0
1924,2,2022-02-01,,CASH_BALANCE_BREAK,-1379.51,-1382.01,2.5,2.5,1
1925,5,2022-09-07,,CASH_BALANCE_BREAK,4456.74,4706.74,-250.0,250.0,4
1926,6,2023-01-18,,CASH_BALANCE_BREAK,-1722.08,-1737.58,15.5,15.5,6
1927,5,2023-02-10,,CASH_BALANCE_BREAK,5610.48,5860.48,-250.0,250.0,4
1928,1,2023-07-24,,CASH_BALANCE_BREAK,-859.19,-1859.19,1000.0,1000.0,0
1929,6,2023-08-28,,CASH_BALANCE_BREAK,-1465.26,-1480.76,15.5,15.5,6
1930,1,2023-08-29,,CASH_BALANCE_BREAK,-1065.58,-2065.58,1000.0,1000.0,0
1931,1,2022-12-10,,CASH_BALANCE_BREAK,-1255.61,-2255.61,1000.0,1000.0,0
1932,1,2023-01-01,,CASH_BALANCE_BREAK,-1255.61,-2255.61,1000.0,1000.0,0
1933,1,2023-02-09,,CASH_BALANCE_BREAK,-1267.32,-2267.32,1000.0,1000.0,0
1934,1,2023-07-16,,CASH_BALANCE_BREAK,-862.98,-1862.98,1000.0,1000.0,0
1935,1,2023-09-22,,CASH_BALANCE_BREAK,-1045.14,-2045.14,1000.0,1000.0,0
1936,1,2023-02-12,,CASH_BALANCE_BREAK,-1267.32,-2267.32,1000.0,1000.0,0
1937,1,2023-02-14,,CASH_BALANCE_BREAK,-1267.32,-2267.32,1000.0,1000.0,0
1938,5,2023-07-30,,CASH_BALANCE_BREAK,6022.59,6272.59,-250.0,250.0,4
1939,5,2022-02-18,,CASH_BALANCE_BREAK,1376.68,1626.68,-250.0,250.0,4
1940,6,2022-06-01,,CASH_BALANCE_BREAK,-1437.52,-1453.02,15.5,15.5,6
1941,2,2023-10-03,,CASH_BALANCE_BREAK,88.55,86.05,2.5,2.5,1
1942,6,2023-09-13,,CASH_BALANCE_BREAK,-813.01,-828.51,15.5,15.5,6
1943,1,2023-06-01,,CASH_BALANCE_BREAK,-2796.17,-3796.17,1000.0,1000.0,0
1944,2,2023-11-18,,CASH_BALANCE_BREAK,-556.12,-558.62,2.5,2.5,1
1945,5,2023-12-05,,CASH_BALANCE_BREAK,6058.54,6308.54,-250.0,250.0,4
1946,6,2023-09-25,,CASH_BALANCE_BREAK,-813.01,-828.51,15.5,15.5,6
1947,6,2023-10-06,,CASH_BALANCE_BREAK,-776.73,-792.23,15.5,15.5,6
1948,5,2024-01-06,,CASH_BALANCE_BREAK,6058.54,6308.54,-250.0,250.0,4
1949,1,2021-09-09,,CASH_BALANCE_BREAK,-933.76,-1933.76,1000.0,1000.0,0
1950,1,2021-02-02,,CASH_BALANCE_BREAK,-380.07,-1380.07,1000.0,1000.0,0
1951,5,2021-12-02,,CASH_BALANCE_BREAK,1168.52,1418.52,-250.0,250.0,4
1952,5,2021-11-13,,CASH_BALANCE_BREAK,768.52,1018.52,-250.0,250.0,4
1953,1,2021-02-04,,CASH_BALANCE_BREAK,-380.07,-1380.07,1000.0,1000.0,0
1954,1,2021-11-22,,CASH_BALANCE_BREAK,-1047.58,-2047.58,1000.0,1000.0,0
1955,5,2021-10-07,,CASH_BALANCE_BREAK,762.96,1012.96,-250.0,250.0,4
1956,5,2021-11-27,,CASH_BALANCE_BREAK,1168.52,1418.52,-250.0,250.0,4
1957,2,2021-04-01,,CASH_BALANCE_BREAK,-1584.47,-1586.97,2.5,2.5,1
1958,5,2021-11-29,,CASH_BALANCE_BREAK,1168.52,1418.52,-250.0,250.0,4
1959,5,2022-06-08,,CASH_BALANCE_BREAK,3501.34,3751.34,-250.0,250.0,4
1960,6,2022-06-08,,CASH_BALANCE_BREAK,-1437.52,-1453.02,15.5,15.5,6
1961,1,2022-09-21,,CASH_BALANCE_BREAK,-1365.4,-2365.4,1000.0,1000.0,0
1962,6,2023-03-27,,CASH_BALANCE_BREAK,-1810.04,-1825.54,15.5,15.5,6
1963,2,2023-05-06,,CASH_BALANCE_BREAK,-188.49,-190.99,2.5,2.5,1
1964,2,2022-08-30,,CASH_BALANCE_BREAK,-783.61,-786.11,2.5,2.5,1
1965,5,2023-05-29,,CASH_BALANCE_BREAK,6491.22,6741.22,-250.0,250.0,4
1966,1,2023-06-04,,CASH_BALANCE_BREAK,-2796.17,-3796.17,1000.0,1000.0,0
1967,5,2022-10-16,,CASH_BALANCE_BREAK,4341.62,4591.62,-250.0,250.0,4
1968,5,2022-11-27,,CASH_BALANCE_BREAK,4230.23,4480.23,-250.0,250.0,4
1969,1,2022-11-28,,CASH_BALANCE_BREAK,-1283.85,-2283.85,1000.0,1000.0,0
1970,5,2023-06-16,,CASH_BALANCE_BREAK,6439.8,6689.8,-250.0,250.0,4
1971,6,2023-06-16,,CASH_BALANCE_BREAK,-1121.48,-1136.98,15.5,15.5,6
1972,2,2021-06-30,,CASH_BALANCE_BREAK,-1266.11,-1268.61,2.5,2.5,1
1973,5,2024-06-05,,CASH_BALANCE_BREAK,8066.02,8316.02,-250.0,250.0,4
1974,6,2024-06-16,,CASH_BALANCE_BREAK,741.93,726.43,15.5,15.5,6
1975,6,2023-01-11,,CASH_BALANCE_BREAK,-1722.08,-1737.58,15.5,15.5,6
1976,1,2021-05-02,,CASH_BALANCE_BREAK,-1005.94,-2005.94,1000.0,1000.0,0
1977,1,2023-06-12,,CASH_BALANCE_BREAK,-2796.17,-3796.17,1000.0,1000.0,0
1978,5,2023-02-06,,CASH_BALANCE_BREAK,5610.48,5860.48,-250.0,250.0,4
1979,2,2023-07-01,,CASH_BALANCE_BREAK,-649.08,-651.58,2.5,2.5,1
1980,1,2021-11-15,,CASH_BALANCE_BREAK,-1058.56,-2058.56,1000.0,1000.0,0
1981,5,2023-01-08,,CASH_BALANCE_BREAK,5572.82,5822.82,-250.0,250.0,4
1982,5,2023-06-06,,CASH_BALANCE_BREAK,6439.8,6689.8,-250.0,250.0,4
1983,5,2023-04-06,,CASH_BALANCE_BREAK,5651.4,5901.4,-250.0,250.0,4
1984,6,2023-04-25,,CASH_BALANCE_BREAK,-650.73,-666.23,15.5,15.5,6
1985,2,2023-07-04,,CASH_BALANCE_BREAK,-649.08,-651.58,2.5,2.5,1
1986,2,2023-01-18,,CASH_BALANCE_BREAK,-936.56,-939.06,2.5,2.5,1
1987,1,2023-05-30,,CASH_BALANCE_BREAK,-2796.17,-3796.17,1000.0,1000.0,0
1988,6,2023-02-10,,CASH_BALANCE_BREAK,-1715.32,-1730.82,15.5,15.5,6
1989,6,2023-04-04,,CASH_BALANCE_BREAK,-1810.04,-1825.54,15.5,15.5,6
1990,5,2022-12-10,,CASH_BALANCE_BREAK,5564.78,5814.78,-250.0,250.0,4
1991,6,2024-04-30,,CASH_BALANCE_BREAK,1184.75,1169.25,15.5,15.5,6
1992,5,2023-06-19,,CASH_BALANCE_BREAK,6439.8,6689.8,-250.0,250.0,4
1993,5,2023-06-14,,CASH_BALANCE_BREAK,6439.8,6689.8,-250.0,250.0,4
1994,6,2023-06-14,,CASH_BALANCE_BREAK,-1121.48,-1136.98,15.5,15.5,6
1995,6,2024-06-27,,CASH_BALANCE_BREAK,758.8,743.3,15.5,15.5,6
1996,6,2023-07-10,,CASH_BALANCE_BREAK,-1164.51,-1180.01,15.5,15.5,6
1997,1,2022-07-24,,CASH_BALANCE_BREAK,-1366.11,-2366.11,1000.0,1000.0,0
1998,5,2023-06-29,,CASH_BALANCE_BREAK,6202.36,6452.36,-250.0,250.0,4
1999,1,2021-11-23,,CASH_BALANCE_BREAK,-1047.58,-2047.58,1000.0,1000.0,0
2000,6,2022-10-29,,CASH_BALANCE_BREAK,-1500.64,-1516.14,15.5,15.5,6
2001,1,2023-06-10,,CASH_BALANCE_BREAK,-2796.17,-3796.17,1000.0,1000.0,0
2002,2,2023-06-10,,CASH_BALANCE_BREAK,-437.34,-439.84,2.5,2.5,1
2003,5,2022-01-05,,CASH_BALANCE_BREAK,1374.55,1624.55,-250.0,250.0,4
2004,1,2023-01-20,,CASH_BALANCE_BREAK,-1229.65,-2229.65,1000.0,1000.0,0
2005,2,2022-06-04,,CASH_BALANCE_BREAK,-520.25,-522.75,2.5,2.5,1
2006,2,2021-05-22,,CASH_BALANCE_BREAK,-1271.28,-1273.78,2.5,2.5,1
2007,2,2021-07-16,,CASH_BALANCE_BREAK,-1266.11,-1268.61,2.5,2.5,1
2008,5,2022-03-23,,CASH_BALANCE_BREAK,1380.44,1630.44,-250.0,250.0,4
2009,1,2022-01-30,,CASH_BALANCE_BREAK,-1051.39,-2051.39,1000.0,1000.0,0
2010,1,2021-03-19,,CASH_BALANCE_BREAK,-918.03,-1918.03,1000.0,1000.0,0
2011,6,2022-01-21,,CASH_BALANCE_BREAK,-672.7,-688.2,15.5,15.5,6
2012,6,2022-02-14,,CASH_BALANCE_BREAK,-635.5,-651.0,15.5,15.5,6
2013,1,2023-07-22,,CASH_BALANCE_BREAK,-859.19,-1859.19,1000.0,1000.0,0
2014,6,2023-08-06,,CASH_BALANCE_BREAK,-1184.51,-1200.01,15.5,15.5,6
2015,6,2023-08-08,,CASH_BALANCE_BREAK,-1184.51,-1200.01,15.5,15.5,6
2016,6,2023-08-11,,CASH_BALANCE_BREAK,-1184.51,-1200.01,15.5,15.5,6
2017,1,2022-12-12,,CASH_BALANCE_BREAK,-1255.61,-2255.61,1000.0,1000.0,0
2018,5,2023-09-22,,CASH_BALANCE_BREAK,6363.49,6613.49,-250.0,250.0,4
2019,6,2023-09-22,,CASH_BALANCE_BREAK,-813.01,-828.51,15.5,15.5,6
2020,1,2023-10-07,,CASH_BALANCE_BREAK,-1250.53,-2250.53,1000.0,1000.0,0
2021,2,2023-10-07,,CASH_BALANCE_BREAK,88.55,86.05,2.5,2.5,1
2022,1,2022-02-18,,CASH_BALANCE_BREAK,-1022.78,-2022.78,1000.0,1000.0,0
2023,2,2022-09-08,,CASH_BALANCE_BREAK,-783.61,-786.11,2.5,2.5,1
2024,5,2021-09-26,,CASH_BALANCE_BREAK,262.96,512.96,-250.0,250.0,4
2025,2,2022-11-11,,CASH_BALANCE_BREAK,-878.48,-880.98,2.5,2.5,1
2026,2,2022-06-08,,CASH_BALANCE_BREAK,-520.25,-522.75,2.5,2.5,1
2027,1,2022-02-27,,CASH_BALANCE_BREAK,-1022.78,-2022.78,1000.0,1000.0,0
2028,2,2022-06-05,,CASH_BALANCE_BREAK,-520.25,-522.75,2.5,2.5,1
2029,1,2023-04-17,,CASH_BALANCE_BREAK,-2787.46,-3787.46,1000.0,1000.0,0
2030,1,2021-12-28,,CASH_BALANCE_BREAK,-1072.2,-2072.2,1000.0,1000.0,0
2031,2,2023-01-04,,CASH_BALANCE_BREAK,-936.56,-939.06,2.5,2.5,1
2032,5,2023-01-04,,CASH_BALANCE_BREAK,5572.82,5822.82,-250.0,250.0,4
2033,5,2023-05-20,,CASH_BALANCE_BREAK,6491.22,6741.22,-250.0,250.0,4
2034,1,2023-05-21,,CASH_BALANCE_BREAK,-2791.98,-3791.98,1000.0,1000.0,0
2035,5,2023-04-05,,CASH_BALANCE_BREAK,5651.4,5901.4,-250.0,250.0,4
2036,6,2023-04-05,,CASH_BALANCE_BREAK,-1810.04,-1825.54,15.5,15.5,6
2037,1,2022-05-05,,CASH_BALANCE_BREAK,-1045.54,-2045.54,1000.0,1000.0,0
2038,1,2022-06-18,,CASH_BALANCE_BREAK,-1284.32,-2284.32,1000.0,1000.0,0
2039,1,2021-03-02,,CASH_BALANCE_BREAK,-919.27,-1919.27,1000.0,1000.0,0
2040,1,2021-08-13,,CASH_BALANCE_BREAK,-684.54,-1684.54,1000.0,1000.0,0
2041,2,2022-04-22,,CASH_BALANCE_BREAK,-290.33,-292.83,2.5,2.5,1
2042,5,2022-03-30,,CASH_BALANCE_BREAK,1380.44,1630.44,-250.0,250.0,4
2043,1,2021-03-04,,CASH_BALANCE_BREAK,-919.27,-1919.27,1000.0,1000.0,0
2044,6,2022-03-20,,CASH_BALANCE_BREAK,-635.26,-650.76,15.5,15.5,6
2045,2,2021-12-07,,CASH_BALANCE_BREAK,-1337.29,-1339.79,2.5,2.5,1
2046,2,2021-03-23,,CASH_BALANCE_BREAK,-1584.47,-1586.97,2.5,2.5,1
2047,1,2021-08-15,,CASH_BALANCE_BREAK,-684.54,-1684.54,1000.0,1000.0,0
2048,2,2021-08-15,,CASH_BALANCE_BREAK,-1262.66,-1265.16,2.5,2.5,1
2049,5,2021-10-03,,CASH_BALANCE_BREAK,762.96,1012.96,-250.0,250.0,4
2050,1,2022-04-29,,CASH_BALANCE_BREAK,-1045.54,-2045.54,1000.0,1000.0,0
2051,6,2022-12-28,,CASH_BALANCE_BREAK,-1739.01,-1754.51,15.5,15.5,6
2052,1,2021-10-15,,CASH_BALANCE_BREAK,-927.71,-1927.71,1000.0,1000.0,0
2053,5,2022-06-09,,CASH_BALANCE_BREAK,3501.34,3751.34,-250.0,250.0,4
2054,1,2022-11-06,,CASH_BALANCE_BREAK,-1283.85,-2283.85,1000.0,1000.0,0
2055,2,2023-08-17,,CASH_BALANCE_BREAK,-540.68,-543.18,2.5,2.5,1
2056,6,2023-09-27,,CASH_BALANCE_BREAK,-563.01,-578.51,15.5,15.5,6
2057,5,2023-09-29,,CASH_BALANCE_BREAK,6363.5,6613.5,-250.0,250.0,4
2058,1,2023-03-11,,CASH_BALANCE_BREAK,-1261.89,-2261.89,1000.0,1000.0,0
2059,6,2023-10-10,,CASH_BALANCE_BREAK,-776.73,-792.23,15.5,15.5,6
2060,1,2023-09-20,,CASH_BALANCE_BREAK,-1062.8,-2062.8,1000.0,1000.0,0
2061,5,2023-10-01,,CASH_BALANCE_BREAK,6363.5,6613.5,-250.0,250.0,4
2062,5,2023-10-26,,CASH_BALANCE_BREAK,6840.26,7090.26,-250.0,250.0,4
2063,5,2023-12-04,,CASH_BALANCE_BREAK,6058.54,6308.54,-250.0,250.0,4
2064,1,2023-07-31,,CASH_BALANCE_BREAK,-859.19,-1859.19,1000.0,1000.0,0
2065,6,2023-09-16,,CASH_BALANCE_BREAK,-813.01,-828.51,15.5,15.5,6
2066,2,2023-09-10,,CASH_BALANCE_BREAK,-571.16,-573.66,2.5,2.5,1
2067,2,2023-11-30,,CASH_BALANCE_BREAK,-556.11,-558.61,2.5,2.5,1
2068,2,2022-10-26,,CASH_BALANCE_BREAK,-884.91,-887.41,2.5,2.5,1
2069,5,2023-09-18,,CASH_BALANCE_BREAK,6363.49,6613.49,-250.0,250.0,4
2070,2,2023-10-27,,CASH_BALANCE_BREAK,-40.89,-43.39,2.5,2.5,1
2071,2,2023-11-22,,CASH_BALANCE_BREAK,-556.12,-558.62,2.5,2.5,1
2072,2,2023-08-22,,CASH_BALANCE_BREAK,-540.68,-543.18,2.5,2.5,1
2073,1,2023-11-06,,CASH_BALANCE_BREAK,-1040.9,-2040.9,1000.0,1000.0,0
2074,5,2023-12-10,,CASH_BALANCE_BREAK,6058.54,6308.54,-250.0,250.0,4
2075,2,2023-12-25,,CASH_BALANCE_BREAK,-556.11,-558.61,2.5,2.5,1
2076,2,2024-01-04,,CASH_BALANCE_BREAK,-556.11,-558.61,2.5,2.5,1
2077,5,2023-04-21,,CASH_BALANCE_BREAK,5001.5,5251.5,-250.0,250.0,4
2078,6,2024-01-13,,CASH_BALANCE_BREAK,-79.65,-95.15,15.5,15.5,6
2079,6,2024-03-19,,CASH_BALANCE_BREAK,-78.73,-94.23,15.5,15.5,6
2080,1,2024-03-20,,CASH_BALANCE_BREAK,-1035.88,-2035.88,1000.0,1000.0,0
2081,6,2024-03-20,,CASH_BALANCE_BREAK,-78.73,-94.23,15.5,15.5,6
2082,6,2024-04-04,,CASH_BALANCE_BREAK,1347.22,1331.72,15.5,15.5,6
2083,1,2023-11-12,,CASH_BALANCE_BREAK,-1426.22,-2426.22,1000.0,1000.0,0
2084,6,2023-07-22,,CASH_BALANCE_BREAK,-1184.51,-1200.01,15.5,15.5,6
2085,2,2023-08-06,,CASH_BALANCE_BREAK,-542.39,-544.89,2.5,2.5,1
2086,6,2023-07-15,,CASH_BALANCE_BREAK,-1164.51,-1180.01,15.5,15.5,6
2087,5,2023-08-01,,CASH_BALANCE_BREAK,6022.59,6272.59,-250.0,250.0,4
2088,6,2023-08-23,,CASH_BALANCE_BREAK,-1465.26,-1480.76,15.5,15.5,6
2089,5,2023-10-28,,CASH_BALANCE_BREAK,6840.26,7090.26,-250.0,250.0,4
2090,5,2023-10-31,,CASH_BALANCE_BREAK,6840.26,7090.26,-250.0,250.0,4
2091,6,2023-11-08,,CASH_BALANCE_BREAK,512.85,497.35,15.5,15.5,6
2092,5,2023-11-15,,CASH_BALANCE_BREAK,6842.23,7092.23,-250.0,250.0,4
2093,1,2023-09-09,,CASH_BALANCE_BREAK,-1062.8,-2062.8,1000.0,1000.0,0
2094,2,2023-09-09,,CASH_BALANCE_BREAK,-571.16,-573.66,2.5,2.5,1
2095,5,2021-12-14,,CASH_BALANCE_BREAK,1168.52,1418.52,-250.0,250.0,4
2096,1,2022-04-27,,CASH_BALANCE_BREAK,-1045.54,-2045.54,1000.0,1000.0,0
2097,1,2022-08-13,,CASH_BALANCE_BREAK,-1283.39,-2283.39,1000.0,1000.0,0
2098,2,2021-07-07,,CASH_BALANCE_BREAK,-1266.11,-1268.61,2.5,2.5,1
2099,2,2022-05-02,,CASH_BALANCE_BREAK,-267.88,-270.38,2.5,2.5,1
2100,1,2022-05-07,,CASH_BALANCE_BREAK,-1045.54,-2045.54,1000.0,1000.0,0
2101,2,2022-05-24,,CASH_BALANCE_BREAK,-520.25,-522.75,2.5,2.5,1
2102,1,2022-12-03,,CASH_BALANCE_BREAK,-1255.61,-2255.61,1000.0,1000.0,0
2103,6,2022-05-03,,CASH_BALANCE_BREAK,-1340.99,-1356.49,15.5,15.5,6
2104,1,2022-10-02,,CASH_BALANCE_BREAK,-1365.4,-2365.4,1000.0,1000.0,0
2105,2,2022-06-14,,CASH_BALANCE_BREAK,-520.25,-522.75,2.5,2.5,1
2106,2,2023-03-23,,CASH_BALANCE_BREAK,-809.33,-811.83,2.5,2.5,1
2107,1,2022-08-12,,CASH_BALANCE_BREAK,-1283.39,-2283.39,1000.0,1000.0,0
2108,2,2022-08-12,,CASH_BALANCE_BREAK,-783.61,-786.11,2.5,2.5,1
2109,2,2022-11-10,,CASH_BALANCE_BREAK,-878.48,-880.98,2.5,2.5,1
2110,1,2022-08-31,,CASH_BALANCE_BREAK,-1283.39,-2283.39,1000.0,1000.0,0
2111,1,2023-01-28,,CASH_BALANCE_BREAK,-1229.65,-2229.65,1000.0,1000.0,0
2112,2,2021-05-03,,CASH_BALANCE_BREAK,-1272.68,-1275.18,2.5,2.5,1
2113,6,2022-02-27,,CASH_BALANCE_BREAK,-635.5,-651.0,15.5,15.5,6
2114,6,2022-02-28,,CASH_BALANCE_BREAK,-635.5,-651.0,15.5,15.5,6
2115,2,2022-04-20,,CASH_BALANCE_BREAK,-290.33,-292.83,2.5,2.5,1
2116,6,2022-04-22,,CASH_BALANCE_BREAK,-2440.99,-2456.49,15.5,15.5,6
2117,5,2021-09-19,,CASH_BALANCE_BREAK,262.96,512.96,-250.0,250.0,4
2118,1,2021-03-05,,CASH_BALANCE_BREAK,-919.27,-1919.27,1000.0,1000.0,0
2119,2,2022-03-11,,CASH_BALANCE_BREAK,-1369.24,-1371.74,2.5,2.5,1
2120,5,2022-04-29,,CASH_BALANCE_BREAK,3201.34,3451.34,-250.0,250.0,4
2121,1,2022-12-28,,CASH_BALANCE_BREAK,-1255.61,-2255.61,1000.0,1000.0,0
2122,5,2021-11-08,,CASH_BALANCE_BREAK,768.52,1018.52,-250.0,250.0,4
2123,2,2022-04-02,,CASH_BALANCE_BREAK,-1362.36,-1364.86,2.5,2.5,1
2124,5,2021-10-15,,CASH_BALANCE_BREAK,762.96,1012.96,-250.0,250.0,4
2125,1,2021-02-26,,CASH_BALANCE_BREAK,-919.27,-1919.27,1000.0,1000.0,0
2126,1,2023-01-21,,CASH_BALANCE_BREAK,-1229.65,-2229.65,1000.0,1000.0,0
2127,5,2023-09-27,,CASH_BALANCE_BREAK,6363.5,6613.5,-250.0,250.0,4
2128,5,2023-10-11,,CASH_BALANCE_BREAK,6840.25,7090.25,-250.0,250.0,4
2129,2,2023-03-12,,CASH_BALANCE_BREAK,-820.18,-822.68,2.5,2.5,1
2130,2,2023-08-12,,CASH_BALANCE_BREAK,-542.39,-544.89,2.5,2.5,1
2131,2,2023-09-29,,CASH_BALANCE_BREAK,-568.4,-570.9,2.5,2.5,1
2132,2,2023-09-21,,CASH_BALANCE_BREAK,-568.4,-570.9,2.5,2.5,1
2133,5,2023-03-10,,CASH_BALANCE_BREAK,5626.14,5876.14,-250.0,250.0,4
2134,2,2023-10-10,,CASH_BALANCE_BREAK,70.5,68.0,2.5,2.5,1
2135,1,2023-05-12,,CASH_BALANCE_BREAK,-2791.98,-3791.98,1000.0,1000.0,0
2136,1,2023-08-26,,CASH_BALANCE_BREAK,-1065.58,-2065.58,1000.0,1000.0,0
2137,5,2023-09-20,,CASH_BALANCE_BREAK,6363.49,6613.49,-250.0,250.0,4
2138,6,2023-09-20,,CASH_BALANCE_BREAK,-813.01,-828.51,15.5,15.5,6
2139,1,2023-10-26,,CASH_BALANCE_BREAK,-1040.9,-2040.9,1000.0,1000.0,0
2140,5,2023-12-06,,CASH_BALANCE_BREAK,6058.54,6308.54,-250.0,250.0,4
2141,2,2023-07-31,,CASH_BALANCE_BREAK,-542.39,-544.89,2.5,2.5,1
2142,1,2023-09-19,,CASH_BALANCE_BREAK,-1062.8,-2062.8,1000.0,1000.0,0
2143,5,2023-10-30,,CASH_BALANCE_BREAK,6840.26,7090.26,-250.0,250.0,4
2144,6,2023-10-30,,CASH_BALANCE_BREAK,512.85,497.35,15.5,15.5,6
2145,5,2022-12-08,,CASH_BALANCE_BREAK,5564.78,5814.78,-250.0,250.0,4
2146,6,2022-12-08,,CASH_BALANCE_BREAK,-1739.01,-1754.51,15.5,15.5,6
2147,1,2023-03-30,,CASH_BALANCE_BREAK,-1254.78,-2254.78,1000.0,1000.0,0
2148,2,2023-03-30,,CASH_BALANCE_BREAK,-809.33,-811.83,2.5,2.5,1
2149,5,2023-04-17,,CASH_BALANCE_BREAK,5001.5,5251.5,-250.0,250.0,4
2150,1,2022-05-09,,CASH_BALANCE_BREAK,-1045.54,-2045.54,1000.0,1000.0,0
2151,5,2021-12-28,,CASH_BALANCE_BREAK,1868.52,2118.52,-250.0,250.0,4
2152,2,2022-06-12,,CASH_BALANCE_BREAK,-520.25,-522.75,2.5,2.5,1
2153,2,2022-12-23,,CASH_BALANCE_BREAK,-936.87,-939.37,2.5,2.5,1
2154,1,2023-05-19,,CASH_BALANCE_BREAK,-2791.98,-3791.98,1000.0,1000.0,0
2155,6,2023-05-21,,CASH_BALANCE_BREAK,-783.59,-799.09,15.5,15.5,6
2156,2,2023-05-14,,CASH_BALANCE_BREAK,-188.49,-190.99,2.5,2.5,1
2157,5,2022-05-05,,CASH_BALANCE_BREAK,3201.34,3451.34,-250.0,250.0,4
2158,1,2021-12-01,,CASH_BALANCE_BREAK,-1047.58,-2047.58,1000.0,1000.0,0
2159,2,2021-12-01,,CASH_BALANCE_BREAK,-1337.29,-1339.79,2.5,2.5,1
2160,6,2022-01-19,,CASH_BALANCE_BREAK,-672.7,-688.2,15.5,15.5,6
2161,1,2022-01-06,,CASH_BALANCE_BREAK,-1051.39,-2051.39,1000.0,1000.0,0
2162,5,2022-01-24,,CASH_BALANCE_BREAK,1374.55,1624.55,-250.0,250.0,4
2163,5,2022-06-13,,CASH_BALANCE_BREAK,3501.34,3751.34,-250.0,250.0,4
2164,1,2021-07-05,,CASH_BALANCE_BREAK,-592.19,-1592.19,1000.0,1000.0,0
2165,1,2021-01-17,,CASH_BALANCE_BREAK,-380.07,-1380.07,1000.0,1000.0,0
2166,1,2021-02-15,,CASH_BALANCE_BREAK,-230.07,-1230.07,1000.0,1000.0,0
2167,5,2022-02-06,,CASH_BALANCE_BREAK,1376.68,1626.68,-250.0,250.0,4
2168,1,2022-06-09,,CASH_BALANCE_BREAK,-1284.32,-2284.32,1000.0,1000.0,0
2169,2,2022-06-09,,CASH_BALANCE_BREAK,-520.25,-522.75,2.5,2.5,1
2170,5,2022-06-10,,CASH_BALANCE_BREAK,3501.34,3751.34,-250.0,250.0,4
2171,1,2021-08-19,,CASH_BALANCE_BREAK,-680.19,-1680.19,1000.0,1000.0,0
2172,1,2021-11-14,,CASH_BALANCE_BREAK,-1058.56,-2058.56,1000.0,1000.0,0
2173,1,2021-11-10,,CASH_BALANCE_BREAK,-1058.56,-2058.56,1000.0,1000.0,0
2174,5,2021-11-10,,CASH_BALANCE_BREAK,768.52,1018.52,-250.0,250.0,4
2175,5,2022-01-29,,CASH_BALANCE_BREAK,1374.55,1624.55,-250.0,250.0,4
2176,1,2021-07-18,,CASH_BALANCE_BREAK,-592.19,-1592.19,1000.0,1000.0,0
2177,2,2021-10-27,,CASH_BALANCE_BREAK,-1341.01,-1343.51,2.5,2.5,1
2178,2,2023-01-21,,CASH_BALANCE_BREAK,-936.56,-939.06,2.5,2.5,1
2179,5,2022-07-28,,CASH_BALANCE_BREAK,4451.23,4701.23,-250.0,250.0,4
2180,6,2022-09-14,,CASH_BALANCE_BREAK,-1581.71,-1597.21,15.5,15.5,6
2181,1,2022-04-07,,CASH_BALANCE_BREAK,-1012.66,-2012.66,1000.0,1000.0,0
2182,6,2023-04-20,,CASH_BALANCE_BREAK,-650.73,-666.23,15.5,15.5,6
2183,2,2024-04-15,,CASH_BALANCE_BREAK,86.07,83.57,2.5,2.5,1
2184,1,2024-04-14,,CASH_BALANCE_BREAK,-976.78,-1976.78,1000.0,1000.0,0
2185,6,2023-10-27,,CASH_BALANCE_BREAK,512.85,497.35,15.5,15.5,6
2186,2,2023-11-05,,CASH_BALANCE_BREAK,-40.89,-43.39,2.5,2.5,1
2187,5,2023-01-11,,CASH_BALANCE_BREAK,5572.82,5822.82,-250.0,250.0,4
2188,1,2021-10-22,,CASH_BALANCE_BREAK,-927.71,-1927.71,1000.0,1000.0,0
2189,5,2023-01-16,,CASH_BALANCE_BREAK,5572.82,5822.82,-250.0,250.0,4
2190,2,2023-05-30,,CASH_BALANCE_BREAK,-437.34,-439.84,2.5,2.5,1
2191,1,2023-04-04,,CASH_BALANCE_BREAK,-1437.14,-2437.14,1000.0,1000.0,0
2192,1,2023-08-28,,CASH_BALANCE_BREAK,-1065.58,-2065.58,1000.0,1000.0,0
2193,6,2022-12-10,,CASH_BALANCE_BREAK,-1739.01,-1754.51,15.5,15.5,6
2194,1,2022-10-14,,CASH_BALANCE_BREAK,-1358.81,-2358.81,1000.0,1000.0,0
2195,1,2022-10-15,,CASH_BALANCE_BREAK,-1358.81,-2358.81,1000.0,1000.0,0
2196,5,2022-10-15,,CASH_BALANCE_BREAK,4341.62,4591.62,-250.0,250.0,4
2197,6,2022-09-11,,CASH_BALANCE_BREAK,-1581.71,-1597.21,15.5,15.5,6
2198,5,2023-01-01,,CASH_BALANCE_BREAK,5564.78,5814.78,-250.0,250.0,4
2199,1,2023-03-09,,CASH_BALANCE_BREAK,-1261.89,-2261.89,1000.0,1000.0,0
2200,5,2023-08-06,,CASH_BALANCE_BREAK,6022.59,6272.59,-250.0,250.0,4
2201,5,2023-02-09,,CASH_BALANCE_BREAK,5610.48,5860.48,-250.0,250.0,4
2202,6,2023-07-16,,CASH_BALANCE_BREAK,-1164.51,-1180.01,15.5,15.5,6
2203,5,2023-07-26,,CASH_BALANCE_BREAK,6022.59,6272.59,-250.0,250.0,4
2204,1,2023-05-09,,CASH_BALANCE_BREAK,-2791.98,-3791.98,1000.0,1000.0,0
2205,1,2023-08-18,,CASH_BALANCE_BREAK,-851.26,-1851.26,1000.0,1000.0,0
2206,2,2023-09-22,,CASH_BALANCE_BREAK,-568.4,-570.9,2.5,2.5,1
2207,6,2023-02-12,,CASH_BALANCE_BREAK,-1715.32,-1730.82,15.5,15.5,6
2208,6,2023-05-13,,CASH_BALANCE_BREAK,-783.59,-799.09,15.5,15.5,6
2209,1,2023-07-30,,CASH_BALANCE_BREAK,-859.19,-1859.19,1000.0,1000.0,0
2210,2,2021-10-11,,CASH_BALANCE_BREAK,-1358.34,-1360.84,2.5,2.5,1
2211,2,2021-10-12,,CASH_BALANCE_BREAK,-1358.34,-1360.84,2.5,2.5,1
2212,5,2021-12-21,,CASH_BALANCE_BREAK,1868.52,2118.52,-250.0,250.0,4
2213,1,2022-01-12,,CASH_BALANCE_BREAK,-1051.39,-2051.39,1000.0,1000.0,0
2214,1,2021-04-09,,CASH_BALANCE_BREAK,-950.94,-1950.94,1000.0,1000.0,0
2215,6,2022-03-21,,CASH_BALANCE_BREAK,-635.26,-650.76,15.5,15.5,6
2216,2,2021-05-14,,CASH_BALANCE_BREAK,-1271.28,-1273.78,2.5,2.5,1
2217,6,2023-10-03,,CASH_BALANCE_BREAK,-776.73,-792.23,15.5,15.5,6
2218,1,2023-09-13,,CASH_BALANCE_BREAK,-1062.8,-2062.8,1000.0,1000.0,0
2219,1,2022-11-23,,CASH_BALANCE_BREAK,-1283.85,-2283.85,1000.0,1000.0,0
2220,2,2022-11-23,,CASH_BALANCE_BREAK,-878.48,-880.98,2.5,2.5,1
2221,2,2022-08-17,,CASH_BALANCE_BREAK,-783.61,-786.11,2.5,2.5,1
2222,2,2023-09-14,,CASH_BALANCE_BREAK,-571.16,-573.66,2.5,2.5,1
2223,6,2023-08-19,,CASH_BALANCE_BREAK,-1169.65,-1185.15,15.5,15.5,6
2224,6,2023-10-25,,CASH_BALANCE_BREAK,512.85,497.35,15.5,15.5,6
2225,1,2023-11-21,,CASH_BALANCE_BREAK,-1628.52,-2628.52,1000.0,1000.0,0
2226,2,2023-11-21,,CASH_BALANCE_BREAK,-556.12,-558.62,2.5,2.5,1
2227,1,2024-01-16,,CASH_BALANCE_BREAK,-1680.98,-2680.98,1000.0,1000.0,0
2228,1,2023-12-15,,CASH_BALANCE_BREAK,-1607.54,-2607.54,1000.0,1000.0,0
2229,6,2023-12-16,,CASH_BALANCE_BREAK,-79.65,-95.15,15.5,15.5,6
2230,1,2023-11-13,,CASH_BALANCE_BREAK,-1426.22,-2426.22,1000.0,1000.0,0
2231,1,2023-09-26,,CASH_BALANCE_BREAK,-1045.14,-2045.14,1000.0,1000.0,0
2232,2,2023-09-26,,CASH_BALANCE_BREAK,-568.4,-570.9,2.5,2.5,1
2233,5,2023-12-27,,CASH_BALANCE_BREAK,6058.54,6308.54,-250.0,250.0,4
2234,6,2023-12-27,,CASH_BALANCE_BREAK,-79.65,-95.15,15.5,15.5,6
2235,1,2024-01-05,,CASH_BALANCE_BREAK,-1607.54,-2607.54,1000.0,1000.0,0
2236,2,2023-12-26,,CASH_BALANCE_BREAK,-556.11,-558.61,2.5,2.5,1
2237,5,2024-02-02,,CASH_BALANCE_BREAK,6058.55,6308.55,-250.0,250.0,4
2238,6,2024-02-02,,CASH_BALANCE_BREAK,-77.24,-92.74,15.5,15.5,6
2239,1,2023-12-07,,CASH_BALANCE_BREAK,-1607.54,-2607.54,1000.0,1000.0,0
2240,1,2024-01-10,,CASH_BALANCE_BREAK,-1607.54,-2607.54,1000.0,1000.0,0
2241,2,2024-01-10,,CASH_BALANCE_BREAK,-556.11,-558.61,2.5,2.5,1
2242,1,2021-03-26,,CASH_BALANCE_BREAK,-918.03,-1918.03,1000.0,1000.0,0
2243,1,2021-01-30,,CASH_BALANCE_BREAK,-380.07,-1380.07,1000.0,1000.0,0
2244,1,2021-01-25,,CASH_BALANCE_BREAK,-380.07,-1380.07,1000.0,1000.0,0
2245,6,2024-04-14,,CASH_BALANCE_BREAK,1347.22,1331.72,15.5,15.5,6
2246,1,2024-05-25,,CASH_BALANCE_BREAK,-585.69,-1585.69,1000.0,1000.0,0
2247,2,2024-05-25,,CASH_BALANCE_BREAK,819.99,817.49,2.5,2.5,1
2248,2,2022-11-21,,CASH_BALANCE_BREAK,-878.48,-880.98,2.5,2.5,1
2249,1,2022-01-22,,CASH_BALANCE_BREAK,-1051.39,-2051.39,1000.0,1000.0,0
2250,1,2022-04-25,,CASH_BALANCE_BREAK,-994.68,-1994.68,1000.0,1000.0,0
2251,1,2021-12-30,,CASH_BALANCE_BREAK,-1072.2,-2072.2,1000.0,1000.0,0
2252,1,2023-04-29,,CASH_BALANCE_BREAK,-2791.98,-3791.98,1000.0,1000.0,0
2253,5,2024-04-03,,CASH_BALANCE_BREAK,6333.37,6583.37,-250.0,250.0,4
2254,1,2024-03-30,,CASH_BALANCE_BREAK,-976.78,-1976.78,1000.0,1000.0,0
2255,2,2024-03-30,,CASH_BALANCE_BREAK,222.39,219.89,2.5,2.5,1
2256,5,2023-01-24,,CASH_BALANCE_BREAK,5572.82,5822.82,-250.0,250.0,4
2257,5,2023-04-03,,CASH_BALANCE_BREAK,5646.75,5896.75,-250.0,250.0,4
2258,5,2023-05-15,,CASH_BALANCE_BREAK,6491.22,6741.22,-250.0,250.0,4
2259,2,2023-05-04,,CASH_BALANCE_BREAK,-188.49,-190.99,2.5,2.5,1
2260,1,2023-01-23,,CASH_BALANCE_BREAK,-1229.65,-2229.65,1000.0,1000.0,0
2261,1,2023-05-25,,CASH_BALANCE_BREAK,-2791.98,-3791.98,1000.0,1000.0,0
2262,2,2024-01-26,,CASH_BALANCE_BREAK,-556.1,-558.6,2.5,2.5,1
2263,2,2024-03-14,,CASH_BALANCE_BREAK,222.39,219.89,2.5,2.5,1
2264,5,2024-03-29,,CASH_BALANCE_BREAK,6333.37,6583.37,-250.0,250.0,4
2265,1,2023-02-18,,CASH_BALANCE_BREAK,-1261.89,-2261.89,1000.0,1000.0,0
2266,1,2023-02-21,,CASH_BALANCE_BREAK,-1261.89,-2261.89,1000.0,1000.0,0
2267,6,2022-09-06,,CASH_BALANCE_BREAK,-1581.71,-1597.21,15.5,15.5,6
2268,2,2023-01-03,,CASH_BALANCE_BREAK,-936.56,-939.06,2.5,2.5,1
2269,6,2023-07-30,,CASH_BALANCE_BREAK,-1184.51,-1200.01,15.5,15.5,6
2270,1,2023-09-01,,CASH_BALANCE_BREAK,-1065.58,-2065.58,1000.0,1000.0,0
2271,1,2023-10-03,,CASH_BALANCE_BREAK,-1250.53,-2250.53,1000.0,1000.0,0
2272,1,2023-07-08,,CASH_BALANCE_BREAK,-862.98,-1862.98,1000.0,1000.0,0
2273,1,2023-06-11,,CASH_BALANCE_BREAK,-2796.17,-3796.17,1000.0,1000.0,0
2274,6,2023-06-18,,CASH_BALANCE_BREAK,-1121.48,-1136.98,15.5,15.5,6
2275,2,2023-06-01,,CASH_BALANCE_BREAK,-437.34,-439.84,2.5,2.5,1
2276,1,2023-06-19,,CASH_BALANCE_BREAK,-2796.17,-3796.17,1000.0,1000.0,0
2277,2,2023-06-19,,CASH_BALANCE_BREAK,-437.34,-439.84,2.5,2.5,1
2278,5,2023-07-09,,CASH_BALANCE_BREAK,6008.63,6258.63,-250.0,250.0,4
2279,6,2023-07-09,,CASH_BALANCE_BREAK,-1164.51,-1180.01,15.5,15.5,6
2280,6,2022-04-15,,CASH_BALANCE_BREAK,-2440.99,-2456.49,15.5,15.5,6
2281,6,2023-06-29,,CASH_BALANCE_BREAK,-1121.48,-1136.98,15.5,15.5,6
2282,6,2023-06-10,,CASH_BALANCE_BREAK,-1121.48,-1136.98,15.5,15.5,6
2283,1,2023-07-02,,CASH_BALANCE_BREAK,-3043.21,-4043.21,1000.0,1000.0,0
2284,2,2022-04-16,,CASH_BALANCE_BREAK,-290.33,-292.83,2.5,2.5,1
2285,1,2022-01-05,,CASH_BALANCE_BREAK,-1051.39,-2051.39,1000.0,1000.0,0
2286,2,2022-01-05,,CASH_BALANCE_BREAK,-1328.37,-1330.87,2.5,2.5,1
2287,1,2022-01-08,,CASH_BALANCE_BREAK,-1051.39,-2051.39,1000.0,1000.0,0
2288,1,2021-05-22,,CASH_BALANCE_BREAK,-405.94,-1405.94,1000.0,1000.0,0
2289,1,2021-05-30,,CASH_BALANCE_BREAK,-565.72,-1565.72,1000.0,1000.0,0
2290,2,2022-03-21,,CASH_BALANCE_BREAK,-1369.24,-1371.74,2.5,2.5,1
2291,1,2021-05-25,,CASH_BALANCE_BREAK,-405.94,-1405.94,1000.0,1000.0,0
2292,2,2022-01-30,,CASH_BALANCE_BREAK,-1328.37,-1330.87,2.5,2.5,1
2293,5,2022-01-30,,CASH_BALANCE_BREAK,1374.55,1624.55,-250.0,250.0,4
2294,2,2023-08-19,,CASH_BALANCE_BREAK,-540.68,-543.18,2.5,2.5,1
2295,6,2022-11-24,,CASH_BALANCE_BREAK,-1484.66,-1500.16,15.5,15.5,6
2296,6,2023-09-03,,CASH_BALANCE_BREAK,-1465.26,-1480.76,15.5,15.5,6
2297,5,2022-08-17,,CASH_BALANCE_BREAK,4456.74,4706.74,-250.0,250.0,4
2298,5,2023-10-25,,CASH_BALANCE_BREAK,6840.26,7090.26,-250.0,250.0,4
2299,5,2023-11-03,,CASH_BALANCE_BREAK,6840.26,7090.26,-250.0,250.0,4
2300,6,2023-11-19,,CASH_BALANCE_BREAK,156.82,141.32,15.5,15.5,6
2301,1,2023-12-13,,CASH_BALANCE_BREAK,-1607.54,-2607.54,1000.0,1000.0,0
2302,6,2023-12-15,,CASH_BALANCE_BREAK,-79.65,-95.15,15.5,15.5,6
2303,1,2023-12-24,,CASH_BALANCE_BREAK,-1607.54,-2607.54,1000.0,1000.0,0
2304,2,2023-12-08,,CASH_BALANCE_BREAK,-556.11,-558.61,2.5,2.5,1
2305,6,2023-08-05,,CASH_BALANCE_BREAK,-1184.51,-1200.01,15.5,15.5,6
2306,2,2023-12-27,,CASH_BALANCE_BREAK,-556.11,-558.61,2.5,2.5,1
2307,6,2023-12-26,,CASH_BALANCE_BREAK,-79.65,-95.15,15.5,15.5,6
2308,6,2023-03-06,,CASH_BALANCE_BREAK,-1823.87,-1839.37,15.5,15.5,6
2309,1,2023-03-29,,CASH_BALANCE_BREAK,-1254.78,-2254.78,1000.0,1000.0,0
2310,5,2023-10-15,,CASH_BALANCE_BREAK,6840.25,7090.25,-250.0,250.0,4
2311,1,2023-12-22,,CASH_BALANCE_BREAK,-1607.54,-2607.54,1000.0,1000.0,0
2312,1,2024-01-14,,CASH_BALANCE_BREAK,-1680.98,-2680.98,1000.0,1000.0,0
2313,5,2024-04-15,,CASH_BALANCE_BREAK,7046.34,7296.34,-250.0,250.0,4
2314,6,2023-02-05,,CASH_BALANCE_BREAK,-1715.32,-1730.82,15.5,15.5,6
2315,5,2022-01-22,,CASH_BALANCE_BREAK,1374.55,1624.55,-250.0,250.0,4
2316,1,2022-04-26,,CASH_BALANCE_BREAK,-1045.54,-2045.54,1000.0,1000.0,0
2317,2,2023-04-19,,CASH_BALANCE_BREAK,-133.53,-136.03,2.5,2.5,1
2318,2,2024-04-11,,CASH_BALANCE_BREAK,86.07,83.57,2.5,2.5,1
2319,6,2024-03-25,,CASH_BALANCE_BREAK,-78.73,-94.23,15.5,15.5,6
2320,2,2023-04-11,,CASH_BALANCE_BREAK,-133.53,-136.03,2.5,2.5,1
2321,1,2023-01-24,,CASH_BALANCE_BREAK,-1229.65,-2229.65,1000.0,1000.0,0
2322,2,2023-02-23,,CASH_BALANCE_BREAK,-820.18,-822.68,2.5,2.5,1
2323,5,2023-03-17,,CASH_BALANCE_BREAK,5646.75,5896.75,-250.0,250.0,4
2324,1,2023-05-15,,CASH_BALANCE_BREAK,-2791.98,-3791.98,1000.0,1000.0,0
2325,2,2023-05-16,,CASH_BALANCE_BREAK,-188.49,-190.99,2.5,2.5,1
2326,6,2023-03-25,,CASH_BALANCE_BREAK,-1810.04,-1825.54,15.5,15.5,6
2327,1,2024-03-31,,CASH_BALANCE_BREAK,-976.78,-1976.78,1000.0,1000.0,0
2328,2,2024-04-01,,CASH_BALANCE_BREAK,86.07,83.57,2.5,2.5,1
2329,6,2024-04-01,,CASH_BALANCE_BREAK,-78.73,-94.23,15.5,15.5,6
2330,1,2024-04-05,,CASH_BALANCE_BREAK,-976.78,-1976.78,1000.0,1000.0,0
2331,5,2023-04-12,,CASH_BALANCE_BREAK,5001.5,5251.5,-250.0,250.0,4
2332,5,2023-04-13,,CASH_BALANCE_BREAK,5001.5,5251.5,-250.0,250.0,4
2333,6,2024-01-26,,CASH_BALANCE_BREAK,-77.24,-92.74,15.5,15.5,6
2334,5,2024-03-22,,CASH_BALANCE_BREAK,6333.37,6583.37,-250.0,250.0,4
2335,6,2024-03-22,,CASH_BALANCE_BREAK,-78.73,-94.23,15.5,15.5,6
2336,6,2022-07-17,,CASH_BALANCE_BREAK,-1598.51,-1614.01,15.5,15.5,6
2337,5,2024-05-21,,CASH_BALANCE_BREAK,7933.08,8183.08,-250.0,250.0,4
2338,2,2023-01-25,,CASH_BALANCE_BREAK,-936.56,-939.06,2.5,2.5,1
2339,1,2023-05-07,,CASH_BALANCE_BREAK,-2791.98,-3791.98,1000.0,1000.0,0
2340,2,2022-09-06,,CASH_BALANCE_BREAK,-783.61,-786.11,2.5,2.5,1
2341,1,2023-04-09,,CASH_BALANCE_BREAK,-1437.14,-2437.14,1000.0,1000.0,0
2342,2,2023-04-09,,CASH_BALANCE_BREAK,-950.53,-953.03,2.5,2.5,1
2343,1,2021-06-28,,CASH_BALANCE_BREAK,-565.72,-1565.72,1000.0,1000.0,0
2344,2,2021-04-11,,CASH_BALANCE_BREAK,-1575.26,-1577.76,2.5,2.5,1
2345,2,2021-05-12,,CASH_BALANCE_BREAK,-1271.28,-1273.78,2.5,2.5,1
2346,1,2021-03-28,,CASH_BALANCE_BREAK,-918.03,-1918.03,1000.0,1000.0,0
2347,2,2021-05-17,,CASH_BALANCE_BREAK,-1271.28,-1273.78,2.5,2.5,1
2348,2,2021-02-22,,CASH_BALANCE_BREAK,-1588.82,-1591.32,2.5,2.5,1
2349,5,2022-08-23,,CASH_BALANCE_BREAK,4456.74,4706.74,-250.0,250.0,4
2350,5,2021-12-16,,CASH_BALANCE_BREAK,1168.52,1418.52,-250.0,250.0,4
2351,5,2022-10-09,,CASH_BALANCE_BREAK,4341.62,4591.62,-250.0,250.0,4
2352,2,2024-04-21,,CASH_BALANCE_BREAK,86.07,83.57,2.5,2.5,1
2353,2,2024-05-10,,CASH_BALANCE_BREAK,776.95,774.45,2.5,2.5,1
2354,6,2024-03-12,,CASH_BALANCE_BREAK,146.67,131.17,15.5,15.5,6
2355,5,2023-11-18,,CASH_BALANCE_BREAK,6496.48,6746.48,-250.0,250.0,4
2356,6,2023-11-18,,CASH_BALANCE_BREAK,156.82,141.32,15.5,15.5,6
2357,6,2023-12-05,,CASH_BALANCE_BREAK,-79.65,-95.15,15.5,15.5,6
2358,6,2023-12-21,,CASH_BALANCE_BREAK,-79.65,-95.15,15.5,15.5,6
2359,1,2023-10-06,,CASH_BALANCE_BREAK,-1250.53,-2250.53,1000.0,1000.0,0
2360,2,2024-01-06,,CASH_BALANCE_BREAK,-556.11,-558.61,2.5,2.5,1
2361,1,2021-11-13,,CASH_BALANCE_BREAK,-1058.56,-2058.56,1000.0,1000.0,0
2362,2,2021-10-10,,CASH_BALANCE_BREAK,-1358.34,-1360.84,2.5,2.5,1
2363,2,2021-11-29,,CASH_BALANCE_BREAK,-1337.29,-1339.79,2.5,2.5,1
2364,1,2021-11-03,,CASH_BALANCE_BREAK,-1058.56,-2058.56,1000.0,1000.0,0
2365,5,2022-01-09,,CASH_BALANCE_BREAK,1374.55,1624.55,-250.0,250.0,4
2366,1,2021-01-28,,CASH_BALANCE_BREAK,-380.07,-1380.07,1000.0,1000.0,0
2367,2,2021-05-02,,CASH_BALANCE_BREAK,-1272.68,-1275.18,2.5,2.5,1
2368,6,2023-06-20,,CASH_BALANCE_BREAK,-1121.48,-1136.98,15.5,15.5,6
2369,1,2022-06-02,,CASH_BALANCE_BREAK,-1284.32,-2284.32,1000.0,1000.0,0
2370,6,2022-06-02,,CASH_BALANCE_BREAK,-1437.52,-1453.02,15.5,15.5,6
2371,5,2022-11-18,,CASH_BALANCE_BREAK,4230.23,4480.23,-250.0,250.0,4
2372,1,2023-02-07,,CASH_BALANCE_BREAK,-1267.32,-2267.32,1000.0,1000.0,0
2373,1,2023-06-06,,CASH_BALANCE_BREAK,-2796.17,-3796.17,1000.0,1000.0,0
2374,1,2023-04-25,,CASH_BALANCE_BREAK,-2787.46,-3787.46,1000.0,1000.0,0
2375,5,2023-07-04,,CASH_BALANCE_BREAK,6202.36,6452.36,-250.0,250.0,4
2376,2,2023-07-05,,CASH_BALANCE_BREAK,-742.39,-744.89,2.5,2.5,1
2377,5,2023-01-18,,CASH_BALANCE_BREAK,5572.82,5822.82,-250.0,250.0,4
2378,5,2023-04-02,,CASH_BALANCE_BREAK,5646.75,5896.75,-250.0,250.0,4
2379,2,2023-04-04,,CASH_BALANCE_BREAK,-950.53,-953.03,2.5,2.5,1
2380,5,2022-10-14,,CASH_BALANCE_BREAK,4341.62,4591.62,-250.0,250.0,4
2381,6,2022-10-14,,CASH_BALANCE_BREAK,-1500.64,-1516.14,15.5,15.5,6
2382,1,2022-06-03,,CASH_BALANCE_BREAK,-1284.32,-2284.32,1000.0,1000.0,0
2383,1,2022-09-22,,CASH_BALANCE_BREAK,-1365.4,-2365.4,1000.0,1000.0,0
2384,2,2022-09-22,,CASH_BALANCE_BREAK,-890.06,-892.56,2.5,2.5,1
2385,2,2023-03-26,,CASH_BALANCE_BREAK,-809.33,-811.83,2.5,2.5,1
2386,5,2022-08-30,,CASH_BALANCE_BREAK,4456.74,4706.74,-250.0,250.0,4
2387,5,2023-06-04,,CASH_BALANCE_BREAK,6439.8,6689.8,-250.0,250.0,4
2388,1,2022-07-10,,CASH_BALANCE_BREAK,-1381.37,-2381.37,1000.0,1000.0,0
2389,2,2022-11-28,,CASH_BALANCE_BREAK,-878.48,-880.98,2.5,2.5,1
2390,1,2023-05-31,,CASH_BALANCE_BREAK,-2796.17,-3796.17,1000.0,1000.0,0
2391,6,2023-06-02,,CASH_BALANCE_BREAK,-1121.48,-1136.98,15.5,15.5,6
2392,1,2023-06-16,,CASH_BALANCE_BREAK,-2796.17,-3796.17,1000.0,1000.0,0
2393,1,2021-03-10,,CASH_BALANCE_BREAK,-919.27,-1919.27,1000.0,1000.0,0
2394,2,2021-05-09,,CASH_BALANCE_BREAK,-1271.28,-1273.78,2.5,2.5,1
2395,1,2021-06-29,,CASH_BALANCE_BREAK,-592.19,-1592.19,1000.0,1000.0,0
2396,2,2021-06-29,,CASH_BALANCE_BREAK,-1266.11,-1268.61,2.5,2.5,1
2397,2,2024-04-30,,CASH_BALANCE_BREAK,776.95,774.45,2.5,2.5,1
2398,5,2024-04-30,,CASH_BALANCE_BREAK,7560.0,7810.0,-250.0,250.0,4
2399,1,2022-10-23,,CASH_BALANCE_BREAK,-1358.81,-2358.81,1000.0,1000.0,0
2400,1,2022-11-17,,CASH_BALANCE_BREAK,-1283.85,-2283.85,1000.0,1000.0,0
2401,2,2023-01-01,,CASH_BALANCE_BREAK,-936.87,-939.37,2.5,2.5,1
2402,2,2023-07-16,,CASH_BALANCE_BREAK,-742.39,-744.89,2.5,2.5,1
2403,5,2023-04-26,,CASH_BALANCE_BREAK,5001.5,5251.5,-250.0,250.0,4
2404,6,2023-04-26,,CASH_BALANCE_BREAK,-650.73,-666.23,15.5,15.5,6
2405,5,2023-05-11,,CASH_BALANCE_BREAK,6491.22,6741.22,-250.0,250.0,4
2406,5,2023-07-27,,CASH_BALANCE_BREAK,6022.59,6272.59,-250.0,250.0,4
2407,6,2022-12-12,,CASH_BALANCE_BREAK,-1739.01,-1754.51,15.5,15.5,6
2408,6,2023-10-07,,CASH_BALANCE_BREAK,-776.73,-792.23,15.5,15.5,6
2409,6,2022-02-18,,CASH_BALANCE_BREAK,-635.5,-651.0,15.5,15.5,6
2410,1,2021-09-26,,CASH_BALANCE_BREAK,-933.76,-1933.76,1000.0,1000.0,0
2411,1,2023-09-12,,CASH_BALANCE_BREAK,-1062.8,-2062.8,1000.0,1000.0,0
2412,2,2021-10-16,,CASH_BALANCE_BREAK,-1358.34,-1360.84,2.5,2.5,1
2413,2,2021-09-06,,CASH_BALANCE_BREAK,-1377.17,-1379.67,2.5,2.5,1
2414,5,2021-09-02,,CASH_BALANCE_BREAK,260.88,510.88,-250.0,250.0,4
2415,1,2021-05-14,,CASH_BALANCE_BREAK,-405.94,-1405.94,1000.0,1000.0,0
2416,1,2021-05-15,,CASH_BALANCE_BREAK,-405.94,-1405.94,1000.0,1000.0,0
2417,1,2022-02-14,,CASH_BALANCE_BREAK,-1022.78,-2022.78,1000.0,1000.0,0
2418,2,2022-02-14,,CASH_BALANCE_BREAK,-1379.51,-1382.01,2.5,2.5,1
2419,5,2022-11-23,,CASH_BALANCE_BREAK,4230.23,4480.23,-250.0,250.0,4
2420,1,2022-11-24,,CASH_BALANCE_BREAK,-1283.85,-2283.85,1000.0,1000.0,0
2421,5,2022-12-30,,CASH_BALANCE_BREAK,5564.78,5814.78,-250.0,250.0,4
2422,6,2022-12-30,,CASH_BALANCE_BREAK,-1739.01,-1754.51,15.5,15.5,6
2423,6,2023-07-25,,CASH_BALANCE_BREAK,-1184.51,-1200.01,15.5,15.5,6
2424,1,2023-09-14,,CASH_BALANCE_BREAK,-1062.8,-2062.8,1000.0,1000.0,0
2425,6,2023-09-14,,CASH_BALANCE_BREAK,-813.01,-828.51,15.5,15.5,6
2426,2,2023-10-25,,CASH_BALANCE_BREAK,-40.89,-43.39,2.5,2.5,1
2427,6,2023-11-21,,CASH_BALANCE_BREAK,156.82,141.32,15.5,15.5,6
2428,1,2023-11-27,,CASH_BALANCE_BREAK,-1628.52,-2628.52,1000.0,1000.0,0
2429,6,2023-11-27,,CASH_BALANCE_BREAK,156.82,141.32,15.5,15.5,6
2430,1,2022-01-09,,CASH_BALANCE_BREAK,-1051.39,-2051.39,1000.0,1000.0,0
2431,1,2021-10-16,,CASH_BALANCE_BREAK,-927.71,-1927.71,1000.0,1000.0,0
2432,5,2021-08-31,,CASH_BALANCE_BREAK,260.88,510.88,-250.0,250.0,4
2433,2,2021-04-09,,CASH_BALANCE_BREAK,-1575.26,-1577.76,2.5,2.5,1
2434,1,2021-12-17,,CASH_BALANCE_BREAK,-1047.58,-2047.58,1000.0,1000.0,0
2435,5,2021-12-18,,CASH_BALANCE_BREAK,1168.52,1418.52,-250.0,250.0,4
2436,1,2021-09-02,,CASH_BALANCE_BREAK,-933.76,-1933.76,1000.0,1000.0,0
2437,6,2022-01-30,,CASH_BALANCE_BREAK,-672.7,-688.2,15.5,15.5,6
2438,5,2022-01-21,,CASH_BALANCE_BREAK,1374.55,1624.55,-250.0,250.0,4
2439,5,2023-09-01,,CASH_BALANCE_BREAK,6344.12,6594.12,-250.0,250.0,4
2440,5,2023-09-12,,CASH_BALANCE_BREAK,6363.49,6613.49,-250.0,250.0,4
2441,6,2023-09-12,,CASH_BALANCE_BREAK,-813.01,-828.51,15.5,15.5,6
2442,1,2022-10-12,,CASH_BALANCE_BREAK,-1358.81,-2358.81,1000.0,1000.0,0
2443,5,2023-08-19,,CASH_BALANCE_BREAK,6054.3,6304.3,-250.0,250.0,4
2444,2,2023-11-27,,CASH_BALANCE_BREAK,-556.12,-558.62,2.5,2.5,1
2445,2,2023-12-12,,CASH_BALANCE_BREAK,-556.11,-558.61,2.5,2.5,1
2446,5,2022-02-16,,CASH_BALANCE_BREAK,1376.68,1626.68,-250.0,250.0,4
2447,6,2022-04-30,,CASH_BALANCE_BREAK,-1340.99,-1356.49,15.5,15.5,6
2448,1,2022-05-01,,CASH_BALANCE_BREAK,-1045.54,-2045.54,1000.0,1000.0,0
2449,5,2022-01-13,,CASH_BALANCE_BREAK,1374.55,1624.55,-250.0,250.0,4
2450,5,2022-04-05,,CASH_BALANCE_BREAK,1389.5,1639.5,-250.0,250.0,4
2451,2,2021-04-28,,CASH_BALANCE_BREAK,-1272.68,-1275.18,2.5,2.5,1
2452,1,2022-06-22,,CASH_BALANCE_BREAK,-1381.37,-2381.37,1000.0,1000.0,0
2453,6,2022-12-19,,CASH_BALANCE_BREAK,-1739.01,-1754.51,15.5,15.5,6
2454,5,2021-09-18,,CASH_BALANCE_BREAK,262.96,512.96,-250.0,250.0,4
2455,5,2022-02-25,,CASH_BALANCE_BREAK,1376.68,1626.68,-250.0,250.0,4
2456,6,2022-07-28,,CASH_BALANCE_BREAK,-1584.25,-1599.75,15.5,15.5,6
2457,5,2021-12-31,,CASH_BALANCE_BREAK,1868.52,2118.52,-250.0,250.0,4
2458,5,2024-05-25,,CASH_BALANCE_BREAK,7933.08,8183.08,-250.0,250.0,4
2459,1,2021-02-28,,CASH_BALANCE_BREAK,-919.27,-1919.27,1000.0,1000.0,0
2460,2,2021-02-18,,CASH_BALANCE_BREAK,-1588.82,-1591.32,2.5,2.5,1
2461,1,2021-01-19,,CASH_BALANCE_BREAK,-380.07,-1380.07,1000.0,1000.0,0
2462,1,2021-02-07,,CASH_BALANCE_BREAK,-380.07,-1380.07,1000.0,1000.0,0
2463,1,2023-02-05,,CASH_BALANCE_BREAK,-1267.32,-2267.32,1000.0,1000.0,0
2464,2,2023-02-05,,CASH_BALANCE_BREAK,-843.15,-845.65,2.5,2.5,1
2465,5,2023-03-08,,CASH_BALANCE_BREAK,5626.14,5876.14,-250.0,250.0,4
2466,2,2021-12-03,,CASH_BALANCE_BREAK,-1337.29,-1339.79,2.5,2.5,1
2467,5,2022-04-26,,CASH_BALANCE_BREAK,3198.78,3448.78,-250.0,250.0,4
2468,2,2023-03-07,,CASH_BALANCE_BREAK,-820.18,-822.68,2.5,2.5,1
2469,5,2023-03-07,,CASH_BALANCE_BREAK,5626.14,5876.14,-250.0,250.0,4
2470,5,2023-04-19,,CASH_BALANCE_BREAK,5001.5,5251.5,-250.0,250.0,4
2471,6,2023-04-11,,CASH_BALANCE_BREAK,-650.73,-666.23,15.5,15.5,6
2472,5,2023-04-29,,CASH_BALANCE_BREAK,6491.22,6741.22,-250.0,250.0,4
2473,1,2022-07-01,,CASH_BALANCE_BREAK,-1381.37,-2381.37,1000.0,1000.0,0
2474,5,2023-05-24,,CASH_BALANCE_BREAK,6491.22,6741.22,-250.0,250.0,4
2475,6,2023-01-24,,CASH_BALANCE_BREAK,-1722.08,-1737.58,15.5,15.5,6
2476,2,2023-05-15,,CASH_BALANCE_BREAK,-188.49,-190.99,2.5,2.5,1
2477,5,2023-05-16,,CASH_BALANCE_BREAK,6491.22,6741.22,-250.0,250.0,4
2478,5,2024-03-31,,CASH_BALANCE_BREAK,6333.37,6583.37,-250.0,250.0,4
2479,1,2023-05-04,,CASH_BALANCE_BREAK,-2791.98,-3791.98,1000.0,1000.0,0
2480,1,2024-05-09,,CASH_BALANCE_BREAK,-449.81,-1449.81,1000.0,1000.0,0
2481,2,2024-05-09,,CASH_BALANCE_BREAK,776.95,774.45,2.5,2.5,1
2482,1,2021-05-26,,CASH_BALANCE_BREAK,-405.94,-1405.94,1000.0,1000.0,0
2483,1,2021-01-04,,CASH_BALANCE_BREAK,-380.07,-1380.07,1000.0,1000.0,0
2484,1,2021-04-30,,CASH_BALANCE_BREAK,-1005.94,-2005.94,1000.0,1000.0,0
2485,2,2021-04-30,,CASH_BALANCE_BREAK,-1272.68,-1275.18,2.5,2.5,1
2486,1,2023-04-13,,CASH_BALANCE_BREAK,-2787.46,-3787.46,1000.0,1000.0,0
2487,2,2023-04-13,,CASH_BALANCE_BREAK,-133.53,-136.03,2.5,2.5,1
2488,6,2024-03-29,,CASH_BALANCE_BREAK,-78.73,-94.23,15.5,15.5,6
2489,2,2022-07-17,,CASH_BALANCE_BREAK,-615.08,-617.58,2.5,2.5,1
2490,5,2022-07-17,,CASH_BALANCE_BREAK,4501.34,4751.34,-250.0,250.0,4
2491,2,2023-05-28,,CASH_BALANCE_BREAK,-188.49,-190.99,2.5,2.5,1
2492,6,2023-02-18,,CASH_BALANCE_BREAK,-1823.87,-1839.37,15.5,15.5,6
2493,1,2023-04-15,,CASH_BALANCE_BREAK,-2787.46,-3787.46,1000.0,1000.0,0
2494,6,2023-01-25,,CASH_BALANCE_BREAK,-1722.08,-1737.58,15.5,15.5,6
2495,6,2023-05-18,,CASH_BALANCE_BREAK,-783.59,-799.09,15.5,15.5,6
2496,1,2023-05-27,,CASH_BALANCE_BREAK,-2791.98,-3791.98,1000.0,1000.0,0
2497,6,2022-04-06,,CASH_BALANCE_BREAK,-629.61,-645.11,15.5,15.5,6
2498,5,2023-04-14,,CASH_BALANCE_BREAK,5001.5,5251.5,-250.0,250.0,4
2499,2,2023-04-16,,CASH_BALANCE_BREAK,-133.53,-136.03,2.5,2.5,1
2500,2,2023-04-08,,CASH_BALANCE_BREAK,-950.53,-953.03,2.5,2.5,1
2501,1,2022-10-20,,CASH_BALANCE_BREAK,-1358.81,-2358.81,1000.0,1000.0,0
2502,1,2023-03-19,,CASH_BALANCE_BREAK,-1254.78,-2254.78,1000.0,1000.0,0
2503,1,2023-04-07,,CASH_BALANCE_BREAK,-1437.14,-2437.14,1000.0,1000.0,0
2504,1,2022-05-25,,CASH_BALANCE_BREAK,-1284.32,-2284.32,1000.0,1000.0,0
2505,2,2023-03-22,,CASH_BALANCE_BREAK,-809.33,-811.83,2.5,2.5,1
2506,5,2023-04-27,,CASH_BALANCE_BREAK,5001.5,5251.5,-250.0,250.0,4
2507,6,2023-04-27,,CASH_BALANCE_BREAK,-650.73,-666.23,15.5,15.5,6
2508,5,2022-12-07,,CASH_BALANCE_BREAK,5564.78,5814.78,-250.0,250.0,4
2509,1,2023-04-28,,CASH_BALANCE_BREAK,-2791.98,-3791.98,1000.0,1000.0,0
2510,2,2023-06-08,,CASH_BALANCE_BREAK,-437.34,-439.84,2.5,2.5,1
2511,5,2024-01-22,,CASH_BALANCE_BREAK,6058.55,6308.55,-250.0,250.0,4
2512,1,2024-02-06,,CASH_BALANCE_BREAK,-1680.98,-2680.98,1000.0,1000.0,0
2513,5,2023-10-13,,CASH_BALANCE_BREAK,6840.25,7090.25,-250.0,250.0,4
2514,2,2024-04-04,,CASH_BALANCE_BREAK,86.07,83.57,2.5,2.5,1
2515,6,2024-05-23,,CASH_BALANCE_BREAK,911.05,895.55,15.5,15.5,6
2516,6,2024-05-26,,CASH_BALANCE_BREAK,911.05,895.55,15.5,15.5,6
2517,1,2023-07-12,,CASH_BALANCE_BREAK,-862.98,-1862.98,1000.0,1000.0,0
2518,1,2022-12-17,,CASH_BALANCE_BREAK,-1255.61,-2255.61,1000.0,1000.0,0
2519,2,2024-03-12,,CASH_BALANCE_BREAK,-210.54,-213.04,2.5,2.5,1
2520,5,2024-03-12,,CASH_BALANCE_BREAK,6710.4,6960.4,-250.0,250.0,4
2521,1,2023-10-18,,CASH_BALANCE_BREAK,-1340.9,-2340.9,1000.0,1000.0,0
2522,5,2023-11-12,,CASH_BALANCE_BREAK,6842.23,7092.23,-250.0,250.0,4
2523,2,2023-07-22,,CASH_BALANCE_BREAK,-542.39,-544.89,2.5,2.5,1
2524,5,2023-10-24,,CASH_BALANCE_BREAK,6840.26,7090.26,-250.0,250.0,4
2525,5,2023-11-11,,CASH_BALANCE_BREAK,6842.23,7092.23,-250.0,250.0,4
2526,5,2023-07-15,,CASH_BALANCE_BREAK,6008.63,6258.63,-250.0,250.0,4
2527,1,2023-08-23,,CASH_BALANCE_BREAK,-1065.58,-2065.58,1000.0,1000.0,0
2528,2,2023-10-02,,CASH_BALANCE_BREAK,88.55,86.05,2.5,2.5,1
2529,1,2023-10-20,,CASH_BALANCE_BREAK,-1040.9,-2040.9,1000.0,1000.0,0
2530,2,2022-07-22,,CASH_BALANCE_BREAK,-699.26,-701.76,2.5,2.5,1
2531,6,2022-12-13,,CASH_BALANCE_BREAK,-1739.01,-1754.51,15.5,15.5,6
2532,6,2023-10-08,,CASH_BALANCE_BREAK,-776.73,-792.23,15.5,15.5,6
2533,1,2023-10-28,,CASH_BALANCE_BREAK,-1040.9,-2040.9,1000.0,1000.0,0
2534,5,2023-11-14,,CASH_BALANCE_BREAK,6842.23,7092.23,-250.0,250.0,4
2535,6,2023-11-15,,CASH_BALANCE_BREAK,394.57,379.07,15.5,15.5,6
2536,6,2022-06-27,,CASH_BALANCE_BREAK,-1437.52,-1453.02,15.5,15.5,6
2537,1,2022-05-24,,CASH_BALANCE_BREAK,-1284.32,-2284.32,1000.0,1000.0,0
2538,2,2022-10-22,,CASH_BALANCE_BREAK,-884.91,-887.41,2.5,2.5,1
2539,5,2022-02-22,,CASH_BALANCE_BREAK,1376.68,1626.68,-250.0,250.0,4
2540,6,2022-02-22,,CASH_BALANCE_BREAK,-635.5,-651.0,15.5,15.5,6
2541,1,2022-07-21,,CASH_BALANCE_BREAK,-1366.11,-2366.11,1000.0,1000.0,0
2542,2,2022-09-10,,CASH_BALANCE_BREAK,-783.61,-786.11,2.5,2.5,1
2543,2,2022-05-03,,CASH_BALANCE_BREAK,-267.88,-270.38,2.5,2.5,1
2544,2,2022-10-02,,CASH_BALANCE_BREAK,-890.06,-892.56,2.5,2.5,1
2545,5,2021-09-05,,CASH_BALANCE_BREAK,262.96,512.96,-250.0,250.0,4
2546,5,2022-02-03,,CASH_BALANCE_BREAK,1376.68,1626.68,-250.0,250.0,4
2547,5,2022-08-24,,CASH_BALANCE_BREAK,4456.74,4706.74,-250.0,250.0,4
2548,6,2022-11-25,,CASH_BALANCE_BREAK,-1484.66,-1500.16,15.5,15.5,6
2549,1,2021-02-23,,CASH_BALANCE_BREAK,-919.27,-1919.27,1000.0,1000.0,0
2550,2,2021-02-23,,CASH_BALANCE_BREAK,-1588.82,-1591.32,2.5,2.5,1
2551,6,2023-10-22,,CASH_BALANCE_BREAK,512.84,497.34,15.5,15.5,6
2552,1,2023-12-09,,CASH_BALANCE_BREAK,-1607.54,-2607.54,1000.0,1000.0,0
2553,6,2023-12-14,,CASH_BALANCE_BREAK,-79.65,-95.15,15.5,15.5,6
2554,2,2021-02-28,,CASH_BALANCE_BREAK,-1588.82,-1591.32,2.5,2.5,1
2555,1,2021-03-11,,CASH_BALANCE_BREAK,-919.27,-1919.27,1000.0,1000.0,0
2556,1,2021-06-03,,CASH_BALANCE_BREAK,-565.72,-1565.72,1000.0,1000.0,0
2557,2,2021-11-12,,CASH_BALANCE_BREAK,-1341.01,-1343.51,2.5,2.5,1
2558,1,2021-06-17,,CASH_BALANCE_BREAK,-565.72,-1565.72,1000.0,1000.0,0
2559,2,2021-06-17,,CASH_BALANCE_BREAK,-1253.05,-1255.55,2.5,2.5,1
2560,1,2022-01-07,,CASH_BALANCE_BREAK,-1051.39,-2051.39,1000.0,1000.0,0
2561,2,2021-10-17,,CASH_BALANCE_BREAK,-1358.34,-1360.84,2.5,2.5,1
2562,5,2021-10-10,,CASH_BALANCE_BREAK,762.96,1012.96,-250.0,250.0,4
2563,5,2021-10-12,,CASH_BALANCE_BREAK,762.96,1012.96,-250.0,250.0,4
2564,2,2022-01-09,,CASH_BALANCE_BREAK,-1328.37,-1330.87,2.5,2.5,1
2565,2,2022-01-12,,CASH_BALANCE_BREAK,-1328.37,-1330.87,2.5,2.5,1
2566,1,2023-05-06,,CASH_BALANCE_BREAK,-2791.98,-3791.98,1000.0,1000.0,0
2567,6,2023-03-26,,CASH_BALANCE_BREAK,-1810.04,-1825.54,15.5,15.5,6
2568,1,2022-09-02,,CASH_BALANCE_BREAK,-1283.39,-2283.39,1000.0,1000.0,0
2569,6,2023-05-29,,CASH_BALANCE_BREAK,-783.59,-799.09,15.5,15.5,6
2570,1,2022-02-10,,CASH_BALANCE_BREAK,-1022.78,-2022.78,1000.0,1000.0,0
2571,5,2023-05-31,,CASH_BALANCE_BREAK,6439.8,6689.8,-250.0,250.0,4
2572,1,2021-03-21,,CASH_BALANCE_BREAK,-918.03,-1918.03,1000.0,1000.0,0
2573,2,2021-03-21,,CASH_BALANCE_BREAK,-1584.47,-1586.97,2.5,2.5,1
2574,1,2023-06-18,,CASH_BALANCE_BREAK,-2796.17,-3796.17,1000.0,1000.0,0
2575,5,2023-06-27,,CASH_BALANCE_BREAK,6439.8,6689.8,-250.0,250.0,4
2576,1,2021-08-11,,CASH_BALANCE_BREAK,-684.54,-1684.54,1000.0,1000.0,0
2577,2,2023-06-20,,CASH_BALANCE_BREAK,-437.34,-439.84,2.5,2.5,1
2578,6,2022-02-01,,CASH_BALANCE_BREAK,-635.5,-651.0,15.5,15.5,6
2579,2,2022-12-01,,CASH_BALANCE_BREAK,-936.87,-939.37,2.5,2.5,1
2580,6,2023-04-06,,CASH_BALANCE_BREAK,-1810.04,-1825.54,15.5,15.5,6
2581,1,2023-07-03,,CASH_BALANCE_BREAK,-3043.21,-4043.21,1000.0,1000.0,0
2582,1,2023-07-06,,CASH_BALANCE_BREAK,-862.98,-1862.98,1000.0,1000.0,0
2583,2,2022-09-07,,CASH_BALANCE_BREAK,-783.61,-786.11,2.5,2.5,1
2584,1,2023-01-18,,CASH_BALANCE_BREAK,-1229.65,-2229.65,1000.0,1000.0,0
2585,2,2023-04-02,,CASH_BALANCE_BREAK,-809.33,-811.83,2.5,2.5,1
2586,5,2023-07-24,,CASH_BALANCE_BREAK,6022.59,6272.59,-250.0,250.0,4
2587,2,2023-08-28,,CASH_BALANCE_BREAK,-578.1,-580.6,2.5,2.5,1
2588,2,2022-10-15,,CASH_BALANCE_BREAK,-884.91,-887.41,2.5,2.5,1
2589,2,2023-06-15,,CASH_BALANCE_BREAK,-437.34,-439.84,2.5,2.5,1
2590,2,2022-10-23,,CASH_BALANCE_BREAK,-884.91,-887.41,2.5,2.5,1
2591,5,2022-10-23,,CASH_BALANCE_BREAK,4341.62,4591.62,-250.0,250.0,4
2592,2,2023-03-03,,CASH_BALANCE_BREAK,-820.18,-822.68,2.5,2.5,1
2593,1,2022-04-10,,CASH_BALANCE_BREAK,-1012.66,-2012.66,1000.0,1000.0,0
2594,2,2023-01-09,,CASH_BALANCE_BREAK,-936.56,-939.06,2.5,2.5,1
2595,1,2022-09-19,,CASH_BALANCE_BREAK,-1365.4,-2365.4,1000.0,1000.0,0
2596,2,2022-09-19,,CASH_BALANCE_BREAK,-890.06,-892.56,2.5,2.5,1
2597,5,2022-08-27,,CASH_BALANCE_BREAK,4456.74,4706.74,-250.0,250.0,4
2598,6,2023-02-13,,CASH_BALANCE_BREAK,-1715.32,-1730.82,15.5,15.5,6
2599,6,2022-11-26,,CASH_BALANCE_BREAK,-1484.66,-1500.16,15.5,15.5,6
2600,6,2022-05-06,,CASH_BALANCE_BREAK,-1340.99,-1356.49,15.5,15.5,6
2601,1,2022-01-26,,CASH_BALANCE_BREAK,-1051.39,-2051.39,1000.0,1000.0,0
2602,1,2022-05-31,,CASH_BALANCE_BREAK,-1284.32,-2284.32,1000.0,1000.0,0
2603,2,2022-01-14,,CASH_BALANCE_BREAK,-1328.37,-1330.87,2.5,2.5,1
2604,5,2021-11-02,,CASH_BALANCE_BREAK,768.52,1018.52,-250.0,250.0,4
2605,6,2024-04-10,,CASH_BALANCE_BREAK,1347.22,1331.72,15.5,15.5,6
2606,5,2023-08-09,,CASH_BALANCE_BREAK,6022.59,6272.59,-250.0,250.0,4
2607,1,2024-06-16,,CASH_BALANCE_BREAK,-1055.61,-2055.61,1000.0,1000.0,0
2608,2,2024-06-16,,CASH_BALANCE_BREAK,472.58,470.08,2.5,2.5,1
2609,2,2023-06-11,,CASH_BALANCE_BREAK,-437.34,-439.84,2.5,2.5,1
2610,1,2023-06-27,,CASH_BALANCE_BREAK,-2796.17,-3796.17,1000.0,1000.0,0
2611,6,2024-05-12,,CASH_BALANCE_BREAK,1184.75,1169.25,15.5,15.5,6
2612,1,2022-01-10,,CASH_BALANCE_BREAK,-1051.39,-2051.39,1000.0,1000.0,0
2613,5,2022-07-24,,CASH_BALANCE_BREAK,4451.23,4701.23,-250.0,250.0,4
2614,5,2023-06-10,,CASH_BALANCE_BREAK,6439.8,6689.8,-250.0,250.0,4
2615,1,2022-04-16,,CASH_BALANCE_BREAK,-994.68,-1994.68,1000.0,1000.0,0
2616,1,2022-07-20,,CASH_BALANCE_BREAK,-1366.11,-2366.11,1000.0,1000.0,0
2617,1,2023-01-17,,CASH_BALANCE_BREAK,-1229.65,-2229.65,1000.0,1000.0,0
2618,5,2023-01-17,,CASH_BALANCE_BREAK,5572.82,5822.82,-250.0,250.0,4
2619,6,2022-06-04,,CASH_BALANCE_BREAK,-1437.52,-1453.02,15.5,15.5,6
2620,1,2021-10-12,,CASH_BALANCE_BREAK,-927.71,-1927.71,1000.0,1000.0,0
2621,2,2021-11-03,,CASH_BALANCE_BREAK,-1341.01,-1343.51,2.5,2.5,1
2622,2,2021-12-21,,CASH_BALANCE_BREAK,-1333.6,-1336.1,2.5,2.5,1
2623,5,2021-12-22,,CASH_BALANCE_BREAK,1868.52,2118.52,-250.0,250.0,4
2624,5,2021-10-16,,CASH_BALANCE_BREAK,762.96,1012.96,-250.0,250.0,4
2625,1,2021-01-31,,CASH_BALANCE_BREAK,-380.07,-1380.07,1000.0,1000.0,0
2626,1,2021-05-23,,CASH_BALANCE_BREAK,-405.94,-1405.94,1000.0,1000.0,0
2627,2,2021-05-23,,CASH_BALANCE_BREAK,-1271.28,-1273.78,2.5,2.5,1
2628,1,2021-08-31,,CASH_BALANCE_BREAK,-680.19,-1680.19,1000.0,1000.0,0
2629,2,2021-08-31,,CASH_BALANCE_BREAK,-1251.53,-1254.03,2.5,2.5,1
2630,1,2021-04-10,,CASH_BALANCE_BREAK,-950.94,-1950.94,1000.0,1000.0,0
2631,5,2021-12-17,,CASH_BALANCE_BREAK,1168.52,1418.52,-250.0,250.0,4
2632,2,2021-12-18,,CASH_BALANCE_BREAK,-1337.29,-1339.79,2.5,2.5,1
2633,1,2022-03-21,,CASH_BALANCE_BREAK,-1016.87,-2016.87,1000.0,1000.0,0
2634,2,2022-01-21,,CASH_BALANCE_BREAK,-1328.37,-1330.87,2.5,2.5,1
2635,5,2022-04-12,,CASH_BALANCE_BREAK,3198.78,3448.78,-250.0,250.0,4
2636,2,2022-09-09,,CASH_BALANCE_BREAK,-783.61,-786.11,2.5,2.5,1
2637,2,2023-09-12,,CASH_BALANCE_BREAK,-571.16,-573.66,2.5,2.5,1
2638,1,2023-08-19,,CASH_BALANCE_BREAK,-851.26,-1851.26,1000.0,1000.0,0
2639,5,2022-10-12,,CASH_BALANCE_BREAK,4341.62,4591.62,-250.0,250.0,4
2640,5,2023-01-05,,CASH_BALANCE_BREAK,5572.82,5822.82,-250.0,250.0,4
2641,6,2022-08-17,,CASH_BALANCE_BREAK,-1581.71,-1597.21,15.5,15.5,6
2642,2,2023-08-03,,CASH_BALANCE_BREAK,-542.39,-544.89,2.5,2.5,1
2643,5,2023-12-12,,CASH_BALANCE_BREAK,6058.54,6308.54,-250.0,250.0,4
2644,5,2024-04-14,,CASH_BALANCE_BREAK,7046.34,7296.34,-250.0,250.0,4
2645,1,2024-05-07,,CASH_BALANCE_BREAK,-449.81,-1449.81,1000.0,1000.0,0
2646,1,2023-03-08,,CASH_BALANCE_BREAK,-1261.89,-2261.89,1000.0,1000.0,0
2647,2,2022-01-22,,CASH_BALANCE_BREAK,-1328.37,-1330.87,2.5,2.5,1
2648,5,2022-04-25,,CASH_BALANCE_BREAK,3198.78,3448.78,-250.0,250.0,4
2649,6,2023-03-07,,CASH_BALANCE_BREAK,-1823.87,-1839.37,15.5,15.5,6
2650,1,2023-04-19,,CASH_BALANCE_BREAK,-2787.46,-3787.46,1000.0,1000.0,0
2651,6,2023-04-29,,CASH_BALANCE_BREAK,-783.59,-799.09,15.5,15.5,6
2652,5,2024-03-30,,CASH_BALANCE_BREAK,6333.37,6583.37,-250.0,250.0,4
2653,1,2023-02-23,,CASH_BALANCE_BREAK,-1261.89,-2261.89,1000.0,1000.0,0
2654,2,2023-04-03,,CASH_BALANCE_BREAK,-950.53,-953.03,2.5,2.5,1
2655,6,2023-05-15,,CASH_BALANCE_BREAK,-783.59,-799.09,15.5,15.5,6
2656,5,2024-04-01,,CASH_BALANCE_BREAK,6333.37,6583.37,-250.0,250.0,4
2657,2,2024-04-05,,CASH_BALANCE_BREAK,86.07,83.57,2.5,2.5,1
2658,1,2023-05-05,,CASH_BALANCE_BREAK,-2791.98,-3791.98,1000.0,1000.0,0
2659,6,2024-02-27,,CASH_BALANCE_BREAK,-89.71,-105.21,15.5,15.5,6
2660,5,2024-03-08,,CASH_BALANCE_BREAK,6252.72,6502.72,-250.0,250.0,4
2661,6,2024-04-12,,CASH_BALANCE_BREAK,1347.22,1331.72,15.5,15.5,6
2662,2,2023-02-18,,CASH_BALANCE_BREAK,-820.18,-822.68,2.5,2.5,1
2663,2,2023-05-26,,CASH_BALANCE_BREAK,-188.49,-190.99,2.5,2.5,1
2664,1,2023-02-17,,CASH_BALANCE_BREAK,-1261.89,-2261.89,1000.0,1000.0,0
2665,6,2023-02-21,,CASH_BALANCE_BREAK,-1823.87,-1839.37,15.5,15.5,6
2666,2,2023-05-27,,CASH_BALANCE_BREAK,-188.49,-190.99,2.5,2.5,1
2667,1,2022-04-06,,CASH_BALANCE_BREAK,-1012.66,-2012.66,1000.0,1000.0,0
2668,5,2022-04-06,,CASH_BALANCE_BREAK,1389.5,1639.5,-250.0,250.0,4
2669,2,2023-02-25,,CASH_BALANCE_BREAK,-820.18,-822.68,2.5,2.5,1
2670,1,2023-04-16,,CASH_BALANCE_BREAK,-2787.46,-3787.46,1000.0,1000.0,0
2671,1,2021-07-28,,CASH_BALANCE_BREAK,-684.54,-1684.54,1000.0,1000.0,0
2672,1,2021-04-08,,CASH_BALANCE_BREAK,-950.94,-1950.94,1000.0,1000.0,0
2673,1,2022-07-23,,CASH_BALANCE_BREAK,-1366.11,-2366.11,1000.0,1000.0,0
2674,2,2022-09-11,,CASH_BALANCE_BREAK,-783.61,-786.11,2.5,2.5,1
2675,2,2022-11-17,,CASH_BALANCE_BREAK,-878.48,-880.98,2.5,2.5,1
2676,1,2022-11-22,,CASH_BALANCE_BREAK,-1283.85,-2283.85,1000.0,1000.0,0
2677,5,2023-03-09,,CASH_BALANCE_BREAK,5626.14,5876.14,-250.0,250.0,4
2678,6,2023-03-09,,CASH_BALANCE_BREAK,-1823.87,-1839.37,15.5,15.5,6
2679,1,2023-07-21,,CASH_BALANCE_BREAK,-859.19,-1859.19,1000.0,1000.0,0
2680,1,2023-09-07,,CASH_BALANCE_BREAK,-1065.58,-2065.58,1000.0,1000.0,0
2681,2,2023-05-08,,CASH_BALANCE_BREAK,-188.49,-190.99,2.5,2.5,1
2682,2,2023-07-26,,CASH_BALANCE_BREAK,-542.39,-544.89,2.5,2.5,1
2683,2,2023-05-11,,CASH_BALANCE_BREAK,-188.49,-190.99,2.5,2.5,1
2684,2,2023-07-27,,CASH_BALANCE_BREAK,-542.39,-544.89,2.5,2.5,1
2685,6,2023-08-18,,CASH_BALANCE_BREAK,-1169.65,-1185.15,15.5,15.5,6
2686,6,2023-02-14,,CASH_BALANCE_BREAK,-1715.32,-1730.82,15.5,15.5,6
2687,1,2023-05-13,,CASH_BALANCE_BREAK,-2791.98,-3791.98,1000.0,1000.0,0
2688,1,2022-09-08,,CASH_BALANCE_BREAK,-1283.39,-2283.39,1000.0,1000.0,0
2689,6,2022-04-12,,CASH_BALANCE_BREAK,-2440.99,-2456.49,15.5,15.5,6
2690,5,2022-06-01,,CASH_BALANCE_BREAK,3501.34,3751.34,-250.0,250.0,4
2691,1,2022-09-09,,CASH_BALANCE_BREAK,-1283.39,-2283.39,1000.0,1000.0,0
2692,2,2023-09-01,,CASH_BALANCE_BREAK,-578.1,-580.6,2.5,2.5,1
2693,1,2021-11-29,,CASH_BALANCE_BREAK,-1047.58,-2047.58,1000.0,1000.0,0
2694,5,2022-01-12,,CASH_BALANCE_BREAK,1374.55,1624.55,-250.0,250.0,4
2695,2,2021-03-20,,CASH_BALANCE_BREAK,-1584.47,-1586.97,2.5,2.5,1
2696,1,2021-09-06,,CASH_BALANCE_BREAK,-933.76,-1933.76,1000.0,1000.0,0
2697,1,2022-03-23,,CASH_BALANCE_BREAK,-1016.87,-2016.87,1000.0,1000.0,0
2698,2,2022-03-23,,CASH_BALANCE_BREAK,-1369.24,-1371.74,2.5,2.5,1
2699,2,2021-05-25,,CASH_BALANCE_BREAK,-1271.28,-1273.78,2.5,2.5,1
2700,1,2022-01-21,,CASH_BALANCE_BREAK,-1051.39,-2051.39,1000.0,1000.0,0
2701,1,2022-01-02,,CASH_BALANCE_BREAK,-1072.2,-2072.2,1000.0,1000.0,0
2702,5,2023-09-13,,CASH_BALANCE_BREAK,6363.49,6613.49,-250.0,250.0,4
2703,6,2022-11-23,,CASH_BALANCE_BREAK,-1484.66,-1500.16,15.5,15.5,6
2704,5,2023-09-03,,CASH_BALANCE_BREAK,6344.12,6594.12,-250.0,250.0,4
2705,6,2022-06-10,,CASH_BALANCE_BREAK,-1437.52,-1453.02,15.5,15.5,6
2706,1,2022-05-28,,CASH_BALANCE_BREAK,-1284.32,-2284.32,1000.0,1000.0,0
2707,2,2022-05-28,,CASH_BALANCE_BREAK,-520.25,-522.75,2.5,2.5,1
2708,6,2022-05-01,,CASH_BALANCE_BREAK,-1340.99,-1356.49,15.5,15.5,6
2709,2,2021-11-14,,CASH_BALANCE_BREAK,-1341.01,-1343.51,2.5,2.5,1
2710,2,2022-06-22,,CASH_BALANCE_BREAK,-615.08,-617.58,2.5,2.5,1
2711,2,2022-12-19,,CASH_BALANCE_BREAK,-936.87,-939.37,2.5,2.5,1
2712,5,2022-12-19,,CASH_BALANCE_BREAK,5564.78,5814.78,-250.0,250.0,4
2713,1,2021-09-16,,CASH_BALANCE_BREAK,-933.76,-1933.76,1000.0,1000.0,0
2714,2,2021-09-16,,CASH_BALANCE_BREAK,-1377.17,-1379.67,2.5,2.5,1
2715,6,2022-02-15,,CASH_BALANCE_BREAK,-635.5,-651.0,15.5,15.5,6
2716,2,2021-12-31,,CASH_BALANCE_BREAK,-1333.6,-1336.1,2.5,2.5,1
2717,2,2024-01-14,,CASH_BALANCE_BREAK,-556.1,-558.6,2.5,2.5,1
2718,6,2022-11-21,,CASH_BALANCE_BREAK,-1484.66,-1500.16,15.5,15.5,6
2719,1,2024-04-11,,CASH_BALANCE_BREAK,-976.78,-1976.78,1000.0,1000.0,0
2720,5,2024-03-24,,CASH_BALANCE_BREAK,6333.37,6583.37,-250.0,250.0,4
2721,5,2024-03-25,,CASH_BALANCE_BREAK,6333.37,6583.37,-250.0,250.0,4
2722,5,2022-07-01,,CASH_BALANCE_BREAK,4501.34,4751.34,-250.0,250.0,4
2723,6,2024-03-30,,CASH_BALANCE_BREAK,-78.73,-94.23,15.5,15.5,6
2724,5,2023-05-04,,CASH_BALANCE_BREAK,6491.22,6741.22,-250.0,250.0,4
2725,6,2023-05-04,,CASH_BALANCE_BREAK,-783.59,-799.09,15.5,15.5,6
2726,6,2022-12-20,,CASH_BALANCE_BREAK,-1739.01,-1754.51,15.5,15.5,6
2727,6,2023-01-23,,CASH_BALANCE_BREAK,-1722.08,-1737.58,15.5,15.5,6
2728,6,2024-05-09,,CASH_BALANCE_BREAK,1184.75,1169.25,15.5,15.5,6
2729,1,2021-04-15,,CASH_BALANCE_BREAK,-735.94,-1735.94,1000.0,1000.0,0
2730,1,2021-01-26,,CASH_BALANCE_BREAK,-380.07,-1380.07,1000.0,1000.0,0
2731,1,2021-04-18,,CASH_BALANCE_BREAK,-735.94,-1735.94,1000.0,1000.0,0
2732,1,2021-05-17,,CASH_BALANCE_BREAK,-405.94,-1405.94,1000.0,1000.0,0
2733,1,2021-04-26,,CASH_BALANCE_BREAK,-1005.94,-2005.94,1000.0,1000.0,0
2734,5,2024-04-25,,CASH_BALANCE_BREAK,7046.34,7296.34,-250.0,250.0,4
2735,6,2024-04-25,,CASH_BALANCE_BREAK,1347.22,1331.72,15.5,15.5,6
2736,1,2024-03-29,,CASH_BALANCE_BREAK,-976.78,-1976.78,1000.0,1000.0,0
2737,2,2024-03-29,,CASH_BALANCE_BREAK,222.39,219.89,2.5,2.5,1
2738,5,2023-02-18,,CASH_BALANCE_BREAK,5626.14,5876.14,-250.0,250.0,4
2739,5,2023-04-15,,CASH_BALANCE_BREAK,5001.5,5251.5,-250.0,250.0,4
2740,5,2023-02-21,,CASH_BALANCE_BREAK,5626.14,5876.14,-250.0,250.0,4
2741,2,2023-05-18,,CASH_BALANCE_BREAK,-188.49,-190.99,2.5,2.5,1
2742,1,2023-02-25,,CASH_BALANCE_BREAK,-1261.89,-2261.89,1000.0,1000.0,0
2743,6,2023-04-16,,CASH_BALANCE_BREAK,-650.73,-666.23,15.5,15.5,6
2744,6,2023-02-19,,CASH_BALANCE_BREAK,-1823.87,-1839.37,15.5,15.5,6
2745,2,2023-03-18,,CASH_BALANCE_BREAK,-809.33,-811.83,2.5,2.5,1
2746,6,2022-10-20,,CASH_BALANCE_BREAK,-1500.64,-1516.14,15.5,15.5,6
2747,1,2023-04-27,,CASH_BALANCE_BREAK,-2791.98,-3791.98,1000.0,1000.0,0
2748,5,2023-04-28,,CASH_BALANCE_BREAK,6491.22,6741.22,-250.0,250.0,4
2749,1,2023-06-08,,CASH_BALANCE_BREAK,-2796.17,-3796.17,1000.0,1000.0,0
2750,6,2023-06-08,,CASH_BALANCE_BREAK,-1121.48,-1136.98,15.5,15.5,6
2751,2,2023-07-11,,CASH_BALANCE_BREAK,-742.39,-744.89,2.5,2.5,1
2752,5,2023-07-11,,CASH_BALANCE_BREAK,6008.63,6258.63,-250.0,250.0,4
2753,1,2023-07-13,,CASH_BALANCE_BREAK,-862.98,-1862.98,1000.0,1000.0,0
2754,6,2022-02-16,,CASH_BALANCE_BREAK,-635.5,-651.0,15.5,15.5,6
2755,5,2022-09-05,,CASH_BALANCE_BREAK,4456.74,4706.74,-250.0,250.0,4
2756,6,2022-09-05,,CASH_BALANCE_BREAK,-1581.71,-1597.21,15.5,15.5,6
2757,2,2022-04-30,,CASH_BALANCE_BREAK,-267.88,-270.38,2.5,2.5,1
2758,5,2022-05-01,,CASH_BALANCE_BREAK,3201.34,3451.34,-250.0,250.0,4
2759,2,2021-03-17,,CASH_BALANCE_BREAK,-1584.47,-1586.97,2.5,2.5,1
2760,6,2022-04-04,,CASH_BALANCE_BREAK,-629.61,-645.11,15.5,15.5,6
2761,1,2021-10-29,,CASH_BALANCE_BREAK,-1058.56,-2058.56,1000.0,1000.0,0
2762,5,2022-02-15,,CASH_BALANCE_BREAK,1376.68,1626.68,-250.0,250.0,4
2763,2,2024-01-25,,CASH_BALANCE_BREAK,-556.1,-558.6,2.5,2.5,1
2764,2,2023-04-20,,CASH_BALANCE_BREAK,-133.53,-136.03,2.5,2.5,1
2765,5,2023-04-20,,CASH_BALANCE_BREAK,5001.5,5251.5,-250.0,250.0,4
2766,6,2024-04-15,,CASH_BALANCE_BREAK,1347.22,1331.72,15.5,15.5,6
2767,2,2024-04-14,,CASH_BALANCE_BREAK,86.07,83.57,2.5,2.5,1
2768,2,2024-05-07,,CASH_BALANCE_BREAK,776.95,774.45,2.5,2.5,1
2769,5,2024-05-24,,CASH_BALANCE_BREAK,7933.08,8183.08,-250.0,250.0,4
2770,6,2024-05-24,,CASH_BALANCE_BREAK,911.05,895.55,15.5,15.5,6
2771,6,2024-05-25,,CASH_BALANCE_BREAK,911.05,895.55,15.5,15.5,6
2772,5,2023-02-05,,CASH_BALANCE_BREAK,5610.48,5860.48,-250.0,250.0,4
2773,2,2023-03-08,,CASH_BALANCE_BREAK,-820.18,-822.68,2.5,2.5,1
2774,2,2021-05-04,,CASH_BALANCE_BREAK,-1271.28,-1273.78,2.5,2.5,1
2775,5,2021-12-03,,CASH_BALANCE_BREAK,1168.52,1418.52,-250.0,250.0,4
2776,6,2022-04-25,,CASH_BALANCE_BREAK,-2440.99,-2456.49,15.5,15.5,6
2777,6,2022-04-26,,CASH_BALANCE_BREAK,-2440.99,-2456.49,15.5,15.5,6
2778,1,2023-04-11,,CASH_BALANCE_BREAK,-2787.46,-3787.46,1000.0,1000.0,0
2779,1,2024-04-03,,CASH_BALANCE_BREAK,-976.78,-1976.78,1000.0,1000.0,0
2780,2,2024-04-03,,CASH_BALANCE_BREAK,86.07,83.57,2.5,2.5,1
2781,2,2023-01-24,,CASH_BALANCE_BREAK,-936.56,-939.06,2.5,2.5,1
2782,6,2023-03-17,,CASH_BALANCE_BREAK,-1810.04,-1825.54,15.5,15.5,6
2783,1,2023-05-16,,CASH_BALANCE_BREAK,-2791.98,-3791.98,1000.0,1000.0,0
2784,5,2023-03-25,,CASH_BALANCE_BREAK,5646.75,5896.75,-250.0,250.0,4
2785,5,2023-01-23,,CASH_BALANCE_BREAK,5572.82,5822.82,-250.0,250.0,4
2786,5,2024-05-09,,CASH_BALANCE_BREAK,7560.0,7810.0,-250.0,250.0,4
2787,1,2021-06-07,,CASH_BALANCE_BREAK,-565.72,-1565.72,1000.0,1000.0,0
2788,1,2021-05-12,,CASH_BALANCE_BREAK,-405.94,-1405.94,1000.0,1000.0,0
2789,1,2021-04-07,,CASH_BALANCE_BREAK,-950.94,-1950.94,1000.0,1000.0,0
2790,2,2021-07-28,,CASH_BALANCE_BREAK,-1262.66,-1265.16,2.5,2.5,1
2791,6,2023-04-13,,CASH_BALANCE_BREAK,-650.73,-666.23,15.5,15.5,6
2792,5,2024-01-26,,CASH_BALANCE_BREAK,6058.55,6308.55,-250.0,250.0,4
2793,5,2024-02-27,,CASH_BALANCE_BREAK,5861.98,6111.98,-250.0,250.0,4
2794,5,2024-03-14,,CASH_BALANCE_BREAK,6333.37,6583.37,-250.0,250.0,4
2795,5,2024-04-12,,CASH_BALANCE_BREAK,7046.34,7296.34,-250.0,250.0,4
2796,1,2022-07-17,,CASH_BALANCE_BREAK,-1381.37,-2381.37,1000.0,1000.0,0
2797,1,2023-05-26,,CASH_BALANCE_BREAK,-2791.98,-3791.98,1000.0,1000.0,0
2798,1,2022-09-06,,CASH_BALANCE_BREAK,-1283.39,-2283.39,1000.0,1000.0,0
2799,1,2023-04-08,,CASH_BALANCE_BREAK,-1437.14,-2437.14,1000.0,1000.0,0
2800,6,2023-04-08,,CASH_BALANCE_BREAK,-1776.73,-1792.23,15.5,15.5,6
2801,1,2023-05-23,,CASH_BALANCE_BREAK,-2791.98,-3791.98,1000.0,1000.0,0
2802,1,2023-03-18,,CASH_BALANCE_BREAK,-1254.78,-2254.78,1000.0,1000.0,0
2803,5,2022-10-20,,CASH_BALANCE_BREAK,4341.62,4591.62,-250.0,250.0,4
2804,1,2023-02-20,,CASH_BALANCE_BREAK,-1261.89,-2261.89,1000.0,1000.0,0
2805,2,2023-02-20,,CASH_BALANCE_BREAK,-820.18,-822.68,2.5,2.5,1
2806,5,2023-03-19,,CASH_BALANCE_BREAK,5646.75,5896.75,-250.0,250.0,4
2807,5,2023-04-10,,CASH_BALANCE_BREAK,5001.5,5251.5,-250.0,250.0,4
2808,2,2023-04-27,,CASH_BALANCE_BREAK,-188.49,-190.99,2.5,2.5,1
2809,1,2023-06-09,,CASH_BALANCE_BREAK,-2796.17,-3796.17,1000.0,1000.0,0
2810,2,2023-06-24,,CASH_BALANCE_BREAK,-437.34,-439.84,2.5,2.5,1
2811,5,2023-07-28,,CASH_BALANCE_BREAK,6022.59,6272.59,-250.0,250.0,4
2812,6,2023-07-28,,CASH_BALANCE_BREAK,-1184.51,-1200.01,15.5,15.5,6
2813,2,2023-09-02,,CASH_BALANCE_BREAK,-578.1,-580.6,2.5,2.5,1
2814,5,2023-07-12,,CASH_BALANCE_BREAK,6008.63,6258.63,-250.0,250.0,4
2815,1,2023-08-30,,CASH_BALANCE_BREAK,-1065.58,-2065.58,1000.0,1000.0,0
2816,1,2021-06-26,,CASH_BALANCE_BREAK,-565.72,-1565.72,1000.0,1000.0,0
2817,2,2021-08-05,,CASH_BALANCE_BREAK,-1262.66,-1265.16,2.5,2.5,1
2818,1,2021-03-07,,CASH_BALANCE_BREAK,-919.27,-1919.27,1000.0,1000.0,0
2819,2,2021-06-08,,CASH_BALANCE_BREAK,-1253.05,-1255.55,2.5,2.5,1
2820,2,2021-09-22,,CASH_BALANCE_BREAK,-1377.17,-1379.67,2.5,2.5,1
2821,2,2021-04-19,,CASH_BALANCE_BREAK,-1790.68,-1793.18,2.5,2.5,1
2822,6,2022-04-10,,CASH_BALANCE_BREAK,-629.61,-645.11,15.5,15.5,6
2823,2,2022-07-02,,CASH_BALANCE_BREAK,-615.08,-617.58,2.5,2.5,1
2824,6,2022-01-20,,CASH_BALANCE_BREAK,-672.7,-688.2,15.5,15.5,6
2825,5,2022-06-17,,CASH_BALANCE_BREAK,3501.34,3751.34,-250.0,250.0,4
2826,2,2022-08-27,,CASH_BALANCE_BREAK,-783.61,-786.11,2.5,2.5,1
2827,5,2023-02-11,,CASH_BALANCE_BREAK,5610.48,5860.48,-250.0,250.0,4
2828,5,2023-02-13,,CASH_BALANCE_BREAK,5610.48,5860.48,-250.0,250.0,4
2829,5,2022-08-25,,CASH_BALANCE_BREAK,4456.74,4706.74,-250.0,250.0,4
2830,1,2022-08-26,,CASH_BALANCE_BREAK,-1283.39,-2283.39,1000.0,1000.0,0
2831,6,2023-04-23,,CASH_BALANCE_BREAK,-650.73,-666.23,15.5,15.5,6
2832,5,2022-05-06,,CASH_BALANCE_BREAK,3201.34,3451.34,-250.0,250.0,4
2833,1,2022-03-12,,CASH_BALANCE_BREAK,-1016.87,-2016.87,1000.0,1000.0,0
2834,6,2022-03-12,,CASH_BALANCE_BREAK,-635.26,-650.76,15.5,15.5,6
2835,2,2023-06-14,,CASH_BALANCE_BREAK,-437.34,-439.84,2.5,2.5,1
2836,6,2022-07-25,,CASH_BALANCE_BREAK,-1598.51,-1614.01,15.5,15.5,6
2837,1,2023-07-10,,CASH_BALANCE_BREAK,-862.98,-1862.98,1000.0,1000.0,0
2838,6,2023-01-10,,CASH_BALANCE_BREAK,-1722.08,-1737.58,15.5,15.5,6
2839,1,2021-08-28,,CASH_BALANCE_BREAK,-680.19,-1680.19,1000.0,1000.0,0
2840,1,2021-03-20,,CASH_BALANCE_BREAK,-918.03,-1918.03,1000.0,1000.0,0
2841,2,2021-04-10,,CASH_BALANCE_BREAK,-1575.26,-1577.76,2.5,2.5,1
2842,1,2021-12-18,,CASH_BALANCE_BREAK,-1047.58,-2047.58,1000.0,1000.0,0
2843,5,2021-10-24,,CASH_BALANCE_BREAK,762.96,1012.96,-250.0,250.0,4
2844,2,2021-05-15,,CASH_BALANCE_BREAK,-1271.28,-1273.78,2.5,2.5,1
2845,6,2022-10-12,,CASH_BALANCE_BREAK,-1500.64,-1516.14,15.5,15.5,6
2846,6,2023-01-05,,CASH_BALANCE_BREAK,-1722.08,-1737.58,15.5,15.5,6
2847,5,2023-07-25,,CASH_BALANCE_BREAK,6022.59,6272.59,-250.0,250.0,4
2848,1,2023-08-03,,CASH_BALANCE_BREAK,-859.19,-1859.19,1000.0,1000.0,0
2849,5,2023-11-21,,CASH_BALANCE_BREAK,6496.48,6746.48,-250.0,250.0,4
2850,6,2023-12-12,,CASH_BALANCE_BREAK,-79.65,-95.15,15.5,15.5,6
2851,5,2022-11-21,,CASH_BALANCE_BREAK,4230.23,4480.23,-250.0,250.0,4
2852,1,2021-08-26,,CASH_BALANCE_BREAK,-680.19,-1680.19,1000.0,1000.0,0
2853,5,2021-12-30,,CASH_BALANCE_BREAK,1868.52,2118.52,-250.0,250.0,4
2854,2,2024-03-24,,CASH_BALANCE_BREAK,222.39,219.89,2.5,2.5,1
2855,6,2022-07-01,,CASH_BALANCE_BREAK,-1598.51,-1614.01,15.5,15.5,6
2856,1,2023-05-24,,CASH_BALANCE_BREAK,-2791.98,-3791.98,1000.0,1000.0,0
2857,2,2023-05-24,,CASH_BALANCE_BREAK,-188.49,-190.99,2.5,2.5,1
2858,1,2023-04-03,,CASH_BALANCE_BREAK,-1437.14,-2437.14,1000.0,1000.0,0
2859,2,2024-03-31,,CASH_BALANCE_BREAK,222.39,219.89,2.5,2.5,1
2860,5,2022-12-20,,CASH_BALANCE_BREAK,5564.78,5814.78,-250.0,250.0,4
2861,2,2021-05-26,,CASH_BALANCE_BREAK,-1271.28,-1273.78,2.5,2.5,1
2862,2,2021-04-18,,CASH_BALANCE_BREAK,-1790.68,-1793.18,2.5,2.5,1
2863,2,2021-03-28,,CASH_BALANCE_BREAK,-1584.47,-1586.97,2.5,2.5,1
2864,1,2021-02-22,,CASH_BALANCE_BREAK,-919.27,-1919.27,1000.0,1000.0,0
2865,2,2023-04-12,,CASH_BALANCE_BREAK,-133.53,-136.03,2.5,2.5,1
2866,2,2023-05-05,,CASH_BALANCE_BREAK,-188.49,-190.99,2.5,2.5,1
2867,5,2023-05-25,,CASH_BALANCE_BREAK,6491.22,6741.22,-250.0,250.0,4
2868,6,2023-05-25,,CASH_BALANCE_BREAK,-783.59,-799.09,15.5,15.5,6
2869,2,2024-03-08,,CASH_BALANCE_BREAK,-599.6,-602.1,2.5,2.5,1
2870,6,2024-03-14,,CASH_BALANCE_BREAK,-78.73,-94.23,15.5,15.5,6
2871,5,2023-05-28,,CASH_BALANCE_BREAK,6491.22,6741.22,-250.0,250.0,4
2872,6,2023-05-28,,CASH_BALANCE_BREAK,-783.59,-799.09,15.5,15.5,6
2873,6,2023-04-15,,CASH_BALANCE_BREAK,-650.73,-666.23,15.5,15.5,6
2874,2,2023-02-17,,CASH_BALANCE_BREAK,-820.18,-822.68,2.5,2.5,1
2875,5,2023-01-25,,CASH_BALANCE_BREAK,5572.82,5822.82,-250.0,250.0,4
2876,1,2023-05-18,,CASH_BALANCE_BREAK,-2791.98,-3791.98,1000.0,1000.0,0
2877,5,2023-05-27,,CASH_BALANCE_BREAK,6491.22,6741.22,-250.0,250.0,4
2878,2,2022-04-06,,CASH_BALANCE_BREAK,-1362.36,-1364.86,2.5,2.5,1
2879,1,2023-04-14,,CASH_BALANCE_BREAK,-2787.46,-3787.46,1000.0,1000.0,0
2880,2,2023-04-14,,CASH_BALANCE_BREAK,-133.53,-136.03,2.5,2.5,1
2881,5,2023-02-19,,CASH_BALANCE_BREAK,5626.14,5876.14,-250.0,250.0,4
2882,5,2022-07-19,,CASH_BALANCE_BREAK,4501.34,4751.34,-250.0,250.0,4
2883,6,2022-07-19,,CASH_BALANCE_BREAK,-1598.51,-1614.01,15.5,15.5,6
2884,1,2021-06-20,,CASH_BALANCE_BREAK,-565.72,-1565.72,1000.0,1000.0,0
2885,1,2021-07-01,,CASH_BALANCE_BREAK,-592.19,-1592.19,1000.0,1000.0,0
2886,2,2021-06-26,,CASH_BALANCE_BREAK,-1253.05,-1255.55,2.5,2.5,1
2887,1,2021-04-29,,CASH_BALANCE_BREAK,-1005.94,-2005.94,1000.0,1000.0,0
2888,1,2023-01-16,,CASH_BALANCE_BREAK,-1229.65,-2229.65,1000.0,1000.0,0
2889,2,2023-03-19,,CASH_BALANCE_BREAK,-809.33,-811.83,2.5,2.5,1
2890,6,2023-04-07,,CASH_BALANCE_BREAK,-1776.73,-1792.23,15.5,15.5,6
2891,1,2022-05-26,,CASH_BALANCE_BREAK,-1284.32,-2284.32,1000.0,1000.0,0
2892,6,2023-05-01,,CASH_BALANCE_BREAK,-783.59,-799.09,15.5,15.5,6
2893,2,2023-04-28,,CASH_BALANCE_BREAK,-188.49,-190.99,2.5,2.5,1
2894,6,2023-04-28,,CASH_BALANCE_BREAK,-783.59,-799.09,15.5,15.5,6
2895,2,2023-06-09,,CASH_BALANCE_BREAK,-437.34,-439.84,2.5,2.5,1
2896,5,2023-09-02,,CASH_BALANCE_BREAK,6344.12,6594.12,-250.0,250.0,4
2897,2,2021-09-17,,CASH_BALANCE_BREAK,-1377.17,-1379.67,2.5,2.5,1
2898,1,2021-07-09,,CASH_BALANCE_BREAK,-592.19,-1592.19,1000.0,1000.0,0
2899,1,2021-09-21,,CASH_BALANCE_BREAK,-933.76,-1933.76,1000.0,1000.0,0
2900,1,2021-09-22,,CASH_BALANCE_BREAK,-933.76,-1933.76,1000.0,1000.0,0
2901,1,2021-05-01,,CASH_BALANCE_BREAK,-1005.94,-2005.94,1000.0,1000.0,0
2902,1,2021-08-10,,CASH_BALANCE_BREAK,-684.54,-1684.54,1000.0,1000.0,0
2903,2,2021-08-10,,CASH_BALANCE_BREAK,-1262.66,-1265.16,2.5,2.5,1
2904,2,2023-11-04,,CASH_BALANCE_BREAK,-40.89,-43.39,2.5,2.5,1
2905,1,2023-11-19,,CASH_BALANCE_BREAK,-1628.52,-2628.52,1000.0,1000.0,0
2906,2,2023-12-16,,CASH_BALANCE_BREAK,-556.11,-558.61,2.5,2.5,1
2907,1,2023-08-16,,CASH_BALANCE_BREAK,-851.26,-1851.26,1000.0,1000.0,0
2908,6,2023-09-26,,CASH_BALANCE_BREAK,-563.01,-578.51,15.5,15.5,6
2909,2,2023-12-17,,CASH_BALANCE_BREAK,-556.11,-558.61,2.5,2.5,1
2910,5,2023-12-18,,CASH_BALANCE_BREAK,6058.54,6308.54,-250.0,250.0,4
2911,6,2023-12-18,,CASH_BALANCE_BREAK,-79.65,-95.15,15.5,15.5,6
2912,6,2024-01-24,,CASH_BALANCE_BREAK,-77.24,-92.74,15.5,15.5,6
2913,5,2023-12-07,,CASH_BALANCE_BREAK,6058.54,6308.54,-250.0,250.0,4
2914,2,2023-12-22,,CASH_BALANCE_BREAK,-556.11,-558.61,2.5,2.5,1
2915,5,2024-02-03,,CASH_BALANCE_BREAK,6058.55,6308.55,-250.0,250.0,4
2916,5,2022-11-17,,CASH_BALANCE_BREAK,4230.23,4480.23,-250.0,250.0,4
2917,6,2023-01-01,,CASH_BALANCE_BREAK,-1739.01,-1754.51,15.5,15.5,6
2918,6,2023-09-07,,CASH_BALANCE_BREAK,-1465.26,-1480.76,15.5,15.5,6
2919,5,2023-08-08,,CASH_BALANCE_BREAK,6022.59,6272.59,-250.0,250.0,4
2920,6,2023-07-26,,CASH_BALANCE_BREAK,-1184.51,-1200.01,15.5,15.5,6
2921,2,2023-05-09,,CASH_BALANCE_BREAK,-188.49,-190.99,2.5,2.5,1
2922,1,2023-05-11,,CASH_BALANCE_BREAK,-2791.98,-3791.98,1000.0,1000.0,0
2923,2,2022-12-12,,CASH_BALANCE_BREAK,-936.87,-939.37,2.5,2.5,1
2924,5,2023-05-13,,CASH_BALANCE_BREAK,6491.22,6741.22,-250.0,250.0,4
2925,1,2022-04-12,,CASH_BALANCE_BREAK,-994.68,-1994.68,1000.0,1000.0,0
2926,6,2023-09-01,,CASH_BALANCE_BREAK,-1465.26,-1480.76,15.5,15.5,6
2927,5,2023-03-05,,CASH_BALANCE_BREAK,5626.14,5876.14,-250.0,250.0,4
2928,6,2023-03-05,,CASH_BALANCE_BREAK,-1823.87,-1839.37,15.5,15.5,6
2929,1,2022-08-25,,CASH_BALANCE_BREAK,-1283.39,-2283.39,1000.0,1000.0,0
2930,6,2022-02-19,,CASH_BALANCE_BREAK,-635.5,-651.0,15.5,15.5,6
2931,5,2022-11-30,,CASH_BALANCE_BREAK,4230.23,4480.23,-250.0,250.0,4
2932,1,2022-11-26,,CASH_BALANCE_BREAK,-1283.85,-2283.85,1000.0,1000.0,0
2933,1,2023-04-23,,CASH_BALANCE_BREAK,-2787.46,-3787.46,1000.0,1000.0,0
2934,2,2023-04-23,,CASH_BALANCE_BREAK,-133.53,-136.03,2.5,2.5,1
2935,2,2022-05-06,,CASH_BALANCE_BREAK,-267.88,-270.38,2.5,2.5,1
2936,2,2022-01-26,,CASH_BALANCE_BREAK,-1328.37,-1330.87,2.5,2.5,1
2937,1,2021-09-12,,CASH_BALANCE_BREAK,-933.76,-1933.76,1000.0,1000.0,0
2938,5,2021-12-20,,CASH_BALANCE_BREAK,1168.52,1418.52,-250.0,250.0,4
2939,1,2023-08-09,,CASH_BALANCE_BREAK,-859.19,-1859.19,1000.0,1000.0,0
2940,2,2024-01-11,,CASH_BALANCE_BREAK,-556.11,-558.61,2.5,2.5,1
2941,5,2021-09-06,,CASH_BALANCE_BREAK,262.96,512.96,-250.0,250.0,4
2942,2,2021-12-17,,CASH_BALANCE_BREAK,-1337.29,-1339.79,2.5,2.5,1
2943,5,2022-03-21,,CASH_BALANCE_BREAK,1380.44,1630.44,-250.0,250.0,4
2944,2,2021-09-02,,CASH_BALANCE_BREAK,-1377.17,-1379.67,2.5,2.5,1
2945,5,2022-02-14,,CASH_BALANCE_BREAK,1376.68,1626.68,-250.0,250.0,4
2946,6,2023-06-19,,CASH_BALANCE_BREAK,-1121.48,-1136.98,15.5,15.5,6
2947,2,2022-09-16,,CASH_BALANCE_BREAK,-890.06,-892.56,2.5,2.5,1
2948,2,2023-07-09,,CASH_BALANCE_BREAK,-742.39,-744.89,2.5,2.5,1
2949,1,2022-10-28,,CASH_BALANCE_BREAK,-1358.81,-2358.81,1000.0,1000.0,0
2950,5,2024-05-12,,CASH_BALANCE_BREAK,7560.0,7810.0,-250.0,250.0,4
2951,5,2022-01-10,,CASH_BALANCE_BREAK,1374.55,1624.55,-250.0,250.0,4
2952,2,2022-07-24,,CASH_BALANCE_BREAK,-699.26,-701.76,2.5,2.5,1
2953,2,2023-06-29,,CASH_BALANCE_BREAK,-649.08,-651.58,2.5,2.5,1
2954,1,2023-01-10,,CASH_BALANCE_BREAK,-1229.65,-2229.65,1000.0,1000.0,0
2955,1,2022-10-27,,CASH_BALANCE_BREAK,-1358.81,-2358.81,1000.0,1000.0,0
2956,6,2023-01-17,,CASH_BALANCE_BREAK,-1722.08,-1737.58,15.5,15.5,6
2957,5,2021-08-28,,CASH_BALANCE_BREAK,260.88,510.88,-250.0,250.0,4
2958,6,2022-09-12,,CASH_BALANCE_BREAK,-1581.71,-1597.21,15.5,15.5,6
2959,6,2024-02-13,,CASH_BALANCE_BREAK,-89.71,-105.21,15.5,15.5,6
2960,1,2024-02-21,,CASH_BALANCE_BREAK,-1680.97,-2680.97,1000.0,1000.0,0
2961,5,2022-01-03,,CASH_BALANCE_BREAK,1868.52,2118.52,-250.0,250.0,4
2962,2,2023-01-05,,CASH_BALANCE_BREAK,-936.56,-939.06,2.5,2.5,1
2963,2,2023-09-03,,CASH_BALANCE_BREAK,-578.1,-580.6,2.5,2.5,1
2964,1,2022-08-17,,CASH_BALANCE_BREAK,-1283.39,-2283.39,1000.0,1000.0,0
2965,1,2022-12-30,,CASH_BALANCE_BREAK,-1255.61,-2255.61,1000.0,1000.0,0
2966,2,2022-12-30,,CASH_BALANCE_BREAK,-936.87,-939.37,2.5,2.5,1
2967,2,2023-07-25,,CASH_BALANCE_BREAK,-542.39,-544.89,2.5,2.5,1
2968,5,2023-09-14,,CASH_BALANCE_BREAK,6363.49,6613.49,-250.0,250.0,4
2969,1,2023-10-25,,CASH_BALANCE_BREAK,-1040.9,-2040.9,1000.0,1000.0,0
2970,1,2023-12-12,,CASH_BALANCE_BREAK,-1607.54,-2607.54,1000.0,1000.0,0
2971,1,2023-11-03,,CASH_BALANCE_BREAK,-1040.9,-2040.9,1000.0,1000.0,0
2972,5,2023-11-19,,CASH_BALANCE_BREAK,6496.48,6746.48,-250.0,250.0,4
2973,5,2023-12-13,,CASH_BALANCE_BREAK,6058.54,6308.54,-250.0,250.0,4
2974,1,2023-09-11,,CASH_BALANCE_BREAK,-1062.8,-2062.8,1000.0,1000.0,0
2975,6,2024-01-01,,CASH_BALANCE_BREAK,-79.65,-95.15,15.5,15.5,6
2976,5,2023-12-08,,CASH_BALANCE_BREAK,6058.54,6308.54,-250.0,250.0,4
2977,6,2023-08-16,,CASH_BALANCE_BREAK,-1169.65,-1185.15,15.5,15.5,6
2978,5,2023-12-19,,CASH_BALANCE_BREAK,6058.54,6308.54,-250.0,250.0,4
2979,2,2023-12-18,,CASH_BALANCE_BREAK,-556.11,-558.61,2.5,2.5,1
2980,1,2023-12-26,,CASH_BALANCE_BREAK,-1607.54,-2607.54,1000.0,1000.0,0
2981,5,2023-12-26,,CASH_BALANCE_BREAK,6058.54,6308.54,-250.0,250.0,4
2982,1,2023-03-06,,CASH_BALANCE_BREAK,-1261.89,-2261.89,1000.0,1000.0,0
2983,6,2023-03-29,,CASH_BALANCE_BREAK,-1810.04,-1825.54,15.5,15.5,6
2984,1,2023-10-01,,CASH_BALANCE_BREAK,-1045.14,-2045.14,1000.0,1000.0,0
2985,5,2023-12-22,,CASH_BALANCE_BREAK,6058.54,6308.54,-250.0,250.0,4
2986,1,2024-02-03,,CASH_BALANCE_BREAK,-1680.98,-2680.98,1000.0,1000.0,0
2987,1,2022-11-21,,CASH_BALANCE_BREAK,-1283.85,-2283.85,1000.0,1000.0,0
2988,2,2022-04-25,,CASH_BALANCE_BREAK,-290.33,-292.83,2.5,2.5,1
2989,6,2023-04-19,,CASH_BALANCE_BREAK,-650.73,-666.23,15.5,15.5,6
2990,2,2021-12-30,,CASH_BALANCE_BREAK,-1333.6,-1336.1,2.5,2.5,1
2991,1,2024-03-25,,CASH_BALANCE_BREAK,-1035.88,-2035.88,1000.0,1000.0,0
2992,5,2023-04-11,,CASH_BALANCE_BREAK,5001.5,5251.5,-250.0,250.0,4
2993,2,2023-03-17,,CASH_BALANCE_BREAK,-809.33,-811.83,2.5,2.5,1
2994,6,2024-04-03,,CASH_BALANCE_BREAK,-78.73,-94.23,15.5,15.5,6
2995,6,2023-05-24,,CASH_BALANCE_BREAK,-783.59,-799.09,15.5,15.5,6
2996,6,2024-03-31,,CASH_BALANCE_BREAK,-78.73,-94.23,15.5,15.5,6
2997,6,2024-01-22,,CASH_BALANCE_BREAK,-77.24,-92.74,15.5,15.5,6
2998,1,2024-01-21,,CASH_BALANCE_BREAK,-1680.98,-2680.98,1000.0,1000.0,0
2999,2,2024-03-03,,CASH_BALANCE_BREAK,-552.54,-555.04,2.5,2.5,1
3000,1,2024-03-19,,CASH_BALANCE_BREAK,-1035.88,-2035.88,1000.0,1000.0,0
3001,2,2024-03-19,,CASH_BALANCE_BREAK,222.39,219.89,2.5,2.5,1
3002,5,2024-03-20,,CASH_BALANCE_BREAK,6333.37,6583.37,-250.0,250.0,4
3003,1,2024-04-04,,CASH_BALANCE_BREAK,-976.78,-1976.78,1000.0,1000.0,0
3004,1,2024-05-08,,CASH_BALANCE_BREAK,-449.81,-1449.81,1000.0,1000.0,0
3005,1,2023-11-10,,CASH_BALANCE_BREAK,-1426.22,-2426.22,1000.0,1000.0,0
3006,2,2023-09-08,,CASH_BALANCE_BREAK,-571.16,-573.66,2.5,2.5,1
3007,1,2023-11-11,,CASH_BALANCE_BREAK,-1426.22,-2426.22,1000.0,1000.0,0
3008,2,2023-11-11,,CASH_BALANCE_BREAK,-125.51,-128.01,2.5,2.5,1
3009,1,2023-08-02,,CASH_BALANCE_BREAK,-859.19,-1859.19,1000.0,1000.0,0
3010,1,2022-12-11,,CASH_BALANCE_BREAK,-1255.61,-2255.61,1000.0,1000.0,0
3011,6,2022-12-11,,CASH_BALANCE_BREAK,-1739.01,-1754.51,15.5,15.5,6
3012,5,2022-12-13,,CASH_BALANCE_BREAK,5564.78,5814.78,-250.0,250.0,4
3013,2,2023-08-20,,CASH_BALANCE_BREAK,-540.68,-543.18,2.5,2.5,1
3014,1,2023-10-31,,CASH_BALANCE_BREAK,-1040.9,-2040.9,1000.0,1000.0,0
3015,1,2023-11-08,,CASH_BALANCE_BREAK,-1426.22,-2426.22,1000.0,1000.0,0
3016,5,2023-10-21,,CASH_BALANCE_BREAK,6840.25,7090.25,-250.0,250.0,4
3017,6,2022-06-13,,CASH_BALANCE_BREAK,-1437.52,-1453.02,15.5,15.5,6
3018,2,2021-07-05,,CASH_BALANCE_BREAK,-1266.11,-1268.61,2.5,2.5,1
3019,5,2022-05-02,,CASH_BALANCE_BREAK,3201.34,3451.34,-250.0,250.0,4
3020,1,2022-09-10,,CASH_BALANCE_BREAK,-1283.39,-2283.39,1000.0,1000.0,0
3021,1,2022-03-24,,CASH_BALANCE_BREAK,-1016.87,-2016.87,1000.0,1000.0,0
3022,1,2022-06-14,,CASH_BALANCE_BREAK,-1284.32,-2284.32,1000.0,1000.0,0
3023,2,2022-02-03,,CASH_BALANCE_BREAK,-1379.51,-1382.01,2.5,2.5,1
3024,6,2022-12-05,,CASH_BALANCE_BREAK,-1739.01,-1754.51,15.5,15.5,6
3025,1,2021-09-07,,CASH_BALANCE_BREAK,-933.76,-1933.76,1000.0,1000.0,0
3026,1,2021-12-16,,CASH_BALANCE_BREAK,-1047.58,-2047.58,1000.0,1000.0,0
3027,5,2022-11-25,,CASH_BALANCE_BREAK,4230.23,4480.23,-250.0,250.0,4
3028,5,2022-10-08,,CASH_BALANCE_BREAK,4341.62,4591.62,-250.0,250.0,4
3029,6,2022-10-08,,CASH_BALANCE_BREAK,-1500.64,-1516.14,15.5,15.5,6
3030,1,2022-10-09,,CASH_BALANCE_BREAK,-1358.81,-2358.81,1000.0,1000.0,0
3031,5,2022-07-18,,CASH_BALANCE_BREAK,4501.34,4751.34,-250.0,250.0,4
3032,1,2024-06-28,,CASH_BALANCE_BREAK,-557.21,-1557.21,1000.0,1000.0,0
3033,2,2024-03-11,,CASH_BALANCE_BREAK,-210.54,-213.04,2.5,2.5,1
3034,6,2023-04-30,,CASH_BALANCE_BREAK,-783.59,-799.09,15.5,15.5,6
3035,2,2021-03-13,,CASH_BALANCE_BREAK,-1588.82,-1591.32,2.5,2.5,1
3036,2,2021-06-19,,CASH_BALANCE_BREAK,-1253.05,-1255.55,2.5,2.5,1
3037,2,2021-08-09,,CASH_BALANCE_BREAK,-1262.66,-1265.16,2.5,2.5,1
3038,1,2021-11-17,,CASH_BALANCE_BREAK,-1047.58,-2047.58,1000.0,1000.0,0
3039,2,2021-05-27,,CASH_BALANCE_BREAK,-1253.05,-1255.55,2.5,2.5,1
3040,1,2021-12-14,,CASH_BALANCE_BREAK,-1047.58,-2047.58,1000.0,1000.0,0
3041,6,2022-02-09,,CASH_BALANCE_BREAK,-635.5,-651.0,15.5,15.5,6
3042,2,2022-02-11,,CASH_BALANCE_BREAK,-1379.51,-1382.01,2.5,2.5,1
3043,1,2023-11-18,,CASH_BALANCE_BREAK,-1628.52,-2628.52,1000.0,1000.0,0
3044,2,2023-12-21,,CASH_BALANCE_BREAK,-556.11,-558.61,2.5,2.5,1
3045,5,2023-09-25,,CASH_BALANCE_BREAK,6363.5,6613.5,-250.0,250.0,4
3046,5,2023-12-11,,CASH_BALANCE_BREAK,6058.54,6308.54,-250.0,250.0,4
3047,6,2024-01-06,,CASH_BALANCE_BREAK,-79.65,-95.15,15.5,15.5,6
3048,1,2021-10-24,,CASH_BALANCE_BREAK,-927.71,-1927.71,1000.0,1000.0,0
3049,2,2021-05-06,,CASH_BALANCE_BREAK,-1271.28,-1273.78,2.5,2.5,1
3050,2,2022-01-07,,CASH_BALANCE_BREAK,-1328.37,-1330.87,2.5,2.5,1
3051,1,2021-10-17,,CASH_BALANCE_BREAK,-927.71,-1927.71,1000.0,1000.0,0
3052,1,2021-12-27,,CASH_BALANCE_BREAK,-1072.2,-2072.2,1000.0,1000.0,0
3053,5,2021-11-03,,CASH_BALANCE_BREAK,768.52,1018.52,-250.0,250.0,4
3054,2,2021-12-22,,CASH_BALANCE_BREAK,-1333.6,-1336.1,2.5,2.5,1
3055,2,2021-08-11,,CASH_BALANCE_BREAK,-1262.66,-1265.16,2.5,2.5,1
3056,2,2023-07-07,,CASH_BALANCE_BREAK,-742.39,-744.89,2.5,2.5,1
3057,5,2022-06-02,,CASH_BALANCE_BREAK,3501.34,3751.34,-250.0,250.0,4
3058,2,2023-06-05,,CASH_BALANCE_BREAK,-437.34,-439.84,2.5,2.5,1
3059,2,2022-11-18,,CASH_BALANCE_BREAK,-878.48,-880.98,2.5,2.5,1
3060,5,2023-02-07,,CASH_BALANCE_BREAK,5610.48,5860.48,-250.0,250.0,4
3061,6,2023-02-07,,CASH_BALANCE_BREAK,-1715.32,-1730.82,15.5,15.5,6
3062,2,2021-10-22,,CASH_BALANCE_BREAK,-1358.34,-1360.84,2.5,2.5,1
3063,1,2023-07-04,,CASH_BALANCE_BREAK,-3043.21,-4043.21,1000.0,1000.0,0
3064,5,2023-07-05,,CASH_BALANCE_BREAK,6008.63,6258.63,-250.0,250.0,4
3065,6,2023-07-05,,CASH_BALANCE_BREAK,-1164.51,-1180.01,15.5,15.5,6
3066,6,2023-01-16,,CASH_BALANCE_BREAK,-1722.08,-1737.58,15.5,15.5,6
3067,6,2023-07-24,,CASH_BALANCE_BREAK,-1184.51,-1200.01,15.5,15.5,6
3068,5,2022-07-23,,CASH_BALANCE_BREAK,4451.23,4701.23,-250.0,250.0,4
3069,5,2022-09-11,,CASH_BALANCE_BREAK,4456.74,4706.74,-250.0,250.0,4
3070,2,2022-10-07,,CASH_BALANCE_BREAK,-884.91,-887.41,2.5,2.5,1
3071,6,2022-11-17,,CASH_BALANCE_BREAK,-1484.66,-1500.16,15.5,15.5,6
3072,5,2023-07-21,,CASH_BALANCE_BREAK,6022.59,6272.59,-250.0,250.0,4
3073,6,2023-07-21,,CASH_BALANCE_BREAK,-1184.51,-1200.01,15.5,15.5,6
3074,6,2023-07-29,,CASH_BALANCE_BREAK,-1184.51,-1200.01,15.5,15.5,6
3075,5,2023-09-07,,CASH_BALANCE_BREAK,6344.12,6594.12,-250.0,250.0,4
3076,5,2023-05-08,,CASH_BALANCE_BREAK,6491.22,6741.22,-250.0,250.0,4
3077,6,2023-05-08,,CASH_BALANCE_BREAK,-783.59,-799.09,15.5,15.5,6
3078,6,2023-05-27,,CASH_BALANCE_BREAK,-783.59,-799.09,15.5,15.5,6
3079,5,2023-05-23,,CASH_BALANCE_BREAK,6491.22,6741.22,-250.0,250.0,4
3080,1,2022-09-07,,CASH_BALANCE_BREAK,-1283.39,-2283.39,1000.0,1000.0,0
3081,2,2022-10-20,,CASH_BALANCE_BREAK,-884.91,-887.41,2.5,2.5,1
3082,2,2021-05-24,,CASH_BALANCE_BREAK,-1271.28,-1273.78,2.5,2.5,1
3083,2,2021-07-11,,CASH_BALANCE_BREAK,-1266.11,-1268.61,2.5,2.5,1
3084,2,2023-03-20,,CASH_BALANCE_BREAK,-809.33,-811.83,2.5,2.5,1
3085,2,2023-04-07,,CASH_BALANCE_BREAK,-950.53,-953.03,2.5,2.5,1
3086,2,2022-05-25,,CASH_BALANCE_BREAK,-520.25,-522.75,2.5,2.5,1
3087,5,2022-09-03,,CASH_BALANCE_BREAK,4456.74,4706.74,-250.0,250.0,4
3088,1,2023-04-10,,CASH_BALANCE_BREAK,-2787.46,-3787.46,1000.0,1000.0,0
3089,5,2023-06-08,,CASH_BALANCE_BREAK,6439.8,6689.8,-250.0,250.0,4
3090,6,2023-06-24,,CASH_BALANCE_BREAK,-1121.48,-1136.98,15.5,15.5,6
3091,1,2023-07-11,,CASH_BALANCE_BREAK,-862.98,-1862.98,1000.0,1000.0,0
3092,1,2023-07-19,,CASH_BALANCE_BREAK,-859.19,-1859.19,1000.0,1000.0,0
3093,2,2023-07-28,,CASH_BALANCE_BREAK,-542.39,-544.89,2.5,2.5,1
3094,2,2023-08-13,,CASH_BALANCE_BREAK,-542.39,-544.89,2.5,2.5,1
3095,5,2023-08-13,,CASH_BALANCE_BREAK,6022.59,6272.59,-250.0,250.0,4
3096,5,2023-08-30,,CASH_BALANCE_BREAK,6344.12,6594.12,-250.0,250.0,4
3097,2,2021-06-15,,CASH_BALANCE_BREAK,-1253.05,-1255.55,2.5,2.5,1
3098,2,2021-06-25,,CASH_BALANCE_BREAK,-1253.05,-1255.55,2.5,2.5,1
3099,1,2021-04-17,,CASH_BALANCE_BREAK,-735.94,-1735.94,1000.0,1000.0,0
3100,1,2021-09-17,,CASH_BALANCE_BREAK,-933.76,-1933.76,1000.0,1000.0,0
3101,1,2021-05-19,,CASH_BALANCE_BREAK,-405.94,-1405.94,1000.0,1000.0,0
3102,2,2021-04-23,,CASH_BALANCE_BREAK,-1272.68,-1275.18,2.5,2.5,1
3103,1,2022-04-15,,CASH_BALANCE_BREAK,-994.68,-1994.68,1000.0,1000.0,0
3104,2,2024-05-12,,CASH_BALANCE_BREAK,776.95,774.45,2.5,2.5,1
3105,2,2022-01-10,,CASH_BALANCE_BREAK,-1328.37,-1330.87,2.5,2.5,1
3106,5,2023-07-10,,CASH_BALANCE_BREAK,6008.63,6258.63,-250.0,250.0,4
3107,2,2021-10-01,,CASH_BALANCE_BREAK,-1358.34,-1360.84,2.5,2.5,1
3108,5,2022-01-11,,CASH_BALANCE_BREAK,1374.55,1624.55,-250.0,250.0,4
3109,5,2022-04-16,,CASH_BALANCE_BREAK,3198.78,3448.78,-250.0,250.0,4
3110,6,2022-07-20,,CASH_BALANCE_BREAK,-1598.51,-1614.01,15.5,15.5,6
3111,6,2022-10-27,,CASH_BALANCE_BREAK,-1500.64,-1516.14,15.5,15.5,6
3112,1,2022-06-04,,CASH_BALANCE_BREAK,-1284.32,-2284.32,1000.0,1000.0,0
3113,6,2023-12-30,,CASH_BALANCE_BREAK,-79.65,-95.15,15.5,15.5,6
3114,6,2024-02-21,,CASH_BALANCE_BREAK,-89.71,-105.21,15.5,15.5,6
3115,6,2023-09-04,,CASH_BALANCE_BREAK,-1465.26,-1480.76,15.5,15.5,6
3116,5,2024-01-11,,CASH_BALANCE_BREAK,6058.54,6308.54,-250.0,250.0,4
3117,5,2024-01-12,,CASH_BALANCE_BREAK,6058.54,6308.54,-250.0,250.0,4
3118,5,2024-04-26,,CASH_BALANCE_BREAK,7046.34,7296.34,-250.0,250.0,4
3119,2,2024-04-17,,CASH_BALANCE_BREAK,86.07,83.57,2.5,2.5,1
3120,6,2022-08-19,,CASH_BALANCE_BREAK,-1581.71,-1597.21,15.5,15.5,6
3121,6,2023-11-07,,CASH_BALANCE_BREAK,512.85,497.35,15.5,15.5,6
3122,5,2024-06-21,,CASH_BALANCE_BREAK,7928.1,8178.1,-250.0,250.0,4
3123,1,2023-08-10,,CASH_BALANCE_BREAK,-859.19,-1859.19,1000.0,1000.0,0
3124,5,2024-05-05,,CASH_BALANCE_BREAK,7560.0,7810.0,-250.0,250.0,4
3125,1,2024-05-19,,CASH_BALANCE_BREAK,-585.69,-1585.69,1000.0,1000.0,0
3126,6,2024-05-31,,CASH_BALANCE_BREAK,741.93,726.43,15.5,15.5,6
3127,1,2024-06-06,,CASH_BALANCE_BREAK,-1055.61,-2055.61,1000.0,1000.0,0
3128,6,2024-06-06,,CASH_BALANCE_BREAK,741.93,726.43,15.5,15.5,6
3129,1,2022-05-17,,CASH_BALANCE_BREAK,-1045.54,-2045.54,1000.0,1000.0,0
3130,6,2024-04-29,,CASH_BALANCE_BREAK,1347.22,1331.72,15.5,15.5,6
3131,2,2024-06-10,,CASH_BALANCE_BREAK,472.58,470.08,2.5,2.5,1
3132,5,2023-10-16,,CASH_BALANCE_BREAK,6840.25,7090.25,-250.0,250.0,4
3133,6,2023-11-01,,CASH_BALANCE_BREAK,512.85,497.35,15.5,15.5,6
3134,6,2024-04-27,,CASH_BALANCE_BREAK,1347.22,1331.72,15.5,15.5,6
3135,6,2024-04-13,,CASH_BALANCE_BREAK,1347.22,1331.72,15.5,15.5,6
3136,6,2024-04-22,,CASH_BALANCE_BREAK,1347.22,1331.72,15.5,15.5,6
3137,1,2024-06-23,,CASH_BALANCE_BREAK,-557.21,-1557.21,1000.0,1000.0,0
3138,2,2024-06-23,,CASH_BALANCE_BREAK,-103.16,-105.66,2.5,2.5,1
3139,1,2024-06-25,,CASH_BALANCE_BREAK,-557.21,-1557.21,1000.0,1000.0,0
3140,5,2022-07-05,,CASH_BALANCE_BREAK,4501.34,4751.34,-250.0,250.0,4
3141,1,2022-07-06,,CASH_BALANCE_BREAK,-1381.37,-2381.37,1000.0,1000.0,0
3142,2,2022-07-06,,CASH_BALANCE_BREAK,-615.08,-617.58,2.5,2.5,1
3143,6,2022-07-04,,CASH_BALANCE_BREAK,-1598.51,-1614.01,15.5,15.5,6
3144,1,2022-08-23,,CASH_BALANCE_BREAK,-1283.39,-2283.39,1000.0,1000.0,0
3145,5,2024-05-02,,CASH_BALANCE_BREAK,7560.0,7810.0,-250.0,250.0,4
3146,1,2024-06-14,,CASH_BALANCE_BREAK,-1055.61,-2055.61,1000.0,1000.0,0
3147,6,2024-06-14,,CASH_BALANCE_BREAK,741.93,726.43,15.5,15.5,6
3148,5,2024-06-29,,CASH_BALANCE_BREAK,7928.1,8178.1,-250.0,250.0,4
3149,6,2024-06-29,,CASH_BALANCE_BREAK,758.8,743.3,15.5,15.5,6
3150,2,2024-06-15,,CASH_BALANCE_BREAK,472.58,470.08,2.5,2.5,1
3151,1,2023-11-16,,CASH_BALANCE_BREAK,-1426.22,-2426.22,1000.0,1000.0,0
3152,5,2023-10-29,,CASH_BALANCE_BREAK,6840.26,7090.26,-250.0,250.0,4
3153,1,2021-12-24,,CASH_BALANCE_BREAK,-1072.2,-2072.2,1000.0,1000.0,0
3154,2,2022-03-28,,CASH_BALANCE_BREAK,-1369.24,-1371.74,2.5,2.5,1
3155,2,2023-05-17,,CASH_BALANCE_BREAK,-188.49,-190.99,2.5,2.5,1
3156,5,2024-06-24,,CASH_BALANCE_BREAK,7928.1,8178.1,-250.0,250.0,4
3157,5,2024-06-03,,CASH_BALANCE_BREAK,8066.02,8316.02,-250.0,250.0,4
3158,6,2024-06-03,,CASH_BALANCE_BREAK,741.93,726.43,15.5,15.5,6
3159,6,2023-02-09,,CASH_BALANCE_BREAK,-1715.32,-1730.82,15.5,15.5,6
3160,1,2023-04-26,,CASH_BALANCE_BREAK,-2787.46,-3787.46,1000.0,1000.0,0
3161,6,2023-07-27,,CASH_BALANCE_BREAK,-1184.51,-1200.01,15.5,15.5,6
3162,2,2023-08-18,,CASH_BALANCE_BREAK,-540.68,-543.18,2.5,2.5,1
3163,5,2023-01-03,,CASH_BALANCE_BREAK,5572.82,5822.82,-250.0,250.0,4
3164,6,2023-01-03,,CASH_BALANCE_BREAK,-1722.08,-1737.58,15.5,15.5,6
3165,2,2023-02-14,,CASH_BALANCE_BREAK,-843.15,-845.65,2.5,2.5,1
3166,5,2023-02-14,,CASH_BALANCE_BREAK,5610.48,5860.48,-250.0,250.0,4
3167,5,2022-09-08,,CASH_BALANCE_BREAK,4456.74,4706.74,-250.0,250.0,4
3168,2,2021-09-26,,CASH_BALANCE_BREAK,-1377.17,-1379.67,2.5,2.5,1
3169,5,2022-09-09,,CASH_BALANCE_BREAK,4456.74,4706.74,-250.0,250.0,4
3170,6,2024-06-05,,CASH_BALANCE_BREAK,741.93,726.43,15.5,15.5,6
3171,6,2023-06-11,,CASH_BALANCE_BREAK,-1121.48,-1136.98,15.5,15.5,6
3172,6,2023-06-01,,CASH_BALANCE_BREAK,-1121.48,-1136.98,15.5,15.5,6
3173,5,2022-09-16,,CASH_BALANCE_BREAK,4464.85,4714.85,-250.0,250.0,4
3174,2,2022-04-15,,CASH_BALANCE_BREAK,-290.33,-292.83,2.5,2.5,1
3175,5,2024-06-27,,CASH_BALANCE_BREAK,7928.1,8178.1,-250.0,250.0,4
3176,2,2022-10-28,,CASH_BALANCE_BREAK,-884.91,-887.41,2.5,2.5,1
3177,2,2021-11-23,,CASH_BALANCE_BREAK,-1337.29,-1339.79,2.5,2.5,1
3178,5,2022-10-29,,CASH_BALANCE_BREAK,4341.62,4591.62,-250.0,250.0,4
3179,5,2023-07-02,,CASH_BALANCE_BREAK,6202.36,6452.36,-250.0,250.0,4
3180,6,2022-04-16,,CASH_BALANCE_BREAK,-2440.99,-2456.49,15.5,15.5,6
3181,2,2021-05-30,,CASH_BALANCE_BREAK,-1253.05,-1255.55,2.5,2.5,1
3182,1,2021-07-16,,CASH_BALANCE_BREAK,-592.19,-1592.19,1000.0,1000.0,0
3183,6,2022-03-23,,CASH_BALANCE_BREAK,-635.26,-650.76,15.5,15.5,6
3184,1,2021-05-03,,CASH_BALANCE_BREAK,-1005.94,-2005.94,1000.0,1000.0,0
3185,2,2022-01-02,,CASH_BALANCE_BREAK,-1333.6,-1336.1,2.5,2.5,1
3186,5,2022-01-02,,CASH_BALANCE_BREAK,1868.52,2118.52,-250.0,250.0,4
3187,2,2023-09-13,,CASH_BALANCE_BREAK,-571.16,-573.66,2.5,2.5,1
3188,5,2022-11-24,,CASH_BALANCE_BREAK,4230.23,4480.23,-250.0,250.0,4
3189,1,2023-01-05,,CASH_BALANCE_BREAK,-1229.65,-2229.65,1000.0,1000.0,0
3190,5,2023-08-03,,CASH_BALANCE_BREAK,6022.59,6272.59,-250.0,250.0,4
3191,6,2023-08-03,,CASH_BALANCE_BREAK,-1184.51,-1200.01,15.5,15.5,6
3192,6,2022-11-06,,CASH_BALANCE_BREAK,-1484.66,-1500.16,15.5,15.5,6
3193,5,2022-05-28,,CASH_BALANCE_BREAK,3501.34,3751.34,-250.0,250.0,4
3194,1,2022-09-05,,CASH_BALANCE_BREAK,-1283.39,-2283.39,1000.0,1000.0,0
3195,1,2021-05-10,,CASH_BALANCE_BREAK,-405.94,-1405.94,1000.0,1000.0,0
3196,2,2022-05-01,,CASH_BALANCE_BREAK,-267.88,-270.38,2.5,2.5,1
3197,5,2022-04-03,,CASH_BALANCE_BREAK,1389.5,1639.5,-250.0,250.0,4
3198,6,2022-04-03,,CASH_BALANCE_BREAK,-629.61,-645.11,15.5,15.5,6
3199,1,2022-04-04,,CASH_BALANCE_BREAK,-1012.66,-2012.66,1000.0,1000.0,0
3200,2,2022-04-05,,CASH_BALANCE_BREAK,-1362.36,-1364.86,2.5,2.5,1
3201,6,2022-04-05,,CASH_BALANCE_BREAK,-629.61,-645.11,15.5,15.5,6
3202,2,2022-03-14,,CASH_BALANCE_BREAK,-1369.24,-1371.74,2.5,2.5,1
3203,2,2021-11-10,,CASH_BALANCE_BREAK,-1341.01,-1343.51,2.5,2.5,1
3204,6,2022-06-19,,CASH_BALANCE_BREAK,-1437.52,-1453.02,15.5,15.5,6
3205,5,2022-07-26,,CASH_BALANCE_BREAK,4451.23,4701.23,-250.0,250.0,4
3206,2,2022-04-07,,CASH_BALANCE_BREAK,-1362.36,-1364.86,2.5,2.5,1
3207,2,2022-07-16,,CASH_BALANCE_BREAK,-615.08,-617.58,2.5,2.5,1
3208,1,2024-04-15,,CASH_BALANCE_BREAK,-976.78,-1976.78,1000.0,1000.0,0
3209,6,2024-05-07,,CASH_BALANCE_BREAK,1184.75,1169.25,15.5,15.5,6
3210,1,2024-05-24,,CASH_BALANCE_BREAK,-585.69,-1585.69,1000.0,1000.0,0
3211,6,2023-03-08,,CASH_BALANCE_BREAK,-1823.87,-1839.37,15.5,15.5,6
3212,6,2022-01-22,,CASH_BALANCE_BREAK,-672.7,-688.2,15.5,15.5,6
3213,1,2023-03-07,,CASH_BALANCE_BREAK,-1261.89,-2261.89,1000.0,1000.0,0
3214,6,2024-04-11,,CASH_BALANCE_BREAK,1347.22,1331.72,15.5,15.5,6
3215,1,2024-03-24,,CASH_BALANCE_BREAK,-1035.88,-2035.88,1000.0,1000.0,0
3216,6,2024-03-24,,CASH_BALANCE_BREAK,-78.73,-94.23,15.5,15.5,6
3217,1,2023-03-17,,CASH_BALANCE_BREAK,-1254.78,-2254.78,1000.0,1000.0,0
3218,6,2023-02-23,,CASH_BALANCE_BREAK,-1823.87,-1839.37,15.5,15.5,6
3219,6,2023-04-03,,CASH_BALANCE_BREAK,-1810.04,-1825.54,15.5,15.5,6
3220,2,2023-03-25,,CASH_BALANCE_BREAK,-809.33,-811.83,2.5,2.5,1
3221,1,2024-04-01,,CASH_BALANCE_BREAK,-976.78,-1976.78,1000.0,1000.0,0
3222,2,2022-12-20,,CASH_BALANCE_BREAK,-936.87,-939.37,2.5,2.5,1
3223,2,2023-01-23,,CASH_BALANCE_BREAK,-936.56,-939.06,2.5,2.5,1
3224,1,2021-01-27,,CASH_BALANCE_BREAK,-380.07,-1380.07,1000.0,1000.0,0
3225,1,2021-03-16,,CASH_BALANCE_BREAK,-918.03,-1918.03,1000.0,1000.0,0
3226,2,2021-03-06,,CASH_BALANCE_BREAK,-1588.82,-1591.32,2.5,2.5,1
3227,1,2021-04-04,,CASH_BALANCE_BREAK,-918.03,-1918.03,1000.0,1000.0,0
3228,2,2021-04-04,,CASH_BALANCE_BREAK,-1584.47,-1586.97,2.5,2.5,1
3229,1,2021-07-27,,CASH_BALANCE_BREAK,-684.54,-1684.54,1000.0,1000.0,0
3230,6,2023-04-12,,CASH_BALANCE_BREAK,-650.73,-666.23,15.5,15.5,6
3231,1,2024-04-25,,CASH_BALANCE_BREAK,-976.78,-1976.78,1000.0,1000.0,0
3232,2,2024-02-27,,CASH_BALANCE_BREAK,-552.54,-555.04,2.5,2.5,1
3233,1,2024-03-08,,CASH_BALANCE_BREAK,-2093.25,-3093.25,1000.0,1000.0,0
3234,1,2024-03-14,,CASH_BALANCE_BREAK,-1035.88,-2035.88,1000.0,1000.0,0
3235,2,2024-03-22,,CASH_BALANCE_BREAK,222.39,219.89,2.5,2.5,1
3236,1,2024-04-12,,CASH_BALANCE_BREAK,-976.78,-1976.78,1000.0,1000.0,0
3237,2,2024-04-12,,CASH_BALANCE_BREAK,86.07,83.57,2.5,2.5,1
3238,6,2024-05-21,,CASH_BALANCE_BREAK,911.05,895.55,15.5,15.5,6
3239,1,2023-05-28,,CASH_BALANCE_BREAK,-2791.98,-3791.98,1000.0,1000.0,0
3240,5,2023-06-09,,CASH_BALANCE_BREAK,6439.8,6689.8,-250.0,250.0,4
3241,6,2023-07-11,,CASH_BALANCE_BREAK,-1164.51,-1180.01,15.5,15.5,6
3242,1,2023-07-28,,CASH_BALANCE_BREAK,-859.19,-1859.19,1000.0,1000.0,0
3243,5,2023-08-22,,CASH_BALANCE_BREAK,6054.3,6304.3,-250.0,250.0,4
3244,6,2023-08-22,,CASH_BALANCE_BREAK,-1169.65,-1185.15,15.5,15.5,6
3245,5,2023-07-13,,CASH_BALANCE_BREAK,6008.63,6258.63,-250.0,250.0,4
3246,1,2021-09-04,,CASH_BALANCE_BREAK,-933.76,-1933.76,1000.0,1000.0,0
3247,5,2021-08-23,,CASH_BALANCE_BREAK,260.88,510.88,-250.0,250.0,4
3248,1,2021-04-19,,CASH_BALANCE_BREAK,-735.94,-1735.94,1000.0,1000.0,0
3249,6,2024-01-23,,CASH_BALANCE_BREAK,-77.24,-92.74,15.5,15.5,6
3250,5,2023-09-28,,CASH_BALANCE_BREAK,6363.5,6613.5,-250.0,250.0,4
3251,5,2023-12-16,,CASH_BALANCE_BREAK,6058.54,6308.54,-250.0,250.0,4
3252,6,2023-12-24,,CASH_BALANCE_BREAK,-79.65,-95.15,15.5,15.5,6
3253,2,2023-09-24,,CASH_BALANCE_BREAK,-568.4,-570.9,2.5,2.5,1
3254,6,2023-12-08,,CASH_BALANCE_BREAK,-79.65,-95.15,15.5,15.5,6
3255,1,2023-12-02,,CASH_BALANCE_BREAK,-1607.54,-2607.54,1000.0,1000.0,0
3256,2,2023-12-02,,CASH_BALANCE_BREAK,-556.11,-558.61,2.5,2.5,1
3257,6,2023-12-03,,CASH_BALANCE_BREAK,-79.65,-95.15,15.5,15.5,6
3258,2,2023-08-05,,CASH_BALANCE_BREAK,-542.39,-544.89,2.5,2.5,1
3259,5,2023-08-16,,CASH_BALANCE_BREAK,6054.3,6304.3,-250.0,250.0,4
3260,6,2023-12-19,,CASH_BALANCE_BREAK,-79.65,-95.15,15.5,15.5,6
3261,1,2023-12-18,,CASH_BALANCE_BREAK,-1607.54,-2607.54,1000.0,1000.0,0
3262,5,2024-01-17,,CASH_BALANCE_BREAK,6058.55,6308.55,-250.0,250.0,4
3263,5,2023-03-29,,CASH_BALANCE_BREAK,5646.75,5896.75,-250.0,250.0,4
3264,1,2023-10-15,,CASH_BALANCE_BREAK,-1340.9,-2340.9,1000.0,1000.0,0
3265,2,2023-10-15,,CASH_BALANCE_BREAK,70.5,68.0,2.5,2.5,1
3266,2,2023-12-07,,CASH_BALANCE_BREAK,-556.11,-558.61,2.5,2.5,1
3267,1,2022-09-15,,CASH_BALANCE_BREAK,-1365.4,-2365.4,1000.0,1000.0,0
3268,2,2022-09-15,,CASH_BALANCE_BREAK,-890.06,-892.56,2.5,2.5,1
3269,6,2024-02-07,,CASH_BALANCE_BREAK,-77.24,-92.74,15.5,15.5,6
3270,6,2023-12-29,,CASH_BALANCE_BREAK,-79.65,-95.15,15.5,15.5,6
3271,1,2024-01-18,,CASH_BALANCE_BREAK,-1680.98,-2680.98,1000.0,1000.0,0
3272,2,2024-02-22,,CASH_BALANCE_BREAK,-552.54,-555.04,2.5,2.5,1
3273,5,2024-02-23,,CASH_BALANCE_BREAK,5861.98,6111.98,-250.0,250.0,4
3274,5,2022-04-18,,CASH_BALANCE_BREAK,3198.78,3448.78,-250.0,250.0,4
3275,2,2024-03-09,,CASH_BALANCE_BREAK,-599.6,-602.1,2.5,2.5,1
3276,5,2024-02-15,,CASH_BALANCE_BREAK,5861.98,6111.98,-250.0,250.0,4
3277,5,2024-03-02,,CASH_BALANCE_BREAK,5861.98,6111.98,-250.0,250.0,4
3278,2,2024-03-04,,CASH_BALANCE_BREAK,-599.6,-602.1,2.5,2.5,1
3279,2,2022-06-23,,CASH_BALANCE_BREAK,-615.08,-617.58,2.5,2.5,1
3280,2,2024-04-10,,CASH_BALANCE_BREAK,86.07,83.57,2.5,2.5,1
3281,6,2023-08-09,,CASH_BALANCE_BREAK,-1184.51,-1200.01,15.5,15.5,6
3282,5,2023-09-04,,CASH_BALANCE_BREAK,6344.12,6594.12,-250.0,250.0,4
3283,6,2023-10-17,,CASH_BALANCE_BREAK,512.84,497.34,15.5,15.5,6
3284,5,2024-04-18,,CASH_BALANCE_BREAK,7046.34,7296.34,-250.0,250.0,4
3285,5,2024-04-19,,CASH_BALANCE_BREAK,7046.34,7296.34,-250.0,250.0,4
3286,1,2024-05-29,,CASH_BALANCE_BREAK,-585.69,-1585.69,1000.0,1000.0,0
3287,2,2024-06-02,,CASH_BALANCE_BREAK,472.58,470.08,2.5,2.5,1
3288,5,2024-06-02,,CASH_BALANCE_BREAK,8066.02,8316.02,-250.0,250.0,4
3289,6,2024-05-05,,CASH_BALANCE_BREAK,1184.75,1169.25,15.5,15.5,6
3290,5,2024-05-31,,CASH_BALANCE_BREAK,8066.02,8316.02,-250.0,250.0,4
3291,6,2022-05-15,,CASH_BALANCE_BREAK,-1340.99,-1356.49,15.5,15.5,6
3292,2,2022-05-17,,CASH_BALANCE_BREAK,-267.88,-270.38,2.5,2.5,1
3293,5,2024-05-15,,CASH_BALANCE_BREAK,7560.0,7810.0,-250.0,250.0,4
3294,5,2023-11-01,,CASH_BALANCE_BREAK,6840.26,7090.26,-250.0,250.0,4
3295,6,2023-11-17,,CASH_BALANCE_BREAK,156.82,141.32,15.5,15.5,6
3296,2,2023-11-26,,CASH_BALANCE_BREAK,-556.12,-558.62,2.5,2.5,1
3297,1,2022-03-27,,CASH_BALANCE_BREAK,-1016.87,-2016.87,1000.0,1000.0,0
3298,2,2023-11-13,,CASH_BALANCE_BREAK,-125.51,-128.01,2.5,2.5,1
3299,1,2024-05-16,,CASH_BALANCE_BREAK,-585.69,-1585.69,1000.0,1000.0,0
3300,1,2024-06-04,,CASH_BALANCE_BREAK,-1055.61,-2055.61,1000.0,1000.0,0
3301,2,2024-06-25,,CASH_BALANCE_BREAK,-103.16,-105.66,2.5,2.5,1
3302,6,2024-05-13,,CASH_BALANCE_BREAK,1184.75,1169.25,15.5,15.5,6
3303,6,2022-07-05,,CASH_BALANCE_BREAK,-1598.51,-1614.01,15.5,15.5,6
3304,2,2024-05-03,,CASH_BALANCE_BREAK,776.95,774.45,2.5,2.5,1
3305,2,2022-08-23,,CASH_BALANCE_BREAK,-783.61,-786.11,2.5,2.5,1
3306,6,2024-05-20,,CASH_BALANCE_BREAK,911.05,895.55,15.5,15.5,6
3307,6,2024-06-13,,CASH_BALANCE_BREAK,741.93,726.43,15.5,15.5,6
3308,1,2024-04-28,,CASH_BALANCE_BREAK,-976.78,-1976.78,1000.0,1000.0,0
3309,2,2024-05-27,,CASH_BALANCE_BREAK,819.99,817.49,2.5,2.5,1
3310,1,2023-10-04,,CASH_BALANCE_BREAK,-1250.53,-2250.53,1000.0,1000.0,0
3311,1,2023-11-24,,CASH_BALANCE_BREAK,-1628.52,-2628.52,1000.0,1000.0,0
3312,6,2023-07-18,,CASH_BALANCE_BREAK,-1164.51,-1180.01,15.5,15.5,6
3313,6,2024-06-24,,CASH_BALANCE_BREAK,741.93,726.43,15.5,15.5,6
3314,6,2024-04-16,,CASH_BALANCE_BREAK,1347.22,1331.72,15.5,15.5,6
3315,2,2024-05-11,,CASH_BALANCE_BREAK,776.95,774.45,2.5,2.5,1
3316,1,2022-08-22,,CASH_BALANCE_BREAK,-1283.39,-2283.39,1000.0,1000.0,0
3317,5,2024-06-26,,CASH_BALANCE_BREAK,7928.1,8178.1,-250.0,250.0,4
3318,2,2024-06-09,,CASH_BALANCE_BREAK,472.58,470.08,2.5,2.5,1
3319,2,2021-07-22,,CASH_BALANCE_BREAK,-1266.11,-1268.61,2.5,2.5,1
3320,1,2021-07-24,,CASH_BALANCE_BREAK,-684.54,-1684.54,1000.0,1000.0,0
3321,2,2021-04-26,,CASH_BALANCE_BREAK,-1272.68,-1275.18,2.5,2.5,1
3322,1,2021-01-29,,CASH_BALANCE_BREAK,-380.07,-1380.07,1000.0,1000.0,0
3323,5,2023-03-20,,CASH_BALANCE_BREAK,5646.75,5896.75,-250.0,250.0,4
3324,6,2023-03-20,,CASH_BALANCE_BREAK,-1810.04,-1825.54,15.5,15.5,6
3325,6,2022-05-25,,CASH_BALANCE_BREAK,-1437.52,-1453.02,15.5,15.5,6
3326,2,2022-05-26,,CASH_BALANCE_BREAK,-520.25,-522.75,2.5,2.5,1
3327,6,2023-03-22,,CASH_BALANCE_BREAK,-1810.04,-1825.54,15.5,15.5,6
3328,6,2022-05-27,,CASH_BALANCE_BREAK,-1437.52,-1453.02,15.5,15.5,6
3329,5,2023-05-01,,CASH_BALANCE_BREAK,6491.22,6741.22,-250.0,250.0,4
3330,6,2022-12-07,,CASH_BALANCE_BREAK,-1739.01,-1754.51,15.5,15.5,6
3331,6,2023-06-26,,CASH_BALANCE_BREAK,-1121.48,-1136.98,15.5,15.5,6
3332,2,2023-07-13,,CASH_BALANCE_BREAK,-742.39,-744.89,2.5,2.5,1
3333,2,2023-08-30,,CASH_BALANCE_BREAK,-578.1,-580.6,2.5,2.5,1
3334,2,2021-07-01,,CASH_BALANCE_BREAK,-1266.11,-1268.61,2.5,2.5,1
3335,1,2021-04-16,,CASH_BALANCE_BREAK,-735.94,-1735.94,1000.0,1000.0,0
3336,2,2021-04-16,,CASH_BALANCE_BREAK,-1790.68,-1793.18,2.5,2.5,1
3337,1,2021-02-16,,CASH_BALANCE_BREAK,-230.07,-1230.07,1000.0,1000.0,0
3338,2,2021-02-16,,CASH_BALANCE_BREAK,839.5,837.0,2.5,2.5,1
3339,1,2021-06-15,,CASH_BALANCE_BREAK,-565.72,-1565.72,1000.0,1000.0,0
3340,1,2021-06-16,,CASH_BALANCE_BREAK,-565.72,-1565.72,1000.0,1000.0,0
3341,1,2021-08-05,,CASH_BALANCE_BREAK,-684.54,-1684.54,1000.0,1000.0,0
3342,2,2021-03-07,,CASH_BALANCE_BREAK,-1588.82,-1591.32,2.5,2.5,1
3343,2,2021-09-14,,CASH_BALANCE_BREAK,-1377.17,-1379.67,2.5,2.5,1
3344,1,2021-03-09,,CASH_BALANCE_BREAK,-919.27,-1919.27,1000.0,1000.0,0
3345,2,2021-07-09,,CASH_BALANCE_BREAK,-1266.11,-1268.61,2.5,2.5,1
3346,1,2021-04-21,,CASH_BALANCE_BREAK,-1005.94,-2005.94,1000.0,1000.0,0
3347,1,2022-11-30,,CASH_BALANCE_BREAK,-1283.85,-2283.85,1000.0,1000.0,0
3348,1,2023-01-09,,CASH_BALANCE_BREAK,-1229.65,-2229.65,1000.0,1000.0,0
3349,1,2022-08-27,,CASH_BALANCE_BREAK,-1283.39,-2283.39,1000.0,1000.0,0
3350,1,2022-01-16,,CASH_BALANCE_BREAK,-1051.39,-2051.39,1000.0,1000.0,0
3351,5,2022-01-15,,CASH_BALANCE_BREAK,1374.55,1624.55,-250.0,250.0,4
3352,5,2021-09-12,,CASH_BALANCE_BREAK,262.96,512.96,-250.0,250.0,4
3353,6,2023-03-14,,CASH_BALANCE_BREAK,-1823.87,-1839.37,15.5,15.5,6
3354,1,2024-04-10,,CASH_BALANCE_BREAK,-976.78,-1976.78,1000.0,1000.0,0
3355,1,2023-08-01,,CASH_BALANCE_BREAK,-859.19,-1859.19,1000.0,1000.0,0
3356,5,2022-07-08,,CASH_BALANCE_BREAK,4501.34,4751.34,-250.0,250.0,4
3357,1,2024-01-11,,CASH_BALANCE_BREAK,-1607.54,-2607.54,1000.0,1000.0,0
3358,1,2024-01-12,,CASH_BALANCE_BREAK,-1680.98,-2680.98,1000.0,1000.0,0
3359,6,2024-04-18,,CASH_BALANCE_BREAK,1347.22,1331.72,15.5,15.5,6
3360,1,2023-11-07,,CASH_BALANCE_BREAK,-1040.9,-2040.9,1000.0,1000.0,0
3361,5,2023-11-07,,CASH_BALANCE_BREAK,6840.26,7090.26,-250.0,250.0,4
3362,1,2024-06-21,,CASH_BALANCE_BREAK,-557.21,-1557.21,1000.0,1000.0,0
3363,1,2023-11-09,,CASH_BALANCE_BREAK,-1426.22,-2426.22,1000.0,1000.0,0
3364,2,2024-04-16,,CASH_BALANCE_BREAK,86.07,83.57,2.5,2.5,1
3365,5,2024-06-06,,CASH_BALANCE_BREAK,8066.02,8316.02,-250.0,250.0,4
3366,6,2022-02-05,,CASH_BALANCE_BREAK,-635.5,-651.0,15.5,15.5,6
3367,1,2022-05-15,,CASH_BALANCE_BREAK,-1045.54,-2045.54,1000.0,1000.0,0
3368,1,2024-06-18,,CASH_BALANCE_BREAK,-557.21,-1557.21,1000.0,1000.0,0
3369,2,2023-10-16,,CASH_BALANCE_BREAK,70.5,68.0,2.5,2.5,1
3370,1,2023-11-01,,CASH_BALANCE_BREAK,-1040.9,-2040.9,1000.0,1000.0,0
3371,5,2023-11-26,,CASH_BALANCE_BREAK,6496.48,6746.48,-250.0,250.0,4
3372,6,2023-11-26,,CASH_BALANCE_BREAK,156.82,141.32,15.5,15.5,6
3373,2,2024-04-27,,CASH_BALANCE_BREAK,86.07,83.57,2.5,2.5,1
3374,5,2023-11-13,,CASH_BALANCE_BREAK,6842.23,7092.23,-250.0,250.0,4
3375,5,2024-06-04,,CASH_BALANCE_BREAK,8066.02,8316.02,-250.0,250.0,4
3376,6,2024-06-04,,CASH_BALANCE_BREAK,741.93,726.43,15.5,15.5,6
3377,5,2024-06-23,,CASH_BALANCE_BREAK,7928.1,8178.1,-250.0,250.0,4
3378,5,2022-07-06,,CASH_BALANCE_BREAK,4501.34,4751.34,-250.0,250.0,4
3379,2,2024-05-02,,CASH_BALANCE_BREAK,776.95,774.45,2.5,2.5,1
3380,1,2024-05-20,,CASH_BALANCE_BREAK,-585.69,-1585.69,1000.0,1000.0,0
3381,5,2024-06-22,,CASH_BALANCE_BREAK,7928.1,8178.1,-250.0,250.0,4
3382,5,2024-06-15,,CASH_BALANCE_BREAK,8066.02,8316.02,-250.0,250.0,4
3383,6,2023-11-16,,CASH_BALANCE_BREAK,394.57,379.07,15.5,15.5,6
3384,5,2023-10-04,,CASH_BALANCE_BREAK,6126.15,6376.15,-250.0,250.0,4
3385,1,2023-10-29,,CASH_BALANCE_BREAK,-1040.9,-2040.9,1000.0,1000.0,0
3386,2,2024-05-21,,CASH_BALANCE_BREAK,819.99,817.49,2.5,2.5,1
3387,1,2024-06-24,,CASH_BALANCE_BREAK,-557.21,-1557.21,1000.0,1000.0,0
3388,1,2024-06-11,,CASH_BALANCE_BREAK,-1055.61,-2055.61,1000.0,1000.0,0
3389,6,2024-06-26,,CASH_BALANCE_BREAK,758.8,743.3,15.5,15.5,6
3390,5,2024-06-20,,CASH_BALANCE_BREAK,7928.1,8178.1,-250.0,250.0,4
3391,6,2024-06-20,,CASH_BALANCE_BREAK,741.93,726.43,15.5,15.5,6
3392,5,2022-08-20,,CASH_BALANCE_BREAK,4456.74,4706.74,-250.0,250.0,4
3393,6,2022-09-13,,CASH_BALANCE_BREAK,-1581.71,-1597.21,15.5,15.5,6
3394,6,2024-01-10,,CASH_BALANCE_BREAK,-79.65,-95.15,15.5,15.5,6
3395,2,2023-09-30,,CASH_BALANCE_BREAK,-568.4,-570.9,2.5,2.5,1
3396,6,2024-01-02,,CASH_BALANCE_BREAK,-79.65,-95.15,15.5,15.5,6
3397,2,2024-01-30,,CASH_BALANCE_BREAK,-556.1,-558.6,2.5,2.5,1
3398,1,2023-08-27,,CASH_BALANCE_BREAK,-1065.58,-2065.58,1000.0,1000.0,0
3399,1,2024-03-07,,CASH_BALANCE_BREAK,-2093.25,-3093.25,1000.0,1000.0,0
3400,6,2024-04-02,,CASH_BALANCE_BREAK,-78.73,-94.23,15.5,15.5,6
3401,2,2023-10-14,,CASH_BALANCE_BREAK,70.5,68.0,2.5,2.5,1
3402,1,2023-08-13,,CASH_BALANCE_BREAK,-859.19,-1859.19,1000.0,1000.0,0
3403,6,2023-08-13,,CASH_BALANCE_BREAK,-1184.51,-1200.01,15.5,15.5,6
3404,1,2021-08-23,,CASH_BALANCE_BREAK,-680.19,-1680.19,1000.0,1000.0,0
3405,2,2021-07-25,,CASH_BALANCE_BREAK,-1266.11,-1268.61,2.5,2.5,1
3406,1,2021-08-07,,CASH_BALANCE_BREAK,-684.54,-1684.54,1000.0,1000.0,0
3407,2,2021-08-07,,CASH_BALANCE_BREAK,-1262.66,-1265.16,2.5,2.5,1
3408,1,2021-06-18,,CASH_BALANCE_BREAK,-565.72,-1565.72,1000.0,1000.0,0
3409,5,2021-09-17,,CASH_BALANCE_BREAK,262.96,512.96,-250.0,250.0,4
3410,1,2021-01-18,,CASH_BALANCE_BREAK,-380.07,-1380.07,1000.0,1000.0,0
3411,1,2021-09-05,,CASH_BALANCE_BREAK,-933.76,-1933.76,1000.0,1000.0,0
3412,2,2021-04-21,,CASH_BALANCE_BREAK,-1272.68,-1275.18,2.5,2.5,1
3413,5,2021-09-22,,CASH_BALANCE_BREAK,262.96,512.96,-250.0,250.0,4
3414,5,2022-01-20,,CASH_BALANCE_BREAK,1374.55,1624.55,-250.0,250.0,4
3415,2,2022-01-16,,CASH_BALANCE_BREAK,-1328.37,-1330.87,2.5,2.5,1
3416,6,2022-08-25,,CASH_BALANCE_BREAK,-1581.71,-1597.21,15.5,15.5,6
3417,5,2022-11-26,,CASH_BALANCE_BREAK,4230.23,4480.23,-250.0,250.0,4
3418,5,2023-04-23,,CASH_BALANCE_BREAK,5001.5,5251.5,-250.0,250.0,4
3419,6,2022-10-25,,CASH_BALANCE_BREAK,-1500.64,-1516.14,15.5,15.5,6
3420,5,2023-03-14,,CASH_BALANCE_BREAK,5626.14,5876.14,-250.0,250.0,4
3421,5,2023-07-17,,CASH_BALANCE_BREAK,6008.63,6258.63,-250.0,250.0,4
3422,6,2024-02-04,,CASH_BALANCE_BREAK,-77.24,-92.74,15.5,15.5,6
3423,2,2023-09-04,,CASH_BALANCE_BREAK,-578.1,-580.6,2.5,2.5,1
3424,2,2022-08-21,,CASH_BALANCE_BREAK,-783.61,-786.11,2.5,2.5,1
3425,1,2022-09-16,,CASH_BALANCE_BREAK,-1365.4,-2365.4,1000.0,1000.0,0
3426,6,2022-09-16,,CASH_BALANCE_BREAK,-1481.71,-1497.21,15.5,15.5,6
3427,1,2023-06-14,,CASH_BALANCE_BREAK,-2796.17,-3796.17,1000.0,1000.0,0
3428,5,2022-10-28,,CASH_BALANCE_BREAK,4341.62,4591.62,-250.0,250.0,4
3429,6,2022-10-28,,CASH_BALANCE_BREAK,-1500.64,-1516.14,15.5,15.5,6
3430,2,2023-07-10,,CASH_BALANCE_BREAK,-742.39,-744.89,2.5,2.5,1
3431,6,2022-07-24,,CASH_BALANCE_BREAK,-1598.51,-1614.01,15.5,15.5,6
3432,5,2021-10-01,,CASH_BALANCE_BREAK,262.96,512.96,-250.0,250.0,4
3433,5,2021-11-23,,CASH_BALANCE_BREAK,1168.52,1418.52,-250.0,250.0,4
3434,1,2022-01-11,,CASH_BALANCE_BREAK,-1051.39,-2051.39,1000.0,1000.0,0
3435,5,2023-01-10,,CASH_BALANCE_BREAK,5572.82,5822.82,-250.0,250.0,4
3436,2,2022-07-20,,CASH_BALANCE_BREAK,-699.26,-701.76,2.5,2.5,1
3437,2,2022-10-27,,CASH_BALANCE_BREAK,-884.91,-887.41,2.5,2.5,1
3438,5,2022-10-27,,CASH_BALANCE_BREAK,4341.62,4591.62,-250.0,250.0,4
3439,2,2023-01-17,,CASH_BALANCE_BREAK,-936.56,-939.06,2.5,2.5,1
3440,5,2022-09-15,,CASH_BALANCE_BREAK,4456.74,4706.74,-250.0,250.0,4
3441,6,2022-09-15,,CASH_BALANCE_BREAK,-1581.71,-1597.21,15.5,15.5,6
3442,2,2024-02-13,,CASH_BALANCE_BREAK,-552.54,-555.04,2.5,2.5,1
3443,5,2023-10-17,,CASH_BALANCE_BREAK,6840.25,7090.25,-250.0,250.0,4
3444,6,2024-04-17,,CASH_BALANCE_BREAK,1347.22,1331.72,15.5,15.5,6
3445,5,2024-05-14,,CASH_BALANCE_BREAK,7560.0,7810.0,-250.0,250.0,4
3446,6,2024-06-01,,CASH_BALANCE_BREAK,741.93,726.43,15.5,15.5,6
3447,6,2023-07-17,,CASH_BALANCE_BREAK,-1164.51,-1180.01,15.5,15.5,6
3448,6,2023-08-10,,CASH_BALANCE_BREAK,-1184.51,-1200.01,15.5,15.5,6
3449,2,2023-11-09,,CASH_BALANCE_BREAK,-125.51,-128.01,2.5,2.5,1
3450,1,2024-05-05,,CASH_BALANCE_BREAK,-449.81,-1449.81,1000.0,1000.0,0
3451,2,2022-05-15,,CASH_BALANCE_BREAK,-267.88,-270.38,2.5,2.5,1
3452,2,2023-11-25,,CASH_BALANCE_BREAK,-556.12,-558.62,2.5,2.5,1
3453,1,2024-06-10,,CASH_BALANCE_BREAK,-1055.61,-2055.61,1000.0,1000.0,0
3454,1,2023-11-17,,CASH_BALANCE_BREAK,-1628.52,-2628.52,1000.0,1000.0,0
3455,6,2023-11-13,,CASH_BALANCE_BREAK,394.57,379.07,15.5,15.5,6
3456,1,2024-05-18,,CASH_BALANCE_BREAK,-585.69,-1585.69,1000.0,1000.0,0
3457,1,2024-06-05,,CASH_BALANCE_BREAK,-1055.61,-2055.61,1000.0,1000.0,0
3458,5,2024-05-03,,CASH_BALANCE_BREAK,7560.0,7810.0,-250.0,250.0,4
3459,1,2022-07-04,,CASH_BALANCE_BREAK,-1381.37,-2381.37,1000.0,1000.0,0
3460,1,2024-05-02,,CASH_BALANCE_BREAK,-449.81,-1449.81,1000.0,1000.0,0
3461,1,2024-05-28,,CASH_BALANCE_BREAK,-585.69,-1585.69,1000.0,1000.0,0
3462,6,2024-04-28,,CASH_BALANCE_BREAK,1347.22,1331.72,15.5,15.5,6
3463,5,2024-05-27,,CASH_BALANCE_BREAK,7933.08,8183.08,-250.0,250.0,4
3464,5,2023-11-24,,CASH_BALANCE_BREAK,6496.48,6746.48,-250.0,250.0,4
3465,6,2023-11-24,,CASH_BALANCE_BREAK,156.82,141.32,15.5,15.5,6
3466,6,2022-03-28,,CASH_BALANCE_BREAK,-635.26,-650.76,15.5,15.5,6
3467,6,2023-05-17,,CASH_BALANCE_BREAK,-783.59,-799.09,15.5,15.5,6
3468,2,2024-06-24,,CASH_BALANCE_BREAK,-103.16,-105.66,2.5,2.5,1
3469,5,2024-05-30,,CASH_BALANCE_BREAK,8066.02,8316.02,-250.0,250.0,4
3470,2,2022-08-22,,CASH_BALANCE_BREAK,-783.61,-786.11,2.5,2.5,1
3471,6,2022-08-22,,CASH_BALANCE_BREAK,-1581.71,-1597.21,15.5,15.5,6
3472,1,2024-06-03,,CASH_BALANCE_BREAK,-1055.61,-2055.61,1000.0,1000.0,0
3473,1,2024-06-26,,CASH_BALANCE_BREAK,-557.21,-1557.21,1000.0,1000.0,0
3474,2,2024-06-27,,CASH_BALANCE_BREAK,-103.16,-105.66,2.5,2.5,1
3475,1,2021-09-11,,CASH_BALANCE_BREAK,-933.76,-1933.76,1000.0,1000.0,0
3476,6,2022-07-09,,CASH_BALANCE_BREAK,-1598.51,-1614.01,15.5,15.5,6
3477,6,2022-12-14,,CASH_BALANCE_BREAK,-1739.01,-1754.51,15.5,15.5,6
3478,1,2022-12-16,,CASH_BALANCE_BREAK,-1255.61,-2255.61,1000.0,1000.0,0
3479,2,2022-12-16,,CASH_BALANCE_BREAK,-936.87,-939.37,2.5,2.5,1
3480,6,2023-06-28,,CASH_BALANCE_BREAK,-1121.48,-1136.98,15.5,15.5,6
3481,5,2024-01-10,,CASH_BALANCE_BREAK,6058.54,6308.54,-250.0,250.0,4
3482,1,2023-09-15,,CASH_BALANCE_BREAK,-1062.8,-2062.8,1000.0,1000.0,0
3483,2,2021-04-08,,CASH_BALANCE_BREAK,-1575.26,-1577.76,2.5,2.5,1
3484,5,2021-09-04,,CASH_BALANCE_BREAK,262.96,512.96,-250.0,250.0,4
3485,2,2021-07-02,,CASH_BALANCE_BREAK,-1266.11,-1268.61,2.5,2.5,1
3486,6,2023-05-23,,CASH_BALANCE_BREAK,-783.59,-799.09,15.5,15.5,6
3487,5,2023-04-07,,CASH_BALANCE_BREAK,5651.4,5901.4,-250.0,250.0,4
3488,1,2023-05-02,,CASH_BALANCE_BREAK,-2791.98,-3791.98,1000.0,1000.0,0
3489,1,2022-09-03,,CASH_BALANCE_BREAK,-1283.39,-2283.39,1000.0,1000.0,0
3490,2,2022-09-03,,CASH_BALANCE_BREAK,-783.61,-786.11,2.5,2.5,1
3491,5,2023-03-22,,CASH_BALANCE_BREAK,5646.75,5896.75,-250.0,250.0,4
3492,6,2023-04-10,,CASH_BALANCE_BREAK,-650.73,-666.23,15.5,15.5,6
3493,5,2022-05-27,,CASH_BALANCE_BREAK,3501.34,3751.34,-250.0,250.0,4
3494,1,2023-06-24,,CASH_BALANCE_BREAK,-2796.17,-3796.17,1000.0,1000.0,0
3495,5,2023-06-26,,CASH_BALANCE_BREAK,6439.8,6689.8,-250.0,250.0,4
3496,2,2023-07-19,,CASH_BALANCE_BREAK,-542.39,-544.89,2.5,2.5,1
3497,5,2023-07-19,,CASH_BALANCE_BREAK,6008.63,6258.63,-250.0,250.0,4
3498,6,2023-07-12,,CASH_BALANCE_BREAK,-1164.51,-1180.01,15.5,15.5,6
3499,2,2021-08-23,,CASH_BALANCE_BREAK,-1251.53,-1254.03,2.5,2.5,1
3500,2,2021-02-17,,CASH_BALANCE_BREAK,-1588.82,-1591.32,2.5,2.5,1
3501,2,2021-06-16,,CASH_BALANCE_BREAK,-1253.05,-1255.55,2.5,2.5,1
3502,2,2021-04-29,,CASH_BALANCE_BREAK,-1272.68,-1275.18,2.5,2.5,1
3503,2,2021-06-18,,CASH_BALANCE_BREAK,-1253.05,-1255.55,2.5,2.5,1
3504,1,2021-06-08,,CASH_BALANCE_BREAK,-565.72,-1565.72,1000.0,1000.0,0
3505,1,2021-09-14,,CASH_BALANCE_BREAK,-933.76,-1933.76,1000.0,1000.0,0
3506,1,2021-04-23,,CASH_BALANCE_BREAK,-1005.94,-2005.94,1000.0,1000.0,0
3507,2,2021-05-01,,CASH_BALANCE_BREAK,-1272.68,-1275.18,2.5,2.5,1
3508,1,2023-09-04,,CASH_BALANCE_BREAK,-1065.58,-2065.58,1000.0,1000.0,0
3509,2,2022-07-08,,CASH_BALANCE_BREAK,-615.08,-617.58,2.5,2.5,1
3510,1,2022-08-21,,CASH_BALANCE_BREAK,-1283.39,-2283.39,1000.0,1000.0,0
3511,2,2024-01-12,,CASH_BALANCE_BREAK,-556.1,-558.6,2.5,2.5,1
3512,6,2024-04-26,,CASH_BALANCE_BREAK,1347.22,1331.72,15.5,15.5,6
3513,6,2024-05-14,,CASH_BALANCE_BREAK,1184.75,1169.25,15.5,15.5,6
3514,2,2024-05-29,,CASH_BALANCE_BREAK,819.99,817.49,2.5,2.5,1
3515,5,2024-05-29,,CASH_BALANCE_BREAK,7933.08,8183.08,-250.0,250.0,4
3516,2,2022-08-19,,CASH_BALANCE_BREAK,-783.61,-786.11,2.5,2.5,1
3517,1,2024-06-02,,CASH_BALANCE_BREAK,-1055.61,-2055.61,1000.0,1000.0,0
3518,1,2023-10-05,,CASH_BALANCE_BREAK,-1250.53,-2250.53,1000.0,1000.0,0
3519,2,2023-11-23,,CASH_BALANCE_BREAK,-556.12,-558.62,2.5,2.5,1
3520,1,2022-07-05,,CASH_BALANCE_BREAK,-1381.37,-2381.37,1000.0,1000.0,0
3521,2,2022-07-05,,CASH_BALANCE_BREAK,-615.08,-617.58,2.5,2.5,1
3522,2,2024-05-05,,CASH_BALANCE_BREAK,776.95,774.45,2.5,2.5,1
3523,5,2024-05-19,,CASH_BALANCE_BREAK,7933.08,8183.08,-250.0,250.0,4
3524,6,2024-05-19,,CASH_BALANCE_BREAK,911.05,895.55,15.5,15.5,6
3525,2,2024-05-31,,CASH_BALANCE_BREAK,472.58,470.08,2.5,2.5,1
3526,2,2024-06-06,,CASH_BALANCE_BREAK,472.58,470.08,2.5,2.5,1
3527,5,2022-05-17,,CASH_BALANCE_BREAK,3201.34,3451.34,-250.0,250.0,4
3528,1,2024-05-15,,CASH_BALANCE_BREAK,-585.69,-1585.69,1000.0,1000.0,0
3529,2,2024-05-15,,CASH_BALANCE_BREAK,819.99,817.49,2.5,2.5,1
3530,2,2023-11-01,,CASH_BALANCE_BREAK,-40.89,-43.39,2.5,2.5,1
3531,1,2024-04-27,,CASH_BALANCE_BREAK,-976.78,-1976.78,1000.0,1000.0,0
3532,6,2022-03-27,,CASH_BALANCE_BREAK,-635.26,-650.76,15.5,15.5,6
3533,2,2024-04-13,,CASH_BALANCE_BREAK,86.07,83.57,2.5,2.5,1
3534,2,2024-04-22,,CASH_BALANCE_BREAK,86.07,83.57,2.5,2.5,1
3535,5,2024-04-22,,CASH_BALANCE_BREAK,7046.34,7296.34,-250.0,250.0,4
3536,2,2024-05-18,,CASH_BALANCE_BREAK,819.99,817.49,2.5,2.5,1
3537,2,2024-05-13,,CASH_BALANCE_BREAK,776.95,774.45,2.5,2.5,1
3538,2,2024-06-05,,CASH_BALANCE_BREAK,472.58,470.08,2.5,2.5,1
3539,6,2024-05-03,,CASH_BALANCE_BREAK,1184.75,1169.25,15.5,15.5,6
3540,2,2024-06-13,,CASH_BALANCE_BREAK,472.58,470.08,2.5,2.5,1
3541,2,2022-05-18,,CASH_BALANCE_BREAK,-520.25,-522.75,2.5,2.5,1
3542,6,2024-06-18,,CASH_BALANCE_BREAK,741.93,726.43,15.5,15.5,6
3543,6,2024-06-07,,CASH_BALANCE_BREAK,741.93,726.43,15.5,15.5,6
3544,1,2024-06-08,,CASH_BALANCE_BREAK,-1055.61,-2055.61,1000.0,1000.0,0
3545,2,2024-06-08,,CASH_BALANCE_BREAK,472.58,470.08,2.5,2.5,1
3546,1,2022-03-28,,CASH_BALANCE_BREAK,-1016.87,-2016.87,1000.0,1000.0,0
3547,1,2023-07-18,,CASH_BALANCE_BREAK,-859.19,-1859.19,1000.0,1000.0,0
3548,2,2023-07-18,,CASH_BALANCE_BREAK,-742.39,-744.89,2.5,2.5,1
3549,6,2024-05-11,,CASH_BALANCE_BREAK,1184.75,1169.25,15.5,15.5,6
3550,6,2024-05-30,,CASH_BALANCE_BREAK,741.93,726.43,15.5,15.5,6
3551,5,2022-08-22,,CASH_BALANCE_BREAK,4456.74,4706.74,-250.0,250.0,4
3552,2,2024-06-03,,CASH_BALANCE_BREAK,472.58,470.08,2.5,2.5,1
3553,6,2024-06-09,,CASH_BALANCE_BREAK,741.93,726.43,15.5,15.5,6
3554,2,2022-02-09,,CASH_BALANCE_BREAK,-1379.51,-1382.01,2.5,2.5,1
3555,5,2022-09-13,,CASH_BALANCE_BREAK,4456.74,4706.74,-250.0,250.0,4
3556,5,2022-12-14,,CASH_BALANCE_BREAK,5564.78,5814.78,-250.0,250.0,4
3557,5,2024-07-01,,CASH_BALANCE_BREAK,7928.1,8178.1,-250.0,250.0,4
3558,6,2024-07-01,,CASH_BALANCE_BREAK,758.8,743.3,15.5,15.5,6
3559,5,2023-06-28,,CASH_BALANCE_BREAK,6439.8,6689.8,-250.0,250.0,4
3560,5,2022-05-19,,CASH_BALANCE_BREAK,3201.34,3451.34,-250.0,250.0,4
3561,6,2022-11-29,,CASH_BALANCE_BREAK,-1484.66,-1500.16,15.5,15.5,6
3562,5,2024-06-17,,CASH_BALANCE_BREAK,8066.02,8316.02,-250.0,250.0,4
3563,6,2024-06-17,,CASH_BALANCE_BREAK,741.93,726.43,15.5,15.5,6
3564,6,2022-02-24,,CASH_BALANCE_BREAK,-635.5,-651.0,15.5,15.5,6
3565,5,2022-02-26,,CASH_BALANCE_BREAK,1376.68,1626.68,-250.0,250.0,4
3566,2,2022-06-06,,CASH_BALANCE_BREAK,-520.25,-522.75,2.5,2.5,1
3567,6,2024-02-17,,CASH_BALANCE_BREAK,-89.71,-105.21,15.5,15.5,6
3568,1,2023-03-31,,CASH_BALANCE_BREAK,-1254.78,-2254.78,1000.0,1000.0,0
3569,1,2023-01-30,,CASH_BALANCE_BREAK,-1267.32,-2267.32,1000.0,1000.0,0
3570,2,2024-03-18,,CASH_BALANCE_BREAK,222.39,219.89,2.5,2.5,1
3571,2,2022-03-24,,CASH_BALANCE_BREAK,-1369.24,-1371.74,2.5,2.5,1
3572,6,2022-05-14,,CASH_BALANCE_BREAK,-1340.99,-1356.49,15.5,15.5,6
3573,1,2024-03-28,,CASH_BALANCE_BREAK,-1035.88,-2035.88,1000.0,1000.0,0
3574,5,2024-01-29,,CASH_BALANCE_BREAK,6058.55,6308.55,-250.0,250.0,4
3575,6,2024-01-29,,CASH_BALANCE_BREAK,-77.24,-92.74,15.5,15.5,6
3576,2,2024-02-07,,CASH_BALANCE_BREAK,-556.1,-558.6,2.5,2.5,1
3577,6,2022-02-08,,CASH_BALANCE_BREAK,-635.5,-651.0,15.5,15.5,6
3578,2,2024-03-16,,CASH_BALANCE_BREAK,222.39,219.89,2.5,2.5,1
3579,5,2023-12-23,,CASH_BALANCE_BREAK,6058.54,6308.54,-250.0,250.0,4
3580,1,2024-02-25,,CASH_BALANCE_BREAK,-1680.97,-2680.97,1000.0,1000.0,0
3581,2,2024-02-10,,CASH_BALANCE_BREAK,-552.54,-555.04,2.5,2.5,1
3582,5,2023-01-20,,CASH_BALANCE_BREAK,5572.82,5822.82,-250.0,250.0,4
3583,6,2023-01-20,,CASH_BALANCE_BREAK,-1722.08,-1737.58,15.5,15.5,6
3584,1,2024-02-13,,CASH_BALANCE_BREAK,-1680.97,-2680.97,1000.0,1000.0,0
3585,5,2024-02-22,,CASH_BALANCE_BREAK,5861.98,6111.98,-250.0,250.0,4
3586,1,2024-02-23,,CASH_BALANCE_BREAK,-1680.97,-2680.97,1000.0,1000.0,0
3587,2,2022-12-26,,CASH_BALANCE_BREAK,-936.87,-939.37,2.5,2.5,1
3588,5,2024-02-24,,CASH_BALANCE_BREAK,5861.98,6111.98,-250.0,250.0,4
3589,5,2022-09-29,,CASH_BALANCE_BREAK,4464.85,4714.85,-250.0,250.0,4
3590,6,2022-09-29,,CASH_BALANCE_BREAK,-1481.71,-1497.21,15.5,15.5,6
3591,6,2022-12-25,,CASH_BALANCE_BREAK,-1739.01,-1754.51,15.5,15.5,6
3592,2,2023-02-28,,CASH_BALANCE_BREAK,-820.18,-822.68,2.5,2.5,1
3593,6,2022-10-01,,CASH_BALANCE_BREAK,-1481.71,-1497.21,15.5,15.5,6
3594,1,2022-08-11,,CASH_BALANCE_BREAK,-1283.39,-2283.39,1000.0,1000.0,0
3595,2,2022-08-11,,CASH_BALANCE_BREAK,-783.61,-786.11,2.5,2.5,1
3596,5,2023-02-27,,CASH_BALANCE_BREAK,5626.14,5876.14,-250.0,250.0,4
3597,1,2023-01-27,,CASH_BALANCE_BREAK,-1229.65,-2229.65,1000.0,1000.0,0
3598,2,2023-01-27,,CASH_BALANCE_BREAK,-936.56,-939.06,2.5,2.5,1
3599,6,2023-01-31,,CASH_BALANCE_BREAK,-1722.08,-1737.58,15.5,15.5,6
3600,1,2022-11-16,,CASH_BALANCE_BREAK,-1283.85,-2283.85,1000.0,1000.0,0
3601,6,2022-11-16,,CASH_BALANCE_BREAK,-1484.66,-1500.16,15.5,15.5,6
3602,1,2023-03-02,,CASH_BALANCE_BREAK,-1261.89,-2261.89,1000.0,1000.0,0
3603,6,2023-03-02,,CASH_BALANCE_BREAK,-1823.87,-1839.37,15.5,15.5,6
3604,6,2024-03-01,,CASH_BALANCE_BREAK,-89.71,-105.21,15.5,15.5,6
3605,6,2024-04-23,,CASH_BALANCE_BREAK,1347.22,1331.72,15.5,15.5,6
3606,6,2023-12-31,,CASH_BALANCE_BREAK,-79.65,-95.15,15.5,15.5,6
3607,1,2023-04-22,,CASH_BALANCE_BREAK,-2787.46,-3787.46,1000.0,1000.0,0
3608,2,2023-04-22,,CASH_BALANCE_BREAK,-133.53,-136.03,2.5,2.5,1
3609,5,2024-01-07,,CASH_BALANCE_BREAK,6058.54,6308.54,-250.0,250.0,4
3610,2,2022-08-20,,CASH_BALANCE_BREAK,-783.61,-786.11,2.5,2.5,1
3611,2,2022-09-13,,CASH_BALANCE_BREAK,-783.61,-786.11,2.5,2.5,1
3612,2,2024-07-01,,CASH_BALANCE_BREAK,-103.16,-105.66,2.5,2.5,1
3613,1,2023-06-28,,CASH_BALANCE_BREAK,-2796.17,-3796.17,1000.0,1000.0,0
3614,1,2024-06-17,,CASH_BALANCE_BREAK,-1055.61,-2055.61,1000.0,1000.0,0
3615,2,2024-02-03,,CASH_BALANCE_BREAK,-556.1,-558.6,2.5,2.5,1
3616,2,2024-01-02,,CASH_BALANCE_BREAK,-556.11,-558.61,2.5,2.5,1
3617,6,2024-01-30,,CASH_BALANCE_BREAK,-77.24,-92.74,15.5,15.5,6
3618,1,2024-01-31,,CASH_BALANCE_BREAK,-1680.98,-2680.98,1000.0,1000.0,0
3619,5,2024-01-27,,CASH_BALANCE_BREAK,6058.55,6308.55,-250.0,250.0,4
3620,2,2024-04-02,,CASH_BALANCE_BREAK,86.07,83.57,2.5,2.5,1
3621,6,2022-02-11,,CASH_BALANCE_BREAK,-635.5,-651.0,15.5,15.5,6
3622,5,2022-02-24,,CASH_BALANCE_BREAK,1376.68,1626.68,-250.0,250.0,4
3623,2,2022-02-26,,CASH_BALANCE_BREAK,-1379.51,-1382.01,2.5,2.5,1
3624,2,2021-07-14,,CASH_BALANCE_BREAK,-1266.11,-1268.61,2.5,2.5,1
3625,2,2024-02-17,,CASH_BALANCE_BREAK,-552.54,-555.04,2.5,2.5,1
3626,5,2024-02-17,,CASH_BALANCE_BREAK,5861.98,6111.98,-250.0,250.0,4
3627,5,2024-01-09,,CASH_BALANCE_BREAK,6058.54,6308.54,-250.0,250.0,4
3628,2,2023-01-31,,CASH_BALANCE_BREAK,-843.15,-845.65,2.5,2.5,1
3629,1,2024-01-08,,CASH_BALANCE_BREAK,-1607.54,-2607.54,1000.0,1000.0,0
3630,6,2022-03-24,,CASH_BALANCE_BREAK,-635.26,-650.76,15.5,15.5,6
3631,6,2024-02-18,,CASH_BALANCE_BREAK,-89.71,-105.21,15.5,15.5,6
3632,6,2024-02-28,,CASH_BALANCE_BREAK,-89.71,-105.21,15.5,15.5,6
3633,2,2024-03-28,,CASH_BALANCE_BREAK,222.39,219.89,2.5,2.5,1
3634,5,2024-03-28,,CASH_BALANCE_BREAK,6333.37,6583.37,-250.0,250.0,4
3635,2,2024-01-29,,CASH_BALANCE_BREAK,-556.1,-558.6,2.5,2.5,1
3636,2,2021-04-12,,CASH_BALANCE_BREAK,-1575.26,-1577.76,2.5,2.5,1
3637,1,2024-03-17,,CASH_BALANCE_BREAK,-1035.88,-2035.88,1000.0,1000.0,0
3638,1,2022-03-25,,CASH_BALANCE_BREAK,-1016.87,-2016.87,1000.0,1000.0,0
3639,6,2024-02-10,,CASH_BALANCE_BREAK,-77.24,-92.74,15.5,15.5,6
3640,1,2024-04-07,,CASH_BALANCE_BREAK,-976.78,-1976.78,1000.0,1000.0,0
3641,2,2024-04-07,,CASH_BALANCE_BREAK,86.07,83.57,2.5,2.5,1
3642,1,2023-03-14,,CASH_BALANCE_BREAK,-1261.89,-2261.89,1000.0,1000.0,0
3643,5,2023-12-29,,CASH_BALANCE_BREAK,6058.54,6308.54,-250.0,250.0,4
3644,1,2024-02-22,,CASH_BALANCE_BREAK,-1680.97,-2680.97,1000.0,1000.0,0
3645,6,2024-02-23,,CASH_BALANCE_BREAK,-89.71,-105.21,15.5,15.5,6
3646,6,2022-11-01,,CASH_BALANCE_BREAK,-1500.64,-1516.14,15.5,15.5,6
3647,6,2024-01-28,,CASH_BALANCE_BREAK,-77.24,-92.74,15.5,15.5,6
3648,1,2022-09-29,,CASH_BALANCE_BREAK,-1365.4,-2365.4,1000.0,1000.0,0
3649,6,2023-02-28,,CASH_BALANCE_BREAK,-1823.87,-1839.37,15.5,15.5,6
3650,6,2024-03-02,,CASH_BALANCE_BREAK,-89.71,-105.21,15.5,15.5,6
3651,1,2022-06-23,,CASH_BALANCE_BREAK,-1381.37,-2381.37,1000.0,1000.0,0
3652,6,2022-09-30,,CASH_BALANCE_BREAK,-1481.71,-1497.21,15.5,15.5,6
3653,1,2022-12-25,,CASH_BALANCE_BREAK,-1255.61,-2255.61,1000.0,1000.0,0
3654,5,2023-02-25,,CASH_BALANCE_BREAK,5626.14,5876.14,-250.0,250.0,4
3655,2,2024-05-06,,CASH_BALANCE_BREAK,776.95,774.45,2.5,2.5,1
3656,1,2024-05-22,,CASH_BALANCE_BREAK,-585.69,-1585.69,1000.0,1000.0,0
3657,1,2024-04-09,,CASH_BALANCE_BREAK,-976.78,-1976.78,1000.0,1000.0,0
3658,2,2024-04-09,,CASH_BALANCE_BREAK,86.07,83.57,2.5,2.5,1
3659,1,2023-02-03,,CASH_BALANCE_BREAK,-1267.32,-2267.32,1000.0,1000.0,0
3660,2,2023-02-03,,CASH_BALANCE_BREAK,-843.15,-845.65,2.5,2.5,1
3661,2,2023-03-02,,CASH_BALANCE_BREAK,-820.18,-822.68,2.5,2.5,1
3662,1,2022-11-12,,CASH_BALANCE_BREAK,-1283.85,-2283.85,1000.0,1000.0,0
3663,2,2024-03-01,,CASH_BALANCE_BREAK,-552.54,-555.04,2.5,2.5,1
3664,2,2023-12-31,,CASH_BALANCE_BREAK,-556.11,-558.61,2.5,2.5,1
3665,2,2024-02-01,,CASH_BALANCE_BREAK,-556.1,-558.6,2.5,2.5,1
3666,2,2024-02-11,,CASH_BALANCE_BREAK,-552.54,-555.04,2.5,2.5,1
3667,1,2022-06-01,,CASH_BALANCE_BREAK,-1284.32,-2284.32,1000.0,1000.0,0
3668,5,2023-10-03,,CASH_BALANCE_BREAK,6126.15,6376.15,-250.0,250.0,4
3669,1,2023-07-14,,CASH_BALANCE_BREAK,-862.98,-1862.98,1000.0,1000.0,0
3670,2,2022-10-12,,CASH_BALANCE_BREAK,-884.91,-887.41,2.5,2.5,1
3671,2,2022-11-24,,CASH_BALANCE_BREAK,-878.48,-880.98,2.5,2.5,1
3672,1,2023-09-03,,CASH_BALANCE_BREAK,-1065.58,-2065.58,1000.0,1000.0,0
3673,1,2023-07-25,,CASH_BALANCE_BREAK,-859.19,-1859.19,1000.0,1000.0,0
3674,5,2023-11-27,,CASH_BALANCE_BREAK,6496.48,6746.48,-250.0,250.0,4
3675,5,2024-05-07,,CASH_BALANCE_BREAK,7560.0,7810.0,-250.0,250.0,4
3676,2,2024-05-24,,CASH_BALANCE_BREAK,819.99,817.49,2.5,2.5,1
3677,1,2021-12-03,,CASH_BALANCE_BREAK,-1047.58,-2047.58,1000.0,1000.0,0
3678,2,2022-04-26,,CASH_BALANCE_BREAK,-267.88,-270.38,2.5,2.5,1
3679,5,2024-04-11,,CASH_BALANCE_BREAK,7046.34,7296.34,-250.0,250.0,4
3680,2,2024-03-25,,CASH_BALANCE_BREAK,222.39,219.89,2.5,2.5,1
3681,2,2023-04-29,,CASH_BALANCE_BREAK,-188.49,-190.99,2.5,2.5,1
3682,2,2022-07-01,,CASH_BALANCE_BREAK,-615.08,-617.58,2.5,2.5,1
3683,5,2023-02-23,,CASH_BALANCE_BREAK,5626.14,5876.14,-250.0,250.0,4
3684,6,2023-05-16,,CASH_BALANCE_BREAK,-783.59,-799.09,15.5,15.5,6
3685,1,2023-03-25,,CASH_BALANCE_BREAK,-1254.78,-2254.78,1000.0,1000.0,0
3686,1,2022-12-20,,CASH_BALANCE_BREAK,-1255.61,-2255.61,1000.0,1000.0,0
3687,1,2021-01-09,,CASH_BALANCE_BREAK,-380.07,-1380.07,1000.0,1000.0,0
3688,1,2021-02-18,,CASH_BALANCE_BREAK,-919.27,-1919.27,1000.0,1000.0,0
3689,1,2021-05-08,,CASH_BALANCE_BREAK,-405.94,-1405.94,1000.0,1000.0,0
3690,2,2021-05-08,,CASH_BALANCE_BREAK,-1271.28,-1273.78,2.5,2.5,1
3691,2,2021-06-28,,CASH_BALANCE_BREAK,-1253.05,-1255.55,2.5,2.5,1
3692,5,2024-04-05,,CASH_BALANCE_BREAK,7046.34,7296.34,-250.0,250.0,4
3693,6,2024-04-05,,CASH_BALANCE_BREAK,1347.22,1331.72,15.5,15.5,6
3694,1,2023-04-12,,CASH_BALANCE_BREAK,-2787.46,-3787.46,1000.0,1000.0,0
3695,1,2024-01-26,,CASH_BALANCE_BREAK,-1680.98,-2680.98,1000.0,1000.0,0
3696,6,2024-03-08,,CASH_BALANCE_BREAK,104.96,89.46,15.5,15.5,6
3697,1,2024-03-22,,CASH_BALANCE_BREAK,-1035.88,-2035.88,1000.0,1000.0,0
3698,2,2023-04-15,,CASH_BALANCE_BREAK,-133.53,-136.03,2.5,2.5,1
3699,5,2023-05-18,,CASH_BALANCE_BREAK,6491.22,6741.22,-250.0,250.0,4
3700,6,2023-04-14,,CASH_BALANCE_BREAK,-650.73,-666.23,15.5,15.5,6
3701,5,2023-04-08,,CASH_BALANCE_BREAK,5651.4,5901.4,-250.0,250.0,4
3702,5,2023-04-09,,CASH_BALANCE_BREAK,5651.4,5901.4,-250.0,250.0,4
3703,6,2023-04-09,,CASH_BALANCE_BREAK,-1776.73,-1792.23,15.5,15.5,6
3704,2,2023-02-19,,CASH_BALANCE_BREAK,-820.18,-822.68,2.5,2.5,1
3705,5,2023-03-18,,CASH_BALANCE_BREAK,5646.75,5896.75,-250.0,250.0,4
3706,2,2021-06-07,,CASH_BALANCE_BREAK,-1253.05,-1255.55,2.5,2.5,1
3707,2,2021-07-27,,CASH_BALANCE_BREAK,-1262.66,-1265.16,2.5,2.5,1
3708,1,2022-07-19,,CASH_BALANCE_BREAK,-1366.11,-2366.11,1000.0,1000.0,0
3709,6,2023-03-19,,CASH_BALANCE_BREAK,-1810.04,-1825.54,15.5,15.5,6
3710,1,2023-03-22,,CASH_BALANCE_BREAK,-1254.78,-2254.78,1000.0,1000.0,0
3711,2,2021-04-15,,CASH_BALANCE_BREAK,-1790.68,-1793.18,2.5,2.5,1
3712,1,2023-05-01,,CASH_BALANCE_BREAK,-2791.98,-3791.98,1000.0,1000.0,0
3713,1,2023-09-02,,CASH_BALANCE_BREAK,-1065.58,-2065.58,1000.0,1000.0,0
3714,6,2023-09-02,,CASH_BALANCE_BREAK,-1465.26,-1480.76,15.5,15.5,6
3715,6,2023-07-13,,CASH_BALANCE_BREAK,-1164.51,-1180.01,15.5,15.5,6
3716,1,2021-02-01,,CASH_BALANCE_BREAK,-380.07,-1380.07,1000.0,1000.0,0
3717,2,2021-04-17,,CASH_BALANCE_BREAK,-1790.68,-1793.18,2.5,2.5,1
3718,2,2021-05-19,,CASH_BALANCE_BREAK,-1271.28,-1273.78,2.5,2.5,1
3719,2,2021-09-21,,CASH_BALANCE_BREAK,-1377.17,-1379.67,2.5,2.5,1
3720,2,2022-04-10,,CASH_BALANCE_BREAK,-1362.36,-1364.86,2.5,2.5,1
3721,5,2022-04-10,,CASH_BALANCE_BREAK,1389.5,1639.5,-250.0,250.0,4
3722,5,2023-01-09,,CASH_BALANCE_BREAK,5572.82,5822.82,-250.0,250.0,4
3723,6,2022-07-02,,CASH_BALANCE_BREAK,-1598.51,-1614.01,15.5,15.5,6
3724,5,2022-09-19,,CASH_BALANCE_BREAK,4464.85,4714.85,-250.0,250.0,4
3725,6,2022-09-19,,CASH_BALANCE_BREAK,-1481.71,-1497.21,15.5,15.5,6
3726,1,2022-06-17,,CASH_BALANCE_BREAK,-1284.32,-2284.32,1000.0,1000.0,0
3727,2,2021-08-30,,CASH_BALANCE_BREAK,-1251.53,-1254.03,2.5,2.5,1
3728,1,2021-10-19,,CASH_BALANCE_BREAK,-927.71,-1927.71,1000.0,1000.0,0
3729,1,2022-01-14,,CASH_BALANCE_BREAK,-1051.39,-2051.39,1000.0,1000.0,0
3730,2,2022-01-01,,CASH_BALANCE_BREAK,-1333.6,-1336.1,2.5,2.5,1
3731,2,2021-11-02,,CASH_BALANCE_BREAK,-1341.01,-1343.51,2.5,2.5,1
3732,1,2023-07-17,,CASH_BALANCE_BREAK,-862.98,-1862.98,1000.0,1000.0,0
3733,2,2024-02-04,,CASH_BALANCE_BREAK,-556.1,-558.6,2.5,2.5,1
3734,5,2022-08-21,,CASH_BALANCE_BREAK,4456.74,4706.74,-250.0,250.0,4
3735,1,2024-04-17,,CASH_BALANCE_BREAK,-976.78,-1976.78,1000.0,1000.0,0
3736,6,2024-04-19,,CASH_BALANCE_BREAK,1347.22,1331.72,15.5,15.5,6
3737,1,2024-05-14,,CASH_BALANCE_BREAK,-449.81,-1449.81,1000.0,1000.0,0
3738,2,2023-10-05,,CASH_BALANCE_BREAK,88.55,86.05,2.5,2.5,1
3739,5,2023-10-05,,CASH_BALANCE_BREAK,6126.15,6376.15,-250.0,250.0,4
3740,1,2024-06-01,,CASH_BALANCE_BREAK,-1055.61,-2055.61,1000.0,1000.0,0
3741,6,2024-06-21,,CASH_BALANCE_BREAK,741.93,726.43,15.5,15.5,6
3742,1,2023-11-23,,CASH_BALANCE_BREAK,-1628.52,-2628.52,1000.0,1000.0,0
3743,6,2023-11-09,,CASH_BALANCE_BREAK,394.57,379.07,15.5,15.5,6
3744,5,2024-05-04,,CASH_BALANCE_BREAK,7560.0,7810.0,-250.0,250.0,4
3745,2,2024-05-19,,CASH_BALANCE_BREAK,819.99,817.49,2.5,2.5,1
3746,2,2022-02-05,,CASH_BALANCE_BREAK,-1379.51,-1382.01,2.5,2.5,1
3747,6,2024-05-15,,CASH_BALANCE_BREAK,1184.75,1169.25,15.5,15.5,6
3748,1,2024-02-18,,CASH_BALANCE_BREAK,-1680.97,-2680.97,1000.0,1000.0,0
3749,1,2024-01-20,,CASH_BALANCE_BREAK,-1680.98,-2680.98,1000.0,1000.0,0
3750,5,2024-01-31,,CASH_BALANCE_BREAK,6058.55,6308.55,-250.0,250.0,4
3751,1,2024-01-27,,CASH_BALANCE_BREAK,-1680.98,-2680.98,1000.0,1000.0,0
3752,1,2024-03-21,,CASH_BALANCE_BREAK,-1035.88,-2035.88,1000.0,1000.0,0
3753,2,2024-03-21,,CASH_BALANCE_BREAK,222.39,219.89,2.5,2.5,1
3754,1,2024-03-26,,CASH_BALANCE_BREAK,-1035.88,-2035.88,1000.0,1000.0,0
3755,1,2023-10-16,,CASH_BALANCE_BREAK,-1340.9,-2340.9,1000.0,1000.0,0
3756,5,2024-03-06,,CASH_BALANCE_BREAK,5861.98,6111.98,-250.0,250.0,4
3757,2,2024-03-07,,CASH_BALANCE_BREAK,-599.6,-602.1,2.5,2.5,1
3758,1,2022-11-19,,CASH_BALANCE_BREAK,-1283.85,-2283.85,1000.0,1000.0,0
3759,1,2023-10-14,,CASH_BALANCE_BREAK,-1340.9,-2340.9,1000.0,1000.0,0
3760,1,2021-04-05,,CASH_BALANCE_BREAK,-918.03,-1918.03,1000.0,1000.0,0
3761,5,2022-01-31,,CASH_BALANCE_BREAK,1374.55,1624.55,-250.0,250.0,4
3762,2,2021-06-02,,CASH_BALANCE_BREAK,-1253.05,-1255.55,2.5,2.5,1
3763,1,2023-04-01,,CASH_BALANCE_BREAK,-1254.78,-2254.78,1000.0,1000.0,0
3764,2,2023-04-01,,CASH_BALANCE_BREAK,-809.33,-811.83,2.5,2.5,1
3765,5,2024-01-08,,CASH_BALANCE_BREAK,6058.54,6308.54,-250.0,250.0,4
3766,1,2024-03-18,,CASH_BALANCE_BREAK,-1035.88,-2035.88,1000.0,1000.0,0
3767,5,2022-03-24,,CASH_BALANCE_BREAK,1380.44,1630.44,-250.0,250.0,4
3768,2,2024-02-18,,CASH_BALANCE_BREAK,-552.54,-555.04,2.5,2.5,1
3769,1,2024-02-28,,CASH_BALANCE_BREAK,-1680.97,-2680.97,1000.0,1000.0,0
3770,6,2023-09-05,,CASH_BALANCE_BREAK,-1465.26,-1480.76,15.5,15.5,6
3771,5,2024-03-27,,CASH_BALANCE_BREAK,6333.37,6583.37,-250.0,250.0,4
3772,1,2021-07-25,,CASH_BALANCE_BREAK,-684.54,-1684.54,1000.0,1000.0,0
3773,1,2024-02-07,,CASH_BALANCE_BREAK,-1680.98,-2680.98,1000.0,1000.0,0
3774,2,2024-02-26,,CASH_BALANCE_BREAK,-552.54,-555.04,2.5,2.5,1
3775,1,2024-03-23,,CASH_BALANCE_BREAK,-1035.88,-2035.88,1000.0,1000.0,0
3776,6,2023-12-23,,CASH_BALANCE_BREAK,-79.65,-95.15,15.5,15.5,6
3777,1,2021-05-31,,CASH_BALANCE_BREAK,-565.72,-1565.72,1000.0,1000.0,0
3778,2,2021-05-31,,CASH_BALANCE_BREAK,-1253.05,-1255.55,2.5,2.5,1
3779,5,2022-03-25,,CASH_BALANCE_BREAK,1380.44,1630.44,-250.0,250.0,4
3780,6,2022-03-25,,CASH_BALANCE_BREAK,-635.26,-650.76,15.5,15.5,6
3781,5,2024-01-18,,CASH_BALANCE_BREAK,6058.55,6308.55,-250.0,250.0,4
3782,1,2022-01-13,,CASH_BALANCE_BREAK,-1051.39,-2051.39,1000.0,1000.0,0
3783,2,2022-01-13,,CASH_BALANCE_BREAK,-1328.37,-1330.87,2.5,2.5,1
3784,6,2024-02-14,,CASH_BALANCE_BREAK,-89.71,-105.21,15.5,15.5,6
3785,2,2022-11-01,,CASH_BALANCE_BREAK,-878.48,-880.98,2.5,2.5,1
3786,1,2022-12-26,,CASH_BALANCE_BREAK,-1255.61,-2255.61,1000.0,1000.0,0
3787,6,2023-12-20,,CASH_BALANCE_BREAK,-79.65,-95.15,15.5,15.5,6
3788,5,2024-03-09,,CASH_BALANCE_BREAK,6252.72,6502.72,-250.0,250.0,4
3789,2,2022-09-17,,CASH_BALANCE_BREAK,-890.06,-892.56,2.5,2.5,1
3790,1,2022-12-18,,CASH_BALANCE_BREAK,-1255.61,-2255.61,1000.0,1000.0,0
3791,2,2024-02-05,,CASH_BALANCE_BREAK,-556.1,-558.6,2.5,2.5,1
3792,1,2024-02-15,,CASH_BALANCE_BREAK,-1680.97,-2680.97,1000.0,1000.0,0
3793,1,2022-03-13,,CASH_BALANCE_BREAK,-1016.87,-2016.87,1000.0,1000.0,0
3794,2,2022-03-13,,CASH_BALANCE_BREAK,-1369.24,-1371.74,2.5,2.5,1
3795,5,2022-12-25,,CASH_BALANCE_BREAK,5564.78,5814.78,-250.0,250.0,4
3796,2,2022-09-30,,CASH_BALANCE_BREAK,-890.06,-892.56,2.5,2.5,1
3797,5,2023-04-18,,CASH_BALANCE_BREAK,5001.5,5251.5,-250.0,250.0,4
3798,6,2023-04-18,,CASH_BALANCE_BREAK,-650.73,-666.23,15.5,15.5,6
3799,1,2023-02-01,,CASH_BALANCE_BREAK,-1267.32,-2267.32,1000.0,1000.0,0
3800,6,2024-04-09,,CASH_BALANCE_BREAK,1347.22,1331.72,15.5,15.5,6
3801,2,2024-02-29,,CASH_BALANCE_BREAK,-552.54,-555.04,2.5,2.5,1
3802,6,2023-02-03,,CASH_BALANCE_BREAK,-1715.32,-1730.82,15.5,15.5,6
3803,5,2024-02-11,,CASH_BALANCE_BREAK,6058.55,6308.55,-250.0,250.0,4
3804,6,2024-02-03,,CASH_BALANCE_BREAK,-77.24,-92.74,15.5,15.5,6
3805,1,2022-11-01,,CASH_BALANCE_BREAK,-1283.85,-2283.85,1000.0,1000.0,0
3806,6,2024-02-24,,CASH_BALANCE_BREAK,-89.71,-105.21,15.5,15.5,6
3807,1,2022-09-17,,CASH_BALANCE_BREAK,-1365.4,-2365.4,1000.0,1000.0,0
3808,1,2022-12-15,,CASH_BALANCE_BREAK,-1255.61,-2255.61,1000.0,1000.0,0
3809,1,2023-02-04,,CASH_BALANCE_BREAK,-1267.32,-2267.32,1000.0,1000.0,0
3810,2,2023-02-04,,CASH_BALANCE_BREAK,-843.15,-845.65,2.5,2.5,1
3811,2,2023-08-09,,CASH_BALANCE_BREAK,-542.39,-544.89,2.5,2.5,1
3812,6,2022-07-08,,CASH_BALANCE_BREAK,-1598.51,-1614.01,15.5,15.5,6
3813,2,2023-10-17,,CASH_BALANCE_BREAK,70.5,68.0,2.5,2.5,1
3814,1,2022-08-19,,CASH_BALANCE_BREAK,-1283.39,-2283.39,1000.0,1000.0,0
3815,6,2023-10-05,,CASH_BALANCE_BREAK,-776.73,-792.23,15.5,15.5,6
3816,2,2023-11-07,,CASH_BALANCE_BREAK,-40.89,-43.39,2.5,2.5,1
3817,5,2024-06-01,,CASH_BALANCE_BREAK,8066.02,8316.02,-250.0,250.0,4
3818,5,2023-11-23,,CASH_BALANCE_BREAK,6496.48,6746.48,-250.0,250.0,4
3819,5,2023-08-10,,CASH_BALANCE_BREAK,6022.59,6272.59,-250.0,250.0,4
3820,1,2022-03-29,,CASH_BALANCE_BREAK,-1016.87,-2016.87,1000.0,1000.0,0
3821,1,2024-05-04,,CASH_BALANCE_BREAK,-449.81,-1449.81,1000.0,1000.0,0
3822,6,2024-05-04,,CASH_BALANCE_BREAK,1184.75,1169.25,15.5,15.5,6
3823,5,2022-02-05,,CASH_BALANCE_BREAK,1376.68,1626.68,-250.0,250.0,4
3824,1,2023-11-25,,CASH_BALANCE_BREAK,-1628.52,-2628.52,1000.0,1000.0,0
3825,1,2024-04-29,,CASH_BALANCE_BREAK,-976.78,-1976.78,1000.0,1000.0,0
3826,2,2024-04-29,,CASH_BALANCE_BREAK,86.07,83.57,2.5,2.5,1
3827,1,2024-04-13,,CASH_BALANCE_BREAK,-976.78,-1976.78,1000.0,1000.0,0
3828,5,2024-05-16,,CASH_BALANCE_BREAK,7933.08,8183.08,-250.0,250.0,4
3829,1,2024-05-31,,CASH_BALANCE_BREAK,-1055.61,-2055.61,1000.0,1000.0,0
3830,1,2022-07-07,,CASH_BALANCE_BREAK,-1381.37,-2381.37,1000.0,1000.0,0
3831,2,2022-07-07,,CASH_BALANCE_BREAK,-615.08,-617.58,2.5,2.5,1
3832,5,2024-06-14,,CASH_BALANCE_BREAK,8066.02,8316.02,-250.0,250.0,4
3833,2,2024-06-30,,CASH_BALANCE_BREAK,-103.16,-105.66,2.5,2.5,1
3834,6,2024-06-10,,CASH_BALANCE_BREAK,741.93,726.43,15.5,15.5,6
3835,5,2024-06-12,,CASH_BALANCE_BREAK,8066.02,8316.02,-250.0,250.0,4
3836,6,2024-06-12,,CASH_BALANCE_BREAK,741.93,726.43,15.5,15.5,6
3837,2,2024-06-29,,CASH_BALANCE_BREAK,-103.16,-105.66,2.5,2.5,1
3838,5,2024-06-07,,CASH_BALANCE_BREAK,8066.02,8316.02,-250.0,250.0,4
3839,6,2024-05-27,,CASH_BALANCE_BREAK,911.05,895.55,15.5,15.5,6
3840,6,2023-10-29,,CASH_BALANCE_BREAK,512.85,497.35,15.5,15.5,6
3841,2,2021-12-24,,CASH_BALANCE_BREAK,-1333.6,-1336.1,2.5,2.5,1
3842,1,2024-05-21,,CASH_BALANCE_BREAK,-585.69,-1585.69,1000.0,1000.0,0
3843,5,2024-05-11,,CASH_BALANCE_BREAK,7560.0,7810.0,-250.0,250.0,4
3844,1,2024-06-27,,CASH_BALANCE_BREAK,-557.21,-1557.21,1000.0,1000.0,0
3845,1,2021-06-05,,CASH_BALANCE_BREAK,-565.72,-1565.72,1000.0,1000.0,0
3846,2,2021-09-11,,CASH_BALANCE_BREAK,-1377.17,-1379.67,2.5,2.5,1
3847,1,2022-02-09,,CASH_BALANCE_BREAK,-1022.78,-2022.78,1000.0,1000.0,0
3848,6,2022-05-19,,CASH_BALANCE_BREAK,-1340.99,-1356.49,15.5,15.5,6
3849,1,2022-08-29,,CASH_BALANCE_BREAK,-1283.39,-2283.39,1000.0,1000.0,0
3850,2,2022-08-29,,CASH_BALANCE_BREAK,-783.61,-786.11,2.5,2.5,1
3851,1,2023-09-30,,CASH_BALANCE_BREAK,-1045.14,-2045.14,1000.0,1000.0,0
3852,6,2024-01-27,,CASH_BALANCE_BREAK,-77.24,-92.74,15.5,15.5,6
3853,2,2024-02-20,,CASH_BALANCE_BREAK,-552.54,-555.04,2.5,2.5,1
3854,6,2024-03-06,,CASH_BALANCE_BREAK,-89.71,-105.21,15.5,15.5,6
3855,2,2022-11-19,,CASH_BALANCE_BREAK,-878.48,-880.98,2.5,2.5,1
3856,2,2021-09-29,,CASH_BALANCE_BREAK,-1377.17,-1379.67,2.5,2.5,1
3857,2,2022-01-08,,CASH_BALANCE_BREAK,-1328.37,-1330.87,2.5,2.5,1
3858,1,2022-02-24,,CASH_BALANCE_BREAK,-1022.78,-2022.78,1000.0,1000.0,0
3859,5,2022-06-06,,CASH_BALANCE_BREAK,3501.34,3751.34,-250.0,250.0,4
3860,6,2023-03-31,,CASH_BALANCE_BREAK,-1810.04,-1825.54,15.5,15.5,6
3861,2,2024-01-09,,CASH_BALANCE_BREAK,-556.11,-558.61,2.5,2.5,1
3862,1,2021-06-02,,CASH_BALANCE_BREAK,-565.72,-1565.72,1000.0,1000.0,0
3863,5,2023-09-05,,CASH_BALANCE_BREAK,6344.12,6594.12,-250.0,250.0,4
3864,5,2024-02-19,,CASH_BALANCE_BREAK,5861.98,6111.98,-250.0,250.0,4
3865,6,2024-02-19,,CASH_BALANCE_BREAK,-89.71,-105.21,15.5,15.5,6
3866,2,2024-03-23,,CASH_BALANCE_BREAK,222.39,219.89,2.5,2.5,1
3867,5,2024-03-17,,CASH_BALANCE_BREAK,6333.37,6583.37,-250.0,250.0,4
3868,6,2024-03-17,,CASH_BALANCE_BREAK,-78.73,-94.23,15.5,15.5,6
3869,5,2024-02-09,,CASH_BALANCE_BREAK,6058.55,6308.55,-250.0,250.0,4
3870,5,2024-04-07,,CASH_BALANCE_BREAK,7046.34,7296.34,-250.0,250.0,4
3871,6,2024-04-07,,CASH_BALANCE_BREAK,1347.22,1331.72,15.5,15.5,6
3872,5,2022-11-13,,CASH_BALANCE_BREAK,4230.23,4480.23,-250.0,250.0,4
3873,1,2022-09-30,,CASH_BALANCE_BREAK,-1365.4,-2365.4,1000.0,1000.0,0
3874,2,2022-10-03,,CASH_BALANCE_BREAK,-884.91,-887.41,2.5,2.5,1
3875,6,2023-03-01,,CASH_BALANCE_BREAK,-1823.87,-1839.37,15.5,15.5,6
3876,5,2024-05-22,,CASH_BALANCE_BREAK,7933.08,8183.08,-250.0,250.0,4
3877,6,2024-05-22,,CASH_BALANCE_BREAK,911.05,895.55,15.5,15.5,6
3878,2,2023-02-01,,CASH_BALANCE_BREAK,-843.15,-845.65,2.5,2.5,1
3879,1,2024-02-12,,CASH_BALANCE_BREAK,-1680.97,-2680.97,1000.0,1000.0,0
3880,5,2024-04-09,,CASH_BALANCE_BREAK,7046.34,7296.34,-250.0,250.0,4
3881,5,2024-02-29,,CASH_BALANCE_BREAK,5861.98,6111.98,-250.0,250.0,4
3882,1,2024-04-08,,CASH_BALANCE_BREAK,-976.78,-1976.78,1000.0,1000.0,0
3883,2,2024-04-24,,CASH_BALANCE_BREAK,86.07,83.57,2.5,2.5,1
3884,5,2024-02-16,,CASH_BALANCE_BREAK,5861.98,6111.98,-250.0,250.0,4
3885,6,2024-01-16,,CASH_BALANCE_BREAK,-79.65,-95.15,15.5,15.5,6
3886,5,2023-05-05,,CASH_BALANCE_BREAK,6491.22,6741.22,-250.0,250.0,4
3887,6,2023-05-05,,CASH_BALANCE_BREAK,-783.59,-799.09,15.5,15.5,6
3888,2,2023-05-25,,CASH_BALANCE_BREAK,-188.49,-190.99,2.5,2.5,1
3889,2,2024-04-25,,CASH_BALANCE_BREAK,86.07,83.57,2.5,2.5,1
3890,1,2024-02-27,,CASH_BALANCE_BREAK,-1680.97,-2680.97,1000.0,1000.0,0
3891,5,2023-05-26,,CASH_BALANCE_BREAK,6491.22,6741.22,-250.0,250.0,4
3892,6,2023-05-26,,CASH_BALANCE_BREAK,-783.59,-799.09,15.5,15.5,6
3893,5,2023-02-17,,CASH_BALANCE_BREAK,5626.14,5876.14,-250.0,250.0,4
3894,1,2023-01-25,,CASH_BALANCE_BREAK,-1229.65,-2229.65,1000.0,1000.0,0
3895,1,2023-02-19,,CASH_BALANCE_BREAK,-1261.89,-2261.89,1000.0,1000.0,0
3896,6,2023-03-18,,CASH_BALANCE_BREAK,-1810.04,-1825.54,15.5,15.5,6
3897,2,2021-03-16,,CASH_BALANCE_BREAK,-1584.47,-1586.97,2.5,2.5,1
3898,1,2021-04-06,,CASH_BALANCE_BREAK,-950.94,-1950.94,1000.0,1000.0,0
3899,2,2021-04-06,,CASH_BALANCE_BREAK,-1575.26,-1577.76,2.5,2.5,1
3900,1,2021-04-11,,CASH_BALANCE_BREAK,-950.94,-1950.94,1000.0,1000.0,0
3901,1,2021-03-06,,CASH_BALANCE_BREAK,-919.27,-1919.27,1000.0,1000.0,0
3902,1,2021-05-24,,CASH_BALANCE_BREAK,-405.94,-1405.94,1000.0,1000.0,0
3903,1,2021-07-11,,CASH_BALANCE_BREAK,-592.19,-1592.19,1000.0,1000.0,0
3904,2,2021-04-07,,CASH_BALANCE_BREAK,-1575.26,-1577.76,2.5,2.5,1
3905,2,2021-06-22,,CASH_BALANCE_BREAK,-1253.05,-1255.55,2.5,2.5,1
3906,2,2023-01-16,,CASH_BALANCE_BREAK,-936.56,-939.06,2.5,2.5,1
3907,1,2023-03-20,,CASH_BALANCE_BREAK,-1254.78,-2254.78,1000.0,1000.0,0
3908,5,2022-05-26,,CASH_BALANCE_BREAK,3501.34,3751.34,-250.0,250.0,4
3909,6,2022-05-26,,CASH_BALANCE_BREAK,-1437.52,-1453.02,15.5,15.5,6
3910,6,2022-09-03,,CASH_BALANCE_BREAK,-1581.71,-1597.21,15.5,15.5,6
3911,2,2023-04-10,,CASH_BALANCE_BREAK,-133.53,-136.03,2.5,2.5,1
3912,2,2022-05-27,,CASH_BALANCE_BREAK,-520.25,-522.75,2.5,2.5,1
3913,1,2022-12-07,,CASH_BALANCE_BREAK,-1255.61,-2255.61,1000.0,1000.0,0
3914,2,2022-12-07,,CASH_BALANCE_BREAK,-936.87,-939.37,2.5,2.5,1
3915,2,2023-06-26,,CASH_BALANCE_BREAK,-437.34,-439.84,2.5,2.5,1
3916,1,2021-07-02,,CASH_BALANCE_BREAK,-592.19,-1592.19,1000.0,1000.0,0
3917,2,2021-04-20,,CASH_BALANCE_BREAK,-1272.68,-1275.18,2.5,2.5,1
3918,1,2021-05-16,,CASH_BALANCE_BREAK,-405.94,-1405.94,1000.0,1000.0,0
3919,2,2021-05-16,,CASH_BALANCE_BREAK,-1271.28,-1273.78,2.5,2.5,1
3920,5,2021-09-21,,CASH_BALANCE_BREAK,262.96,512.96,-250.0,250.0,4
3921,6,2024-01-12,,CASH_BALANCE_BREAK,-79.65,-95.15,15.5,15.5,6
3922,1,2023-10-17,,CASH_BALANCE_BREAK,-1340.9,-2340.9,1000.0,1000.0,0
3923,2,2024-04-26,,CASH_BALANCE_BREAK,86.07,83.57,2.5,2.5,1
3924,2,2024-05-14,,CASH_BALANCE_BREAK,776.95,774.45,2.5,2.5,1
3925,2,2024-06-01,,CASH_BALANCE_BREAK,472.58,470.08,2.5,2.5,1
3926,6,2023-11-23,,CASH_BALANCE_BREAK,156.82,141.32,15.5,15.5,6
3927,5,2023-11-09,,CASH_BALANCE_BREAK,6842.23,7092.23,-250.0,250.0,4
3928,2,2024-05-04,,CASH_BALANCE_BREAK,776.95,774.45,2.5,2.5,1
3929,5,2023-11-25,,CASH_BALANCE_BREAK,6496.48,6746.48,-250.0,250.0,4
3930,2,2024-06-18,,CASH_BALANCE_BREAK,-103.16,-105.66,2.5,2.5,1
3931,5,2024-04-27,,CASH_BALANCE_BREAK,7046.34,7296.34,-250.0,250.0,4
3932,5,2024-04-13,,CASH_BALANCE_BREAK,7046.34,7296.34,-250.0,250.0,4
3933,1,2024-05-01,,CASH_BALANCE_BREAK,-449.81,-1449.81,1000.0,1000.0,0
3934,2,2024-05-01,,CASH_BALANCE_BREAK,776.95,774.45,2.5,2.5,1
3935,2,2024-06-04,,CASH_BALANCE_BREAK,472.58,470.08,2.5,2.5,1
3936,5,2024-05-13,,CASH_BALANCE_BREAK,7560.0,7810.0,-250.0,250.0,4
3937,5,2022-07-07,,CASH_BALANCE_BREAK,4501.34,4751.34,-250.0,250.0,4
3938,6,2022-07-07,,CASH_BALANCE_BREAK,-1598.51,-1614.01,15.5,15.5,6
3939,6,2024-05-02,,CASH_BALANCE_BREAK,1184.75,1169.25,15.5,15.5,6
3940,5,2022-05-18,,CASH_BALANCE_BREAK,3201.34,3451.34,-250.0,250.0,4
3941,6,2022-05-18,,CASH_BALANCE_BREAK,-1340.99,-1356.49,15.5,15.5,6
3942,6,2024-06-30,,CASH_BALANCE_BREAK,758.8,743.3,15.5,15.5,6
3943,5,2024-06-18,,CASH_BALANCE_BREAK,7928.1,8178.1,-250.0,250.0,4
3944,1,2024-06-15,,CASH_BALANCE_BREAK,-1055.61,-2055.61,1000.0,1000.0,0
3945,6,2024-05-28,,CASH_BALANCE_BREAK,911.05,895.55,15.5,15.5,6
3946,2,2024-06-07,,CASH_BALANCE_BREAK,472.58,470.08,2.5,2.5,1
3947,2,2023-10-04,,CASH_BALANCE_BREAK,88.55,86.05,2.5,2.5,1
3948,2,2023-10-29,,CASH_BALANCE_BREAK,-40.89,-43.39,2.5,2.5,1
3949,5,2022-03-28,,CASH_BALANCE_BREAK,1380.44,1630.44,-250.0,250.0,4
3950,5,2023-04-24,,CASH_BALANCE_BREAK,5001.5,5251.5,-250.0,250.0,4
3951,5,2023-07-18,,CASH_BALANCE_BREAK,6008.63,6258.63,-250.0,250.0,4
3952,1,2024-05-11,,CASH_BALANCE_BREAK,-449.81,-1449.81,1000.0,1000.0,0
3953,1,2024-05-30,,CASH_BALANCE_BREAK,-1055.61,-2055.61,1000.0,1000.0,0
3954,2,2024-05-30,,CASH_BALANCE_BREAK,472.58,470.08,2.5,2.5,1
3955,1,2024-05-17,,CASH_BALANCE_BREAK,-585.69,-1585.69,1000.0,1000.0,0
3956,2,2024-05-17,,CASH_BALANCE_BREAK,819.99,817.49,2.5,2.5,1
3957,5,2024-06-11,,CASH_BALANCE_BREAK,8066.02,8316.02,-250.0,250.0,4
3958,2,2024-06-26,,CASH_BALANCE_BREAK,-103.16,-105.66,2.5,2.5,1
3959,1,2024-06-20,,CASH_BALANCE_BREAK,-557.21,-1557.21,1000.0,1000.0,0
3960,1,2022-07-09,,CASH_BALANCE_BREAK,-1381.37,-2381.37,1000.0,1000.0,0
3961,2,2022-07-09,,CASH_BALANCE_BREAK,-615.08,-617.58,2.5,2.5,1
3962,1,2022-12-14,,CASH_BALANCE_BREAK,-1255.61,-2255.61,1000.0,1000.0,0
3963,1,2024-07-01,,CASH_BALANCE_BREAK,-557.21,-1557.21,1000.0,1000.0,0
3964,1,2022-11-29,,CASH_BALANCE_BREAK,-1283.85,-2283.85,1000.0,1000.0,0
3965,2,2022-11-29,,CASH_BALANCE_BREAK,-878.48,-880.98,2.5,2.5,1
3966,5,2024-03-04,,CASH_BALANCE_BREAK,5861.98,6111.98,-250.0,250.0,4
3967,6,2022-06-18,,CASH_BALANCE_BREAK,-1437.52,-1453.02,15.5,15.5,6
3968,2,2022-05-31,,CASH_BALANCE_BREAK,-520.25,-522.75,2.5,2.5,1
3969,5,2022-10-25,,CASH_BALANCE_BREAK,4341.62,4591.62,-250.0,250.0,4
3970,5,2022-01-14,,CASH_BALANCE_BREAK,1374.55,1624.55,-250.0,250.0,4
3971,6,2022-01-15,,CASH_BALANCE_BREAK,-672.7,-688.2,15.5,15.5,6
3972,5,2022-01-01,,CASH_BALANCE_BREAK,1868.52,2118.52,-250.0,250.0,4
3973,1,2021-12-20,,CASH_BALANCE_BREAK,-1072.2,-2072.2,1000.0,1000.0,0
3974,2,2023-08-01,,CASH_BALANCE_BREAK,-542.39,-544.89,2.5,2.5,1
3975,6,2024-01-11,,CASH_BALANCE_BREAK,-79.65,-95.15,15.5,15.5,6
3976,5,2022-04-15,,CASH_BALANCE_BREAK,3198.78,3448.78,-250.0,250.0,4
3977,1,2024-05-12,,CASH_BALANCE_BREAK,-449.81,-1449.81,1000.0,1000.0,0
3978,1,2023-06-29,,CASH_BALANCE_BREAK,-3043.21,-4043.21,1000.0,1000.0,0
3979,2,2022-01-11,,CASH_BALANCE_BREAK,-1328.37,-1330.87,2.5,2.5,1
3980,1,2022-10-29,,CASH_BALANCE_BREAK,-1358.81,-2358.81,1000.0,1000.0,0
3981,2,2022-10-29,,CASH_BALANCE_BREAK,-884.91,-887.41,2.5,2.5,1
3982,2,2023-07-02,,CASH_BALANCE_BREAK,-649.08,-651.58,2.5,2.5,1
3983,2,2023-01-20,,CASH_BALANCE_BREAK,-936.56,-939.06,2.5,2.5,1
3984,5,2022-06-04,,CASH_BALANCE_BREAK,3501.34,3751.34,-250.0,250.0,4
3985,5,2024-02-13,,CASH_BALANCE_BREAK,5861.98,6111.98,-250.0,250.0,4
3986,2,2024-02-21,,CASH_BALANCE_BREAK,-552.54,-555.04,2.5,2.5,1
3987,6,2022-10-31,,CASH_BALANCE_BREAK,-1500.64,-1516.14,15.5,15.5,6
3988,1,2023-12-29,,CASH_BALANCE_BREAK,-1607.54,-2607.54,1000.0,1000.0,0
3989,1,2024-04-18,,CASH_BALANCE_BREAK,-976.78,-1976.78,1000.0,1000.0,0
3990,1,2024-04-26,,CASH_BALANCE_BREAK,-976.78,-1976.78,1000.0,1000.0,0
3991,5,2024-04-17,,CASH_BALANCE_BREAK,7046.34,7296.34,-250.0,250.0,4
3992,1,2024-04-19,,CASH_BALANCE_BREAK,-976.78,-1976.78,1000.0,1000.0,0
3993,2,2024-04-19,,CASH_BALANCE_BREAK,86.07,83.57,2.5,2.5,1
3994,6,2024-06-02,,CASH_BALANCE_BREAK,741.93,726.43,15.5,15.5,6
3995,2,2024-06-21,,CASH_BALANCE_BREAK,-103.16,-105.66,2.5,2.5,1
3996,1,2024-04-16,,CASH_BALANCE_BREAK,-976.78,-1976.78,1000.0,1000.0,0
3997,6,2022-05-17,,CASH_BALANCE_BREAK,-1340.99,-1356.49,15.5,15.5,6
3998,2,2023-11-17,,CASH_BALANCE_BREAK,-556.12,-558.62,2.5,2.5,1
3999,5,2022-03-27,,CASH_BALANCE_BREAK,1380.44,1630.44,-250.0,250.0,4
4000,5,2024-05-01,,CASH_BALANCE_BREAK,7560.0,7810.0,-250.0,250.0,4
4001,6,2024-05-01,,CASH_BALANCE_BREAK,1184.75,1169.25,15.5,15.5,6
4002,2,2024-05-16,,CASH_BALANCE_BREAK,819.99,817.49,2.5,2.5,1
4003,6,2024-05-16,,CASH_BALANCE_BREAK,911.05,895.55,15.5,15.5,6
4004,6,2024-06-23,,CASH_BALANCE_BREAK,741.93,726.43,15.5,15.5,6
4005,5,2024-06-25,,CASH_BALANCE_BREAK,7928.1,8178.1,-250.0,250.0,4
4006,6,2024-06-25,,CASH_BALANCE_BREAK,758.8,743.3,15.5,15.5,6
4007,1,2024-05-13,,CASH_BALANCE_BREAK,-449.81,-1449.81,1000.0,1000.0,0
4008,6,2022-07-06,,CASH_BALANCE_BREAK,-1598.51,-1614.01,15.5,15.5,6
4009,1,2024-06-13,,CASH_BALANCE_BREAK,-1055.61,-2055.61,1000.0,1000.0,0
4010,1,2022-05-18,,CASH_BALANCE_BREAK,-1284.32,-2284.32,1000.0,1000.0,0
4011,2,2024-06-14,,CASH_BALANCE_BREAK,472.58,470.08,2.5,2.5,1
4012,2,2024-06-22,,CASH_BALANCE_BREAK,-103.16,-105.66,2.5,2.5,1
4013,5,2024-06-30,,CASH_BALANCE_BREAK,7928.1,8178.1,-250.0,250.0,4
4014,1,2024-06-29,,CASH_BALANCE_BREAK,-557.21,-1557.21,1000.0,1000.0,0
4015,6,2024-06-15,,CASH_BALANCE_BREAK,741.93,726.43,15.5,15.5,6
4016,2,2024-05-28,,CASH_BALANCE_BREAK,819.99,817.49,2.5,2.5,1
4017,5,2023-11-16,,CASH_BALANCE_BREAK,6842.23,7092.23,-250.0,250.0,4
4018,5,2024-04-28,,CASH_BALANCE_BREAK,7046.34,7296.34,-250.0,250.0,4
4019,6,2023-10-04,,CASH_BALANCE_BREAK,-776.73,-792.23,15.5,15.5,6
4020,1,2023-04-24,,CASH_BALANCE_BREAK,-2787.46,-3787.46,1000.0,1000.0,0
4021,5,2023-05-17,,CASH_BALANCE_BREAK,6491.22,6741.22,-250.0,250.0,4
4022,5,2024-05-17,,CASH_BALANCE_BREAK,7933.08,8183.08,-250.0,250.0,4
4023,6,2024-05-17,,CASH_BALANCE_BREAK,911.05,895.55,15.5,15.5,6
4024,2,2024-06-11,,CASH_BALANCE_BREAK,472.58,470.08,2.5,2.5,1
4025,5,2024-06-09,,CASH_BALANCE_BREAK,8066.02,8316.02,-250.0,250.0,4
4026,2,2021-06-05,,CASH_BALANCE_BREAK,-1253.05,-1255.55,2.5,2.5,1
4027,1,2021-07-22,,CASH_BALANCE_BREAK,-684.54,-1684.54,1000.0,1000.0,0
4028,6,2022-08-20,,CASH_BALANCE_BREAK,-1581.71,-1597.21,15.5,15.5,6
4029,6,2023-11-03,,CASH_BALANCE_BREAK,512.85,497.35,15.5,15.5,6
4030,1,2023-11-04,,CASH_BALANCE_BREAK,-1040.9,-2040.9,1000.0,1000.0,0
4031,2,2023-09-28,,CASH_BALANCE_BREAK,-568.4,-570.9,2.5,2.5,1
4032,1,2023-12-16,,CASH_BALANCE_BREAK,-1607.54,-2607.54,1000.0,1000.0,0
4033,5,2023-09-24,,CASH_BALANCE_BREAK,6363.49,6613.49,-250.0,250.0,4
4034,1,2023-12-08,,CASH_BALANCE_BREAK,-1607.54,-2607.54,1000.0,1000.0,0
4035,6,2023-12-02,,CASH_BALANCE_BREAK,-79.65,-95.15,15.5,15.5,6
4036,2,2023-12-03,,CASH_BALANCE_BREAK,-556.11,-558.61,2.5,2.5,1
4037,5,2023-09-26,,CASH_BALANCE_BREAK,6363.5,6613.5,-250.0,250.0,4
4038,5,2023-12-17,,CASH_BALANCE_BREAK,6058.54,6308.54,-250.0,250.0,4
4039,1,2023-12-19,,CASH_BALANCE_BREAK,-1607.54,-2607.54,1000.0,1000.0,0
4040,2,2024-01-17,,CASH_BALANCE_BREAK,-556.1,-558.6,2.5,2.5,1
4041,2,2023-03-06,,CASH_BALANCE_BREAK,-820.18,-822.68,2.5,2.5,1
4042,2,2024-02-02,,CASH_BALANCE_BREAK,-556.1,-558.6,2.5,2.5,1
4043,2,2023-10-01,,CASH_BALANCE_BREAK,-568.4,-570.9,2.5,2.5,1
4044,2,2023-09-15,,CASH_BALANCE_BREAK,-571.16,-573.66,2.5,2.5,1
4045,5,2024-01-02,,CASH_BALANCE_BREAK,6058.54,6308.54,-250.0,250.0,4
4046,2,2024-01-20,,CASH_BALANCE_BREAK,-556.1,-558.6,2.5,2.5,1
4047,2,2024-01-31,,CASH_BALANCE_BREAK,-556.1,-558.6,2.5,2.5,1
4048,6,2023-10-16,,CASH_BALANCE_BREAK,512.84,497.34,15.5,15.5,6
4049,1,2023-11-26,,CASH_BALANCE_BREAK,-1628.52,-2628.52,1000.0,1000.0,0
4050,1,2024-04-22,,CASH_BALANCE_BREAK,-976.78,-1976.78,1000.0,1000.0,0
4051,6,2024-05-18,,CASH_BALANCE_BREAK,911.05,895.55,15.5,15.5,6
4052,1,2024-05-03,,CASH_BALANCE_BREAK,-449.81,-1449.81,1000.0,1000.0,0
4053,5,2022-07-04,,CASH_BALANCE_BREAK,4501.34,4751.34,-250.0,250.0,4
4054,1,2024-06-22,,CASH_BALANCE_BREAK,-557.21,-1557.21,1000.0,1000.0,0
4055,6,2024-06-22,,CASH_BALANCE_BREAK,741.93,726.43,15.5,15.5,6
4056,1,2024-06-30,,CASH_BALANCE_BREAK,-557.21,-1557.21,1000.0,1000.0,0
4057,5,2024-05-28,,CASH_BALANCE_BREAK,7933.08,8183.08,-250.0,250.0,4
4058,5,2024-06-08,,CASH_BALANCE_BREAK,8066.02,8316.02,-250.0,250.0,4
4059,2,2023-11-16,,CASH_BALANCE_BREAK,-125.51,-128.01,2.5,2.5,1
4060,1,2024-05-27,,CASH_BALANCE_BREAK,-585.69,-1585.69,1000.0,1000.0,0
4061,6,2022-08-21,,CASH_BALANCE_BREAK,-1581.71,-1597.21,15.5,15.5,6
4062,2,2023-04-24,,CASH_BALANCE_BREAK,-133.53,-136.03,2.5,2.5,1
4063,6,2023-04-24,,CASH_BALANCE_BREAK,-650.73,-666.23,15.5,15.5,6
4064,6,2024-06-11,,CASH_BALANCE_BREAK,741.93,726.43,15.5,15.5,6
4065,1,2024-06-09,,CASH_BALANCE_BREAK,-1055.61,-2055.61,1000.0,1000.0,0
4066,2,2024-06-20,,CASH_BALANCE_BREAK,-103.16,-105.66,2.5,2.5,1
4067,1,2022-08-20,,CASH_BALANCE_BREAK,-1283.39,-2283.39,1000.0,1000.0,0
4068,5,2022-11-29,,CASH_BALANCE_BREAK,4230.23,4480.23,-250.0,250.0,4
4069,2,2024-06-17,,CASH_BALANCE_BREAK,472.58,470.08,2.5,2.5,1
4070,1,2024-01-23,,CASH_BALANCE_BREAK,-1680.98,-2680.98,1000.0,1000.0,0
4071,5,2023-08-29,,CASH_BALANCE_BREAK,6344.12,6594.12,-250.0,250.0,4
4072,2,2023-09-11,,CASH_BALANCE_BREAK,-571.16,-573.66,2.5,2.5,1
4073,6,2023-09-28,,CASH_BALANCE_BREAK,-563.01,-578.51,15.5,15.5,6
4074,2,2023-12-15,,CASH_BALANCE_BREAK,-556.11,-558.61,2.5,2.5,1
4075,2,2023-12-28,,CASH_BALANCE_BREAK,-556.11,-558.61,2.5,2.5,1
4076,5,2023-12-03,,CASH_BALANCE_BREAK,6058.54,6308.54,-250.0,250.0,4
4077,5,2023-08-05,,CASH_BALANCE_BREAK,6022.59,6272.59,-250.0,250.0,4
4078,1,2023-12-17,,CASH_BALANCE_BREAK,-1607.54,-2607.54,1000.0,1000.0,0
4079,6,2023-12-17,,CASH_BALANCE_BREAK,-79.65,-95.15,15.5,15.5,6
4080,5,2024-01-03,,CASH_BALANCE_BREAK,6058.54,6308.54,-250.0,250.0,4
4081,1,2024-01-24,,CASH_BALANCE_BREAK,-1680.98,-2680.98,1000.0,1000.0,0
4082,2,2024-01-24,,CASH_BALANCE_BREAK,-556.1,-558.6,2.5,2.5,1
4083,6,2023-09-15,,CASH_BALANCE_BREAK,-813.01,-828.51,15.5,15.5,6
4084,1,2024-01-02,,CASH_BALANCE_BREAK,-1607.54,-2607.54,1000.0,1000.0,0
4085,5,2024-01-20,,CASH_BALANCE_BREAK,6058.55,6308.55,-250.0,250.0,4
4086,2,2024-01-27,,CASH_BALANCE_BREAK,-556.1,-558.6,2.5,2.5,1
4087,5,2024-03-21,,CASH_BALANCE_BREAK,6333.37,6583.37,-250.0,250.0,4
4088,6,2024-03-26,,CASH_BALANCE_BREAK,-78.73,-94.23,15.5,15.5,6
4089,6,2023-08-27,,CASH_BALANCE_BREAK,-1465.26,-1480.76,15.5,15.5,6
4090,1,2024-04-02,,CASH_BALANCE_BREAK,-976.78,-1976.78,1000.0,1000.0,0
4091,5,2024-04-02,,CASH_BALANCE_BREAK,6333.37,6583.37,-250.0,250.0,4
4092,2,2023-08-15,,CASH_BALANCE_BREAK,-540.68,-543.18,2.5,2.5,1
4093,5,2022-02-11,,CASH_BALANCE_BREAK,1376.68,1626.68,-250.0,250.0,4
4094,1,2022-05-19,,CASH_BALANCE_BREAK,-1284.32,-2284.32,1000.0,1000.0,0
4095,5,2022-01-08,,CASH_BALANCE_BREAK,1374.55,1624.55,-250.0,250.0,4
4096,1,2022-02-26,,CASH_BALANCE_BREAK,-1022.78,-2022.78,1000.0,1000.0,0
4097,1,2022-06-06,,CASH_BALANCE_BREAK,-1284.32,-2284.32,1000.0,1000.0,0
4098,1,2024-02-17,,CASH_BALANCE_BREAK,-1680.97,-2680.97,1000.0,1000.0,0
4099,5,2024-02-18,,CASH_BALANCE_BREAK,5861.98,6111.98,-250.0,250.0,4
4100,5,2024-02-28,,CASH_BALANCE_BREAK,5861.98,6111.98,-250.0,250.0,4
4101,5,2024-03-05,,CASH_BALANCE_BREAK,5861.98,6111.98,-250.0,250.0,4
4102,6,2024-03-05,,CASH_BALANCE_BREAK,-89.71,-105.21,15.5,15.5,6
4103,5,2024-03-15,,CASH_BALANCE_BREAK,6333.37,6583.37,-250.0,250.0,4
4104,1,2023-09-05,,CASH_BALANCE_BREAK,-1065.58,-2065.58,1000.0,1000.0,0
4105,2,2023-09-05,,CASH_BALANCE_BREAK,-578.1,-580.6,2.5,2.5,1
4106,5,2021-09-13,,CASH_BALANCE_BREAK,262.96,512.96,-250.0,250.0,4
4107,1,2024-02-19,,CASH_BALANCE_BREAK,-1680.97,-2680.97,1000.0,1000.0,0
4108,5,2024-02-26,,CASH_BALANCE_BREAK,5861.98,6111.98,-250.0,250.0,4
4109,6,2024-02-26,,CASH_BALANCE_BREAK,-89.71,-105.21,15.5,15.5,6
4110,5,2024-03-23,,CASH_BALANCE_BREAK,6333.37,6583.37,-250.0,250.0,4
4111,1,2021-04-12,,CASH_BALANCE_BREAK,-950.94,-1950.94,1000.0,1000.0,0
4112,2,2024-03-17,,CASH_BALANCE_BREAK,222.39,219.89,2.5,2.5,1
4113,2,2024-02-09,,CASH_BALANCE_BREAK,-552.54,-555.04,2.5,2.5,1
4114,1,2022-10-30,,CASH_BALANCE_BREAK,-1358.81,-2358.81,1000.0,1000.0,0
4115,2,2022-10-30,,CASH_BALANCE_BREAK,-884.91,-887.41,2.5,2.5,1
4116,2,2023-12-29,,CASH_BALANCE_BREAK,-556.11,-558.61,2.5,2.5,1
4117,2,2024-01-18,,CASH_BALANCE_BREAK,-556.1,-558.6,2.5,2.5,1
4118,6,2022-06-03,,CASH_BALANCE_BREAK,-1437.52,-1453.02,15.5,15.5,6
4119,2,2024-02-14,,CASH_BALANCE_BREAK,-552.54,-555.04,2.5,2.5,1
4120,5,2022-11-01,,CASH_BALANCE_BREAK,4230.23,4480.23,-250.0,250.0,4
4121,5,2022-12-26,,CASH_BALANCE_BREAK,5564.78,5814.78,-250.0,250.0,4
4122,2,2023-12-20,,CASH_BALANCE_BREAK,-556.11,-558.61,2.5,2.5,1
4123,2,2024-02-24,,CASH_BALANCE_BREAK,-552.54,-555.04,2.5,2.5,1
4124,2,2022-12-15,,CASH_BALANCE_BREAK,-936.87,-939.37,2.5,2.5,1
4125,5,2024-02-05,,CASH_BALANCE_BREAK,6058.55,6308.55,-250.0,250.0,4
4126,6,2024-02-05,,CASH_BALANCE_BREAK,-77.24,-92.74,15.5,15.5,6
4127,5,2022-03-13,,CASH_BALANCE_BREAK,1380.44,1630.44,-250.0,250.0,4
4128,5,2023-02-04,,CASH_BALANCE_BREAK,5610.48,5860.48,-250.0,250.0,4
4129,6,2024-02-20,,CASH_BALANCE_BREAK,-89.71,-105.21,15.5,15.5,6
4130,5,2022-11-19,,CASH_BALANCE_BREAK,4230.23,4480.23,-250.0,250.0,4
4131,6,2022-11-19,,CASH_BALANCE_BREAK,-1484.66,-1500.16,15.5,15.5,6
4132,5,2021-09-29,,CASH_BALANCE_BREAK,262.96,512.96,-250.0,250.0,4
4133,2,2022-02-24,,CASH_BALANCE_BREAK,-1379.51,-1382.01,2.5,2.5,1
4134,5,2024-03-13,,CASH_BALANCE_BREAK,6710.4,6960.4,-250.0,250.0,4
4135,5,2023-03-31,,CASH_BALANCE_BREAK,5646.75,5896.75,-250.0,250.0,4
4136,6,2024-01-09,,CASH_BALANCE_BREAK,-79.65,-95.15,15.5,15.5,6
4137,2,2022-01-31,,CASH_BALANCE_BREAK,-1379.51,-1382.01,2.5,2.5,1
4138,5,2022-06-24,,CASH_BALANCE_BREAK,3501.34,3751.34,-250.0,250.0,4
4139,6,2022-06-24,,CASH_BALANCE_BREAK,-1437.52,-1453.02,15.5,15.5,6
4140,1,2023-01-31,,CASH_BALANCE_BREAK,-1267.32,-2267.32,1000.0,1000.0,0
4141,6,2024-03-18,,CASH_BALANCE_BREAK,-78.73,-94.23,15.5,15.5,6
4142,2,2022-05-14,,CASH_BALANCE_BREAK,-267.88,-270.38,2.5,2.5,1
4143,1,2024-01-29,,CASH_BALANCE_BREAK,-1680.98,-2680.98,1000.0,1000.0,0
4144,5,2024-02-07,,CASH_BALANCE_BREAK,6058.55,6308.55,-250.0,250.0,4
4145,2,2022-02-08,,CASH_BALANCE_BREAK,-1379.51,-1382.01,2.5,2.5,1
4146,1,2024-03-16,,CASH_BALANCE_BREAK,-1035.88,-2035.88,1000.0,1000.0,0
4147,2,2023-12-23,,CASH_BALANCE_BREAK,-556.11,-558.61,2.5,2.5,1
4148,2,2022-04-18,,CASH_BALANCE_BREAK,-290.33,-292.83,2.5,2.5,1
4149,5,2024-01-28,,CASH_BALANCE_BREAK,6058.55,6308.55,-250.0,250.0,4
4150,1,2024-02-24,,CASH_BALANCE_BREAK,-1680.97,-2680.97,1000.0,1000.0,0
4151,1,2024-03-09,,CASH_BALANCE_BREAK,-2093.25,-3093.25,1000.0,1000.0,0
4152,6,2022-12-18,,CASH_BALANCE_BREAK,-1739.01,-1754.51,15.5,15.5,6
4153,5,2022-12-15,,CASH_BALANCE_BREAK,5564.78,5814.78,-250.0,250.0,4
4154,6,2024-02-15,,CASH_BALANCE_BREAK,-89.71,-105.21,15.5,15.5,6
4155,6,2023-02-04,,CASH_BALANCE_BREAK,-1715.32,-1730.82,15.5,15.5,6
4156,1,2022-10-01,,CASH_BALANCE_BREAK,-1365.4,-2365.4,1000.0,1000.0,0
4157,2,2022-10-01,,CASH_BALANCE_BREAK,-890.06,-892.56,2.5,2.5,1
4158,6,2022-11-12,,CASH_BALANCE_BREAK,-1484.66,-1500.16,15.5,15.5,6
4159,2,2022-11-13,,CASH_BALANCE_BREAK,-878.48,-880.98,2.5,2.5,1
4160,1,2023-02-27,,CASH_BALANCE_BREAK,-1261.89,-2261.89,1000.0,1000.0,0
4161,6,2022-10-03,,CASH_BALANCE_BREAK,-1500.64,-1516.14,15.5,15.5,6
4162,5,2023-01-27,,CASH_BALANCE_BREAK,5572.82,5822.82,-250.0,250.0,4
4163,2,2023-04-18,,CASH_BALANCE_BREAK,-133.53,-136.03,2.5,2.5,1
4164,2,2022-11-16,,CASH_BALANCE_BREAK,-878.48,-880.98,2.5,2.5,1
4165,2,2024-02-12,,CASH_BALANCE_BREAK,-552.54,-555.04,2.5,2.5,1
4166,1,2024-02-29,,CASH_BALANCE_BREAK,-1680.97,-2680.97,1000.0,1000.0,0
4167,6,2024-02-29,,CASH_BALANCE_BREAK,-89.71,-105.21,15.5,15.5,6
4168,5,2024-04-24,,CASH_BALANCE_BREAK,7046.34,7296.34,-250.0,250.0,4
4169,1,2024-02-16,,CASH_BALANCE_BREAK,-1680.97,-2680.97,1000.0,1000.0,0
4170,2,2021-07-24,,CASH_BALANCE_BREAK,-1266.11,-1268.61,2.5,2.5,1
4171,5,2022-07-09,,CASH_BALANCE_BREAK,4501.34,4751.34,-250.0,250.0,4
4172,5,2022-12-16,,CASH_BALANCE_BREAK,5564.78,5814.78,-250.0,250.0,4
4173,6,2022-08-29,,CASH_BALANCE_BREAK,-1581.71,-1597.21,15.5,15.5,6
4174,5,2023-09-15,,CASH_BALANCE_BREAK,6363.49,6613.49,-250.0,250.0,4
4175,6,2024-01-20,,CASH_BALANCE_BREAK,-77.24,-92.74,15.5,15.5,6
4176,6,2024-01-31,,CASH_BALANCE_BREAK,-77.24,-92.74,15.5,15.5,6
4177,6,2024-03-21,,CASH_BALANCE_BREAK,-78.73,-94.23,15.5,15.5,6
4178,5,2024-03-26,,CASH_BALANCE_BREAK,6333.37,6583.37,-250.0,250.0,4
4179,5,2024-03-07,,CASH_BALANCE_BREAK,6252.72,6502.72,-250.0,250.0,4
4180,6,2024-03-07,,CASH_BALANCE_BREAK,104.96,89.46,15.5,15.5,6
4181,1,2023-08-15,,CASH_BALANCE_BREAK,-851.26,-1851.26,1000.0,1000.0,0
4182,5,2023-10-14,,CASH_BALANCE_BREAK,6840.25,7090.25,-250.0,250.0,4
4183,6,2023-10-14,,CASH_BALANCE_BREAK,512.84,497.34,15.5,15.5,6
4184,2,2022-05-19,,CASH_BALANCE_BREAK,-520.25,-522.75,2.5,2.5,1
4185,6,2022-06-06,,CASH_BALANCE_BREAK,-1437.52,-1453.02,15.5,15.5,6
4186,6,2024-03-13,,CASH_BALANCE_BREAK,146.67,131.17,15.5,15.5,6
4187,2,2023-03-31,,CASH_BALANCE_BREAK,-809.33,-811.83,2.5,2.5,1
4188,1,2022-01-31,,CASH_BALANCE_BREAK,-1022.78,-2022.78,1000.0,1000.0,0
4189,5,2023-01-30,,CASH_BALANCE_BREAK,5572.82,5822.82,-250.0,250.0,4
4190,6,2023-01-30,,CASH_BALANCE_BREAK,-1722.08,-1737.58,15.5,15.5,6
4191,5,2023-04-01,,CASH_BALANCE_BREAK,5646.75,5896.75,-250.0,250.0,4
4192,6,2023-04-01,,CASH_BALANCE_BREAK,-1810.04,-1825.54,15.5,15.5,6
4193,5,2024-03-18,,CASH_BALANCE_BREAK,6333.37,6583.37,-250.0,250.0,4
4194,1,2022-05-14,,CASH_BALANCE_BREAK,-1045.54,-2045.54,1000.0,1000.0,0
4195,6,2024-03-15,,CASH_BALANCE_BREAK,-78.73,-94.23,15.5,15.5,6
4196,1,2024-03-27,,CASH_BALANCE_BREAK,-1035.88,-2035.88,1000.0,1000.0,0
4197,2,2024-03-27,,CASH_BALANCE_BREAK,222.39,219.89,2.5,2.5,1
4198,6,2024-03-28,,CASH_BALANCE_BREAK,-78.73,-94.23,15.5,15.5,6
4199,2,2021-09-13,,CASH_BALANCE_BREAK,-1377.17,-1379.67,2.5,2.5,1
4200,1,2022-02-08,,CASH_BALANCE_BREAK,-1022.78,-2022.78,1000.0,1000.0,0
4201,2,2024-02-19,,CASH_BALANCE_BREAK,-552.54,-555.04,2.5,2.5,1
4202,6,2024-03-16,,CASH_BALANCE_BREAK,-78.73,-94.23,15.5,15.5,6
4203,5,2024-02-25,,CASH_BALANCE_BREAK,5861.98,6111.98,-250.0,250.0,4
4204,5,2024-02-10,,CASH_BALANCE_BREAK,6058.55,6308.55,-250.0,250.0,4
4205,2,2023-02-27,,CASH_BALANCE_BREAK,-820.18,-822.68,2.5,2.5,1
4206,2,2023-03-01,,CASH_BALANCE_BREAK,-820.18,-822.68,2.5,2.5,1
4207,6,2023-02-25,,CASH_BALANCE_BREAK,-1823.87,-1839.37,15.5,15.5,6
4208,2,2024-05-22,,CASH_BALANCE_BREAK,819.99,817.49,2.5,2.5,1
4209,5,2022-11-16,,CASH_BALANCE_BREAK,4230.23,4480.23,-250.0,250.0,4
4210,5,2024-02-12,,CASH_BALANCE_BREAK,5861.98,6111.98,-250.0,250.0,4
4211,5,2024-04-08,,CASH_BALANCE_BREAK,7046.34,7296.34,-250.0,250.0,4
4212,6,2022-11-14,,CASH_BALANCE_BREAK,-1484.66,-1500.16,15.5,15.5,6
4213,2,2024-04-23,,CASH_BALANCE_BREAK,86.07,83.57,2.5,2.5,1
4214,1,2024-01-15,,CASH_BALANCE_BREAK,-1680.98,-2680.98,1000.0,1000.0,0
4215,6,2024-03-04,,CASH_BALANCE_BREAK,-89.71,-105.21,15.5,15.5,6
4216,2,2023-08-27,,CASH_BALANCE_BREAK,-578.1,-580.6,2.5,2.5,1
4217,1,2024-02-20,,CASH_BALANCE_BREAK,-1680.97,-2680.97,1000.0,1000.0,0
4218,5,2023-08-15,,CASH_BALANCE_BREAK,6054.3,6304.3,-250.0,250.0,4
4219,6,2023-08-15,,CASH_BALANCE_BREAK,-1169.65,-1185.15,15.5,15.5,6
4220,1,2021-09-29,,CASH_BALANCE_BREAK,-933.76,-1933.76,1000.0,1000.0,0
4221,2,2021-04-05,,CASH_BALANCE_BREAK,-1584.47,-1586.97,2.5,2.5,1
4222,1,2021-07-14,,CASH_BALANCE_BREAK,-592.19,-1592.19,1000.0,1000.0,0
4223,6,2022-01-31,,CASH_BALANCE_BREAK,-672.7,-688.2,15.5,15.5,6
4224,2,2022-06-24,,CASH_BALANCE_BREAK,-615.08,-617.58,2.5,2.5,1
4225,2,2023-01-30,,CASH_BALANCE_BREAK,-843.15,-845.65,2.5,2.5,1
4226,6,2024-01-08,,CASH_BALANCE_BREAK,-79.65,-95.15,15.5,15.5,6
4227,5,2022-05-14,,CASH_BALANCE_BREAK,3201.34,3451.34,-250.0,250.0,4
4228,2,2024-02-28,,CASH_BALANCE_BREAK,-552.54,-555.04,2.5,2.5,1
4229,2,2024-03-15,,CASH_BALANCE_BREAK,222.39,219.89,2.5,2.5,1
4230,1,2021-09-13,,CASH_BALANCE_BREAK,-933.76,-1933.76,1000.0,1000.0,0
4231,6,2024-02-09,,CASH_BALANCE_BREAK,-77.24,-92.74,15.5,15.5,6
4232,5,2024-02-14,,CASH_BALANCE_BREAK,5861.98,6111.98,-250.0,250.0,4
4233,2,2024-02-23,,CASH_BALANCE_BREAK,-552.54,-555.04,2.5,2.5,1
4234,6,2022-04-18,,CASH_BALANCE_BREAK,-2440.99,-2456.49,15.5,15.5,6
4235,2,2024-01-28,,CASH_BALANCE_BREAK,-556.1,-558.6,2.5,2.5,1
4236,6,2024-03-09,,CASH_BALANCE_BREAK,104.96,89.46,15.5,15.5,6
4237,1,2024-02-05,,CASH_BALANCE_BREAK,-1680.98,-2680.98,1000.0,1000.0,0
4238,2,2024-02-15,,CASH_BALANCE_BREAK,-552.54,-555.04,2.5,2.5,1
4239,2,2024-03-02,,CASH_BALANCE_BREAK,-552.54,-555.04,2.5,2.5,1
4240,5,2022-10-01,,CASH_BALANCE_BREAK,4464.85,4714.85,-250.0,250.0,4
4241,6,2022-11-13,,CASH_BALANCE_BREAK,-1484.66,-1500.16,15.5,15.5,6
4242,1,2022-10-03,,CASH_BALANCE_BREAK,-1358.81,-2358.81,1000.0,1000.0,0
4243,1,2022-12-29,,CASH_BALANCE_BREAK,-1255.61,-2255.61,1000.0,1000.0,0
4244,5,2024-05-06,,CASH_BALANCE_BREAK,7560.0,7810.0,-250.0,250.0,4
4245,6,2024-05-06,,CASH_BALANCE_BREAK,1184.75,1169.25,15.5,15.5,6
4246,1,2024-03-13,,CASH_BALANCE_BREAK,-1898.72,-2898.72,1000.0,1000.0,0
4247,1,2024-04-24,,CASH_BALANCE_BREAK,-976.78,-1976.78,1000.0,1000.0,0
4248,5,2024-04-23,,CASH_BALANCE_BREAK,7046.34,7296.34,-250.0,250.0,4
4249,5,2023-12-31,,CASH_BALANCE_BREAK,6058.54,6308.54,-250.0,250.0,4
4250,5,2024-01-16,,CASH_BALANCE_BREAK,6058.54,6308.54,-250.0,250.0,4
4251,6,2024-02-11,,CASH_BALANCE_BREAK,-77.24,-92.74,15.5,15.5,6
4252,2,2024-01-15,,CASH_BALANCE_BREAK,-556.1,-558.6,2.5,2.5,1
4253,5,2023-02-28,,CASH_BALANCE_BREAK,5626.14,5876.14,-250.0,250.0,4
4254,6,2022-08-11,,CASH_BALANCE_BREAK,-1584.25,-1599.75,15.5,15.5,6
4255,5,2022-10-03,,CASH_BALANCE_BREAK,4341.62,4591.62,-250.0,250.0,4
4256,1,2023-04-18,,CASH_BALANCE_BREAK,-2787.46,-3787.46,1000.0,1000.0,0
4257,5,2023-02-01,,CASH_BALANCE_BREAK,5610.48,5860.48,-250.0,250.0,4
4258,6,2023-02-01,,CASH_BALANCE_BREAK,-1715.32,-1730.82,15.5,15.5,6
4259,5,2022-11-14,,CASH_BALANCE_BREAK,4230.23,4480.23,-250.0,250.0,4
4260,1,2023-12-31,,CASH_BALANCE_BREAK,-1607.54,-2607.54,1000.0,1000.0,0
4261,6,2024-01-15,,CASH_BALANCE_BREAK,-79.65,-95.15,15.5,15.5,6
4262,2,2024-01-23,,CASH_BALANCE_BREAK,-556.1,-558.6,2.5,2.5,1
4263,5,2024-01-23,,CASH_BALANCE_BREAK,6058.55,6308.55,-250.0,250.0,4
4264,6,2023-08-29,,CASH_BALANCE_BREAK,-1465.26,-1480.76,15.5,15.5,6
4265,5,2023-09-11,,CASH_BALANCE_BREAK,6344.12,6594.12,-250.0,250.0,4
4266,1,2023-09-28,,CASH_BALANCE_BREAK,-1045.14,-2045.14,1000.0,1000.0,0
4267,5,2023-12-15,,CASH_BALANCE_BREAK,6058.54,6308.54,-250.0,250.0,4
4268,2,2024-01-01,,CASH_BALANCE_BREAK,-556.11,-558.61,2.5,2.5,1
4269,6,2023-12-28,,CASH_BALANCE_BREAK,-79.65,-95.15,15.5,15.5,6
4270,1,2023-12-03,,CASH_BALANCE_BREAK,-1607.54,-2607.54,1000.0,1000.0,0
4271,1,2023-12-27,,CASH_BALANCE_BREAK,-1607.54,-2607.54,1000.0,1000.0,0
4272,5,2024-01-05,,CASH_BALANCE_BREAK,6058.54,6308.54,-250.0,250.0,4
4273,1,2024-01-17,,CASH_BALANCE_BREAK,-1680.98,-2680.98,1000.0,1000.0,0
4274,5,2023-03-06,,CASH_BALANCE_BREAK,5626.14,5876.14,-250.0,250.0,4
4275,5,2024-01-24,,CASH_BALANCE_BREAK,6058.55,6308.55,-250.0,250.0,4
4276,5,2024-02-01,,CASH_BALANCE_BREAK,6058.55,6308.55,-250.0,250.0,4
4277,6,2023-12-07,,CASH_BALANCE_BREAK,-79.65,-95.15,15.5,15.5,6
4278,1,2024-01-30,,CASH_BALANCE_BREAK,-1680.98,-2680.98,1000.0,1000.0,0
4279,2,2024-03-26,,CASH_BALANCE_BREAK,222.39,219.89,2.5,2.5,1
4280,6,2022-02-26,,CASH_BALANCE_BREAK,-635.5,-651.0,15.5,15.5,6
4281,2,2024-03-13,,CASH_BALANCE_BREAK,-210.54,-213.04,2.5,2.5,1
4282,1,2024-01-09,,CASH_BALANCE_BREAK,-1607.54,-2607.54,1000.0,1000.0,0
4283,1,2022-06-24,,CASH_BALANCE_BREAK,-1381.37,-2381.37,1000.0,1000.0,0
4284,1,2024-02-04,,CASH_BALANCE_BREAK,-1680.98,-2680.98,1000.0,1000.0,0
4285,1,2024-03-05,,CASH_BALANCE_BREAK,-2093.25,-3093.25,1000.0,1000.0,0
4286,2,2024-03-05,,CASH_BALANCE_BREAK,-599.6,-602.1,2.5,2.5,1
4287,1,2024-03-15,,CASH_BALANCE_BREAK,-1035.88,-2035.88,1000.0,1000.0,0
4288,6,2024-03-27,,CASH_BALANCE_BREAK,-78.73,-94.23,15.5,15.5,6
4289,5,2022-02-08,,CASH_BALANCE_BREAK,1376.68,1626.68,-250.0,250.0,4
4290,1,2024-02-26,,CASH_BALANCE_BREAK,-1680.97,-2680.97,1000.0,1000.0,0
4291,5,2024-03-16,,CASH_BALANCE_BREAK,6333.37,6583.37,-250.0,250.0,4
4292,6,2024-02-25,,CASH_BALANCE_BREAK,-89.71,-105.21,15.5,15.5,6
4293,1,2024-02-10,,CASH_BALANCE_BREAK,-1680.97,-2680.97,1000.0,1000.0,0
4294,5,2022-09-12,,CASH_BALANCE_BREAK,4456.74,4706.74,-250.0,250.0,4
4295,5,2022-10-30,,CASH_BALANCE_BREAK,4341.62,4591.62,-250.0,250.0,4
4296,6,2022-10-30,,CASH_BALANCE_BREAK,-1500.64,-1516.14,15.5,15.5,6
4297,5,2024-02-21,,CASH_BALANCE_BREAK,5861.98,6111.98,-250.0,250.0,4
4298,1,2022-10-31,,CASH_BALANCE_BREAK,-1358.81,-2358.81,1000.0,1000.0,0
4299,6,2024-01-18,,CASH_BALANCE_BREAK,-77.24,-92.74,15.5,15.5,6
4300,6,2024-02-22,,CASH_BALANCE_BREAK,-89.71,-105.21,15.5,15.5,6
4301,1,2022-04-18,,CASH_BALANCE_BREAK,-994.68,-1994.68,1000.0,1000.0,0
4302,5,2023-12-20,,CASH_BALANCE_BREAK,6058.54,6308.54,-250.0,250.0,4
4303,1,2024-01-28,,CASH_BALANCE_BREAK,-1680.98,-2680.98,1000.0,1000.0,0
4304,2,2022-12-18,,CASH_BALANCE_BREAK,-936.87,-939.37,2.5,2.5,1
4305,6,2022-12-15,,CASH_BALANCE_BREAK,-1739.01,-1754.51,15.5,15.5,6
4306,1,2023-02-28,,CASH_BALANCE_BREAK,-1261.89,-2261.89,1000.0,1000.0,0
4307,1,2024-03-02,,CASH_BALANCE_BREAK,-1680.97,-2680.97,1000.0,1000.0,0
4308,1,2024-03-04,,CASH_BALANCE_BREAK,-2093.25,-3093.25,1000.0,1000.0,0
4309,5,2022-11-12,,CASH_BALANCE_BREAK,4230.23,4480.23,-250.0,250.0,4
4310,6,2023-02-27,,CASH_BALANCE_BREAK,-1823.87,-1839.37,15.5,15.5,6
4311,5,2023-03-01,,CASH_BALANCE_BREAK,5626.14,5876.14,-250.0,250.0,4
4312,2,2022-12-29,,CASH_BALANCE_BREAK,-936.87,-939.37,2.5,2.5,1
4313,5,2023-01-31,,CASH_BALANCE_BREAK,5572.82,5822.82,-250.0,250.0,4
4314,2,2024-04-08,,CASH_BALANCE_BREAK,86.07,83.57,2.5,2.5,1
4315,5,2023-02-03,,CASH_BALANCE_BREAK,5610.48,5860.48,-250.0,250.0,4
4316,2,2022-11-12,,CASH_BALANCE_BREAK,-878.48,-880.98,2.5,2.5,1
4317,2,2024-02-16,,CASH_BALANCE_BREAK,-552.54,-555.04,2.5,2.5,1
4318,6,2024-02-16,,CASH_BALANCE_BREAK,-89.71,-105.21,15.5,15.5,6
4319,5,2024-03-01,,CASH_BALANCE_BREAK,5861.98,6111.98,-250.0,250.0,4
4320,1,2022-11-14,,CASH_BALANCE_BREAK,-1283.85,-2283.85,1000.0,1000.0,0
4321,2,2022-11-14,,CASH_BALANCE_BREAK,-878.48,-880.98,2.5,2.5,1
4322,1,2024-01-06,,CASH_BALANCE_BREAK,-1607.54,-2607.54,1000.0,1000.0,0
4323,2,2024-01-07,,CASH_BALANCE_BREAK,-556.11,-558.61,2.5,2.5,1
4324,5,2024-01-15,,CASH_BALANCE_BREAK,6058.54,6308.54,-250.0,250.0,4
4325,6,2023-02-17,,CASH_BALANCE_BREAK,-1823.87,-1839.37,15.5,15.5,6
4326,2,2023-02-21,,CASH_BALANCE_BREAK,-820.18,-822.68,2.5,2.5,1
4327,5,2022-09-06,,CASH_BALANCE_BREAK,4456.74,4706.74,-250.0,250.0,4
4328,5,2023-04-16,,CASH_BALANCE_BREAK,5001.5,5251.5,-250.0,250.0,4
4329,2,2023-05-23,,CASH_BALANCE_BREAK,-188.49,-190.99,2.5,2.5,1
4330,2,2022-07-19,,CASH_BALANCE_BREAK,-699.26,-701.76,2.5,2.5,1
4331,2,2021-06-20,,CASH_BALANCE_BREAK,-1253.05,-1255.55,2.5,2.5,1
4332,1,2021-06-22,,CASH_BALANCE_BREAK,-565.72,-1565.72,1000.0,1000.0,0
4333,2,2021-09-04,,CASH_BALANCE_BREAK,-1377.17,-1379.67,2.5,2.5,1
4334,1,2021-02-17,,CASH_BALANCE_BREAK,-919.27,-1919.27,1000.0,1000.0,0
4335,1,2021-06-25,,CASH_BALANCE_BREAK,-565.72,-1565.72,1000.0,1000.0,0
4336,5,2022-05-25,,CASH_BALANCE_BREAK,3501.34,3751.34,-250.0,250.0,4
4337,1,2022-05-27,,CASH_BALANCE_BREAK,-1284.32,-2284.32,1000.0,1000.0,0
4338,2,2023-05-01,,CASH_BALANCE_BREAK,-188.49,-190.99,2.5,2.5,1
4339,6,2023-06-09,,CASH_BALANCE_BREAK,-1121.48,-1136.98,15.5,15.5,6
4340,5,2023-06-24,,CASH_BALANCE_BREAK,6439.8,6689.8,-250.0,250.0,4
4341,1,2023-06-26,,CASH_BALANCE_BREAK,-2796.17,-3796.17,1000.0,1000.0,0
4342,6,2023-07-19,,CASH_BALANCE_BREAK,-1164.51,-1180.01,15.5,15.5,6
4343,6,2023-08-30,,CASH_BALANCE_BREAK,-1465.26,-1480.76,15.5,15.5,6
4344,5,2021-09-14,,CASH_BALANCE_BREAK,262.96,512.96,-250.0,250.0,4
4345,2,2021-03-09,,CASH_BALANCE_BREAK,-1588.82,-1591.32,2.5,2.5,1
4346,1,2021-04-20,,CASH_BALANCE_BREAK,-1005.94,-2005.94,1000.0,1000.0,0
4347,1,2021-07-08,,CASH_BALANCE_BREAK,-592.19,-1592.19,1000.0,1000.0,0
4348,2,2021-07-08,,CASH_BALANCE_BREAK,-1266.11,-1268.61,2.5,2.5,1
4349,2,2024-01-16,,CASH_BALANCE_BREAK,-556.1,-558.6,2.5,2.5,1
4350,2,2023-11-03,,CASH_BALANCE_BREAK,-40.89,-43.39,2.5,2.5,1
4351,5,2023-11-04,,CASH_BALANCE_BREAK,6840.26,7090.26,-250.0,250.0,4
4352,6,2023-11-04,,CASH_BALANCE_BREAK,512.85,497.35,15.5,15.5,6
4353,2,2023-11-19,,CASH_BALANCE_BREAK,-556.12,-558.62,2.5,2.5,1
4354,2,2023-12-13,,CASH_BALANCE_BREAK,-556.11,-558.61,2.5,2.5,1
4355,5,2023-12-24,,CASH_BALANCE_BREAK,6058.54,6308.54,-250.0,250.0,4
4356,5,2024-01-01,,CASH_BALANCE_BREAK,6058.54,6308.54,-250.0,250.0,4
4357,1,2023-09-24,,CASH_BALANCE_BREAK,-1045.14,-2045.14,1000.0,1000.0,0
4358,1,2023-12-28,,CASH_BALANCE_BREAK,-1607.54,-2607.54,1000.0,1000.0,0
4359,1,2023-02-10,,CASH_BALANCE_BREAK,-1267.32,-2267.32,1000.0,1000.0,0
4360,1,2023-08-05,,CASH_BALANCE_BREAK,-859.19,-1859.19,1000.0,1000.0,0
4361,2,2024-01-05,,CASH_BALANCE_BREAK,-556.11,-558.61,2.5,2.5,1
4362,2,2024-01-03,,CASH_BALANCE_BREAK,-556.11,-558.61,2.5,2.5,1
4363,6,2024-01-17,,CASH_BALANCE_BREAK,-79.65,-95.15,15.5,15.5,6
4364,6,2023-12-22,,CASH_BALANCE_BREAK,-79.65,-95.15,15.5,15.5,6
4365,5,2022-07-02,,CASH_BALANCE_BREAK,4501.34,4751.34,-250.0,250.0,4
4366,2,2022-06-17,,CASH_BALANCE_BREAK,-520.25,-522.75,2.5,2.5,1
4367,6,2022-08-27,,CASH_BALANCE_BREAK,-1581.71,-1597.21,15.5,15.5,6
4368,1,2023-02-11,,CASH_BALANCE_BREAK,-1267.32,-2267.32,1000.0,1000.0,0
4369,2,2023-02-11,,CASH_BALANCE_BREAK,-843.15,-845.65,2.5,2.5,1
4370,2,2022-08-26,,CASH_BALANCE_BREAK,-783.61,-786.11,2.5,2.5,1
4371,1,2022-05-06,,CASH_BALANCE_BREAK,-1045.54,-2045.54,1000.0,1000.0,0
4372,1,2021-08-30,,CASH_BALANCE_BREAK,-680.19,-1680.19,1000.0,1000.0,0
4373,5,2022-03-12,,CASH_BALANCE_BREAK,1380.44,1630.44,-250.0,250.0,4
4374,6,2022-05-31,,CASH_BALANCE_BREAK,-1437.52,-1453.02,15.5,15.5,6
4375,2,2022-01-15,,CASH_BALANCE_BREAK,-1328.37,-1330.87,2.5,2.5,1
4376,1,2021-06-09,,CASH_BALANCE_BREAK,-565.72,-1565.72,1000.0,1000.0,0
4377,1,2022-01-01,,CASH_BALANCE_BREAK,-1072.2,-2072.2,1000.0,1000.0,0
4378,2,2021-12-20,,CASH_BALANCE_BREAK,-1333.6,-1336.1,2.5,2.5,1
4379,5,2024-02-04,,CASH_BALANCE_BREAK,6058.55,6308.55,-250.0,250.0,4
4380,5,2024-04-10,,CASH_BALANCE_BREAK,7046.34,7296.34,-250.0,250.0,4
4381,1,2022-07-08,,CASH_BALANCE_BREAK,-1381.37,-2381.37,1000.0,1000.0,0
4382,2,2024-04-18,,CASH_BALANCE_BREAK,86.07,83.57,2.5,2.5,1
4383,2,2022-10-31,,CASH_BALANCE_BREAK,-884.91,-887.41,2.5,2.5,1
4384,5,2022-10-31,,CASH_BALANCE_BREAK,4341.62,4591.62,-250.0,250.0,4
4385,5,2022-06-03,,CASH_BALANCE_BREAK,3501.34,3751.34,-250.0,250.0,4
4386,1,2024-02-14,,CASH_BALANCE_BREAK,-1680.97,-2680.97,1000.0,1000.0,0
4387,6,2022-12-26,,CASH_BALANCE_BREAK,-1739.01,-1754.51,15.5,15.5,6
4388,1,2023-12-20,,CASH_BALANCE_BREAK,-1607.54,-2607.54,1000.0,1000.0,0
4389,5,2022-12-18,,CASH_BALANCE_BREAK,5564.78,5814.78,-250.0,250.0,4
4390,2,2022-09-29,,CASH_BALANCE_BREAK,-890.06,-892.56,2.5,2.5,1
4391,6,2022-03-13,,CASH_BALANCE_BREAK,-635.26,-650.76,15.5,15.5,6
4392,2,2022-12-25,,CASH_BALANCE_BREAK,-936.87,-939.37,2.5,2.5,1
4393,1,2022-11-13,,CASH_BALANCE_BREAK,-1283.85,-2283.85,1000.0,1000.0,0
4394,6,2024-05-29,,CASH_BALANCE_BREAK,911.05,895.55,15.5,15.5,6
4395,5,2022-08-19,,CASH_BALANCE_BREAK,4456.74,4706.74,-250.0,250.0,4
4396,2,2023-08-10,,CASH_BALANCE_BREAK,-542.39,-544.89,2.5,2.5,1
4397,5,2022-05-15,,CASH_BALANCE_BREAK,3201.34,3451.34,-250.0,250.0,4
4398,6,2023-11-25,,CASH_BALANCE_BREAK,156.82,141.32,15.5,15.5,6
4399,5,2024-04-29,,CASH_BALANCE_BREAK,7046.34,7296.34,-250.0,250.0,4
4400,5,2023-11-17,,CASH_BALANCE_BREAK,6496.48,6746.48,-250.0,250.0,4
4401,2,2022-03-27,,CASH_BALANCE_BREAK,-1369.24,-1371.74,2.5,2.5,1
4402,5,2024-05-18,,CASH_BALANCE_BREAK,7933.08,8183.08,-250.0,250.0,4
4403,2,2022-07-04,,CASH_BALANCE_BREAK,-615.08,-617.58,2.5,2.5,1
4404,2,2024-05-20,,CASH_BALANCE_BREAK,819.99,817.49,2.5,2.5,1
4405,5,2024-05-20,,CASH_BALANCE_BREAK,7933.08,8183.08,-250.0,250.0,4
4406,5,2024-06-13,,CASH_BALANCE_BREAK,8066.02,8316.02,-250.0,250.0,4
4407,5,2024-06-10,,CASH_BALANCE_BREAK,8066.02,8316.02,-250.0,250.0,4
4408,1,2024-06-12,,CASH_BALANCE_BREAK,-1055.61,-2055.61,1000.0,1000.0,0
4409,2,2024-06-12,,CASH_BALANCE_BREAK,472.58,470.08,2.5,2.5,1
4410,1,2024-06-07,,CASH_BALANCE_BREAK,-1055.61,-2055.61,1000.0,1000.0,0
4411,6,2024-06-08,,CASH_BALANCE_BREAK,741.93,726.43,15.5,15.5,6
4412,2,2024-04-28,,CASH_BALANCE_BREAK,86.07,83.57,2.5,2.5,1
4413,2,2023-11-24,,CASH_BALANCE_BREAK,-556.12,-558.62,2.5,2.5,1
4414,1,2023-05-17,,CASH_BALANCE_BREAK,-2791.98,-3791.98,1000.0,1000.0,0
4415,5,2024-04-16,,CASH_BALANCE_BREAK,7046.34,7296.34,-250.0,250.0,4
4416,5,2021-09-11,,CASH_BALANCE_BREAK,262.96,512.96,-250.0,250.0,4
4417,1,2022-09-13,,CASH_BALANCE_BREAK,-1283.39,-2283.39,1000.0,1000.0,0
4418,2,2022-12-14,,CASH_BALANCE_BREAK,-936.87,-939.37,2.5,2.5,1
4419,6,2022-12-16,,CASH_BALANCE_BREAK,-1739.01,-1754.51,15.5,15.5,6
4420,2,2023-06-28,,CASH_BALANCE_BREAK,-437.34,-439.84,2.5,2.5,1
4421,5,2022-08-29,,CASH_BALANCE_BREAK,4456.74,4706.74,-250.0,250.0,4
4422,5,2023-09-30,,CASH_BALANCE_BREAK,6363.5,6613.5,-250.0,250.0,4
4423,6,2023-09-30,,CASH_BALANCE_BREAK,-563.01,-578.51,15.5,15.5,6
4424,5,2024-01-30,,CASH_BALANCE_BREAK,6058.55,6308.55,-250.0,250.0,4
4425,5,2023-08-27,,CASH_BALANCE_BREAK,6344.12,6594.12,-250.0,250.0,4
4426,5,2024-02-20,,CASH_BALANCE_BREAK,5861.98,6111.98,-250.0,250.0,4
4427,1,2024-03-06,,CASH_BALANCE_BREAK,-2093.25,-3093.25,1000.0,1000.0,0
4428,2,2024-03-06,,CASH_BALANCE_BREAK,-599.6,-602.1,2.5,2.5,1
4429,2,2024-01-08,,CASH_BALANCE_BREAK,-556.11,-558.61,2.5,2.5,1
4430,1,2021-01-06,,CASH_BALANCE_BREAK,-380.07,-1380.07,1000.0,1000.0,0
4431,6,2024-03-23,,CASH_BALANCE_BREAK,-78.73,-94.23,15.5,15.5,6
4432,1,2023-12-23,,CASH_BALANCE_BREAK,-1607.54,-2607.54,1000.0,1000.0,0
4433,2,2024-02-25,,CASH_BALANCE_BREAK,-552.54,-555.04,2.5,2.5,1
4434,5,2021-12-23,,CASH_BALANCE_BREAK,1868.52,2118.52,-250.0,250.0,4
4435,2,2022-03-25,,CASH_BALANCE_BREAK,-1369.24,-1371.74,2.5,2.5,1
4436,1,2024-02-09,,CASH_BALANCE_BREAK,-1680.97,-2680.97,1000.0,1000.0,0
4437,2,2023-03-14,,CASH_BALANCE_BREAK,-820.18,-822.68,2.5,2.5,1
4438,5,2022-08-11,,CASH_BALANCE_BREAK,4451.23,4701.23,-250.0,250.0,4
4439,5,2022-09-30,,CASH_BALANCE_BREAK,4464.85,4714.85,-250.0,250.0,4
4440,1,2023-03-01,,CASH_BALANCE_BREAK,-1261.89,-2261.89,1000.0,1000.0,0
4441,6,2023-01-27,,CASH_BALANCE_BREAK,-1722.08,-1737.58,15.5,15.5,6
4442,1,2024-05-06,,CASH_BALANCE_BREAK,-449.81,-1449.81,1000.0,1000.0,0
4443,6,2024-02-12,,CASH_BALANCE_BREAK,-89.71,-105.21,15.5,15.5,6
4444,6,2024-04-08,,CASH_BALANCE_BREAK,1347.22,1331.72,15.5,15.5,6
4445,6,2024-04-24,,CASH_BALANCE_BREAK,1347.22,1331.72,15.5,15.5,6
4446,5,2023-03-02,,CASH_BALANCE_BREAK,5626.14,5876.14,-250.0,250.0,4
4447,5,2022-04-24,,CASH_BALANCE_BREAK,3198.78,3448.78,-250.0,250.0,4
4448,6,2022-04-24,,CASH_BALANCE_BREAK,-2440.99,-2456.49,15.5,15.5,6
4449,1,2024-03-01,,CASH_BALANCE_BREAK,-1680.97,-2680.97,1000.0,1000.0,0
4450,1,2024-04-23,,CASH_BALANCE_BREAK,-976.78,-1976.78,1000.0,1000.0,0
4451,1,2024-02-01,,CASH_BALANCE_BREAK,-1680.98,-2680.98,1000.0,1000.0,0
4452,1,2024-02-11,,CASH_BALANCE_BREAK,-1680.97,-2680.97,1000.0,1000.0,0
4453,1,2024-01-07,,CASH_BALANCE_BREAK,-1607.54,-2607.54,1000.0,1000.0,0
4454,6,2024-01-07,,CASH_BALANCE_BREAK,-79.65,-95.15,15.5,15.5,6
4455,4,2021-11-02,AAPL,SHARE_QUANTITY_BREAK,20.0,30.0,-10.0,1500.0,3
4456,4,2022-01-03,AAPL,SHARE_QUANTITY_BREAK,20.0,30.0,-10.0,1500.0,3
4457,4,2021-11-10,AAPL,SHARE_QUANTITY_BREAK,20.0,30.0,-10.0,1500.0,3
4458,4,2021-07-27,AAPL,SHARE_QUANTITY_BREAK,20.0,30.0,-10.0,1500.0,3
4459,4,2021-11-11,AAPL,SHARE_QUANTITY_BREAK,20.0,30.0,-10.0,1500.0,3
4460,4,2021-06-05,AAPL,SHARE_QUANTITY_BREAK,20.0,30.0,-10.0,1500.0,3
4461,4,2021-12-05,AAPL,SHARE_QUANTITY_BREAK,20.0,30.0,-10.0,1500.0,3
4462,4,2021-07-30,AAPL,SHARE_QUANTITY_BREAK,20.0,30.0,-10.0,1500.0,3
4463,4,2022-01-16,AAPL,SHARE_QUANTITY_BREAK,20.0,30.0,-10.0,1500.0,3
4464,4,2021-12-07,AAPL,SHARE_QUANTITY_BREAK,20.0,30.0,-10.0,1500.0,3
4465,4,2021-09-29,AAPL,SHARE_QUANTITY_BREAK,20.0,30.0,-10.0,1500.0,3
4466,4,2021-08-05,AAPL,SHARE_QUANTITY_BREAK,20.0,30.0,-10.0,1500.0,3
4467,4,2021-11-03,AAPL,SHARE_QUANTITY_BREAK,20.0,30.0,-10.0,1500.0,3
4468,4,2021-06-20,AAPL,SHARE_QUANTITY_BREAK,20.0,30.0,-10.0,1500.0,3
4469,4,2021-08-10,AAPL,SHARE_QUANTITY_BREAK,20.0,30.0,-10.0,1500.0,3
4470,4,2021-12-10,AAPL,SHARE_QUANTITY_BREAK,20.0,30.0,-10.0,1500.0,3
4471,4,2021-12-17,AAPL,SHARE_QUANTITY_BREAK,20.0,30.0,-10.0,1500.0,3
4472,4,2022-01-19,AAPL,SHARE_QUANTITY_BREAK,20.0,30.0,-10.0,1500.0,3
4473,4,2021-06-26,AAPL,SHARE_QUANTITY_BREAK,20.0,30.0,-10.0,1500.0,3
4474,4,2021-10-13,AAPL,SHARE_QUANTITY_BREAK,20.0,30.0,-10.0,1500.0,3
4475,4,2022-03-04,AAPL,SHARE_QUANTITY_BREAK,20.0,30.0,-10.0,1500.0,3
4476,4,2021-10-23,AAPL,SHARE_QUANTITY_BREAK,20.0,30.0,-10.0,1500.0,3
4477,4,2021-08-23,AAPL,SHARE_QUANTITY_BREAK,20.0,30.0,-10.0,1500.0,3
4478,4,2022-03-26,AAPL,SHARE_QUANTITY_BREAK,20.0,30.0,-10.0,1500.0,3
4479,4,2022-03-05,AAPL,SHARE_QUANTITY_BREAK,20.0,30.0,-10.0,1500.0,3
4480,4,2022-04-27,AAPL,SHARE_QUANTITY_BREAK,20.0,30.0,-10.0,1500.0,3
4481,4,2021-11-26,AAPL,SHARE_QUANTITY_BREAK,20.0,30.0,-10.0,1500.0,3
4482,4,2022-07-02,AAPL,SHARE_QUANTITY_BREAK,20.0,30.0,-10.0,1500.0,3
4483,4,2021-10-25,AAPL,SHARE_QUANTITY_BREAK,20.0,30.0,-10.0,1500.0,3
4484,4,2022-07-09,AAPL,SHARE_QUANTITY_BREAK,20.0,30.0,-10.0,1500.0,3
4485,4,2022-01-21,AAPL,SHARE_QUANTITY_BREAK,20.0,30.0,-10.0,1500.0,3
4486,4,2022-05-04,AAPL,SHARE_QUANTITY_BREAK,20.0,30.0,-10.0,1500.0,3
4487,4,2022-02-14,AAPL,SHARE_QUANTITY_BREAK,20.0,30.0,-10.0,1500.0,3
4488,4,2022-06-10,AAPL,SHARE_QUANTITY_BREAK,20.0,30.0,-10.0,1500.0,3
4489,4,2022-04-05,AAPL,SHARE_QUANTITY_BREAK,20.0,30.0,-10.0,1500.0,3
4490,4,2022-05-02,AAPL,SHARE_QUANTITY_BREAK,20.0,30.0,-10.0,1500.0,3
4491,4,2022-07-17,AAPL,SHARE_QUANTITY_BREAK,20.0,30.0,-10.0,1500.0,3
4492,4,2022-05-25,AAPL,SHARE_QUANTITY_BREAK,20.0,30.0,-10.0,1500.0,3
4493,4,2022-04-16,AAPL,SHARE_QUANTITY_BREAK,20.0,30.0,-10.0,1500.0,3
4494,4,2021-10-31,AAPL,SHARE_QUANTITY_BREAK,20.0,30.0,-10.0,1500.0,3
4495,4,2022-07-23,AAPL,SHARE_QUANTITY_BREAK,20.0,30.0,-10.0,1500.0,3
4496,4,2022-02-24,AAPL,SHARE_QUANTITY_BREAK,20.0,30.0,-10.0,1500.0,3
4497,4,2022-02-19,AAPL,SHARE_QUANTITY_BREAK,20.0,30.0,-10.0,1500.0,3
4498,4,2022-11-29,AAPL,SHARE_QUANTITY_BREAK,20.0,30.0,-10.0,1500.0,3
4499,4,2022-05-09,AAPL,SHARE_QUANTITY_BREAK,20.0,30.0,-10.0,1500.0,3
4500,4,2022-06-13,AAPL,SHARE_QUANTITY_BREAK,20.0,30.0,-10.0,1500.0,3
4501,4,2022-09-11,AAPL,SHARE_QUANTITY_BREAK,20.0,30.0,-10.0,1500.0,3
4502,4,2022-10-26,AAPL,SHARE_QUANTITY_BREAK,20.0,30.0,-10.0,1500.0,3
4503,4,2022-12-02,AAPL,SHARE_QUANTITY_BREAK,20.0,30.0,-10.0,1500.0,3
4504,4,2022-09-30,AAPL,SHARE_QUANTITY_BREAK,20.0,30.0,-10.0,1500.0,3
4505,4,2022-11-30,AAPL,SHARE_QUANTITY_BREAK,20.0,30.0,-10.0,1500.0,3
4506,4,2022-05-12,AAPL,SHARE_QUANTITY_BREAK,20.0,30.0,-10.0,1500.0,3
4507,4,2022-08-24,AAPL,SHARE_QUANTITY_BREAK,20.0,30.0,-10.0,1500.0,3
4508,4,2022-08-23,AAPL,SHARE_QUANTITY_BREAK,20.0,30.0,-10.0,1500.0,3
4509,4,2022-11-13,AAPL,SHARE_QUANTITY_BREAK,20.0,30.0,-10.0,1500.0,3
4510,4,2022-10-21,AAPL,SHARE_QUANTITY_BREAK,20.0,30.0,-10.0,1500.0,3
4511,4,2022-09-22,AAPL,SHARE_QUANTITY_BREAK,20.0,30.0,-10.0,1500.0,3
4512,4,2021-06-08,AAPL,SHARE_QUANTITY_BREAK,20.0,30.0,-10.0,1500.0,3
4513,4,2021-06-06,AAPL,SHARE_QUANTITY_BREAK,20.0,30.0,-10.0,1500.0,3
4514,4,2021-06-14,AAPL,SHARE_QUANTITY_BREAK,20.0,30.0,-10.0,1500.0,3
4515,4,2021-07-31,AAPL,SHARE_QUANTITY_BREAK,20.0,30.0,-10.0,1500.0,3
4516,4,2022-01-30,AAPL,SHARE_QUANTITY_BREAK,20.0,30.0,-10.0,1500.0,3
4517,4,2022-01-09,AAPL,SHARE_QUANTITY_BREAK,20.0,30.0,-10.0,1500.0,3
4518,4,2021-08-03,AAPL,SHARE_QUANTITY_BREAK,20.0,30.0,-10.0,1500.0,3
4519,4,2021-06-17,AAPL,SHARE_QUANTITY_BREAK,20.0,30.0,-10.0,1500.0,3
4520,4,2021-07-26,AAPL,SHARE_QUANTITY_BREAK,20.0,30.0,-10.0,1500.0,3
4521,4,2022-01-01,AAPL,SHARE_QUANTITY_BREAK,20.0,30.0,-10.0,1500.0,3
4522,4,2021-12-06,AAPL,SHARE_QUANTITY_BREAK,20.0,30.0,-10.0,1500.0,3
4523,4,2021-12-08,AAPL,SHARE_QUANTITY_BREAK,20.0,30.0,-10.0,1500.0,3
4524,4,2021-11-07,AAPL,SHARE_QUANTITY_BREAK,20.0,30.0,-10.0,1500.0,3
4525,4,2021-09-04,AAPL,SHARE_QUANTITY_BREAK,20.0,30.0,-10.0,1500.0,3
4526,4,2022-02-02,AAPL,SHARE_QUANTITY_BREAK,20.0,30.0,-10.0,1500.0,3
4527,4,2021-12-03,AAPL,SHARE_QUANTITY_BREAK,20.0,30.0,-10.0,1500.0,3
4528,4,2021-11-14,AAPL,SHARE_QUANTITY_BREAK,20.0,30.0,-10.0,1500.0,3
4529,4,2021-10-16,AAPL,SHARE_QUANTITY_BREAK,20.0,30.0,-10.0,1500.0,3
4530,4,2021-06-30,AAPL,SHARE_QUANTITY_BREAK,20.0,30.0,-10.0,1500.0,3
4531,4,2021-10-11,AAPL,SHARE_QUANTITY_BREAK,20.0,30.0,-10.0,1500.0,3
4532,4,2021-12-21,AAPL,SHARE_QUANTITY_BREAK,20.0,30.0,-10.0,1500.0,3
4533,4,2021-08-14,AAPL,SHARE_QUANTITY_BREAK,20.0,30.0,-10.0,1500.0,3
4534,4,2021-12-01,AAPL,SHARE_QUANTITY_BREAK,20.0,30.0,-10.0,1500.0,3
4535,4,2021-09-15,AAPL,SHARE_QUANTITY_BREAK,20.0,30.0,-10.0,1500.0,3
4536,4,2022-05-03,AAPL,SHARE_QUANTITY_BREAK,20.0,30.0,-10.0,1500.0,3
4537,4,2022-04-07,AAPL,SHARE_QUANTITY_BREAK,20.0,30.0,-10.0,1500.0,3
4538,4,2022-02-13,AAPL,SHARE_QUANTITY_BREAK,20.0,30.0,-10.0,1500.0,3
4539,4,2022-04-06,AAPL,SHARE_QUANTITY_BREAK,20.0,30.0,-10.0,1500.0,3
4540,4,2022-03-19,AAPL,SHARE_QUANTITY_BREAK,20.0,30.0,-10.0,1500.0,3
4541,4,2022-07-08,AAPL,SHARE_QUANTITY_BREAK,20.0,30.0,-10.0,1500.0,3
4542,4,2021-10-24,AAPL,SHARE_QUANTITY_BREAK,20.0,30.0,-10.0,1500.0,3
4543,4,2022-05-06,AAPL,SHARE_QUANTITY_BREAK,20.0,30.0,-10.0,1500.0,3
4544,4,2022-04-09,AAPL,SHARE_QUANTITY_BREAK,20.0,30.0,-10.0,1500.0,3
4545,4,2022-05-05,AAPL,SHARE_QUANTITY_BREAK,20.0,30.0,-10.0,1500.0,3
4546,4,2022-07-16,AAPL,SHARE_QUANTITY_BREAK,20.0,30.0,-10.0,1500.0,3
4547,4,2022-04-12,AAPL,SHARE_QUANTITY_BREAK,20.0,30.0,-10.0,1500.0,3
4548,4,2022-10-22,AAPL,SHARE_QUANTITY_BREAK,20.0,30.0,-10.0,1500.0,3
4549,4,2022-01-28,AAPL,SHARE_QUANTITY_BREAK,20.0,30.0,-10.0,1500.0,3
4550,4,2022-08-28,AAPL,SHARE_QUANTITY_BREAK,20.0,30.0,-10.0,1500.0,3
4551,4,2022-02-23,AAPL,SHARE_QUANTITY_BREAK,20.0,30.0,-10.0,1500.0,3
4552,4,2022-06-01,AAPL,SHARE_QUANTITY_BREAK,20.0,30.0,-10.0,1500.0,3
4553,4,2022-01-23,AAPL,SHARE_QUANTITY_BREAK,20.0,30.0,-10.0,1500.0,3
4554,4,2022-09-13,AAPL,SHARE_QUANTITY_BREAK,20.0,30.0,-10.0,1500.0,3
4555,4,2022-08-01,AAPL,SHARE_QUANTITY_BREAK,20.0,30.0,-10.0,1500.0,3
4556,4,2022-08-25,AAPL,SHARE_QUANTITY_BREAK,20.0,30.0,-10.0,1500.0,3
4557,4,2022-02-26,AAPL,SHARE_QUANTITY_BREAK,20.0,30.0,-10.0,1500.0,3
4558,4,2022-05-13,AAPL,SHARE_QUANTITY_BREAK,20.0,30.0,-10.0,1500.0,3
4559,4,2022-10-20,AAPL,SHARE_QUANTITY_BREAK,20.0,30.0,-10.0,1500.0,3
4560,4,2022-11-17,AAPL,SHARE_QUANTITY_BREAK,20.0,30.0,-10.0,1500.0,3
4561,4,2022-09-04,AAPL,SHARE_QUANTITY_BREAK,20.0,30.0,-10.0,1500.0,3
4562,4,2022-09-21,AAPL,SHARE_QUANTITY_BREAK,20.0,30.0,-10.0,1500.0,3
4563,4,2022-12-04,AAPL,SHARE_QUANTITY_BREAK,20.0,30.0,-10.0,1500.0,3
4564,4,2022-09-12,AAPL,SHARE_QUANTITY_BREAK,20.0,30.0,-10.0,1500.0,3
4565,4,2022-12-22,AAPL,SHARE_QUANTITY_BREAK,20.0,30.0,-10.0,1500.0,3
4566,4,2022-09-23,AAPL,SHARE_QUANTITY_BREAK,20.0,30.0,-10.0,1500.0,3
4567,4,2022-09-20,AAPL,SHARE_QUANTITY_BREAK,20.0,30.0,-10.0,1500.0,3
4568,4,2023-01-15,AAPL,SHARE_QUANTITY_BREAK,20.0,30.0,-10.0,1500.0,3
4569,4,2021-07-24,AAPL,SHARE_QUANTITY_BREAK,20.0,30.0,-10.0,1500.0,3
4570,4,2022-01-06,AAPL,SHARE_QUANTITY_BREAK,20.0,30.0,-10.0,1500.0,3
4571,4,2021-09-23,AAPL,SHARE_QUANTITY_BREAK,20.0,30.0,-10.0,1500.0,3
4572,4,2021-08-01,AAPL,SHARE_QUANTITY_BREAK,20.0,30.0,-10.0,1500.0,3
4573,4,2022-01-15,AAPL,SHARE_QUANTITY_BREAK,20.0,30.0,-10.0,1500.0,3
4574,4,2021-06-11,AAPL,SHARE_QUANTITY_BREAK,20.0,30.0,-10.0,1500.0,3
4575,4,2021-10-09,AAPL,SHARE_QUANTITY_BREAK,20.0,30.0,-10.0,1500.0,3
4576,4,2021-11-01,AAPL,SHARE_QUANTITY_BREAK,20.0,30.0,-10.0,1500.0,3
4577,4,2021-10-01,AAPL,SHARE_QUANTITY_BREAK,20.0,30.0,-10.0,1500.0,3
4578,4,2021-06-22,AAPL,SHARE_QUANTITY_BREAK,20.0,30.0,-10.0,1500.0,3
4579,4,2022-03-03,AAPL,SHARE_QUANTITY_BREAK,20.0,30.0,-10.0,1500.0,3
4580,4,2021-10-14,AAPL,SHARE_QUANTITY_BREAK,20.0,30.0,-10.0,1500.0,3
4581,4,2022-02-28,AAPL,SHARE_QUANTITY_BREAK,20.0,30.0,-10.0,1500.0,3
4582,4,2022-03-08,AAPL,SHARE_QUANTITY_BREAK,20.0,30.0,-10.0,1500.0,3
4583,4,2021-10-22,AAPL,SHARE_QUANTITY_BREAK,20.0,30.0,-10.0,1500.0,3
4584,4,2021-11-25,AAPL,SHARE_QUANTITY_BREAK,20.0,30.0,-10.0,1500.0,3
4585,4,2021-10-17,AAPL,SHARE_QUANTITY_BREAK,20.0,30.0,-10.0,1500.0,3
4586,4,2022-04-25,AAPL,SHARE_QUANTITY_BREAK,20.0,30.0,-10.0,1500.0,3
4587,4,2021-08-11,AAPL,SHARE_QUANTITY_BREAK,20.0,30.0,-10.0,1500.0,3
4588,4,2022-03-09,AAPL,SHARE_QUANTITY_BREAK,20.0,30.0,-10.0,1500.0,3
4589,4,2022-04-01,AAPL,SHARE_QUANTITY_BREAK,20.0,30.0,-10.0,1500.0,3
4590,4,2022-03-30,AAPL,SHARE_QUANTITY_BREAK,20.0,30.0,-10.0,1500.0,3
4591,4,2022-07-27,AAPL,SHARE_QUANTITY_BREAK,20.0,30.0,-10.0,1500.0,3
4592,4,2022-03-29,AAPL,SHARE_QUANTITY_BREAK,20.0,30.0,-10.0,1500.0,3
4593,4,2021-06-01,AAPL,SHARE_QUANTITY_BREAK,20.0,30.0,-10.0,1500.0,3
4594,4,2022-07-13,AAPL,SHARE_QUANTITY_BREAK,20.0,30.0,-10.0,1500.0,3
4595,4,2022-01-22,AAPL,SHARE_QUANTITY_BREAK,20.0,30.0,-10.0,1500.0,3
4596,4,2021-07-11,AAPL,SHARE_QUANTITY_BREAK,20.0,30.0,-10.0,1500.0,3
4597,4,2021-07-10,AAPL,SHARE_QUANTITY_BREAK,20.0,30.0,-10.0,1500.0,3
4598,4,2022-08-17,AAPL,SHARE_QUANTITY_BREAK,20.0,30.0,-10.0,1500.0,3
4599,4,2021-07-16,AAPL,SHARE_QUANTITY_BREAK,20.0,30.0,-10.0,1500.0,3
4600,4,2021-11-30,AAPL,SHARE_QUANTITY_BREAK,20.0,30.0,-10.0,1500.0,3
4601,4,2022-02-20,AAPL,SHARE_QUANTITY_BREAK,20.0,30.0,-10.0,1500.0,3
4602,4,2022-10-25,AAPL,SHARE_QUANTITY_BREAK,20.0,30.0,-10.0,1500.0,3
4603,4,2022-08-19,AAPL,SHARE_QUANTITY_BREAK,20.0,30.0,-10.0,1500.0,3
4604,4,2022-08-22,AAPL,SHARE_QUANTITY_BREAK,20.0,30.0,-10.0,1500.0,3
4605,4,2022-05-11,AAPL,SHARE_QUANTITY_BREAK,20.0,30.0,-10.0,1500.0,3
4606,4,2022-07-19,AAPL,SHARE_QUANTITY_BREAK,20.0,30.0,-10.0,1500.0,3
4607,4,2022-05-08,AAPL,SHARE_QUANTITY_BREAK,20.0,30.0,-10.0,1500.0,3
4608,4,2022-06-17,AAPL,SHARE_QUANTITY_BREAK,20.0,30.0,-10.0,1500.0,3
4609,4,2022-06-12,AAPL,SHARE_QUANTITY_BREAK,20.0,30.0,-10.0,1500.0,3
4610,4,2022-12-03,AAPL,SHARE_QUANTITY_BREAK,20.0,30.0,-10.0,1500.0,3
4611,4,2022-12-01,AAPL,SHARE_QUANTITY_BREAK,20.0,30.0,-10.0,1500.0,3
4612,4,2022-11-12,AAPL,SHARE_QUANTITY_BREAK,20.0,30.0,-10.0,1500.0,3
4613,4,2022-06-25,AAPL,SHARE_QUANTITY_BREAK,20.0,30.0,-10.0,1500.0,3
4614,4,2022-06-22,AAPL,SHARE_QUANTITY_BREAK,20.0,30.0,-10.0,1500.0,3
4615,4,2022-09-07,AAPL,SHARE_QUANTITY_BREAK,20.0,30.0,-10.0,1500.0,3
4616,4,2022-09-05,AAPL,SHARE_QUANTITY_BREAK,20.0,30.0,-10.0,1500.0,3
4617,4,2022-12-11,AAPL,SHARE_QUANTITY_BREAK,20.0,30.0,-10.0,1500.0,3
4618,4,2022-10-01,AAPL,SHARE_QUANTITY_BREAK,20.0,30.0,-10.0,1500.0,3
4619,4,2022-10-04,AAPL,SHARE_QUANTITY_BREAK,20.0,30.0,-10.0,1500.0,3
4620,4,2022-08-27,AAPL,SHARE_QUANTITY_BREAK,20.0,30.0,-10.0,1500.0,3
4621,4,2023-01-12,AAPL,SHARE_QUANTITY_BREAK,20.0,30.0,-10.0,1500.0,3
4622,4,2022-11-20,AAPL,SHARE_QUANTITY_BREAK,20.0,30.0,-10.0,1500.0,3
4623,4,2022-10-28,AAPL,SHARE_QUANTITY_BREAK,20.0,30.0,-10.0,1500.0,3
4624,4,2022-12-12,AAPL,SHARE_QUANTITY_BREAK,20.0,30.0,-10.0,1500.0,3
4625,4,2022-10-03,AAPL,SHARE_QUANTITY_BREAK,20.0,30.0,-10.0,1500.0,3
4626,4,2022-01-05,AAPL,SHARE_QUANTITY_BREAK,20.0,30.0,-10.0,1500.0,3
4627,4,2021-09-03,AAPL,SHARE_QUANTITY_BREAK,20.0,30.0,-10.0,1500.0,3
4628,4,2021-08-28,AAPL,SHARE_QUANTITY_BREAK,20.0,30.0,-10.0,1500.0,3
4629,4,2021-12-09,AAPL,SHARE_QUANTITY_BREAK,20.0,30.0,-10.0,1500.0,3
4630,4,2021-07-28,AAPL,SHARE_QUANTITY_BREAK,20.0,30.0,-10.0,1500.0,3
4631,4,2021-06-15,AAPL,SHARE_QUANTITY_BREAK,20.0,30.0,-10.0,1500.0,3
4632,4,2021-09-16,AAPL,SHARE_QUANTITY_BREAK,20.0,30.0,-10.0,1500.0,3
4633,4,2021-09-19,AAPL,SHARE_QUANTITY_BREAK,20.0,30.0,-10.0,1500.0,3
4634,4,2021-07-19,AAPL,SHARE_QUANTITY_BREAK,20.0,30.0,-10.0,1500.0,3
4635,4,2021-08-29,AAPL,SHARE_QUANTITY_BREAK,20.0,30.0,-10.0,1500.0,3
4636,4,2021-12-23,AAPL,SHARE_QUANTITY_BREAK,20.0,30.0,-10.0,1500.0,3
4637,4,2022-01-31,AAPL,SHARE_QUANTITY_BREAK,20.0,30.0,-10.0,1500.0,3
4638,4,2021-12-18,AAPL,SHARE_QUANTITY_BREAK,20.0,30.0,-10.0,1500.0,3
4639,4,2022-01-10,AAPL,SHARE_QUANTITY_BREAK,20.0,30.0,-10.0,1500.0,3
4640,4,2021-09-21,AAPL,SHARE_QUANTITY_BREAK,20.0,30.0,-10.0,1500.0,3
4641,4,2021-12-12,AAPL,SHARE_QUANTITY_BREAK,20.0,30.0,-10.0,1500.0,3
4642,4,2022-01-08,AAPL,SHARE_QUANTITY_BREAK,20.0,30.0,-10.0,1500.0,3
4643,4,2021-12-25,AAPL,SHARE_QUANTITY_BREAK,20.0,30.0,-10.0,1500.0,3
4644,4,2021-12-26,AAPL,SHARE_QUANTITY_BREAK,20.0,30.0,-10.0,1500.0,3
4645,4,2021-11-19,AAPL,SHARE_QUANTITY_BREAK,20.0,30.0,-10.0,1500.0,3
4646,4,2021-06-23,AAPL,SHARE_QUANTITY_BREAK,20.0,30.0,-10.0,1500.0,3
4647,4,2021-10-20,AAPL,SHARE_QUANTITY_BREAK,20.0,30.0,-10.0,1500.0,3
4648,4,2021-11-24,AAPL,SHARE_QUANTITY_BREAK,20.0,30.0,-10.0,1500.0,3
4649,4,2021-11-21,AAPL,SHARE_QUANTITY_BREAK,20.0,30.0,-10.0,1500.0,3
4650,4,2021-07-04,AAPL,SHARE_QUANTITY_BREAK,20.0,30.0,-10.0,1500.0,3
4651,4,2022-04-24,AAPL,SHARE_QUANTITY_BREAK,20.0,30.0,-10.0,1500.0,3
4652,4,2022-03-10,AAPL,SHARE_QUANTITY_BREAK,20.0,30.0,-10.0,1500.0,3
4653,4,2022-02-01,AAPL,SHARE_QUANTITY_BREAK,20.0,30.0,-10.0,1500.0,3
4654,4,2022-02-08,AAPL,SHARE_QUANTITY_BREAK,20.0,30.0,-10.0,1500.0,3
4655,4,2022-03-17,AAPL,SHARE_QUANTITY_BREAK,20.0,30.0,-10.0,1500.0,3
4656,4,2022-06-08,AAPL,SHARE_QUANTITY_BREAK,20.0,30.0,-10.0,1500.0,3
4657,4,2022-07-18,AAPL,SHARE_QUANTITY_BREAK,20.0,30.0,-10.0,1500.0,3
4658,4,2022-07-10,AAPL,SHARE_QUANTITY_BREAK,20.0,30.0,-10.0,1500.0,3
4659,4,2021-11-29,AAPL,SHARE_QUANTITY_BREAK,20.0,30.0,-10.0,1500.0,3
4660,4,2022-05-20,AAPL,SHARE_QUANTITY_BREAK,20.0,30.0,-10.0,1500.0,3
4661,4,2022-03-18,AAPL,SHARE_QUANTITY_BREAK,20.0,30.0,-10.0,1500.0,3
4662,4,2022-07-15,AAPL,SHARE_QUANTITY_BREAK,20.0,30.0,-10.0,1500.0,3
4663,4,2022-06-11,AAPL,SHARE_QUANTITY_BREAK,20.0,30.0,-10.0,1500.0,3
4664,4,2022-01-24,AAPL,SHARE_QUANTITY_BREAK,20.0,30.0,-10.0,1500.0,3
4665,4,2022-09-09,AAPL,SHARE_QUANTITY_BREAK,20.0,30.0,-10.0,1500.0,3
4666,4,2022-03-23,AAPL,SHARE_QUANTITY_BREAK,20.0,30.0,-10.0,1500.0,3
4667,4,2022-10-23,AAPL,SHARE_QUANTITY_BREAK,20.0,30.0,-10.0,1500.0,3
4668,4,2022-09-08,AAPL,SHARE_QUANTITY_BREAK,20.0,30.0,-10.0,1500.0,3
4669,4,2022-08-16,AAPL,SHARE_QUANTITY_BREAK,20.0,30.0,-10.0,1500.0,3
4670,4,2022-08-31,AAPL,SHARE_QUANTITY_BREAK,20.0,30.0,-10.0,1500.0,3
4671,4,2022-06-18,AAPL,SHARE_QUANTITY_BREAK,20.0,30.0,-10.0,1500.0,3
4672,4,2022-11-14,AAPL,SHARE_QUANTITY_BREAK,20.0,30.0,-10.0,1500.0,3
4673,4,2022-10-02,AAPL,SHARE_QUANTITY_BREAK,20.0,30.0,-10.0,1500.0,3
4674,4,2023-01-13,AAPL,SHARE_QUANTITY_BREAK,20.0,30.0,-10.0,1500.0,3
4675,4,2023-01-08,AAPL,SHARE_QUANTITY_BREAK,20.0,30.0,-10.0,1500.0,3
4676,4,2022-11-16,AAPL,SHARE_QUANTITY_BREAK,20.0,30.0,-10.0,1500.0,3
4677,4,2022-10-05,AAPL,SHARE_QUANTITY_BREAK,20.0,30.0,-10.0,1500.0,3
4678,4,2022-10-31,AAPL,SHARE_QUANTITY_BREAK,20.0,30.0,-10.0,1500.0,3
4679,4,2022-10-07,AAPL,SHARE_QUANTITY_BREAK,20.0,30.0,-10.0,1500.0,3
4680,4,2022-09-19,AAPL,SHARE_QUANTITY_BREAK,20.0,30.0,-10.0,1500.0,3
4681,4,2023-01-19,AAPL,SHARE_QUANTITY_BREAK,20.0,30.0,-10.0,1500.0,3
4682,4,2022-08-07,AAPL,SHARE_QUANTITY_BREAK,20.0,30.0,-10.0,1500.0,3
4683,4,2021-08-24,AAPL,SHARE_QUANTITY_BREAK,20.0,30.0,-10.0,1500.0,3
4684,4,2021-07-18,AAPL,SHARE_QUANTITY_BREAK,20.0,30.0,-10.0,1500.0,3
4685,4,2022-01-04,AAPL,SHARE_QUANTITY_BREAK,20.0,30.0,-10.0,1500.0,3
4686,4,2022-01-07,AAPL,SHARE_QUANTITY_BREAK,20.0,30.0,-10.0,1500.0,3
4687,4,2022-01-12,AAPL,SHARE_QUANTITY_BREAK,20.0,30.0,-10.0,1500.0,3
4688,4,2022-01-17,AAPL,SHARE_QUANTITY_BREAK,20.0,30.0,-10.0,1500.0,3
4689,4,2021-09-12,AAPL,SHARE_QUANTITY_BREAK,20.0,30.0,-10.0,1500.0,3
4690,4,2021-10-08,AAPL,SHARE_QUANTITY_BREAK,20.0,30.0,-10.0,1500.0,3
4691,4,2021-12-22,AAPL,SHARE_QUANTITY_BREAK,20.0,30.0,-10.0,1500.0,3
4692,4,2021-08-08,AAPL,SHARE_QUANTITY_BREAK,20.0,30.0,-10.0,1500.0,3
4693,4,2021-09-22,AAPL,SHARE_QUANTITY_BREAK,20.0,30.0,-10.0,1500.0,3
4694,4,2021-06-19,AAPL,SHARE_QUANTITY_BREAK,20.0,30.0,-10.0,1500.0,3
4695,4,2021-11-23,AAPL,SHARE_QUANTITY_BREAK,20.0,30.0,-10.0,1500.0,3
4696,4,2021-10-06,AAPL,SHARE_QUANTITY_BREAK,20.0,30.0,-10.0,1500.0,3
4697,4,2021-06-24,AAPL,SHARE_QUANTITY_BREAK,20.0,30.0,-10.0,1500.0,3
4698,4,2021-12-16,AAPL,SHARE_QUANTITY_BREAK,20.0,30.0,-10.0,1500.0,3
4699,4,2021-11-22,AAPL,SHARE_QUANTITY_BREAK,20.0,30.0,-10.0,1500.0,3
4700,4,2021-11-17,AAPL,SHARE_QUANTITY_BREAK,20.0,30.0,-10.0,1500.0,3
4701,4,2021-08-17,AAPL,SHARE_QUANTITY_BREAK,20.0,30.0,-10.0,1500.0,3
4702,4,2022-05-16,AAPL,SHARE_QUANTITY_BREAK,20.0,30.0,-10.0,1500.0,3
4703,4,2021-08-27,AAPL,SHARE_QUANTITY_BREAK,20.0,30.0,-10.0,1500.0,3
4704,4,2021-09-06,AAPL,SHARE_QUANTITY_BREAK,20.0,30.0,-10.0,1500.0,3
4705,4,2022-04-28,AAPL,SHARE_QUANTITY_BREAK,20.0,30.0,-10.0,1500.0,3
4706,4,2021-07-03,AAPL,SHARE_QUANTITY_BREAK,20.0,30.0,-10.0,1500.0,3
4707,4,2021-06-27,AAPL,SHARE_QUANTITY_BREAK,20.0,30.0,-10.0,1500.0,3
4708,4,2021-07-05,AAPL,SHARE_QUANTITY_BREAK,20.0,30.0,-10.0,1500.0,3
4709,4,2022-03-16,AAPL,SHARE_QUANTITY_BREAK,20.0,30.0,-10.0,1500.0,3
4710,4,2021-07-13,AAPL,SHARE_QUANTITY_BREAK,20.0,30.0,-10.0,1500.0,3
4711,4,2021-11-09,AAPL,SHARE_QUANTITY_BREAK,20.0,30.0,-10.0,1500.0,3
4712,4,2022-07-06,AAPL,SHARE_QUANTITY_BREAK,20.0,30.0,-10.0,1500.0,3
4713,4,2022-02-10,AAPL,SHARE_QUANTITY_BREAK,20.0,30.0,-10.0,1500.0,3
4714,4,2022-05-21,AAPL,SHARE_QUANTITY_BREAK,20.0,30.0,-10.0,1500.0,3
4715,4,2022-07-05,AAPL,SHARE_QUANTITY_BREAK,20.0,30.0,-10.0,1500.0,3
4716,4,2022-05-19,AAPL,SHARE_QUANTITY_BREAK,20.0,30.0,-10.0,1500.0,3
4717,4,2021-10-29,AAPL,SHARE_QUANTITY_BREAK,20.0,30.0,-10.0,1500.0,3
4718,4,2022-01-25,AAPL,SHARE_QUANTITY_BREAK,20.0,30.0,-10.0,1500.0,3
4719,4,2022-04-30,AAPL,SHARE_QUANTITY_BREAK,20.0,30.0,-10.0,1500.0,3
4720,4,2022-07-21,AAPL,SHARE_QUANTITY_BREAK,20.0,30.0,-10.0,1500.0,3
4721,4,2022-05-22,AAPL,SHARE_QUANTITY_BREAK,20.0,30.0,-10.0,1500.0,3
4722,4,2022-07-14,AAPL,SHARE_QUANTITY_BREAK,20.0,30.0,-10.0,1500.0,3
4723,4,2022-06-15,AAPL,SHARE_QUANTITY_BREAK,20.0,30.0,-10.0,1500.0,3
4724,4,2022-07-03,AAPL,SHARE_QUANTITY_BREAK,20.0,30.0,-10.0,1500.0,3
4725,4,2022-05-24,AAPL,SHARE_QUANTITY_BREAK,20.0,30.0,-10.0,1500.0,3
4726,4,2022-05-29,AAPL,SHARE_QUANTITY_BREAK,20.0,30.0,-10.0,1500.0,3
4727,4,2021-12-30,AAPL,SHARE_QUANTITY_BREAK,20.0,30.0,-10.0,1500.0,3
4728,4,2022-07-30,AAPL,SHARE_QUANTITY_BREAK,20.0,30.0,-10.0,1500.0,3
4729,4,2022-07-22,AAPL,SHARE_QUANTITY_BREAK,20.0,30.0,-10.0,1500.0,3
4730,4,2022-04-20,AAPL,SHARE_QUANTITY_BREAK,20.0,30.0,-10.0,1500.0,3
4731,4,2022-10-19,AAPL,SHARE_QUANTITY_BREAK,20.0,30.0,-10.0,1500.0,3
4732,4,2022-06-20,AAPL,SHARE_QUANTITY_BREAK,20.0,30.0,-10.0,1500.0,3
4733,4,2022-11-18,AAPL,SHARE_QUANTITY_BREAK,20.0,30.0,-10.0,1500.0,3
4734,4,2022-09-10,AAPL,SHARE_QUANTITY_BREAK,20.0,30.0,-10.0,1500.0,3
4735,4,2023-01-10,AAPL,SHARE_QUANTITY_BREAK,20.0,30.0,-10.0,1500.0,3
4736,4,2022-08-04,AAPL,SHARE_QUANTITY_BREAK,20.0,30.0,-10.0,1500.0,3
4737,4,2023-01-18,AAPL,SHARE_QUANTITY_BREAK,20.0,30.0,-10.0,1500.0,3
4738,4,2022-01-27,AAPL,SHARE_QUANTITY_BREAK,20.0,30.0,-10.0,1500.0,3
4739,4,2023-03-25,AAPL,SHARE_QUANTITY_BREAK,20.0,30.0,-10.0,1500.0,3
4740,4,2021-09-08,AAPL,SHARE_QUANTITY_BREAK,20.0,30.0,-10.0,1500.0,3
4741,4,2021-09-02,AAPL,SHARE_QUANTITY_BREAK,20.0,30.0,-10.0,1500.0,3
4742,4,2021-09-13,AAPL,SHARE_QUANTITY_BREAK,20.0,30.0,-10.0,1500.0,3
4743,4,2021-06-10,AAPL,SHARE_QUANTITY_BREAK,20.0,30.0,-10.0,1500.0,3
4744,4,2021-06-18,AAPL,SHARE_QUANTITY_BREAK,20.0,30.0,-10.0,1500.0,3
4745,4,2021-09-24,AAPL,SHARE_QUANTITY_BREAK,20.0,30.0,-10.0,1500.0,3
4746,4,2021-12-15,AAPL,SHARE_QUANTITY_BREAK,20.0,30.0,-10.0,1500.0,3
4747,4,2021-08-26,AAPL,SHARE_QUANTITY_BREAK,20.0,30.0,-10.0,1500.0,3
4748,4,2021-10-10,AAPL,SHARE_QUANTITY_BREAK,20.0,30.0,-10.0,1500.0,3
4749,4,2021-06-13,AAPL,SHARE_QUANTITY_BREAK,20.0,30.0,-10.0,1500.0,3
4750,4,2021-12-31,AAPL,SHARE_QUANTITY_BREAK,20.0,30.0,-10.0,1500.0,3
4751,4,2022-03-02,AAPL,SHARE_QUANTITY_BREAK,20.0,30.0,-10.0,1500.0,3
4752,4,2021-08-20,AAPL,SHARE_QUANTITY_BREAK,20.0,30.0,-10.0,1500.0,3
4753,4,2021-08-21,AAPL,SHARE_QUANTITY_BREAK,20.0,30.0,-10.0,1500.0,3
4754,4,2022-01-13,AAPL,SHARE_QUANTITY_BREAK,20.0,30.0,-10.0,1500.0,3
4755,4,2021-11-13,AAPL,SHARE_QUANTITY_BREAK,20.0,30.0,-10.0,1500.0,3
4756,4,2021-08-04,AAPL,SHARE_QUANTITY_BREAK,20.0,30.0,-10.0,1500.0,3
4757,4,2021-10-12,AAPL,SHARE_QUANTITY_BREAK,20.0,30.0,-10.0,1500.0,3
4758,4,2021-12-02,AAPL,SHARE_QUANTITY_BREAK,20.0,30.0,-10.0,1500.0,3
4759,4,2021-10-02,AAPL,SHARE_QUANTITY_BREAK,20.0,30.0,-10.0,1500.0,3
4760,4,2021-07-07,AAPL,SHARE_QUANTITY_BREAK,20.0,30.0,-10.0,1500.0,3
4761,4,2022-07-04,AAPL,SHARE_QUANTITY_BREAK,20.0,30.0,-10.0,1500.0,3
4762,4,2022-07-07,AAPL,SHARE_QUANTITY_BREAK,20.0,30.0,-10.0,1500.0,3
4763,4,2022-02-09,AAPL,SHARE_QUANTITY_BREAK,20.0,30.0,-10.0,1500.0,3
4764,4,2022-07-12,AAPL,SHARE_QUANTITY_BREAK,20.0,30.0,-10.0,1500.0,3
4765,4,2022-01-02,AAPL,SHARE_QUANTITY_BREAK,20.0,30.0,-10.0,1500.0,3
4766,4,2022-03-15,AAPL,SHARE_QUANTITY_BREAK,20.0,30.0,-10.0,1500.0,3
4767,4,2022-05-01,AAPL,SHARE_QUANTITY_BREAK,20.0,30.0,-10.0,1500.0,3
4768,4,2021-06-04,AAPL,SHARE_QUANTITY_BREAK,20.0,30.0,-10.0,1500.0,3
4769,4,2022-07-28,AAPL,SHARE_QUANTITY_BREAK,20.0,30.0,-10.0,1500.0,3
4770,4,2022-04-08,AAPL,SHARE_QUANTITY_BREAK,20.0,30.0,-10.0,1500.0,3
4771,4,2022-03-31,AAPL,SHARE_QUANTITY_BREAK,20.0,30.0,-10.0,1500.0,3
4772,4,2022-05-28,AAPL,SHARE_QUANTITY_BREAK,20.0,30.0,-10.0,1500.0,3
4773,4,2022-03-20,AAPL,SHARE_QUANTITY_BREAK,20.0,30.0,-10.0,1500.0,3
4774,4,2022-05-23,AAPL,SHARE_QUANTITY_BREAK,20.0,30.0,-10.0,1500.0,3
4775,4,2022-05-15,AAPL,SHARE_QUANTITY_BREAK,20.0,30.0,-10.0,1500.0,3
4776,4,2022-02-17,AAPL,SHARE_QUANTITY_BREAK,20.0,30.0,-10.0,1500.0,3
4777,4,2022-06-03,AAPL,SHARE_QUANTITY_BREAK,20.0,30.0,-10.0,1500.0,3
4778,4,2022-02-22,AAPL,SHARE_QUANTITY_BREAK,20.0,30.0,-10.0,1500.0,3
4779,4,2022-04-19,AAPL,SHARE_QUANTITY_BREAK,20.0,30.0,-10.0,1500.0,3
4780,4,2022-08-21,AAPL,SHARE_QUANTITY_BREAK,20.0,30.0,-10.0,1500.0,3
4781,4,2022-11-11,AAPL,SHARE_QUANTITY_BREAK,20.0,30.0,-10.0,1500.0,3
4782,4,2022-09-16,AAPL,SHARE_QUANTITY_BREAK,20.0,30.0,-10.0,1500.0,3
4783,4,2022-12-07,AAPL,SHARE_QUANTITY_BREAK,20.0,30.0,-10.0,1500.0,3
4784,4,2022-09-14,AAPL,SHARE_QUANTITY_BREAK,20.0,30.0,-10.0,1500.0,3
4785,4,2022-07-31,AAPL,SHARE_QUANTITY_BREAK,20.0,30.0,-10.0,1500.0,3
4786,4,2023-01-11,AAPL,SHARE_QUANTITY_BREAK,20.0,30.0,-10.0,1500.0,3
4787,4,2022-08-03,AAPL,SHARE_QUANTITY_BREAK,20.0,30.0,-10.0,1500.0,3
4788,4,2022-06-23,AAPL,SHARE_QUANTITY_BREAK,20.0,30.0,-10.0,1500.0,3
4789,4,2022-10-08,AAPL,SHARE_QUANTITY_BREAK,20.0,30.0,-10.0,1500.0,3
4790,4,2022-11-01,AAPL,SHARE_QUANTITY_BREAK,20.0,30.0,-10.0,1500.0,3
4791,4,2022-12-24,AAPL,SHARE_QUANTITY_BREAK,20.0,30.0,-10.0,1500.0,3
4792,4,2022-11-19,AAPL,SHARE_QUANTITY_BREAK,20.0,30.0,-10.0,1500.0,3
4793,4,2022-11-22,AAPL,SHARE_QUANTITY_BREAK,20.0,30.0,-10.0,1500.0,3
4794,4,2022-08-05,AAPL,SHARE_QUANTITY_BREAK,20.0,30.0,-10.0,1500.0,3
4795,4,2022-06-24,AAPL,SHARE_QUANTITY_BREAK,20.0,30.0,-10.0,1500.0,3
4796,4,2022-09-27,AAPL,SHARE_QUANTITY_BREAK,20.0,30.0,-10.0,1500.0,3
4797,4,2021-09-28,AAPL,SHARE_QUANTITY_BREAK,20.0,30.0,-10.0,1500.0,3
4798,4,2021-09-25,AAPL,SHARE_QUANTITY_BREAK,20.0,30.0,-10.0,1500.0,3
4799,4,2021-11-04,AAPL,SHARE_QUANTITY_BREAK,20.0,30.0,-10.0,1500.0,3
4800,4,2021-08-25,AAPL,SHARE_QUANTITY_BREAK,20.0,30.0,-10.0,1500.0,3
4801,4,2021-09-09,AAPL,SHARE_QUANTITY_BREAK,20.0,30.0,-10.0,1500.0,3
4802,4,2021-07-21,AAPL,SHARE_QUANTITY_BREAK,20.0,30.0,-10.0,1500.0,3
4803,4,2021-06-16,AAPL,SHARE_QUANTITY_BREAK,20.0,30.0,-10.0,1500.0,3
4804,4,2021-11-12,AAPL,SHARE_QUANTITY_BREAK,20.0,30.0,-10.0,1500.0,3
4805,4,2021-12-13,AAPL,SHARE_QUANTITY_BREAK,20.0,30.0,-10.0,1500.0,3
4806,4,2021-09-07,AAPL,SHARE_QUANTITY_BREAK,20.0,30.0,-10.0,1500.0,3
4807,4,2021-08-30,AAPL,SHARE_QUANTITY_BREAK,20.0,30.0,-10.0,1500.0,3
4808,4,2021-12-14,AAPL,SHARE_QUANTITY_BREAK,20.0,30.0,-10.0,1500.0,3
4809,4,2022-01-14,AAPL,SHARE_QUANTITY_BREAK,20.0,30.0,-10.0,1500.0,3
4810,4,2021-09-20,AAPL,SHARE_QUANTITY_BREAK,20.0,30.0,-10.0,1500.0,3
4811,4,2021-07-23,AAPL,SHARE_QUANTITY_BREAK,20.0,30.0,-10.0,1500.0,3
4812,4,2021-12-19,AAPL,SHARE_QUANTITY_BREAK,20.0,30.0,-10.0,1500.0,3
4813,4,2022-02-04,AAPL,SHARE_QUANTITY_BREAK,20.0,30.0,-10.0,1500.0,3
4814,4,2021-08-19,AAPL,SHARE_QUANTITY_BREAK,20.0,30.0,-10.0,1500.0,3
4815,4,2021-07-02,AAPL,SHARE_QUANTITY_BREAK,20.0,30.0,-10.0,1500.0,3
4816,4,2021-12-29,AAPL,SHARE_QUANTITY_BREAK,20.0,30.0,-10.0,1500.0,3
4817,4,2021-12-27,AAPL,SHARE_QUANTITY_BREAK,20.0,30.0,-10.0,1500.0,3
4818,4,2021-09-30,AAPL,SHARE_QUANTITY_BREAK,20.0,30.0,-10.0,1500.0,3
4819,4,2021-09-14,AAPL,SHARE_QUANTITY_BREAK,20.0,30.0,-10.0,1500.0,3
4820,4,2021-11-20,AAPL,SHARE_QUANTITY_BREAK,20.0,30.0,-10.0,1500.0,3
4821,4,2022-03-11,AAPL,SHARE_QUANTITY_BREAK,20.0,30.0,-10.0,1500.0,3
4822,4,2021-10-27,AAPL,SHARE_QUANTITY_BREAK,20.0,30.0,-10.0,1500.0,3
4823,4,2021-10-21,AAPL,SHARE_QUANTITY_BREAK,20.0,30.0,-10.0,1500.0,3
4824,4,2022-07-11,AAPL,SHARE_QUANTITY_BREAK,20.0,30.0,-10.0,1500.0,3
4825,4,2022-01-20,AAPL,SHARE_QUANTITY_BREAK,20.0,30.0,-10.0,1500.0,3
4826,4,2022-03-13,AAPL,SHARE_QUANTITY_BREAK,20.0,30.0,-10.0,1500.0,3
4827,4,2022-07-24,AAPL,SHARE_QUANTITY_BREAK,20.0,30.0,-10.0,1500.0,3
4828,4,2021-08-22,AAPL,SHARE_QUANTITY_BREAK,20.0,30.0,-10.0,1500.0,3
4829,4,2022-07-29,AAPL,SHARE_QUANTITY_BREAK,20.0,30.0,-10.0,1500.0,3
4830,4,2022-02-18,AAPL,SHARE_QUANTITY_BREAK,20.0,30.0,-10.0,1500.0,3
4831,4,2022-02-15,AAPL,SHARE_QUANTITY_BREAK,20.0,30.0,-10.0,1500.0,3
4832,4,2022-11-10,AAPL,SHARE_QUANTITY_BREAK,20.0,30.0,-10.0,1500.0,3
4833,4,2021-11-15,AAPL,SHARE_QUANTITY_BREAK,20.0,30.0,-10.0,1500.0,3
4834,4,2022-09-18,AAPL,SHARE_QUANTITY_BREAK,20.0,30.0,-10.0,1500.0,3
4835,4,2022-12-19,AAPL,SHARE_QUANTITY_BREAK,20.0,30.0,-10.0,1500.0,3
4836,4,2023-01-07,AAPL,SHARE_QUANTITY_BREAK,20.0,30.0,-10.0,1500.0,3
4837,4,2023-01-09,AAPL,SHARE_QUANTITY_BREAK,20.0,30.0,-10.0,1500.0,3
4838,4,2022-09-15,AAPL,SHARE_QUANTITY_BREAK,20.0,30.0,-10.0,1500.0,3
4839,4,2022-10-27,AAPL,SHARE_QUANTITY_BREAK,20.0,30.0,-10.0,1500.0,3
4840,4,2022-10-06,AAPL,SHARE_QUANTITY_BREAK,20.0,30.0,-10.0,1500.0,3
4841,4,2022-10-30,AAPL,SHARE_QUANTITY_BREAK,20.0,30.0,-10.0,1500.0,3
4842,4,2022-12-09,AAPL,SHARE_QUANTITY_BREAK,20.0,30.0,-10.0,1500.0,3
4843,4,2022-06-06,AAPL,SHARE_QUANTITY_BREAK,20.0,30.0,-10.0,1500.0,3
4844,4,2022-11-15,AAPL,SHARE_QUANTITY_BREAK,20.0,30.0,-10.0,1500.0,3
4845,4,2022-06-27,AAPL,SHARE_QUANTITY_BREAK,20.0,30.0,-10.0,1500.0,3
4846,4,2022-11-26,AAPL,SHARE_QUANTITY_BREAK,20.0,30.0,-10.0,1500.0,3
4847,4,2022-10-11,AAPL,SHARE_QUANTITY_BREAK,20.0,30.0,-10.0,1500.0,3
4848,4,2023-03-11,AAPL,SHARE_QUANTITY_BREAK,20.0,30.0,-10.0,1500.0,3
4849,4,2022-11-04,AAPL,SHARE_QUANTITY_BREAK,20.0,30.0,-10.0,1500.0,3
4850,4,2022-12-25,AAPL,SHARE_QUANTITY_BREAK,20.0,30.0,-10.0,1500.0,3
4851,4,2022-11-02,AAPL,SHARE_QUANTITY_BREAK,20.0,30.0,-10.0,1500.0,3
4852,4,2022-10-09,AAPL,SHARE_QUANTITY_BREAK,20.0,30.0,-10.0,1500.0,3
4853,4,2022-08-11,AAPL,SHARE_QUANTITY_BREAK,20.0,30.0,-10.0,1500.0,3
4854,4,2021-12-04,AAPL,SHARE_QUANTITY_BREAK,20.0,30.0,-10.0,1500.0,3
4855,4,2021-09-27,AAPL,SHARE_QUANTITY_BREAK,20.0,30.0,-10.0,1500.0,3
4856,4,2021-09-26,AAPL,SHARE_QUANTITY_BREAK,20.0,30.0,-10.0,1500.0,3
4857,4,2021-08-31,AAPL,SHARE_QUANTITY_BREAK,20.0,30.0,-10.0,1500.0,3
4858,4,2021-07-22,AAPL,SHARE_QUANTITY_BREAK,20.0,30.0,-10.0,1500.0,3
4859,4,2021-10-07,AAPL,SHARE_QUANTITY_BREAK,20.0,30.0,-10.0,1500.0,3
4860,4,2021-09-05,AAPL,SHARE_QUANTITY_BREAK,20.0,30.0,-10.0,1500.0,3
4861,4,2022-01-11,AAPL,SHARE_QUANTITY_BREAK,20.0,30.0,-10.0,1500.0,3
4862,4,2021-10-15,AAPL,SHARE_QUANTITY_BREAK,20.0,30.0,-10.0,1500.0,3
4863,4,2021-08-02,AAPL,SHARE_QUANTITY_BREAK,20.0,30.0,-10.0,1500.0,3
4864,4,2021-07-01,AAPL,SHARE_QUANTITY_BREAK,20.0,30.0,-10.0,1500.0,3
4865,4,2022-02-27,AAPL,SHARE_QUANTITY_BREAK,20.0,30.0,-10.0,1500.0,3
4866,4,2022-04-26,AAPL,SHARE_QUANTITY_BREAK,20.0,30.0,-10.0,1500.0,3
4867,4,2021-06-07,AAPL,SHARE_QUANTITY_BREAK,20.0,30.0,-10.0,1500.0,3
4868,4,2021-07-20,AAPL,SHARE_QUANTITY_BREAK,20.0,30.0,-10.0,1500.0,3
4869,4,2021-11-16,AAPL,SHARE_QUANTITY_BREAK,20.0,30.0,-10.0,1500.0,3
4870,4,2021-08-12,AAPL,SHARE_QUANTITY_BREAK,20.0,30.0,-10.0,1500.0,3
4871,4,2021-10-18,AAPL,SHARE_QUANTITY_BREAK,20.0,30.0,-10.0,1500.0,3
4872,4,2022-02-03,AAPL,SHARE_QUANTITY_BREAK,20.0,30.0,-10.0,1500.0,3
4873,4,2021-10-26,AAPL,SHARE_QUANTITY_BREAK,20.0,30.0,-10.0,1500.0,3
4874,4,2021-10-28,AAPL,SHARE_QUANTITY_BREAK,20.0,30.0,-10.0,1500.0,3
4875,4,2022-07-01,AAPL,SHARE_QUANTITY_BREAK,20.0,30.0,-10.0,1500.0,3
4876,4,2022-05-17,AAPL,SHARE_QUANTITY_BREAK,20.0,30.0,-10.0,1500.0,3
4877,4,2021-08-13,AAPL,SHARE_QUANTITY_BREAK,20.0,30.0,-10.0,1500.0,3
4878,4,2022-03-28,AAPL,SHARE_QUANTITY_BREAK,20.0,30.0,-10.0,1500.0,3
4879,4,2021-11-18,AAPL,SHARE_QUANTITY_BREAK,20.0,30.0,-10.0,1500.0,3
4880,4,2021-06-02,AAPL,SHARE_QUANTITY_BREAK,20.0,30.0,-10.0,1500.0,3
4881,4,2022-07-26,AAPL,SHARE_QUANTITY_BREAK,20.0,30.0,-10.0,1500.0,3
4882,4,2022-04-03,AAPL,SHARE_QUANTITY_BREAK,20.0,30.0,-10.0,1500.0,3
4883,4,2021-11-27,AAPL,SHARE_QUANTITY_BREAK,20.0,30.0,-10.0,1500.0,3
4884,4,2022-07-25,AAPL,SHARE_QUANTITY_BREAK,20.0,30.0,-10.0,1500.0,3
4885,4,2021-07-14,AAPL,SHARE_QUANTITY_BREAK,20.0,30.0,-10.0,1500.0,3
4886,4,2022-03-07,AAPL,SHARE_QUANTITY_BREAK,20.0,30.0,-10.0,1500.0,3
4887,4,2022-04-11,AAPL,SHARE_QUANTITY_BREAK,20.0,30.0,-10.0,1500.0,3
4888,4,2022-07-20,AAPL,SHARE_QUANTITY_BREAK,20.0,30.0,-10.0,1500.0,3
4889,4,2022-01-29,AAPL,SHARE_QUANTITY_BREAK,20.0,30.0,-10.0,1500.0,3
4890,4,2022-10-24,AAPL,SHARE_QUANTITY_BREAK,20.0,30.0,-10.0,1500.0,3
4891,4,2022-10-18,AAPL,SHARE_QUANTITY_BREAK,20.0,30.0,-10.0,1500.0,3
4892,4,2022-11-08,AAPL,SHARE_QUANTITY_BREAK,20.0,30.0,-10.0,1500.0,3
4893,4,2022-09-06,AAPL,SHARE_QUANTITY_BREAK,20.0,30.0,-10.0,1500.0,3
4894,4,2022-08-29,AAPL,SHARE_QUANTITY_BREAK,20.0,30.0,-10.0,1500.0,3
4895,4,2022-12-05,AAPL,SHARE_QUANTITY_BREAK,20.0,30.0,-10.0,1500.0,3
4896,4,2022-02-25,AAPL,SHARE_QUANTITY_BREAK,20.0,30.0,-10.0,1500.0,3
4897,4,2022-12-08,AAPL,SHARE_QUANTITY_BREAK,20.0,30.0,-10.0,1500.0,3
4898,4,2022-08-26,AAPL,SHARE_QUANTITY_BREAK,20.0,30.0,-10.0,1500.0,3
4899,4,2022-12-10,AAPL,SHARE_QUANTITY_BREAK,20.0,30.0,-10.0,1500.0,3
4900,4,2022-11-21,AAPL,SHARE_QUANTITY_BREAK,20.0,30.0,-10.0,1500.0,3
4901,4,2022-04-18,AAPL,SHARE_QUANTITY_BREAK,20.0,30.0,-10.0,1500.0,3
4902,4,2022-09-01,AAPL,SHARE_QUANTITY_BREAK,20.0,30.0,-10.0,1500.0,3
4903,4,2022-09-24,AAPL,SHARE_QUANTITY_BREAK,20.0,30.0,-10.0,1500.0,3
4904,4,2022-03-25,AAPL,SHARE_QUANTITY_BREAK,20.0,30.0,-10.0,1500.0,3
4905,4,2023-01-30,AAPL,SHARE_QUANTITY_BREAK,20.0,30.0,-10.0,1500.0,3
4906,4,2022-12-13,AAPL,SHARE_QUANTITY_BREAK,20.0,30.0,-10.0,1500.0,3
4907,4,2023-01-16,AAPL,SHARE_QUANTITY_BREAK,20.0,30.0,-10.0,1500.0,3
4908,4,2022-10-10,AAPL,SHARE_QUANTITY_BREAK,20.0,30.0,-10.0,1500.0,3
4909,4,2022-08-10,AAPL,SHARE_QUANTITY_BREAK,20.0,30.0,-10.0,1500.0,3
4910,4,2022-06-29,AAPL,SHARE_QUANTITY_BREAK,20.0,30.0,-10.0,1500.0,3
4911,4,2021-09-10,AAPL,SHARE_QUANTITY_BREAK,20.0,30.0,-10.0,1500.0,3
4912,4,2021-11-05,AAPL,SHARE_QUANTITY_BREAK,20.0,30.0,-10.0,1500.0,3
4913,4,2021-09-18,AAPL,SHARE_QUANTITY_BREAK,20.0,30.0,-10.0,1500.0,3
4914,4,2021-09-11,AAPL,SHARE_QUANTITY_BREAK,20.0,30.0,-10.0,1500.0,3
4915,4,2021-07-17,AAPL,SHARE_QUANTITY_BREAK,20.0,30.0,-10.0,1500.0,3
4916,4,2021-11-08,AAPL,SHARE_QUANTITY_BREAK,20.0,30.0,-10.0,1500.0,3
4917,4,2021-10-05,AAPL,SHARE_QUANTITY_BREAK,20.0,30.0,-10.0,1500.0,3
4918,4,2021-10-04,AAPL,SHARE_QUANTITY_BREAK,20.0,30.0,-10.0,1500.0,3
4919,4,2021-06-21,AAPL,SHARE_QUANTITY_BREAK,20.0,30.0,-10.0,1500.0,3
4920,4,2021-08-15,AAPL,SHARE_QUANTITY_BREAK,20.0,30.0,-10.0,1500.0,3
4921,4,2022-01-18,AAPL,SHARE_QUANTITY_BREAK,20.0,30.0,-10.0,1500.0,3
4922,4,2022-02-06,AAPL,SHARE_QUANTITY_BREAK,20.0,30.0,-10.0,1500.0,3
4923,4,2021-06-29,AAPL,SHARE_QUANTITY_BREAK,20.0,30.0,-10.0,1500.0,3
4924,4,2021-08-18,AAPL,SHARE_QUANTITY_BREAK,20.0,30.0,-10.0,1500.0,3
4925,4,2021-07-06,AAPL,SHARE_QUANTITY_BREAK,20.0,30.0,-10.0,1500.0,3
4926,4,2021-12-28,AAPL,SHARE_QUANTITY_BREAK,20.0,30.0,-10.0,1500.0,3
4927,4,2021-12-20,AAPL,SHARE_QUANTITY_BREAK,20.0,30.0,-10.0,1500.0,3
4928,4,2021-06-28,AAPL,SHARE_QUANTITY_BREAK,20.0,30.0,-10.0,1500.0,3
4929,4,2021-07-25,AAPL,SHARE_QUANTITY_BREAK,20.0,30.0,-10.0,1500.0,3
4930,4,2021-06-12,AAPL,SHARE_QUANTITY_BREAK,20.0,30.0,-10.0,1500.0,3
4931,4,2021-08-07,AAPL,SHARE_QUANTITY_BREAK,20.0,30.0,-10.0,1500.0,3
4932,4,2021-07-09,AAPL,SHARE_QUANTITY_BREAK,20.0,30.0,-10.0,1500.0,3
4933,4,2022-03-12,AAPL,SHARE_QUANTITY_BREAK,20.0,30.0,-10.0,1500.0,3
4934,4,2021-07-12,AAPL,SHARE_QUANTITY_BREAK,20.0,30.0,-10.0,1500.0,3
4935,4,2022-02-11,AAPL,SHARE_QUANTITY_BREAK,20.0,30.0,-10.0,1500.0,3
4936,4,2022-04-29,AAPL,SHARE_QUANTITY_BREAK,20.0,30.0,-10.0,1500.0,3
4937,4,2022-05-18,AAPL,SHARE_QUANTITY_BREAK,20.0,30.0,-10.0,1500.0,3
4938,4,2022-02-16,AAPL,SHARE_QUANTITY_BREAK,20.0,30.0,-10.0,1500.0,3
4939,4,2022-04-02,AAPL,SHARE_QUANTITY_BREAK,20.0,30.0,-10.0,1500.0,3
4940,4,2022-06-16,AAPL,SHARE_QUANTITY_BREAK,20.0,30.0,-10.0,1500.0,3
4941,4,2022-05-26,AAPL,SHARE_QUANTITY_BREAK,20.0,30.0,-10.0,1500.0,3
4942,4,2022-01-26,AAPL,SHARE_QUANTITY_BREAK,20.0,30.0,-10.0,1500.0,3
4943,4,2022-08-18,AAPL,SHARE_QUANTITY_BREAK,20.0,30.0,-10.0,1500.0,3
4944,4,2022-04-10,AAPL,SHARE_QUANTITY_BREAK,20.0,30.0,-10.0,1500.0,3
4945,4,2022-05-07,AAPL,SHARE_QUANTITY_BREAK,20.0,30.0,-10.0,1500.0,3
4946,4,2022-11-09,AAPL,SHARE_QUANTITY_BREAK,20.0,30.0,-10.0,1500.0,3
4947,4,2022-08-15,AAPL,SHARE_QUANTITY_BREAK,20.0,30.0,-10.0,1500.0,3
4948,4,2022-08-02,AAPL,SHARE_QUANTITY_BREAK,20.0,30.0,-10.0,1500.0,3
4949,4,2022-04-21,AAPL,SHARE_QUANTITY_BREAK,20.0,30.0,-10.0,1500.0,3
4950,4,2022-04-13,AAPL,SHARE_QUANTITY_BREAK,20.0,30.0,-10.0,1500.0,3
4951,4,2022-09-17,AAPL,SHARE_QUANTITY_BREAK,20.0,30.0,-10.0,1500.0,3
4952,4,2022-12-21,AAPL,SHARE_QUANTITY_BREAK,20.0,30.0,-10.0,1500.0,3
4953,4,2022-06-02,AAPL,SHARE_QUANTITY_BREAK,20.0,30.0,-10.0,1500.0,3
4954,4,2022-05-10,AAPL,SHARE_QUANTITY_BREAK,20.0,30.0,-10.0,1500.0,3
4955,4,2022-06-26,AAPL,SHARE_QUANTITY_BREAK,20.0,30.0,-10.0,1500.0,3
4956,4,2022-05-31,AAPL,SHARE_QUANTITY_BREAK,20.0,30.0,-10.0,1500.0,3
4957,4,2023-01-14,AAPL,SHARE_QUANTITY_BREAK,20.0,30.0,-10.0,1500.0,3
4958,4,2023-01-29,AAPL,SHARE_QUANTITY_BREAK,20.0,30.0,-10.0,1500.0,3
4959,4,2023-03-08,AAPL,SHARE_QUANTITY_BREAK,20.0,30.0,-10.0,1500.0,3
4960,4,2022-12-29,AAPL,SHARE_QUANTITY_BREAK,20.0,30.0,-10.0,1500.0,3
4961,4,2022-12-16,AAPL,SHARE_QUANTITY_BREAK,20.0,30.0,-10.0,1500.0,3
4962,4,2022-06-05,AAPL,SHARE_QUANTITY_BREAK,20.0,30.0,-10.0,1500.0,3
4963,4,2023-03-10,AAPL,SHARE_QUANTITY_BREAK,20.0,30.0,-10.0,1500.0,3
4964,4,2023-03-13,AAPL,SHARE_QUANTITY_BREAK,20.0,30.0,-10.0,1500.0,3
4965,4,2023-03-29,AAPL,SHARE_QUANTITY_BREAK,20.0,30.0,-10.0,1500.0,3
4966,4,2023-02-22,AAPL,SHARE_QUANTITY_BREAK,20.0,30.0,-10.0,1500.0,3
4967,4,2023-03-26,AAPL,SHARE_QUANTITY_BREAK,20.0,30.0,-10.0,1500.0,3
4968,4,2021-11-06,AAPL,SHARE_QUANTITY_BREAK,20.0,30.0,-10.0,1500.0,3
4969,4,2021-09-01,AAPL,SHARE_QUANTITY_BREAK,20.0,30.0,-10.0,1500.0,3
4970,4,2021-06-09,AAPL,SHARE_QUANTITY_BREAK,20.0,30.0,-10.0,1500.0,3
4971,4,2021-12-11,AAPL,SHARE_QUANTITY_BREAK,20.0,30.0,-10.0,1500.0,3
4972,4,2021-07-29,AAPL,SHARE_QUANTITY_BREAK,20.0,30.0,-10.0,1500.0,3
4973,4,2021-09-17,AAPL,SHARE_QUANTITY_BREAK,20.0,30.0,-10.0,1500.0,3
4974,4,2021-12-24,AAPL,SHARE_QUANTITY_BREAK,20.0,30.0,-10.0,1500.0,3
4975,4,2021-08-16,AAPL,SHARE_QUANTITY_BREAK,20.0,30.0,-10.0,1500.0,3
4976,4,2021-10-03,AAPL,SHARE_QUANTITY_BREAK,20.0,30.0,-10.0,1500.0,3
4977,4,2022-02-05,AAPL,SHARE_QUANTITY_BREAK,20.0,30.0,-10.0,1500.0,3
4978,4,2021-10-19,AAPL,SHARE_QUANTITY_BREAK,20.0,30.0,-10.0,1500.0,3
4979,4,2022-03-06,AAPL,SHARE_QUANTITY_BREAK,20.0,30.0,-10.0,1500.0,3
4980,4,2022-03-01,AAPL,SHARE_QUANTITY_BREAK,20.0,30.0,-10.0,1500.0,3
4981,4,2021-06-03,AAPL,SHARE_QUANTITY_BREAK,20.0,30.0,-10.0,1500.0,3
4982,4,2022-02-07,AAPL,SHARE_QUANTITY_BREAK,20.0,30.0,-10.0,1500.0,3
4983,4,2021-08-06,AAPL,SHARE_QUANTITY_BREAK,20.0,30.0,-10.0,1500.0,3
4984,4,2021-06-25,AAPL,SHARE_QUANTITY_BREAK,20.0,30.0,-10.0,1500.0,3
4985,4,2021-10-30,AAPL,SHARE_QUANTITY_BREAK,20.0,30.0,-10.0,1500.0,3
4986,4,2021-08-09,AAPL,SHARE_QUANTITY_BREAK,20.0,30.0,-10.0,1500.0,3
4987,4,2022-04-22,AAPL,SHARE_QUANTITY_BREAK,20.0,30.0,-10.0,1500.0,3
4988,4,2022-06-09,AAPL,SHARE_QUANTITY_BREAK,20.0,30.0,-10.0,1500.0,3
4989,4,2022-05-27,AAPL,SHARE_QUANTITY_BREAK,20.0,30.0,-10.0,1500.0,3
4990,4,2022-04-04,AAPL,SHARE_QUANTITY_BREAK,20.0,30.0,-10.0,1500.0,3
4991,4,2022-03-14,AAPL,SHARE_QUANTITY_BREAK,20.0,30.0,-10.0,1500.0,3
4992,4,2022-03-27,AAPL,SHARE_QUANTITY_BREAK,20.0,30.0,-10.0,1500.0,3
4993,4,2021-11-28,AAPL,SHARE_QUANTITY_BREAK,20.0,30.0,-10.0,1500.0,3
4994,4,2022-02-12,AAPL,SHARE_QUANTITY_BREAK,20.0,30.0,-10.0,1500.0,3
4995,4,2022-06-14,AAPL,SHARE_QUANTITY_BREAK,20.0,30.0,-10.0,1500.0,3
4996,4,2022-03-21,AAPL,SHARE_QUANTITY_BREAK,20.0,30.0,-10.0,1500.0,3
4997,4,2021-07-15,AAPL,SHARE_QUANTITY_BREAK,20.0,30.0,-10.0,1500.0,3
4998,4,2022-04-23,AAPL,SHARE_QUANTITY_BREAK,20.0,30.0,-10.0,1500.0,3
4999,4,2021-07-08,AAPL,SHARE_QUANTITY_BREAK,20.0,30.0,-10.0,1500.0,3
5000,4,2022-08-20,AAPL,SHARE_QUANTITY_BREAK,20.0,30.0,-10.0,1500.0,3
5001,4,2022-04-14,AAPL,SHARE_QUANTITY_BREAK,20.0,30.0,-10.0,1500.0,3
5002,4,2022-04-15,AAPL,SHARE_QUANTITY_BREAK,20.0,30.0,-10.0,1500.0,3
5003,4,2022-06-19,AAPL,SHARE_QUANTITY_BREAK,20.0,30.0,-10.0,1500.0,3
5004,4,2022-03-24,AAPL,SHARE_QUANTITY_BREAK,20.0,30.0,-10.0,1500.0,3
5005,4,2022-02-21,AAPL,SHARE_QUANTITY_BREAK,20.0,30.0,-10.0,1500.0,3
5006,4,2022-03-22,AAPL,SHARE_QUANTITY_BREAK,20.0,30.0,-10.0,1500.0,3
5007,4,2022-06-04,AAPL,SHARE_QUANTITY_BREAK,20.0,30.0,-10.0,1500.0,3
5008,4,2022-12-06,AAPL,SHARE_QUANTITY_BREAK,20.0,30.0,-10.0,1500.0,3
5009,4,2022-09-02,AAPL,SHARE_QUANTITY_BREAK,20.0,30.0,-10.0,1500.0,3
5010,4,2022-09-28,AAPL,SHARE_QUANTITY_BREAK,20.0,30.0,-10.0,1500.0,3
5011,4,2022-06-07,AAPL,SHARE_QUANTITY_BREAK,20.0,30.0,-10.0,1500.0,3
5012,4,2023-02-16,AAPL,SHARE_QUANTITY_BREAK,20.0,30.0,-10.0,1500.0,3
5013,4,2023-01-02,AAPL,SHARE_QUANTITY_BREAK,20.0,30.0,-10.0,1500.0,3
5014,4,2022-11-28,AAPL,SHARE_QUANTITY_BREAK,20.0,30.0,-10.0,1500.0,3
5015,4,2022-05-14,AAPL,SHARE_QUANTITY_BREAK,20.0,30.0,-10.0,1500.0,3
5016,4,2023-03-14,AAPL,SHARE_QUANTITY_BREAK,20.0,30.0,-10.0,1500.0,3
5017,4,2023-02-26,AAPL,SHARE_QUANTITY_BREAK,20.0,30.0,-10.0,1500.0,3
5018,4,2022-10-14,AAPL,SHARE_QUANTITY_BREAK,20.0,30.0,-10.0,1500.0,3
5019,4,2023-04-12,AAPL,SHARE_QUANTITY_BREAK,20.0,30.0,-10.0,1500.0,3
5020,4,2023-05-01,AAPL,SHARE_QUANTITY_BREAK,20.0,30.0,-10.0,1500.0,3
5021,4,2023-04-15,AAPL,SHARE_QUANTITY_BREAK,20.0,30.0,-10.0,1500.0,3
5022,4,2023-06-20,AAPL,SHARE_QUANTITY_BREAK,20.0,30.0,-10.0,1500.0,3
5023,4,2023-04-02,AAPL,SHARE_QUANTITY_BREAK,20.0,30.0,-10.0,1500.0,3
5024,4,2023-05-04,AAPL,SHARE_QUANTITY_BREAK,20.0,30.0,-10.0,1500.0,3
5025,4,2022-09-29,AAPL,SHARE_QUANTITY_BREAK,20.0,30.0,-10.0,1500.0,3
5026,4,2022-10-29,AAPL,SHARE_QUANTITY_BREAK,20.0,30.0,-10.0,1500.0,3
5027,4,2022-12-23,AAPL,SHARE_QUANTITY_BREAK,20.0,30.0,-10.0,1500.0,3
5028,4,2023-02-15,AAPL,SHARE_QUANTITY_BREAK,20.0,30.0,-10.0,1500.0,3
5029,4,2023-03-16,AAPL,SHARE_QUANTITY_BREAK,20.0,30.0,-10.0,1500.0,3
5030,4,2022-12-31,AAPL,SHARE_QUANTITY_BREAK,20.0,30.0,-10.0,1500.0,3
5031,4,2023-03-15,AAPL,SHARE_QUANTITY_BREAK,20.0,30.0,-10.0,1500.0,3
5032,4,2023-02-27,AAPL,SHARE_QUANTITY_BREAK,20.0,30.0,-10.0,1500.0,3
5033,4,2023-04-01,AAPL,SHARE_QUANTITY_BREAK,20.0,30.0,-10.0,1500.0,3
5034,4,2023-02-19,AAPL,SHARE_QUANTITY_BREAK,20.0,30.0,-10.0,1500.0,3
5035,4,2023-04-19,AAPL,SHARE_QUANTITY_BREAK,20.0,30.0,-10.0,1500.0,3
5036,4,2023-06-19,AAPL,SHARE_QUANTITY_BREAK,20.0,30.0,-10.0,1500.0,3
5037,4,2023-03-23,AAPL,SHARE_QUANTITY_BREAK,20.0,30.0,-10.0,1500.0,3
5038,4,2023-03-31,AAPL,SHARE_QUANTITY_BREAK,20.0,30.0,-10.0,1500.0,3
5039,4,2023-03-07,AAPL,SHARE_QUANTITY_BREAK,20.0,30.0,-10.0,1500.0,3
5040,4,2023-04-06,AAPL,SHARE_QUANTITY_BREAK,20.0,30.0,-10.0,1500.0,3
5041,4,2023-06-05,AAPL,SHARE_QUANTITY_BREAK,20.0,30.0,-10.0,1500.0,3
5042,4,2023-06-08,AAPL,SHARE_QUANTITY_BREAK,20.0,30.0,-10.0,1500.0,3
5043,4,2023-07-07,AAPL,SHARE_QUANTITY_BREAK,20.0,30.0,-10.0,1500.0,3
5044,4,2022-11-03,AAPL,SHARE_QUANTITY_BREAK,20.0,30.0,-10.0,1500.0,3
5045,4,2023-04-16,AAPL,SHARE_QUANTITY_BREAK,20.0,30.0,-10.0,1500.0,3
5046,4,2023-04-11,AAPL,SHARE_QUANTITY_BREAK,20.0,30.0,-10.0,1500.0,3
5047,4,2023-07-08,AAPL,SHARE_QUANTITY_BREAK,20.0,30.0,-10.0,1500.0,3
5048,4,2023-03-24,AAPL,SHARE_QUANTITY_BREAK,20.0,30.0,-10.0,1500.0,3
5049,4,2023-06-06,AAPL,SHARE_QUANTITY_BREAK,20.0,30.0,-10.0,1500.0,3
5050,4,2023-10-11,AAPL,SHARE_QUANTITY_BREAK,20.0,30.0,-10.0,1500.0,3
5051,4,2023-09-25,AAPL,SHARE_QUANTITY_BREAK,20.0,30.0,-10.0,1500.0,3
5052,4,2023-07-13,AAPL,SHARE_QUANTITY_BREAK,20.0,30.0,-10.0,1500.0,3
5053,4,2023-05-24,AAPL,SHARE_QUANTITY_BREAK,20.0,30.0,-10.0,1500.0,3
5054,4,2023-09-30,AAPL,SHARE_QUANTITY_BREAK,20.0,30.0,-10.0,1500.0,3
5055,4,2023-05-23,AAPL,SHARE_QUANTITY_BREAK,20.0,30.0,-10.0,1500.0,3
5056,4,2023-09-11,AAPL,SHARE_QUANTITY_BREAK,20.0,30.0,-10.0,1500.0,3
5057,4,2023-10-14,AAPL,SHARE_QUANTITY_BREAK,20.0,30.0,-10.0,1500.0,3
5058,4,2023-10-21,AAPL,SHARE_QUANTITY_BREAK,20.0,30.0,-10.0,1500.0,3
5059,4,2023-02-07,AAPL,SHARE_QUANTITY_BREAK,20.0,30.0,-10.0,1500.0,3
5060,4,2023-05-15,AAPL,SHARE_QUANTITY_BREAK,20.0,30.0,-10.0,1500.0,3
5061,4,2023-10-26,AAPL,SHARE_QUANTITY_BREAK,20.0,30.0,-10.0,1500.0,3
5062,4,2023-11-09,AAPL,SHARE_QUANTITY_BREAK,20.0,30.0,-10.0,1500.0,3
5063,4,2023-12-03,AAPL,SHARE_QUANTITY_BREAK,20.0,30.0,-10.0,1500.0,3
5064,4,2023-10-27,AAPL,SHARE_QUANTITY_BREAK,20.0,30.0,-10.0,1500.0,3
5065,4,2024-01-20,AAPL,SHARE_QUANTITY_BREAK,20.0,30.0,-10.0,1500.0,3
5066,4,2023-11-12,AAPL,SHARE_QUANTITY_BREAK,20.0,30.0,-10.0,1500.0,3
5067,4,2024-02-02,AAPL,SHARE_QUANTITY_BREAK,20.0,30.0,-10.0,1500.0,3
5068,4,2023-07-18,AAPL,SHARE_QUANTITY_BREAK,20.0,30.0,-10.0,1500.0,3
5069,4,2024-01-11,AAPL,SHARE_QUANTITY_BREAK,20.0,30.0,-10.0,1500.0,3
5070,4,2023-10-16,AAPL,SHARE_QUANTITY_BREAK,20.0,30.0,-10.0,1500.0,3
5071,4,2023-11-25,AAPL,SHARE_QUANTITY_BREAK,20.0,30.0,-10.0,1500.0,3
5072,4,2024-01-01,AAPL,SHARE_QUANTITY_BREAK,20.0,30.0,-10.0,1500.0,3
5073,4,2024-02-04,AAPL,SHARE_QUANTITY_BREAK,20.0,30.0,-10.0,1500.0,3
5074,4,2023-11-28,AAPL,SHARE_QUANTITY_BREAK,20.0,30.0,-10.0,1500.0,3
5075,4,2024-02-25,AAPL,SHARE_QUANTITY_BREAK,20.0,30.0,-10.0,1500.0,3
5076,4,2023-12-16,AAPL,SHARE_QUANTITY_BREAK,20.0,30.0,-10.0,1500.0,3
5077,4,2024-03-12,AAPL,SHARE_QUANTITY_BREAK,20.0,30.0,-10.0,1500.0,3
5078,4,2024-01-25,AAPL,SHARE_QUANTITY_BREAK,20.0,30.0,-10.0,1500.0,3
5079,4,2024-02-20,AAPL,SHARE_QUANTITY_BREAK,20.0,30.0,-10.0,1500.0,3
5080,4,2024-05-07,AAPL,SHARE_QUANTITY_BREAK,20.0,30.0,-10.0,1500.0,3
5081,4,2023-12-19,AAPL,SHARE_QUANTITY_BREAK,20.0,30.0,-10.0,1500.0,3
5082,4,2023-01-21,AAPL,SHARE_QUANTITY_BREAK,20.0,30.0,-10.0,1500.0,3
5083,4,2022-11-24,AAPL,SHARE_QUANTITY_BREAK,20.0,30.0,-10.0,1500.0,3
5084,4,2023-01-27,AAPL,SHARE_QUANTITY_BREAK,20.0,30.0,-10.0,1500.0,3
5085,4,2022-09-03,AAPL,SHARE_QUANTITY_BREAK,20.0,30.0,-10.0,1500.0,3
5086,4,2022-12-15,AAPL,SHARE_QUANTITY_BREAK,20.0,30.0,-10.0,1500.0,3
5087,4,2022-12-26,AAPL,SHARE_QUANTITY_BREAK,20.0,30.0,-10.0,1500.0,3
5088,4,2023-01-22,AAPL,SHARE_QUANTITY_BREAK,20.0,30.0,-10.0,1500.0,3
5089,4,2023-04-29,AAPL,SHARE_QUANTITY_BREAK,20.0,30.0,-10.0,1500.0,3
5090,4,2023-04-13,AAPL,SHARE_QUANTITY_BREAK,20.0,30.0,-10.0,1500.0,3
5091,4,2023-02-06,AAPL,SHARE_QUANTITY_BREAK,20.0,30.0,-10.0,1500.0,3
5092,4,2023-04-21,AAPL,SHARE_QUANTITY_BREAK,20.0,30.0,-10.0,1500.0,3
5093,4,2022-08-08,AAPL,SHARE_QUANTITY_BREAK,20.0,30.0,-10.0,1500.0,3
5094,4,2023-05-05,AAPL,SHARE_QUANTITY_BREAK,20.0,30.0,-10.0,1500.0,3
5095,4,2023-05-18,AAPL,SHARE_QUANTITY_BREAK,20.0,30.0,-10.0,1500.0,3
5096,4,2023-05-07,AAPL,SHARE_QUANTITY_BREAK,20.0,30.0,-10.0,1500.0,3
5097,4,2023-03-02,AAPL,SHARE_QUANTITY_BREAK,20.0,30.0,-10.0,1500.0,3
5098,4,2023-06-11,AAPL,SHARE_QUANTITY_BREAK,20.0,30.0,-10.0,1500.0,3
5099,4,2023-04-03,AAPL,SHARE_QUANTITY_BREAK,20.0,30.0,-10.0,1500.0,3
5100,4,2023-06-29,AAPL,SHARE_QUANTITY_BREAK,20.0,30.0,-10.0,1500.0,3
5101,4,2023-08-11,AAPL,SHARE_QUANTITY_BREAK,20.0,30.0,-10.0,1500.0,3
5102,4,2023-06-24,AAPL,SHARE_QUANTITY_BREAK,20.0,30.0,-10.0,1500.0,3
5103,4,2023-06-30,AAPL,SHARE_QUANTITY_BREAK,20.0,30.0,-10.0,1500.0,3
5104,4,2023-09-22,AAPL,SHARE_QUANTITY_BREAK,20.0,30.0,-10.0,1500.0,3
5105,4,2023-05-13,AAPL,SHARE_QUANTITY_BREAK,20.0,30.0,-10.0,1500.0,3
5106,4,2023-07-05,AAPL,SHARE_QUANTITY_BREAK,20.0,30.0,-10.0,1500.0,3
5107,4,2023-06-14,AAPL,SHARE_QUANTITY_BREAK,20.0,30.0,-10.0,1500.0,3
5108,4,2022-08-13,AAPL,SHARE_QUANTITY_BREAK,20.0,30.0,-10.0,1500.0,3
5109,4,2023-06-22,AAPL,SHARE_QUANTITY_BREAK,20.0,30.0,-10.0,1500.0,3
5110,4,2023-08-30,AAPL,SHARE_QUANTITY_BREAK,20.0,30.0,-10.0,1500.0,3
5111,4,2023-10-05,AAPL,SHARE_QUANTITY_BREAK,20.0,30.0,-10.0,1500.0,3
5112,4,2023-10-19,AAPL,SHARE_QUANTITY_BREAK,20.0,30.0,-10.0,1500.0,3
5113,4,2023-11-20,AAPL,SHARE_QUANTITY_BREAK,20.0,30.0,-10.0,1500.0,3
5114,4,2023-11-06,AAPL,SHARE_QUANTITY_BREAK,20.0,30.0,-10.0,1500.0,3
5115,4,2024-02-01,AAPL,SHARE_QUANTITY_BREAK,20.0,30.0,-10.0,1500.0,3
5116,4,2023-09-03,AAPL,SHARE_QUANTITY_BREAK,20.0,30.0,-10.0,1500.0,3
5117,4,2023-08-29,AAPL,SHARE_QUANTITY_BREAK,20.0,30.0,-10.0,1500.0,3
5118,4,2023-08-05,AAPL,SHARE_QUANTITY_BREAK,20.0,30.0,-10.0,1500.0,3
5119,4,2023-11-01,AAPL,SHARE_QUANTITY_BREAK,20.0,30.0,-10.0,1500.0,3
5120,4,2024-02-15,AAPL,SHARE_QUANTITY_BREAK,20.0,30.0,-10.0,1500.0,3
5121,4,2024-01-12,AAPL,SHARE_QUANTITY_BREAK,20.0,30.0,-10.0,1500.0,3
5122,4,2024-02-17,AAPL,SHARE_QUANTITY_BREAK,20.0,30.0,-10.0,1500.0,3
5123,4,2023-11-14,AAPL,SHARE_QUANTITY_BREAK,20.0,30.0,-10.0,1500.0,3
5124,4,2024-01-03,AAPL,SHARE_QUANTITY_BREAK,20.0,30.0,-10.0,1500.0,3
5125,4,2023-07-28,AAPL,SHARE_QUANTITY_BREAK,20.0,30.0,-10.0,1500.0,3
5126,4,2023-08-06,AAPL,SHARE_QUANTITY_BREAK,20.0,30.0,-10.0,1500.0,3
5127,4,2024-02-18,AAPL,SHARE_QUANTITY_BREAK,20.0,30.0,-10.0,1500.0,3
5128,4,2024-02-28,AAPL,SHARE_QUANTITY_BREAK,20.0,30.0,-10.0,1500.0,3
5129,4,2024-01-17,AAPL,SHARE_QUANTITY_BREAK,20.0,30.0,-10.0,1500.0,3
5130,4,2024-01-30,AAPL,SHARE_QUANTITY_BREAK,20.0,30.0,-10.0,1500.0,3
5131,4,2023-12-11,AAPL,SHARE_QUANTITY_BREAK,20.0,30.0,-10.0,1500.0,3
5132,4,2024-02-07,AAPL,SHARE_QUANTITY_BREAK,20.0,30.0,-10.0,1500.0,3
5133,4,2024-05-17,AAPL,SHARE_QUANTITY_BREAK,20.0,30.0,-10.0,1500.0,3
5134,4,2024-03-15,AAPL,SHARE_QUANTITY_BREAK,20.0,30.0,-10.0,1500.0,3
5135,4,2024-05-18,AAPL,SHARE_QUANTITY_BREAK,20.0,30.0,-10.0,1500.0,3
5136,4,2024-03-17,AAPL,SHARE_QUANTITY_BREAK,20.0,30.0,-10.0,1500.0,3
5137,4,2024-04-02,AAPL,SHARE_QUANTITY_BREAK,20.0,30.0,-10.0,1500.0,3
5138,4,2024-04-18,AAPL,SHARE_QUANTITY_BREAK,20.0,30.0,-10.0,1500.0,3
5139,4,2022-08-06,AAPL,SHARE_QUANTITY_BREAK,20.0,30.0,-10.0,1500.0,3
5140,4,2022-05-30,AAPL,SHARE_QUANTITY_BREAK,20.0,30.0,-10.0,1500.0,3
5141,4,2022-11-25,AAPL,SHARE_QUANTITY_BREAK,20.0,30.0,-10.0,1500.0,3
5142,4,2022-11-23,AAPL,SHARE_QUANTITY_BREAK,20.0,30.0,-10.0,1500.0,3
5143,4,2022-06-30,AAPL,SHARE_QUANTITY_BREAK,20.0,30.0,-10.0,1500.0,3
5144,4,2022-11-07,AAPL,SHARE_QUANTITY_BREAK,20.0,30.0,-10.0,1500.0,3
5145,4,2022-04-17,AAPL,SHARE_QUANTITY_BREAK,20.0,30.0,-10.0,1500.0,3
5146,4,2023-03-17,AAPL,SHARE_QUANTITY_BREAK,20.0,30.0,-10.0,1500.0,3
5147,4,2023-03-28,AAPL,SHARE_QUANTITY_BREAK,20.0,30.0,-10.0,1500.0,3
5148,4,2023-07-22,AAPL,SHARE_QUANTITY_BREAK,20.0,30.0,-10.0,1500.0,3
5149,4,2023-01-25,AAPL,SHARE_QUANTITY_BREAK,20.0,30.0,-10.0,1500.0,3
5150,4,2023-05-06,AAPL,SHARE_QUANTITY_BREAK,20.0,30.0,-10.0,1500.0,3
5151,4,2022-08-09,AAPL,SHARE_QUANTITY_BREAK,20.0,30.0,-10.0,1500.0,3
5152,4,2023-02-18,AAPL,SHARE_QUANTITY_BREAK,20.0,30.0,-10.0,1500.0,3
5153,4,2023-09-07,AAPL,SHARE_QUANTITY_BREAK,20.0,30.0,-10.0,1500.0,3
5154,4,2023-05-17,AAPL,SHARE_QUANTITY_BREAK,20.0,30.0,-10.0,1500.0,3
5155,4,2023-02-02,AAPL,SHARE_QUANTITY_BREAK,20.0,30.0,-10.0,1500.0,3
5156,4,2023-06-26,AAPL,SHARE_QUANTITY_BREAK,20.0,30.0,-10.0,1500.0,3
5157,4,2023-07-06,AAPL,SHARE_QUANTITY_BREAK,20.0,30.0,-10.0,1500.0,3
5158,4,2023-07-25,AAPL,SHARE_QUANTITY_BREAK,20.0,30.0,-10.0,1500.0,3
5159,4,2023-07-01,AAPL,SHARE_QUANTITY_BREAK,20.0,30.0,-10.0,1500.0,3
5160,4,2023-10-10,AAPL,SHARE_QUANTITY_BREAK,20.0,30.0,-10.0,1500.0,3
5161,4,2023-08-23,AAPL,SHARE_QUANTITY_BREAK,20.0,30.0,-10.0,1500.0,3
5162,4,2023-05-12,AAPL,SHARE_QUANTITY_BREAK,20.0,30.0,-10.0,1500.0,3
5163,4,2023-08-20,AAPL,SHARE_QUANTITY_BREAK,20.0,30.0,-10.0,1500.0,3
5164,4,2023-06-01,AAPL,SHARE_QUANTITY_BREAK,20.0,30.0,-10.0,1500.0,3
5165,4,2023-04-23,AAPL,SHARE_QUANTITY_BREAK,20.0,30.0,-10.0,1500.0,3
5166,4,2023-11-29,AAPL,SHARE_QUANTITY_BREAK,20.0,30.0,-10.0,1500.0,3
5167,4,2023-09-21,AAPL,SHARE_QUANTITY_BREAK,20.0,30.0,-10.0,1500.0,3
5168,4,2023-08-31,AAPL,SHARE_QUANTITY_BREAK,20.0,30.0,-10.0,1500.0,3
5169,4,2023-11-21,AAPL,SHARE_QUANTITY_BREAK,20.0,30.0,-10.0,1500.0,3
5170,4,2023-11-16,AAPL,SHARE_QUANTITY_BREAK,20.0,30.0,-10.0,1500.0,3
5171,4,2024-02-03,AAPL,SHARE_QUANTITY_BREAK,20.0,30.0,-10.0,1500.0,3
5172,4,2023-12-04,AAPL,SHARE_QUANTITY_BREAK,20.0,30.0,-10.0,1500.0,3
5173,4,2024-01-02,AAPL,SHARE_QUANTITY_BREAK,20.0,30.0,-10.0,1500.0,3
5174,4,2024-02-05,AAPL,SHARE_QUANTITY_BREAK,20.0,30.0,-10.0,1500.0,3
5175,4,2024-03-09,AAPL,SHARE_QUANTITY_BREAK,20.0,30.0,-10.0,1500.0,3
5176,4,2024-01-15,AAPL,SHARE_QUANTITY_BREAK,20.0,30.0,-10.0,1500.0,3
5177,4,2024-01-29,AAPL,SHARE_QUANTITY_BREAK,20.0,30.0,-10.0,1500.0,3
5178,4,2024-05-29,AAPL,SHARE_QUANTITY_BREAK,20.0,30.0,-10.0,1500.0,3
5179,4,2024-02-21,AAPL,SHARE_QUANTITY_BREAK,20.0,30.0,-10.0,1500.0,3
5180,4,2023-12-20,AAPL,SHARE_QUANTITY_BREAK,20.0,30.0,-10.0,1500.0,3
5181,4,2024-03-14,AAPL,SHARE_QUANTITY_BREAK,20.0,30.0,-10.0,1500.0,3
5182,4,2023-12-17,AAPL,SHARE_QUANTITY_BREAK,20.0,30.0,-10.0,1500.0,3
5183,4,2024-02-06,AAPL,SHARE_QUANTITY_BREAK,20.0,30.0,-10.0,1500.0,3
5184,4,2024-03-13,AAPL,SHARE_QUANTITY_BREAK,20.0,30.0,-10.0,1500.0,3
5185,4,2024-05-19,AAPL,SHARE_QUANTITY_BREAK,20.0,30.0,-10.0,1500.0,3
5186,4,2024-03-19,AAPL,SHARE_QUANTITY_BREAK,20.0,30.0,-10.0,1500.0,3
5187,4,2024-04-25,AAPL,SHARE_QUANTITY_BREAK,20.0,30.0,-10.0,1500.0,3
5188,4,2023-08-04,AAPL,SHARE_QUANTITY_BREAK,20.0,30.0,-10.0,1500.0,3
5189,4,2024-06-14,AAPL,SHARE_QUANTITY_BREAK,20.0,30.0,-10.0,1500.0,3
5190,4,2024-06-12,AAPL,SHARE_QUANTITY_BREAK,20.0,30.0,-10.0,1500.0,3
5191,4,2024-04-04,AAPL,SHARE_QUANTITY_BREAK,20.0,30.0,-10.0,1500.0,3
5192,4,2024-02-24,AAPL,SHARE_QUANTITY_BREAK,20.0,30.0,-10.0,1500.0,3
5193,4,2024-05-24,AAPL,SHARE_QUANTITY_BREAK,20.0,30.0,-10.0,1500.0,3
5194,4,2024-04-01,AAPL,SHARE_QUANTITY_BREAK,20.0,30.0,-10.0,1500.0,3
5195,4,2024-04-22,AAPL,SHARE_QUANTITY_BREAK,20.0,30.0,-10.0,1500.0,3
5196,4,2022-12-14,AAPL,SHARE_QUANTITY_BREAK,20.0,30.0,-10.0,1500.0,3
5197,4,2022-09-25,AAPL,SHARE_QUANTITY_BREAK,20.0,30.0,-10.0,1500.0,3
5198,4,2022-12-30,AAPL,SHARE_QUANTITY_BREAK,20.0,30.0,-10.0,1500.0,3
5199,4,2023-03-30,AAPL,SHARE_QUANTITY_BREAK,20.0,30.0,-10.0,1500.0,3
5200,4,2022-08-14,AAPL,SHARE_QUANTITY_BREAK,20.0,30.0,-10.0,1500.0,3
5201,4,2023-02-05,AAPL,SHARE_QUANTITY_BREAK,20.0,30.0,-10.0,1500.0,3
5202,4,2023-04-17,AAPL,SHARE_QUANTITY_BREAK,20.0,30.0,-10.0,1500.0,3
5203,4,2023-06-07,AAPL,SHARE_QUANTITY_BREAK,20.0,30.0,-10.0,1500.0,3
5204,4,2023-02-23,AAPL,SHARE_QUANTITY_BREAK,20.0,30.0,-10.0,1500.0,3
5205,4,2022-12-20,AAPL,SHARE_QUANTITY_BREAK,20.0,30.0,-10.0,1500.0,3
5206,4,2023-07-09,AAPL,SHARE_QUANTITY_BREAK,20.0,30.0,-10.0,1500.0,3
5207,4,2023-02-24,AAPL,SHARE_QUANTITY_BREAK,20.0,30.0,-10.0,1500.0,3
5208,4,2023-06-25,AAPL,SHARE_QUANTITY_BREAK,20.0,30.0,-10.0,1500.0,3
5209,4,2023-06-09,AAPL,SHARE_QUANTITY_BREAK,20.0,30.0,-10.0,1500.0,3
5210,4,2023-06-02,AAPL,SHARE_QUANTITY_BREAK,20.0,30.0,-10.0,1500.0,3
5211,4,2023-03-20,AAPL,SHARE_QUANTITY_BREAK,20.0,30.0,-10.0,1500.0,3
5212,4,2023-04-25,AAPL,SHARE_QUANTITY_BREAK,20.0,30.0,-10.0,1500.0,3
5213,4,2023-07-11,AAPL,SHARE_QUANTITY_BREAK,20.0,30.0,-10.0,1500.0,3
5214,4,2023-07-04,AAPL,SHARE_QUANTITY_BREAK,20.0,30.0,-10.0,1500.0,3
5215,4,2023-08-26,AAPL,SHARE_QUANTITY_BREAK,20.0,30.0,-10.0,1500.0,3
5216,4,2023-04-26,AAPL,SHARE_QUANTITY_BREAK,20.0,30.0,-10.0,1500.0,3
5217,4,2023-08-28,AAPL,SHARE_QUANTITY_BREAK,20.0,30.0,-10.0,1500.0,3
5218,4,2023-05-14,AAPL,SHARE_QUANTITY_BREAK,20.0,30.0,-10.0,1500.0,3
5219,4,2023-06-15,AAPL,SHARE_QUANTITY_BREAK,20.0,30.0,-10.0,1500.0,3
5220,4,2023-10-12,AAPL,SHARE_QUANTITY_BREAK,20.0,30.0,-10.0,1500.0,3
5221,4,2023-09-23,AAPL,SHARE_QUANTITY_BREAK,20.0,30.0,-10.0,1500.0,3
5222,4,2023-05-25,AAPL,SHARE_QUANTITY_BREAK,20.0,30.0,-10.0,1500.0,3
5223,4,2023-10-07,AAPL,SHARE_QUANTITY_BREAK,20.0,30.0,-10.0,1500.0,3
5224,4,2023-10-01,AAPL,SHARE_QUANTITY_BREAK,20.0,30.0,-10.0,1500.0,3
5225,4,2023-10-15,AAPL,SHARE_QUANTITY_BREAK,20.0,30.0,-10.0,1500.0,3
5226,4,2023-10-20,AAPL,SHARE_QUANTITY_BREAK,20.0,30.0,-10.0,1500.0,3
5227,4,2023-11-08,AAPL,SHARE_QUANTITY_BREAK,20.0,30.0,-10.0,1500.0,3
5228,4,2023-12-01,AAPL,SHARE_QUANTITY_BREAK,20.0,30.0,-10.0,1500.0,3
5229,4,2024-01-07,AAPL,SHARE_QUANTITY_BREAK,20.0,30.0,-10.0,1500.0,3
5230,4,2023-07-19,AAPL,SHARE_QUANTITY_BREAK,20.0,30.0,-10.0,1500.0,3
5231,4,2023-10-18,AAPL,SHARE_QUANTITY_BREAK,20.0,30.0,-10.0,1500.0,3
5232,4,2023-12-14,AAPL,SHARE_QUANTITY_BREAK,20.0,30.0,-10.0,1500.0,3
5233,4,2023-12-31,AAPL,SHARE_QUANTITY_BREAK,20.0,30.0,-10.0,1500.0,3
5234,4,2023-11-23,AAPL,SHARE_QUANTITY_BREAK,20.0,30.0,-10.0,1500.0,3
5235,4,2023-12-12,AAPL,SHARE_QUANTITY_BREAK,20.0,30.0,-10.0,1500.0,3
5236,4,2023-07-17,AAPL,SHARE_QUANTITY_BREAK,20.0,30.0,-10.0,1500.0,3
5237,4,2023-12-07,AAPL,SHARE_QUANTITY_BREAK,20.0,30.0,-10.0,1500.0,3
5238,4,2024-01-08,AAPL,SHARE_QUANTITY_BREAK,20.0,30.0,-10.0,1500.0,3
5239,4,2024-01-10,AAPL,SHARE_QUANTITY_BREAK,20.0,30.0,-10.0,1500.0,3
5240,4,2023-09-05,AAPL,SHARE_QUANTITY_BREAK,20.0,30.0,-10.0,1500.0,3
5241,4,2024-03-11,AAPL,SHARE_QUANTITY_BREAK,20.0,30.0,-10.0,1500.0,3
5242,4,2024-03-21,AAPL,SHARE_QUANTITY_BREAK,20.0,30.0,-10.0,1500.0,3
5243,4,2024-03-03,AAPL,SHARE_QUANTITY_BREAK,20.0,30.0,-10.0,1500.0,3
5244,4,2024-05-05,AAPL,SHARE_QUANTITY_BREAK,20.0,30.0,-10.0,1500.0,3
5245,4,2024-03-16,AAPL,SHARE_QUANTITY_BREAK,20.0,30.0,-10.0,1500.0,3
5246,4,2024-04-15,AAPL,SHARE_QUANTITY_BREAK,20.0,30.0,-10.0,1500.0,3
5247,4,2024-06-20,AAPL,SHARE_QUANTITY_BREAK,20.0,30.0,-10.0,1500.0,3
5248,4,2024-04-28,AAPL,SHARE_QUANTITY_BREAK,20.0,30.0,-10.0,1500.0,3
5249,4,2024-06-01,AAPL,SHARE_QUANTITY_BREAK,20.0,30.0,-10.0,1500.0,3
5250,4,2024-05-21,AAPL,SHARE_QUANTITY_BREAK,20.0,30.0,-10.0,1500.0,3
5251,4,2024-05-08,AAPL,SHARE_QUANTITY_BREAK,20.0,30.0,-10.0,1500.0,3
5252,4,2024-05-13,AAPL,SHARE_QUANTITY_BREAK,20.0,30.0,-10.0,1500.0,3
5253,4,2023-01-20,AAPL,SHARE_QUANTITY_BREAK,20.0,30.0,-10.0,1500.0,3
5254,4,2023-03-12,AAPL,SHARE_QUANTITY_BREAK,20.0,30.0,-10.0,1500.0,3
5255,4,2022-12-17,AAPL,SHARE_QUANTITY_BREAK,20.0,30.0,-10.0,1500.0,3
5256,4,2022-08-30,AAPL,SHARE_QUANTITY_BREAK,20.0,30.0,-10.0,1500.0,3
5257,4,2022-08-12,AAPL,SHARE_QUANTITY_BREAK,20.0,30.0,-10.0,1500.0,3
5258,4,2023-01-01,AAPL,SHARE_QUANTITY_BREAK,20.0,30.0,-10.0,1500.0,3
5259,4,2023-03-09,AAPL,SHARE_QUANTITY_BREAK,20.0,30.0,-10.0,1500.0,3
5260,4,2022-06-28,AAPL,SHARE_QUANTITY_BREAK,20.0,30.0,-10.0,1500.0,3
5261,4,2023-03-27,AAPL,SHARE_QUANTITY_BREAK,20.0,30.0,-10.0,1500.0,3
5262,4,2023-04-20,AAPL,SHARE_QUANTITY_BREAK,20.0,30.0,-10.0,1500.0,3
5263,4,2023-04-18,AAPL,SHARE_QUANTITY_BREAK,20.0,30.0,-10.0,1500.0,3
5264,4,2023-01-23,AAPL,SHARE_QUANTITY_BREAK,20.0,30.0,-10.0,1500.0,3
5265,4,2023-01-28,AAPL,SHARE_QUANTITY_BREAK,20.0,30.0,-10.0,1500.0,3
5266,4,2023-03-22,AAPL,SHARE_QUANTITY_BREAK,20.0,30.0,-10.0,1500.0,3
5267,4,2022-10-17,AAPL,SHARE_QUANTITY_BREAK,20.0,30.0,-10.0,1500.0,3
5268,4,2023-01-26,AAPL,SHARE_QUANTITY_BREAK,20.0,30.0,-10.0,1500.0,3
5269,4,2023-08-09,AAPL,SHARE_QUANTITY_BREAK,20.0,30.0,-10.0,1500.0,3
5270,4,2023-06-04,AAPL,SHARE_QUANTITY_BREAK,20.0,30.0,-10.0,1500.0,3
5271,4,2023-06-10,AAPL,SHARE_QUANTITY_BREAK,20.0,30.0,-10.0,1500.0,3
5272,4,2023-05-20,AAPL,SHARE_QUANTITY_BREAK,20.0,30.0,-10.0,1500.0,3
5273,4,2023-07-03,AAPL,SHARE_QUANTITY_BREAK,20.0,30.0,-10.0,1500.0,3
5274,4,2023-05-09,AAPL,SHARE_QUANTITY_BREAK,20.0,30.0,-10.0,1500.0,3
5275,4,2023-10-09,AAPL,SHARE_QUANTITY_BREAK,20.0,30.0,-10.0,1500.0,3
5276,4,2023-05-11,AAPL,SHARE_QUANTITY_BREAK,20.0,30.0,-10.0,1500.0,3
5277,4,2023-06-17,AAPL,SHARE_QUANTITY_BREAK,20.0,30.0,-10.0,1500.0,3
5278,4,2023-08-12,AAPL,SHARE_QUANTITY_BREAK,20.0,30.0,-10.0,1500.0,3
5279,4,2023-11-05,AAPL,SHARE_QUANTITY_BREAK,20.0,30.0,-10.0,1500.0,3
5280,4,2023-05-27,AAPL,SHARE_QUANTITY_BREAK,20.0,30.0,-10.0,1500.0,3
5281,4,2023-08-02,AAPL,SHARE_QUANTITY_BREAK,20.0,30.0,-10.0,1500.0,3
5282,4,2023-11-18,AAPL,SHARE_QUANTITY_BREAK,20.0,30.0,-10.0,1500.0,3
5283,4,2023-09-02,AAPL,SHARE_QUANTITY_BREAK,20.0,30.0,-10.0,1500.0,3
5284,4,2023-09-18,AAPL,SHARE_QUANTITY_BREAK,20.0,30.0,-10.0,1500.0,3
5285,4,2023-11-02,AAPL,SHARE_QUANTITY_BREAK,20.0,30.0,-10.0,1500.0,3
5286,4,2024-01-31,AAPL,SHARE_QUANTITY_BREAK,20.0,30.0,-10.0,1500.0,3
5287,4,2023-10-02,AAPL,SHARE_QUANTITY_BREAK,20.0,30.0,-10.0,1500.0,3
5288,4,2023-11-24,AAPL,SHARE_QUANTITY_BREAK,20.0,30.0,-10.0,1500.0,3
5289,4,2023-12-28,AAPL,SHARE_QUANTITY_BREAK,20.0,30.0,-10.0,1500.0,3
5290,4,2023-12-06,AAPL,SHARE_QUANTITY_BREAK,20.0,30.0,-10.0,1500.0,3
5291,4,2024-01-16,AAPL,SHARE_QUANTITY_BREAK,20.0,30.0,-10.0,1500.0,3
5292,4,2024-02-08,AAPL,SHARE_QUANTITY_BREAK,20.0,30.0,-10.0,1500.0,3
5293,4,2023-07-30,AAPL,SHARE_QUANTITY_BREAK,20.0,30.0,-10.0,1500.0,3
5294,4,2023-11-10,AAPL,SHARE_QUANTITY_BREAK,20.0,30.0,-10.0,1500.0,3
5295,4,2024-01-28,AAPL,SHARE_QUANTITY_BREAK,20.0,30.0,-10.0,1500.0,3
5296,4,2023-11-13,AAPL,SHARE_QUANTITY_BREAK,20.0,30.0,-10.0,1500.0,3
5297,4,2024-01-26,AAPL,SHARE_QUANTITY_BREAK,20.0,30.0,-10.0,1500.0,3
5298,4,2023-12-22,AAPL,SHARE_QUANTITY_BREAK,20.0,30.0,-10.0,1500.0,3
5299,4,2024-04-17,AAPL,SHARE_QUANTITY_BREAK,20.0,30.0,-10.0,1500.0,3
5300,4,2024-05-11,AAPL,SHARE_QUANTITY_BREAK,20.0,30.0,-10.0,1500.0,3
5301,4,2024-03-22,AAPL,SHARE_QUANTITY_BREAK,20.0,30.0,-10.0,1500.0,3
5302,4,2024-02-11,AAPL,SHARE_QUANTITY_BREAK,20.0,30.0,-10.0,1500.0,3
5303,4,2024-03-06,AAPL,SHARE_QUANTITY_BREAK,20.0,30.0,-10.0,1500.0,3
5304,4,2024-06-22,AAPL,SHARE_QUANTITY_BREAK,20.0,30.0,-10.0,1500.0,3
5305,4,2024-06-27,AAPL,SHARE_QUANTITY_BREAK,20.0,30.0,-10.0,1500.0,3
5306,4,2024-06-06,AAPL,SHARE_QUANTITY_BREAK,20.0,30.0,-10.0,1500.0,3
5307,4,2024-05-03,AAPL,SHARE_QUANTITY_BREAK,20.0,30.0,-10.0,1500.0,3
5308,4,2024-04-23,AAPL,SHARE_QUANTITY_BREAK,20.0,30.0,-10.0,1500.0,3
5309,4,2024-04-20,AAPL,SHARE_QUANTITY_BREAK,20.0,30.0,-10.0,1500.0,3
5310,4,2024-06-10,AAPL,SHARE_QUANTITY_BREAK,20.0,30.0,-10.0,1500.0,3
5311,4,2024-03-23,AAPL,SHARE_QUANTITY_BREAK,20.0,30.0,-10.0,1500.0,3
5312,4,2024-05-23,AAPL,SHARE_QUANTITY_BREAK,20.0,30.0,-10.0,1500.0,3
5313,4,2024-05-20,AAPL,SHARE_QUANTITY_BREAK,20.0,30.0,-10.0,1500.0,3
5314,4,2024-06-05,AAPL,SHARE_QUANTITY_BREAK,20.0,30.0,-10.0,1500.0,3
5315,4,2024-05-15,AAPL,SHARE_QUANTITY_BREAK,20.0,30.0,-10.0,1500.0,3
5316,4,2024-04-27,AAPL,SHARE_QUANTITY_BREAK,20.0,30.0,-10.0,1500.0,3
5317,4,2024-02-10,AAPL,SHARE_QUANTITY_BREAK,20.0,30.0,-10.0,1500.0,3
5318,4,2024-05-25,AAPL,SHARE_QUANTITY_BREAK,20.0,30.0,-10.0,1500.0,3
5319,4,2024-04-19,AAPL,SHARE_QUANTITY_BREAK,20.0,30.0,-10.0,1500.0,3
5320,4,2024-04-08,AAPL,SHARE_QUANTITY_BREAK,20.0,30.0,-10.0,1500.0,3
5321,4,2024-04-21,AAPL,SHARE_QUANTITY_BREAK,20.0,30.0,-10.0,1500.0,3
5322,4,2024-03-25,AAPL,SHARE_QUANTITY_BREAK,20.0,30.0,-10.0,1500.0,3
5323,4,2024-05-01,AAPL,SHARE_QUANTITY_BREAK,20.0,30.0,-10.0,1500.0,3
5324,4,2024-05-04,AAPL,SHARE_QUANTITY_BREAK,20.0,30.0,-10.0,1500.0,3
5325,4,2024-03-28,AAPL,SHARE_QUANTITY_BREAK,20.0,30.0,-10.0,1500.0,3
5326,4,2024-06-25,AAPL,SHARE_QUANTITY_BREAK,20.0,30.0,-10.0,1500.0,3
5327,4,2022-12-27,AAPL,SHARE_QUANTITY_BREAK,20.0,30.0,-10.0,1500.0,3
5328,4,2023-08-25,AAPL,SHARE_QUANTITY_BREAK,20.0,30.0,-10.0,1500.0,3
5329,4,2023-03-19,AAPL,SHARE_QUANTITY_BREAK,20.0,30.0,-10.0,1500.0,3
5330,4,2023-04-05,AAPL,SHARE_QUANTITY_BREAK,20.0,30.0,-10.0,1500.0,3
5331,4,2023-03-03,AAPL,SHARE_QUANTITY_BREAK,20.0,30.0,-10.0,1500.0,3
5332,4,2023-08-07,AAPL,SHARE_QUANTITY_BREAK,20.0,30.0,-10.0,1500.0,3
5333,4,2023-05-19,AAPL,SHARE_QUANTITY_BREAK,20.0,30.0,-10.0,1500.0,3
5334,4,2023-08-15,AAPL,SHARE_QUANTITY_BREAK,20.0,30.0,-10.0,1500.0,3
5335,4,2023-03-01,AAPL,SHARE_QUANTITY_BREAK,20.0,30.0,-10.0,1500.0,3
5336,4,2023-04-28,AAPL,SHARE_QUANTITY_BREAK,20.0,30.0,-10.0,1500.0,3
5337,4,2023-09-08,AAPL,SHARE_QUANTITY_BREAK,20.0,30.0,-10.0,1500.0,3
5338,4,2023-06-18,AAPL,SHARE_QUANTITY_BREAK,20.0,30.0,-10.0,1500.0,3
5339,4,2023-08-17,AAPL,SHARE_QUANTITY_BREAK,20.0,30.0,-10.0,1500.0,3
5340,4,2023-07-27,AAPL,SHARE_QUANTITY_BREAK,20.0,30.0,-10.0,1500.0,3
5341,4,2023-08-18,AAPL,SHARE_QUANTITY_BREAK,20.0,30.0,-10.0,1500.0,3
5342,4,2023-04-10,AAPL,SHARE_QUANTITY_BREAK,20.0,30.0,-10.0,1500.0,3
5343,4,2023-09-26,AAPL,SHARE_QUANTITY_BREAK,20.0,30.0,-10.0,1500.0,3
5344,4,2023-07-12,AAPL,SHARE_QUANTITY_BREAK,20.0,30.0,-10.0,1500.0,3
5345,4,2023-07-14,AAPL,SHARE_QUANTITY_BREAK,20.0,30.0,-10.0,1500.0,3
5346,4,2023-05-22,AAPL,SHARE_QUANTITY_BREAK,20.0,30.0,-10.0,1500.0,3
5347,4,2023-10-23,AAPL,SHARE_QUANTITY_BREAK,20.0,30.0,-10.0,1500.0,3
5348,4,2023-10-22,AAPL,SHARE_QUANTITY_BREAK,20.0,30.0,-10.0,1500.0,3
5349,4,2023-10-17,AAPL,SHARE_QUANTITY_BREAK,20.0,30.0,-10.0,1500.0,3
5350,4,2023-08-01,AAPL,SHARE_QUANTITY_BREAK,20.0,30.0,-10.0,1500.0,3
5351,4,2023-09-24,AAPL,SHARE_QUANTITY_BREAK,20.0,30.0,-10.0,1500.0,3
5352,4,2023-12-02,AAPL,SHARE_QUANTITY_BREAK,20.0,30.0,-10.0,1500.0,3
5353,4,2023-10-31,AAPL,SHARE_QUANTITY_BREAK,20.0,30.0,-10.0,1500.0,3
5354,4,2023-12-15,AAPL,SHARE_QUANTITY_BREAK,20.0,30.0,-10.0,1500.0,3
5355,4,2023-10-30,AAPL,SHARE_QUANTITY_BREAK,20.0,30.0,-10.0,1500.0,3
5356,4,2023-12-25,AAPL,SHARE_QUANTITY_BREAK,20.0,30.0,-10.0,1500.0,3
5357,4,2024-02-13,AAPL,SHARE_QUANTITY_BREAK,20.0,30.0,-10.0,1500.0,3
5358,4,2023-11-26,AAPL,SHARE_QUANTITY_BREAK,20.0,30.0,-10.0,1500.0,3
5359,4,2024-01-23,AAPL,SHARE_QUANTITY_BREAK,20.0,30.0,-10.0,1500.0,3
5360,4,2024-01-21,AAPL,SHARE_QUANTITY_BREAK,20.0,30.0,-10.0,1500.0,3
5361,4,2023-12-30,AAPL,SHARE_QUANTITY_BREAK,20.0,30.0,-10.0,1500.0,3
5362,4,2024-05-27,AAPL,SHARE_QUANTITY_BREAK,20.0,30.0,-10.0,1500.0,3
5363,4,2024-04-12,AAPL,SHARE_QUANTITY_BREAK,20.0,30.0,-10.0,1500.0,3
5364,4,2024-02-22,AAPL,SHARE_QUANTITY_BREAK,20.0,30.0,-10.0,1500.0,3
5365,4,2024-05-30,AAPL,SHARE_QUANTITY_BREAK,20.0,30.0,-10.0,1500.0,3
5366,4,2023-12-09,AAPL,SHARE_QUANTITY_BREAK,20.0,30.0,-10.0,1500.0,3
5367,4,2024-03-01,AAPL,SHARE_QUANTITY_BREAK,20.0,30.0,-10.0,1500.0,3
5368,4,2024-04-14,AAPL,SHARE_QUANTITY_BREAK,20.0,30.0,-10.0,1500.0,3
5369,4,2024-06-09,AAPL,SHARE_QUANTITY_BREAK,20.0,30.0,-10.0,1500.0,3
5370,4,2023-10-28,AAPL,SHARE_QUANTITY_BREAK,20.0,30.0,-10.0,1500.0,3
5371,4,2024-06-17,AAPL,SHARE_QUANTITY_BREAK,20.0,30.0,-10.0,1500.0,3
5372,4,2024-03-24,AAPL,SHARE_QUANTITY_BREAK,20.0,30.0,-10.0,1500.0,3
5373,4,2024-04-09,AAPL,SHARE_QUANTITY_BREAK,20.0,30.0,-10.0,1500.0,3
5374,4,2024-06-15,AAPL,SHARE_QUANTITY_BREAK,20.0,30.0,-10.0,1500.0,3
5375,4,2024-03-30,AAPL,SHARE_QUANTITY_BREAK,20.0,30.0,-10.0,1500.0,3
5376,4,2024-06-30,AAPL,SHARE_QUANTITY_BREAK,20.0,30.0,-10.0,1500.0,3
5377,4,2024-03-08,AAPL,SHARE_QUANTITY_BREAK,20.0,30.0,-10.0,1500.0,3
5378,4,2022-10-12,AAPL,SHARE_QUANTITY_BREAK,20.0,30.0,-10.0,1500.0,3
5379,4,2023-02-03,AAPL,SHARE_QUANTITY_BREAK,20.0,30.0,-10.0,1500.0,3
5380,4,2022-09-26,AAPL,SHARE_QUANTITY_BREAK,20.0,30.0,-10.0,1500.0,3
5381,4,2023-01-31,AAPL,SHARE_QUANTITY_BREAK,20.0,30.0,-10.0,1500.0,3
5382,4,2023-02-08,AAPL,SHARE_QUANTITY_BREAK,20.0,30.0,-10.0,1500.0,3
5383,4,2023-01-04,AAPL,SHARE_QUANTITY_BREAK,20.0,30.0,-10.0,1500.0,3
5384,4,2023-02-10,AAPL,SHARE_QUANTITY_BREAK,20.0,30.0,-10.0,1500.0,3
5385,4,2022-11-05,AAPL,SHARE_QUANTITY_BREAK,20.0,30.0,-10.0,1500.0,3
5386,4,2023-05-03,AAPL,SHARE_QUANTITY_BREAK,20.0,30.0,-10.0,1500.0,3
5387,4,2023-01-17,AAPL,SHARE_QUANTITY_BREAK,20.0,30.0,-10.0,1500.0,3
5388,4,2023-04-04,AAPL,SHARE_QUANTITY_BREAK,20.0,30.0,-10.0,1500.0,3
5389,4,2023-02-11,AAPL,SHARE_QUANTITY_BREAK,20.0,30.0,-10.0,1500.0,3
5390,4,2023-03-06,AAPL,SHARE_QUANTITY_BREAK,20.0,30.0,-10.0,1500.0,3
5391,4,2023-04-07,AAPL,SHARE_QUANTITY_BREAK,20.0,30.0,-10.0,1500.0,3
5392,4,2023-02-21,AAPL,SHARE_QUANTITY_BREAK,20.0,30.0,-10.0,1500.0,3
5393,4,2022-12-28,AAPL,SHARE_QUANTITY_BREAK,20.0,30.0,-10.0,1500.0,3
5394,4,2023-06-23,AAPL,SHARE_QUANTITY_BREAK,20.0,30.0,-10.0,1500.0,3
5395,4,2023-09-10,AAPL,SHARE_QUANTITY_BREAK,20.0,30.0,-10.0,1500.0,3
5396,4,2023-02-13,AAPL,SHARE_QUANTITY_BREAK,20.0,30.0,-10.0,1500.0,3
5397,4,2023-08-10,AAPL,SHARE_QUANTITY_BREAK,20.0,30.0,-10.0,1500.0,3
5398,4,2023-06-28,AAPL,SHARE_QUANTITY_BREAK,20.0,30.0,-10.0,1500.0,3
5399,4,2023-03-04,AAPL,SHARE_QUANTITY_BREAK,20.0,30.0,-10.0,1500.0,3
5400,4,2023-07-24,AAPL,SHARE_QUANTITY_BREAK,20.0,30.0,-10.0,1500.0,3
5401,4,2023-07-16,AAPL,SHARE_QUANTITY_BREAK,20.0,30.0,-10.0,1500.0,3
5402,4,2023-06-12,AAPL,SHARE_QUANTITY_BREAK,20.0,30.0,-10.0,1500.0,3
5403,4,2023-09-29,AAPL,SHARE_QUANTITY_BREAK,20.0,30.0,-10.0,1500.0,3
5404,4,2023-10-04,AAPL,SHARE_QUANTITY_BREAK,20.0,30.0,-10.0,1500.0,3
5405,4,2023-04-09,AAPL,SHARE_QUANTITY_BREAK,20.0,30.0,-10.0,1500.0,3
5406,4,2023-10-25,AAPL,SHARE_QUANTITY_BREAK,20.0,30.0,-10.0,1500.0,3
5407,4,2023-11-07,AAPL,SHARE_QUANTITY_BREAK,20.0,30.0,-10.0,1500.0,3
5408,4,2023-09-16,AAPL,SHARE_QUANTITY_BREAK,20.0,30.0,-10.0,1500.0,3
5409,4,2023-09-13,AAPL,SHARE_QUANTITY_BREAK,20.0,30.0,-10.0,1500.0,3
5410,4,2023-05-30,AAPL,SHARE_QUANTITY_BREAK,20.0,30.0,-10.0,1500.0,3
5411,4,2024-01-13,AAPL,SHARE_QUANTITY_BREAK,20.0,30.0,-10.0,1500.0,3
5412,4,2024-02-14,AAPL,SHARE_QUANTITY_BREAK,20.0,30.0,-10.0,1500.0,3
5413,4,2024-02-16,AAPL,SHARE_QUANTITY_BREAK,20.0,30.0,-10.0,1500.0,3
5414,4,2023-11-15,AAPL,SHARE_QUANTITY_BREAK,20.0,30.0,-10.0,1500.0,3
5415,4,2024-02-27,AAPL,SHARE_QUANTITY_BREAK,20.0,30.0,-10.0,1500.0,3
5416,4,2023-09-15,AAPL,SHARE_QUANTITY_BREAK,20.0,30.0,-10.0,1500.0,3
5417,4,2024-02-29,AAPL,SHARE_QUANTITY_BREAK,20.0,30.0,-10.0,1500.0,3
5418,4,2024-01-05,AAPL,SHARE_QUANTITY_BREAK,20.0,30.0,-10.0,1500.0,3
5419,4,2024-05-06,AAPL,SHARE_QUANTITY_BREAK,20.0,30.0,-10.0,1500.0,3
5420,4,2024-01-18,AAPL,SHARE_QUANTITY_BREAK,20.0,30.0,-10.0,1500.0,3
5421,4,2024-02-19,AAPL,SHARE_QUANTITY_BREAK,20.0,30.0,-10.0,1500.0,3
5422,4,2024-06-07,AAPL,SHARE_QUANTITY_BREAK,20.0,30.0,-10.0,1500.0,3
5423,4,2024-05-16,AAPL,SHARE_QUANTITY_BREAK,20.0,30.0,-10.0,1500.0,3
5424,4,2024-04-06,AAPL,SHARE_QUANTITY_BREAK,20.0,30.0,-10.0,1500.0,3
5425,4,2024-06-04,AAPL,SHARE_QUANTITY_BREAK,20.0,30.0,-10.0,1500.0,3
5426,4,2024-06-28,AAPL,SHARE_QUANTITY_BREAK,20.0,30.0,-10.0,1500.0,3
5427,4,2024-05-22,AAPL,SHARE_QUANTITY_BREAK,20.0,30.0,-10.0,1500.0,3
5428,4,2023-12-23,AAPL,SHARE_QUANTITY_BREAK,20.0,30.0,-10.0,1500.0,3
5429,4,2024-06-19,AAPL,SHARE_QUANTITY_BREAK,20.0,30.0,-10.0,1500.0,3
5430,4,2024-04-07,AAPL,SHARE_QUANTITY_BREAK,20.0,30.0,-10.0,1500.0,3
5431,4,2024-03-27,AAPL,SHARE_QUANTITY_BREAK,20.0,30.0,-10.0,1500.0,3
5432,4,2024-04-30,AAPL,SHARE_QUANTITY_BREAK,20.0,30.0,-10.0,1500.0,3
5433,4,2023-04-14,AAPL,SHARE_QUANTITY_BREAK,20.0,30.0,-10.0,1500.0,3
5434,4,2023-01-05,AAPL,SHARE_QUANTITY_BREAK,20.0,30.0,-10.0,1500.0,3
5435,4,2023-05-08,AAPL,SHARE_QUANTITY_BREAK,20.0,30.0,-10.0,1500.0,3
5436,4,2023-04-08,AAPL,SHARE_QUANTITY_BREAK,20.0,30.0,-10.0,1500.0,3
5437,4,2023-02-28,AAPL,SHARE_QUANTITY_BREAK,20.0,30.0,-10.0,1500.0,3
5438,4,2023-06-03,AAPL,SHARE_QUANTITY_BREAK,20.0,30.0,-10.0,1500.0,3
5439,4,2023-02-12,AAPL,SHARE_QUANTITY_BREAK,20.0,30.0,-10.0,1500.0,3
5440,4,2023-07-15,AAPL,SHARE_QUANTITY_BREAK,20.0,30.0,-10.0,1500.0,3
5441,4,2023-04-24,AAPL,SHARE_QUANTITY_BREAK,20.0,30.0,-10.0,1500.0,3
5442,4,2023-09-14,AAPL,SHARE_QUANTITY_BREAK,20.0,30.0,-10.0,1500.0,3
5443,4,2023-10-06,AAPL,SHARE_QUANTITY_BREAK,20.0,30.0,-10.0,1500.0,3
5444,4,2023-07-31,AAPL,SHARE_QUANTITY_BREAK,20.0,30.0,-10.0,1500.0,3
5445,4,2023-09-28,AAPL,SHARE_QUANTITY_BREAK,20.0,30.0,-10.0,1500.0,3
5446,4,2023-05-26,AAPL,SHARE_QUANTITY_BREAK,20.0,30.0,-10.0,1500.0,3
5447,4,2023-05-31,AAPL,SHARE_QUANTITY_BREAK,20.0,30.0,-10.0,1500.0,3
5448,4,2023-11-17,AAPL,SHARE_QUANTITY_BREAK,20.0,30.0,-10.0,1500.0,3
5449,4,2023-09-19,AAPL,SHARE_QUANTITY_BREAK,20.0,30.0,-10.0,1500.0,3
5450,4,2023-07-20,AAPL,SHARE_QUANTITY_BREAK,20.0,30.0,-10.0,1500.0,3
5451,4,2023-07-10,AAPL,SHARE_QUANTITY_BREAK,20.0,30.0,-10.0,1500.0,3
5452,4,2023-09-20,AAPL,SHARE_QUANTITY_BREAK,20.0,30.0,-10.0,1500.0,3
5453,4,2023-08-03,AAPL,SHARE_QUANTITY_BREAK,20.0,30.0,-10.0,1500.0,3
5454,4,2023-09-01,AAPL,SHARE_QUANTITY_BREAK,20.0,30.0,-10.0,1500.0,3
5455,4,2023-08-21,AAPL,SHARE_QUANTITY_BREAK,20.0,30.0,-10.0,1500.0,3
5456,4,2023-08-19,AAPL,SHARE_QUANTITY_BREAK,20.0,30.0,-10.0,1500.0,3
5457,4,2023-11-22,AAPL,SHARE_QUANTITY_BREAK,20.0,30.0,-10.0,1500.0,3
5458,4,2024-02-26,AAPL,SHARE_QUANTITY_BREAK,20.0,30.0,-10.0,1500.0,3
5459,4,2024-01-24,AAPL,SHARE_QUANTITY_BREAK,20.0,30.0,-10.0,1500.0,3
5460,4,2023-08-22,AAPL,SHARE_QUANTITY_BREAK,20.0,30.0,-10.0,1500.0,3
5461,4,2023-11-03,AAPL,SHARE_QUANTITY_BREAK,20.0,30.0,-10.0,1500.0,3
5462,4,2024-02-09,AAPL,SHARE_QUANTITY_BREAK,20.0,30.0,-10.0,1500.0,3
5463,4,2024-01-14,AAPL,SHARE_QUANTITY_BREAK,20.0,30.0,-10.0,1500.0,3
5464,4,2024-02-12,AAPL,SHARE_QUANTITY_BREAK,20.0,30.0,-10.0,1500.0,3
5465,4,2024-04-13,AAPL,SHARE_QUANTITY_BREAK,20.0,30.0,-10.0,1500.0,3
5466,4,2024-03-02,AAPL,SHARE_QUANTITY_BREAK,20.0,30.0,-10.0,1500.0,3
5467,4,2023-12-24,AAPL,SHARE_QUANTITY_BREAK,20.0,30.0,-10.0,1500.0,3
5468,4,2024-01-19,AAPL,SHARE_QUANTITY_BREAK,20.0,30.0,-10.0,1500.0,3
5469,4,2024-05-12,AAPL,SHARE_QUANTITY_BREAK,20.0,30.0,-10.0,1500.0,3
5470,4,2024-04-26,AAPL,SHARE_QUANTITY_BREAK,20.0,30.0,-10.0,1500.0,3
5471,4,2024-06-11,AAPL,SHARE_QUANTITY_BREAK,20.0,30.0,-10.0,1500.0,3
5472,4,2024-06-03,AAPL,SHARE_QUANTITY_BREAK,20.0,30.0,-10.0,1500.0,3
5473,4,2024-03-07,AAPL,SHARE_QUANTITY_BREAK,20.0,30.0,-10.0,1500.0,3
5474,4,2024-05-09,AAPL,SHARE_QUANTITY_BREAK,20.0,30.0,-10.0,1500.0,3
5475,4,2024-06-16,AAPL,SHARE_QUANTITY_BREAK,20.0,30.0,-10.0,1500.0,3
5476,4,2024-06-18,AAPL,SHARE_QUANTITY_BREAK,20.0,30.0,-10.0,1500.0,3
5477,4,2024-05-26,AAPL,SHARE_QUANTITY_BREAK,20.0,30.0,-10.0,1500.0,3
5478,4,2024-06-23,AAPL,SHARE_QUANTITY_BREAK,20.0,30.0,-10.0,1500.0,3
5479,4,2024-04-10,AAPL,SHARE_QUANTITY_BREAK,20.0,30.0,-10.0,1500.0,3
5480,4,2024-07-01,AAPL,SHARE_QUANTITY_BREAK,20.0,30.0,-10.0,1500.0,3
5481,4,2024-04-11,AAPL,SHARE_QUANTITY_BREAK,20.0,30.0,-10.0,1500.0,3
5482,4,2024-05-02,AAPL,SHARE_QUANTITY_BREAK,20.0,30.0,-10.0,1500.0,3
5483,4,2024-03-29,AAPL,SHARE_QUANTITY_BREAK,20.0,30.0,-10.0,1500.0,3
5484,4,2024-05-14,AAPL,SHARE_QUANTITY_BREAK,20.0,30.0,-10.0,1500.0,3
5485,4,2022-10-13,AAPL,SHARE_QUANTITY_BREAK,20.0,30.0,-10.0,1500.0,3
5486,4,2022-06-21,AAPL,SHARE_QUANTITY_BREAK,20.0,30.0,-10.0,1500.0,3
5487,4,2023-02-17,AAPL,SHARE_QUANTITY_BREAK,20.0,30.0,-10.0,1500.0,3
5488,4,2023-02-09,AAPL,SHARE_QUANTITY_BREAK,20.0,30.0,-10.0,1500.0,3
5489,4,2022-11-06,AAPL,SHARE_QUANTITY_BREAK,20.0,30.0,-10.0,1500.0,3
5490,4,2023-02-01,AAPL,SHARE_QUANTITY_BREAK,20.0,30.0,-10.0,1500.0,3
5491,4,2023-02-04,AAPL,SHARE_QUANTITY_BREAK,20.0,30.0,-10.0,1500.0,3
5492,4,2023-05-02,AAPL,SHARE_QUANTITY_BREAK,20.0,30.0,-10.0,1500.0,3
5493,4,2022-11-27,AAPL,SHARE_QUANTITY_BREAK,20.0,30.0,-10.0,1500.0,3
5494,4,2023-05-16,AAPL,SHARE_QUANTITY_BREAK,20.0,30.0,-10.0,1500.0,3
5495,4,2023-01-24,AAPL,SHARE_QUANTITY_BREAK,20.0,30.0,-10.0,1500.0,3
5496,4,2023-02-14,AAPL,SHARE_QUANTITY_BREAK,20.0,30.0,-10.0,1500.0,3
5497,4,2023-02-20,AAPL,SHARE_QUANTITY_BREAK,20.0,30.0,-10.0,1500.0,3
5498,4,2023-07-23,AAPL,SHARE_QUANTITY_BREAK,20.0,30.0,-10.0,1500.0,3
5499,4,2023-06-13,AAPL,SHARE_QUANTITY_BREAK,20.0,30.0,-10.0,1500.0,3
5500,4,2023-08-13,AAPL,SHARE_QUANTITY_BREAK,20.0,30.0,-10.0,1500.0,3
5501,4,2023-08-27,AAPL,SHARE_QUANTITY_BREAK,20.0,30.0,-10.0,1500.0,3
5502,4,2023-07-02,AAPL,SHARE_QUANTITY_BREAK,20.0,30.0,-10.0,1500.0,3
5503,4,2023-07-26,AAPL,SHARE_QUANTITY_BREAK,20.0,30.0,-10.0,1500.0,3
5504,4,2023-09-12,AAPL,SHARE_QUANTITY_BREAK,20.0,30.0,-10.0,1500.0,3
5505,4,2023-08-14,AAPL,SHARE_QUANTITY_BREAK,20.0,30.0,-10.0,1500.0,3
5506,4,2023-08-16,AAPL,SHARE_QUANTITY_BREAK,20.0,30.0,-10.0,1500.0,3
5507,4,2023-10-08,AAPL,SHARE_QUANTITY_BREAK,20.0,30.0,-10.0,1500.0,3
5508,4,2023-04-27,AAPL,SHARE_QUANTITY_BREAK,20.0,30.0,-10.0,1500.0,3
5509,4,2023-03-05,AAPL,SHARE_QUANTITY_BREAK,20.0,30.0,-10.0,1500.0,3
5510,4,2023-11-04,AAPL,SHARE_QUANTITY_BREAK,20.0,30.0,-10.0,1500.0,3
5511,4,2023-10-24,AAPL,SHARE_QUANTITY_BREAK,20.0,30.0,-10.0,1500.0,3
5512,4,2023-11-30,AAPL,SHARE_QUANTITY_BREAK,20.0,30.0,-10.0,1500.0,3
5513,4,2023-08-24,AAPL,SHARE_QUANTITY_BREAK,20.0,30.0,-10.0,1500.0,3
5514,4,2023-06-27,AAPL,SHARE_QUANTITY_BREAK,20.0,30.0,-10.0,1500.0,3
5515,4,2024-01-06,AAPL,SHARE_QUANTITY_BREAK,20.0,30.0,-10.0,1500.0,3
5516,4,2023-12-13,AAPL,SHARE_QUANTITY_BREAK,20.0,30.0,-10.0,1500.0,3
5517,4,2024-01-09,AAPL,SHARE_QUANTITY_BREAK,20.0,30.0,-10.0,1500.0,3
5518,4,2023-09-04,AAPL,SHARE_QUANTITY_BREAK,20.0,30.0,-10.0,1500.0,3
5519,4,2023-10-03,AAPL,SHARE_QUANTITY_BREAK,20.0,30.0,-10.0,1500.0,3
5520,4,2023-10-29,AAPL,SHARE_QUANTITY_BREAK,20.0,30.0,-10.0,1500.0,3
5521,4,2023-05-28,AAPL,SHARE_QUANTITY_BREAK,20.0,30.0,-10.0,1500.0,3
5522,4,2023-12-27,AAPL,SHARE_QUANTITY_BREAK,20.0,30.0,-10.0,1500.0,3
5523,4,2023-12-26,AAPL,SHARE_QUANTITY_BREAK,20.0,30.0,-10.0,1500.0,3
5524,4,2023-12-10,AAPL,SHARE_QUANTITY_BREAK,20.0,30.0,-10.0,1500.0,3
5525,4,2024-03-10,AAPL,SHARE_QUANTITY_BREAK,20.0,30.0,-10.0,1500.0,3
5526,4,2023-12-21,AAPL,SHARE_QUANTITY_BREAK,20.0,30.0,-10.0,1500.0,3
5527,4,2024-03-20,AAPL,SHARE_QUANTITY_BREAK,20.0,30.0,-10.0,1500.0,3
5528,4,2024-03-18,AAPL,SHARE_QUANTITY_BREAK,20.0,30.0,-10.0,1500.0,3
5529,4,2024-04-16,AAPL,SHARE_QUANTITY_BREAK,20.0,30.0,-10.0,1500.0,3
5530,4,2024-03-04,AAPL,SHARE_QUANTITY_BREAK,20.0,30.0,-10.0,1500.0,3
5531,4,2024-06-13,AAPL,SHARE_QUANTITY_BREAK,20.0,30.0,-10.0,1500.0,3
5532,4,2024-06-02,AAPL,SHARE_QUANTITY_BREAK,20.0,30.0,-10.0,1500.0,3
5533,4,2024-06-29,AAPL,SHARE_QUANTITY_BREAK,20.0,30.0,-10.0,1500.0,3
5534,4,2024-04-29,AAPL,SHARE_QUANTITY_BREAK,20.0,30.0,-10.0,1500.0,3
5535,4,2023-03-18,AAPL,SHARE_QUANTITY_BREAK,20.0,30.0,-10.0,1500.0,3
5536,4,2023-01-03,AAPL,SHARE_QUANTITY_BREAK,20.0,30.0,-10.0,1500.0,3
5537,4,2023-01-06,AAPL,SHARE_QUANTITY_BREAK,20.0,30.0,-10.0,1500.0,3
5538,4,2023-08-08,AAPL,SHARE_QUANTITY_BREAK,20.0,30.0,-10.0,1500.0,3
5539,4,2022-12-18,AAPL,SHARE_QUANTITY_BREAK,20.0,30.0,-10.0,1500.0,3
5540,4,2023-06-21,AAPL,SHARE_QUANTITY_BREAK,20.0,30.0,-10.0,1500.0,3
5541,4,2023-02-25,AAPL,SHARE_QUANTITY_BREAK,20.0,30.0,-10.0,1500.0,3
5542,4,2023-03-21,AAPL,SHARE_QUANTITY_BREAK,20.0,30.0,-10.0,1500.0,3
5543,4,2023-04-22,AAPL,SHARE_QUANTITY_BREAK,20.0,30.0,-10.0,1500.0,3
5544,4,2023-05-10,AAPL,SHARE_QUANTITY_BREAK,20.0,30.0,-10.0,1500.0,3
5545,4,2023-09-09,AAPL,SHARE_QUANTITY_BREAK,20.0,30.0,-10.0,1500.0,3
5546,4,2023-06-16,AAPL,SHARE_QUANTITY_BREAK,20.0,30.0,-10.0,1500.0,3
5547,4,2023-05-21,AAPL,SHARE_QUANTITY_BREAK,20.0,30.0,-10.0,1500.0,3
5548,4,2023-10-13,AAPL,SHARE_QUANTITY_BREAK,20.0,30.0,-10.0,1500.0,3
5549,4,2023-04-30,AAPL,SHARE_QUANTITY_BREAK,20.0,30.0,-10.0,1500.0,3
5550,4,2023-09-17,AAPL,SHARE_QUANTITY_BREAK,20.0,30.0,-10.0,1500.0,3
5551,4,2023-07-29,AAPL,SHARE_QUANTITY_BREAK,20.0,30.0,-10.0,1500.0,3
5552,4,2022-10-16,AAPL,SHARE_QUANTITY_BREAK,20.0,30.0,-10.0,1500.0,3
5553,4,2022-10-15,AAPL,SHARE_QUANTITY_BREAK,20.0,30.0,-10.0,1500.0,3
5554,4,2023-07-21,AAPL,SHARE_QUANTITY_BREAK,20.0,30.0,-10.0,1500.0,3
5555,4,2023-09-27,AAPL,SHARE_QUANTITY_BREAK,20.0,30.0,-10.0,1500.0,3
5556,4,2023-05-29,AAPL,SHARE_QUANTITY_BREAK,20.0,30.0,-10.0,1500.0,3
5557,4,2023-11-11,AAPL,SHARE_QUANTITY_BREAK,20.0,30.0,-10.0,1500.0,3
5558,4,2023-12-29,AAPL,SHARE_QUANTITY_BREAK,20.0,30.0,-10.0,1500.0,3
5559,4,2024-01-22,AAPL,SHARE_QUANTITY_BREAK,20.0,30.0,-10.0,1500.0,3
5560,4,2023-11-19,AAPL,SHARE_QUANTITY_BREAK,20.0,30.0,-10.0,1500.0,3
5561,4,2023-12-05,AAPL,SHARE_QUANTITY_BREAK,20.0,30.0,-10.0,1500.0,3
5562,4,2023-11-27,AAPL,SHARE_QUANTITY_BREAK,20.0,30.0,-10.0,1500.0,3
5563,4,2023-12-08,AAPL,SHARE_QUANTITY_BREAK,20.0,30.0,-10.0,1500.0,3
5564,4,2024-01-27,AAPL,SHARE_QUANTITY_BREAK,20.0,30.0,-10.0,1500.0,3
5565,4,2023-12-18,AAPL,SHARE_QUANTITY_BREAK,20.0,30.0,-10.0,1500.0,3
5566,4,2024-05-28,AAPL,SHARE_QUANTITY_BREAK,20.0,30.0,-10.0,1500.0,3
5567,4,2023-09-06,AAPL,SHARE_QUANTITY_BREAK,20.0,30.0,-10.0,1500.0,3
5568,4,2024-04-24,AAPL,SHARE_QUANTITY_BREAK,20.0,30.0,-10.0,1500.0,3
5569,4,2024-01-04,AAPL,SHARE_QUANTITY_BREAK,20.0,30.0,-10.0,1500.0,3
5570,4,2024-05-10,AAPL,SHARE_QUANTITY_BREAK,20.0,30.0,-10.0,1500.0,3
5571,4,2024-04-05,AAPL,SHARE_QUANTITY_BREAK,20.0,30.0,-10.0,1500.0,3
5572,4,2024-05-31,AAPL,SHARE_QUANTITY_BREAK,20.0,30.0,-10.0,1500.0,3
5573,4,2024-04-03,AAPL,SHARE_QUANTITY_BREAK,20.0,30.0,-10.0,1500.0,3
5574,4,2024-06-21,AAPL,SHARE_QUANTITY_BREAK,20.0,30.0,-10.0,1500.0,3
5575,4,2024-06-08,AAPL,SHARE_QUANTITY_BREAK,20.0,30.0,-10.0,1500.0,3
5576,4,2024-03-05,AAPL,SHARE_QUANTITY_BREAK,20.0,30.0,-10.0,1500.0,3
5577,4,2024-02-23,AAPL,SHARE_QUANTITY_BREAK,20.0,30.0,-10.0,1500.0,3
5578,4,2024-03-26,AAPL,SHARE_QUANTITY_BREAK,20.0,30.0,-10.0,1500.0,3
5579,4,2024-06-24,AAPL,SHARE_QUANTITY_BREAK,20.0,30.0,-10.0,1500.0,3
5580,4,2024-06-26,AAPL,SHARE_QUANTITY_BREAK,20.0,30.0,-10.0,1500.0,3
5581,4,2024-03-31,AAPL,SHARE_QUANTITY_BREAK,20.0,30.0,-10.0,1500.0,3
