source_file_id,file_name,source_system,receipt_status,record_count,control_total,expected_date,received_timestamp,validation_status
0,CUST_BAL_20220815.csv,Custodian_Bank,RECEIVED,50,-774.94,2022-08-15,2022-08-15 06:00:00,VALIDATED
1,CUST_BAL_20240323.csv,Custodian_Bank,RECEIVED,50,-660.21,2024-03-23,2024-03-23 06:00:00,VALIDATED
2,CUST_BAL_20210813.csv,Custodian_Bank,RECEIVED,50,-783.49,2021-08-13,2021-08-13 06:00:00,VALIDATED
3,CUST_BAL_20210520.csv,Custodian_Bank,RECEIVED,50,-721.24,2021-05-20,2021-05-20 06:00:00,VALIDATED
4,CUST_BAL_20221228.csv,Custodian_Bank,RECEIVED,50,-792.89,2022-12-28,2022-12-28 06:00:00,VALIDATED
5,CUST_BAL_20220119.csv,Custodian_Bank,RECEIVED,50,-695.87,2022-01-19,2022-01-19 06:00:00,VALIDATED
6,CUST_BAL_20210102.csv,Custodian_Bank,RECEIVED,50,-731.24,2021-01-02,2021-01-02 06:00:00,VALIDATED
7,CUST_BAL_20230611.csv,Custodian_Bank,RECEIVED,50,-736.64,2023-06-11,2023-06-11 06:00:00,VALIDATED
8,CUST_BAL_20231227.csv,Custodian_Bank,RECEIVED,50,-676.26,2023-12-27,2023-12-27 06:00:00,VALIDATED
9,CUST_BAL_20210906.csv,Custodian_Bank,RECEIVED,50,-750.16,2021-09-06,2021-09-06 06:00:00,VALIDATED
10,CUST_BAL_20210110.csv,Custodian_Bank,RECEIVED,50,-665.94,2021-01-10,2021-01-10 06:00:00,VALIDATED
11,CUST_BAL_20200805.csv,Custodian_Bank,RECEIVED,50,17.58,2020-08-05,2020-08-05 06:00:00,VALIDATED
12,CUST_BAL_20230721.csv,Custodian_Bank,RECEIVED,50,-755.94,2023-07-21,2023-07-21 06:00:00,VALIDATED
13,CUST_BAL_20210331.csv,Custodian_Bank,RECEIVED,50,-748.21,2021-03-31,2021-03-31 06:00:00,VALIDATED
14,CUST_BAL_20240504.csv,Custodian_Bank,RECEIVED,50,-572.75,2024-05-04,2024-05-04 06:00:00,VALIDATED
15,CUST_BAL_20240530.csv,Custodian_Bank,RECEIVED,50,-199.98,2024-05-30,2024-05-30 06:00:00,VALIDATED
16,CUST_BAL_20200517.csv,Custodian_Bank,RECEIVED,50,206.79,2020-05-17,2020-05-17 06:00:00,VALIDATED
17,CUST_BAL_20221017.csv,Custodian_Bank,RECEIVED,50,-765.63,2022-10-17,2022-10-17 06:00:00,VALIDATED
18,CUST_BAL_20220420.csv,Custodian_Bank,RECEIVED,50,-729.67,2022-04-20,2022-04-20 06:00:00,VALIDATED
19,CUST_BAL_20210420.csv,Custodian_Bank,RECEIVED,50,-709.76,2021-04-20,2021-04-20 06:00:00,VALIDATED
20,CUST_BAL_20211108.csv,Custodian_Bank,RECEIVED,50,-788.87,2021-11-08,2021-11-08 06:00:00,VALIDATED
21,CUST_BAL_20211027.csv,Custodian_Bank,RECEIVED,50,-730.86,2021-10-27,2021-10-27 06:00:00,VALIDATED
22,CUST_BAL_20201022.csv,Custodian_Bank,RECEIVED,50,134.77,2020-10-22,2020-10-22 06:00:00,VALIDATED
23,CUST_BAL_20220918.csv,Custodian_Bank,RECEIVED,50,-751.25,2022-09-18,2022-09-18 06:00:00,VALIDATED
24,CUST_BAL_20200501.csv,Custodian_Bank,RECEIVED,50,493.04,2020-05-01,2020-05-01 06:00:00,VALIDATED
25,CUST_BAL_20240225.csv,Custodian_Bank,RECEIVED,50,-663.51,2024-02-25,2024-02-25 06:00:00,VALIDATED
26,CUST_BAL_20211019.csv,Custodian_Bank,RECEIVED,50,-778.88,2021-10-19,2021-10-19 06:00:00,VALIDATED
27,CUST_BAL_20210128.csv,Custodian_Bank,RECEIVED,50,-674.45,2021-01-28,2021-01-28 06:00:00,VALIDATED
28,CUST_BAL_20220905.csv,Custodian_Bank,RECEIVED,50,-712.66,2022-09-05,2022-09-05 06:00:00,VALIDATED
29,CUST_BAL_20230717.csv,Custodian_Bank,RECEIVED,50,-745.24,2023-07-17,2023-07-17 06:00:00,VALIDATED
30,CUST_BAL_20230405.csv,Custodian_Bank,RECEIVED,50,-627.1,2023-04-05,2023-04-05 06:00:00,VALIDATED
31,CUST_BAL_20220415.csv,Custodian_Bank,RECEIVED,50,-760.39,2022-04-15,2022-04-15 06:00:00,VALIDATED
32,CUST_BAL_20220328.csv,Custodian_Bank,RECEIVED,50,-792.14,2022-03-28,2022-03-28 06:00:00,VALIDATED
33,CUST_BAL_20220605.csv,Custodian_Bank,RECEIVED,50,-791.23,2022-06-05,2022-06-05 06:00:00,VALIDATED
34,CUST_BAL_20240228.csv,Custodian_Bank,RECEIVED,50,-695.13,2024-02-28,2024-02-28 06:00:00,VALIDATED
35,CUST_BAL_20220513.csv,Custodian_Bank,RECEIVED,50,-790.43,2022-05-13,2022-05-13 06:00:00,VALIDATED
36,CUST_BAL_20220109.csv,Custodian_Bank,RECEIVED,50,-690.29,2022-01-09,2022-01-09 06:00:00,VALIDATED
37,CUST_BAL_20210530.csv,Custodian_Bank,RECEIVED,50,-716.71,2021-05-30,2021-05-30 06:00:00,VALIDATED
38,CUST_BAL_20200718.csv,Custodian_Bank,RECEIVED,50,35.24,2020-07-18,2020-07-18 06:00:00,VALIDATED
39,CUST_BAL_20230517.csv,Custodian_Bank,RECEIVED,50,-737.61,2023-05-17,2023-05-17 06:00:00,VALIDATED
40,CUST_BAL_20200613.csv,Custodian_Bank,RECEIVED,50,40.59,2020-06-13,2020-06-13 06:00:00,VALIDATED
41,CUST_BAL_20210215.csv,Custodian_Bank,RECEIVED,50,-694.59,2021-02-15,2021-02-15 06:00:00,VALIDATED
42,CUST_BAL_20200621.csv,Custodian_Bank,RECEIVED,50,40.59,2020-06-21,2020-06-21 06:00:00,VALIDATED
43,CUST_BAL_20220721.csv,Custodian_Bank,RECEIVED,50,-783.4,2022-07-21,2022-07-21 06:00:00,VALIDATED
44,CUST_BAL_20211218.csv,Custodian_Bank,RECEIVED,50,-639.35,2021-12-18,2021-12-18 06:00:00,VALIDATED
45,CUST_BAL_20210505.csv,Custodian_Bank,RECEIVED,50,-744.74,2021-05-05,2021-05-05 06:00:00,VALIDATED
46,CUST_BAL_20231018.csv,Custodian_Bank,RECEIVED,50,-789.15,2023-10-18,2023-10-18 06:00:00,VALIDATED
47,CUST_BAL_20221027.csv,Custodian_Bank,RECEIVED,50,-751.98,2022-10-27,2022-10-27 06:00:00,VALIDATED
48,CUST_BAL_20230415.csv,Custodian_Bank,RECEIVED,50,-798.66,2023-04-15,2023-04-15 06:00:00,VALIDATED
49,CUST_BAL_20230705.csv,Custodian_Bank,RECEIVED,50,1415.47,2023-07-05,2023-07-05 06:00:00,VALIDATED
50,CUST_BAL_20210623.csv,Custodian_Bank,RECEIVED,50,-785.63,2021-06-23,2021-06-23 06:00:00,VALIDATED
51,CUST_BAL_20240528.csv,Custodian_Bank,RECEIVED,50,260.16,2024-05-28,2024-05-28 06:00:00,VALIDATED
52,CUST_BAL_20210402.csv,Custodian_Bank,RECEIVED,50,-726.03,2021-04-02,2021-04-02 06:00:00,VALIDATED
53,CUST_BAL_20230729.csv,Custodian_Bank,RECEIVED,50,-754.62,2023-07-29,2023-07-29 06:00:00,VALIDATED
54,CUST_BAL_20210202.csv,Custodian_Bank,RECEIVED,50,-724.35,2021-02-02,2021-02-02 06:00:00,VALIDATED
55,CUST_BAL_20230510.csv,Custodian_Bank,RECEIVED,50,-747.59,2023-05-10,2023-05-10 06:00:00,VALIDATED
56,CUST_BAL_20201222.csv,Custodian_Bank,RECEIVED,50,-693.04,2020-12-22,2020-12-22 06:00:00,VALIDATED
57,CUST_BAL_20201130.csv,Custodian_Bank,RECEIVED,50,-719.98,2020-11-30,2020-11-30 06:00:00,VALIDATED
58,CUST_BAL_20211021.csv,Custodian_Bank,RECEIVED,50,-778.88,2021-10-21,2021-10-21 06:00:00,VALIDATED
59,CUST_BAL_20220913.csv,Custodian_Bank,RECEIVED,50,-796.58,2022-09-13,2022-09-13 06:00:00,VALIDATED
60,CUST_BAL_20210424.csv,Custodian_Bank,RECEIVED,50,-710.42,2021-04-24,2021-04-24 06:00:00,VALIDATED
61,CUST_BAL_20231028.csv,Custodian_Bank,RECEIVED,50,-687.59,2023-10-28,2023-10-28 06:00:00,VALIDATED
62,CUST_BAL_20220307.csv,Custodian_Bank,RECEIVED,50,-736.09,2022-03-07,2022-03-07 06:00:00,VALIDATED
63,CUST_BAL_20230312.csv,Custodian_Bank,RECEIVED,50,-740.7,2023-03-12,2023-03-12 06:00:00,VALIDATED
64,CUST_BAL_20210907.csv,Custodian_Bank,RECEIVED,50,-741.98,2021-09-07,2021-09-07 06:00:00,VALIDATED
65,CUST_BAL_20211125.csv,Custodian_Bank,RECEIVED,50,-684.98,2021-11-25,2021-11-25 06:00:00,VALIDATED
66,CUST_BAL_20231003.csv,Custodian_Bank,RECEIVED,50,-780.36,2023-10-03,2023-10-03 06:00:00,VALIDATED
67,CUST_BAL_20210627.csv,Custodian_Bank,RECEIVED,50,-776.47,2021-06-27,2021-06-27 06:00:00,VALIDATED
68,CUST_BAL_20221114.csv,Custodian_Bank,RECEIVED,50,-735.89,2022-11-14,2022-11-14 06:00:00,VALIDATED
69,CUST_BAL_20210825.csv,Custodian_Bank,RECEIVED,50,-745.88,2021-08-25,2021-08-25 06:00:00,VALIDATED
70,CUST_BAL_20220728.csv,Custodian_Bank,RECEIVED,50,205.29,2022-07-28,2022-07-28 06:00:00,VALIDATED
71,CUST_BAL_20200623.csv,Custodian_Bank,RECEIVED,50,40.59,2020-06-23,2020-06-23 06:00:00,VALIDATED
72,CUST_BAL_20210805.csv,Custodian_Bank,RECEIVED,50,-612.13,2021-08-05,2021-08-05 06:00:00,VALIDATED
73,CUST_BAL_20230830.csv,Custodian_Bank,RECEIVED,50,-694.01,2023-08-30,2023-08-30 06:00:00,VALIDATED
74,CUST_BAL_20210525.csv,Custodian_Bank,RECEIVED,50,-713.77,2021-05-25,2021-05-25 06:00:00,VALIDATED
75,CUST_BAL_20200630.csv,Custodian_Bank,RECEIVED,50,1750.95,2020-06-30,2020-06-30 06:00:00,VALIDATED
76,CUST_BAL_20230105.csv,Custodian_Bank,RECEIVED,50,-568.77,2023-01-05,2023-01-05 06:00:00,VALIDATED
77,CUST_BAL_20200722.csv,Custodian_Bank,RECEIVED,50,35.24,2020-07-22,2020-07-22 06:00:00,VALIDATED
78,CUST_BAL_20220515.csv,Custodian_Bank,RECEIVED,50,-790.43,2022-05-15,2022-05-15 06:00:00,VALIDATED
79,CUST_BAL_20220428.csv,Custodian_Bank,RECEIVED,50,-784.33,2022-04-28,2022-04-28 06:00:00,VALIDATED
80,CUST_BAL_20221129.csv,Custodian_Bank,RECEIVED,50,-763.23,2022-11-29,2022-11-29 06:00:00,VALIDATED
81,CUST_BAL_20201003.csv,Custodian_Bank,RECEIVED,50,44.72,2020-10-03,2020-10-03 06:00:00,VALIDATED
82,CUST_BAL_20210621.csv,Custodian_Bank,RECEIVED,50,-791.23,2021-06-21,2021-06-21 06:00:00,VALIDATED
83,CUST_BAL_20230204.csv,Custodian_Bank,RECEIVED,50,-780.61,2023-02-04,2023-02-04 06:00:00,VALIDATED
84,CUST_BAL_20231104.csv,Custodian_Bank,RECEIVED,50,-653.5,2023-11-04,2023-11-04 06:00:00,VALIDATED
85,CUST_BAL_20200922.csv,Custodian_Bank,RECEIVED,50,34.66,2020-09-22,2020-09-22 06:00:00,VALIDATED
86,CUST_BAL_20220417.csv,Custodian_Bank,RECEIVED,50,-760.39,2022-04-17,2022-04-17 06:00:00,VALIDATED
87,CUST_BAL_20210831.csv,Custodian_Bank,RECEIVED,50,-808.06,2021-08-31,2021-08-31 06:00:00,VALIDATED
88,CUST_BAL_20210705.csv,Custodian_Bank,RECEIVED,50,-686.41,2021-07-05,2021-07-05 06:00:00,VALIDATED
89,CUST_BAL_20220101.csv,Custodian_Bank,RECEIVED,50,-753.81,2022-01-01,2022-01-01 06:00:00,VALIDATED
90,CUST_BAL_20210123.csv,Custodian_Bank,RECEIVED,50,-701.25,2021-01-23,2021-01-23 06:00:00,VALIDATED
91,CUST_BAL_20220430.csv,Custodian_Bank,RECEIVED,50,-784.33,2022-04-30,2022-04-30 06:00:00,VALIDATED
92,CUST_BAL_20230331.csv,Custodian_Bank,RECEIVED,50,-723.06,2023-03-31,2023-03-31 06:00:00,VALIDATED
93,CUST_BAL_20221120.csv,Custodian_Bank,RECEIVED,50,-779.51,2022-11-20,2022-11-20 06:00:00,VALIDATED
94,CUST_BAL_20210418.csv,Custodian_Bank,RECEIVED,50,-720.34,2021-04-18,2021-04-18 06:00:00,VALIDATED
95,CUST_BAL_20220729.csv,Custodian_Bank,RECEIVED,50,205.29,2022-07-29,2022-07-29 06:00:00,VALIDATED
96,CUST_BAL_20200823.csv,Custodian_Bank,RECEIVED,50,18.48,2020-08-23,2020-08-23 06:00:00,VALIDATED
97,CUST_BAL_20240413.csv,Custodian_Bank,RECEIVED,50,-658.25,2024-04-13,2024-04-13 06:00:00,VALIDATED
98,CUST_BAL_20220714.csv,Custodian_Bank,RECEIVED,50,-762.49,2022-07-14,2022-07-14 06:00:00,VALIDATED
99,CUST_BAL_20201124.csv,Custodian_Bank,RECEIVED,50,-695.35,2020-11-24,2020-11-24 06:00:00,VALIDATED
100,CUST_BAL_20231213.csv,Custodian_Bank,RECEIVED,50,-676.26,2023-12-13,2023-12-13 06:00:00,VALIDATED
101,CUST_BAL_20240330.csv,Custodian_Bank,RECEIVED,50,-421.7,2024-03-30,2024-03-30 06:00:00,VALIDATED
102,CUST_BAL_20220228.csv,Custodian_Bank,RECEIVED,50,-780.75,2022-02-28,2022-02-28 06:00:00,VALIDATED
103,CUST_BAL_20200514.csv,Custodian_Bank,RECEIVED,50,206.79,2020-05-14,2020-05-14 06:00:00,VALIDATED
104,CUST_BAL_20200815.csv,Custodian_Bank,RECEIVED,50,103.47,2020-08-15,2020-08-15 06:00:00,VALIDATED
105,CUST_BAL_20230209.csv,Custodian_Bank,RECEIVED,50,-777.67,2023-02-09,2023-02-09 06:00:00,VALIDATED
106,CUST_BAL_20210411.csv,Custodian_Bank,RECEIVED,50,-723.09,2021-04-11,2021-04-11 06:00:00,VALIDATED
107,CUST_BAL_20221013.csv,Custodian_Bank,RECEIVED,50,-775.05,2022-10-13,2022-10-13 06:00:00,VALIDATED
108,CUST_BAL_20200723.csv,Custodian_Bank,RECEIVED,50,35.24,2020-07-23,2020-07-23 06:00:00,VALIDATED
109,CUST_BAL_20210821.csv,Custodian_Bank,RECEIVED,50,-432.51,2021-08-21,2021-08-21 06:00:00,VALIDATED
110,CUST_BAL_20211107.csv,Custodian_Bank,RECEIVED,50,-788.87,2021-11-07,2021-11-07 06:00:00,VALIDATED
111,CUST_BAL_20240305.csv,Custodian_Bank,RECEIVED,50,-689.03,2024-03-05,2024-03-05 06:00:00,VALIDATED
112,CUST_BAL_20210320.csv,Custodian_Bank,RECEIVED,50,-586.73,2021-03-20,2021-03-20 06:00:00,VALIDATED
113,CUST_BAL_20230216.csv,Custodian_Bank,RECEIVED,50,-778.03,2023-02-16,2023-02-16 06:00:00,VALIDATED
114,CUST_BAL_20211208.csv,Custodian_Bank,RECEIVED,50,-728.14,2021-12-08,2021-12-08 06:00:00,VALIDATED
115,CUST_BAL_20220124.csv,Custodian_Bank,RECEIVED,50,-751.19,2022-01-24,2022-01-24 06:00:00,VALIDATED
116,CUST_BAL_20220309.csv,Custodian_Bank,RECEIVED,50,-710.79,2022-03-09,2022-03-09 06:00:00,VALIDATED
117,CUST_BAL_20210921.csv,Custodian_Bank,RECEIVED,50,-779.86,2021-09-21,2021-09-21 06:00:00,VALIDATED
118,CUST_BAL_20211217.csv,Custodian_Bank,RECEIVED,50,-639.35,2021-12-17,2021-12-17 06:00:00,VALIDATED
119,CUST_BAL_20231124.csv,Custodian_Bank,RECEIVED,50,-726.55,2023-11-24,2023-11-24 06:00:00,VALIDATED
120,CUST_BAL_20221105.csv,Custodian_Bank,RECEIVED,50,-758.9,2022-11-05,2022-11-05 06:00:00,VALIDATED
121,CUST_BAL_20210529.csv,Custodian_Bank,RECEIVED,50,-716.71,2021-05-29,2021-05-29 06:00:00,VALIDATED
122,CUST_BAL_20210910.csv,Custodian_Bank,RECEIVED,50,-732.86,2021-09-10,2021-09-10 06:00:00,VALIDATED
123,CUST_BAL_20231026.csv,Custodian_Bank,RECEIVED,50,-733.04,2023-10-26,2023-10-26 06:00:00,VALIDATED
124,CUST_BAL_20200528.csv,Custodian_Bank,RECEIVED,50,1157.28,2020-05-28,2020-05-28 06:00:00,VALIDATED
125,CUST_BAL_20230408.csv,Custodian_Bank,RECEIVED,50,-568.9,2023-04-08,2023-04-08 06:00:00,VALIDATED
126,CUST_BAL_20211114.csv,Custodian_Bank,RECEIVED,50,-798.22,2021-11-14,2021-11-14 06:00:00,VALIDATED
127,CUST_BAL_20221206.csv,Custodian_Bank,RECEIVED,50,-751.33,2022-12-06,2022-12-06 06:00:00,VALIDATED
128,CUST_BAL_20231222.csv,Custodian_Bank,RECEIVED,50,-676.26,2023-12-22,2023-12-22 06:00:00,VALIDATED
129,CUST_BAL_20220622.csv,Custodian_Bank,RECEIVED,50,-793.83,2022-06-22,2022-06-22 06:00:00,VALIDATED
130,CUST_BAL_20220603.csv,Custodian_Bank,RECEIVED,50,-791.23,2022-06-03,2022-06-03 06:00:00,VALIDATED
131,CUST_BAL_20230226.csv,Custodian_Bank,RECEIVED,50,-791.85,2023-02-26,2023-02-26 06:00:00,VALIDATED
132,CUST_BAL_20230828.csv,Custodian_Bank,RECEIVED,50,-778.14,2023-08-28,2023-08-28 06:00:00,VALIDATED
133,CUST_BAL_20230601.csv,Custodian_Bank,RECEIVED,50,-710.68,2023-06-01,2023-06-01 06:00:00,VALIDATED
134,CUST_BAL_20240309.csv,Custodian_Bank,RECEIVED,50,-721.93,2024-03-09,2024-03-09 06:00:00,VALIDATED
135,CUST_BAL_20230821.csv,Custodian_Bank,RECEIVED,50,-760.81,2023-08-21,2023-08-21 06:00:00,VALIDATED
136,CUST_BAL_20230326.csv,Custodian_Bank,RECEIVED,50,-742.4,2023-03-26,2023-03-26 06:00:00,VALIDATED
137,CUST_BAL_20240426.csv,Custodian_Bank,RECEIVED,50,-662.07,2024-04-26,2024-04-26 06:00:00,VALIDATED
138,CUST_BAL_20240423.csv,Custodian_Bank,RECEIVED,50,-719.35,2024-04-23,2024-04-23 06:00:00,VALIDATED
139,CUST_BAL_20220116.csv,Custodian_Bank,RECEIVED,50,-775.54,2022-01-16,2022-01-16 06:00:00,VALIDATED
140,CUST_BAL_20200822.csv,Custodian_Bank,RECEIVED,50,18.48,2020-08-22,2020-08-22 06:00:00,VALIDATED
141,CUST_BAL_20220711.csv,Custodian_Bank,RECEIVED,50,-742.56,2022-07-11,2022-07-11 06:00:00,VALIDATED
142,CUST_BAL_20211124.csv,Custodian_Bank,RECEIVED,50,-684.98,2021-11-24,2021-11-24 06:00:00,VALIDATED
143,CUST_BAL_20240209.csv,Custodian_Bank,RECEIVED,50,-670.43,2024-02-09,2024-02-09 06:00:00,VALIDATED
144,CUST_BAL_20210806.csv,Custodian_Bank,RECEIVED,50,-536.81,2021-08-06,2021-08-06 06:00:00,VALIDATED
145,CUST_BAL_20220807.csv,Custodian_Bank,RECEIVED,50,-794.71,2022-08-07,2022-08-07 06:00:00,VALIDATED
146,CUST_BAL_20231103.csv,Custodian_Bank,RECEIVED,50,-653.51,2023-11-03,2023-11-03 06:00:00,VALIDATED
147,CUST_BAL_20200814.csv,Custodian_Bank,RECEIVED,50,103.47,2020-08-14,2020-08-14 06:00:00,VALIDATED
148,CUST_BAL_20230228.csv,Custodian_Bank,RECEIVED,50,-726.09,2023-02-28,2023-02-28 06:00:00,VALIDATED
149,CUST_BAL_20200827.csv,Custodian_Bank,RECEIVED,50,18.8,2020-08-27,2020-08-27 06:00:00,VALIDATED
150,CUST_BAL_20210713.csv,Custodian_Bank,RECEIVED,50,-734.46,2021-07-13,2021-07-13 06:00:00,VALIDATED
151,CUST_BAL_20221127.csv,Custodian_Bank,RECEIVED,50,-766.42,2022-11-27,2022-11-27 06:00:00,VALIDATED
152,CUST_BAL_20200907.csv,Custodian_Bank,RECEIVED,50,19.2,2020-09-07,2020-09-07 06:00:00,VALIDATED
153,CUST_BAL_20231224.csv,Custodian_Bank,RECEIVED,50,-676.26,2023-12-24,2023-12-24 06:00:00,VALIDATED
154,CUST_BAL_20220526.csv,Custodian_Bank,RECEIVED,50,-782.2,2022-05-26,2022-05-26 06:00:00,VALIDATED
155,CUST_BAL_20220806.csv,Custodian_Bank,RECEIVED,50,-794.71,2022-08-06,2022-08-06 06:00:00,VALIDATED
156,CUST_BAL_20221026.csv,Custodian_Bank,RECEIVED,50,-779.21,2022-10-26,2022-10-26 06:00:00,VALIDATED
157,CUST_BAL_20220209.csv,Custodian_Bank,RECEIVED,50,-666.81,2022-02-09,2022-02-09 06:00:00,VALIDATED
158,CUST_BAL_20231001.csv,Custodian_Bank,RECEIVED,50,-520.78,2023-10-01,2023-10-01 06:00:00,VALIDATED
159,CUST_BAL_20240322.csv,Custodian_Bank,RECEIVED,50,-660.21,2024-03-22,2024-03-22 06:00:00,VALIDATED
160,CUST_BAL_20240316.csv,Custodian_Bank,RECEIVED,50,-662.63,2024-03-16,2024-03-16 06:00:00,VALIDATED
161,CUST_BAL_20201015.csv,Custodian_Bank,RECEIVED,50,92.95,2020-10-15,2020-10-15 06:00:00,VALIDATED
162,CUST_BAL_20210815.csv,Custodian_Bank,RECEIVED,50,-783.49,2021-08-15,2021-08-15 06:00:00,VALIDATED
163,CUST_BAL_20210721.csv,Custodian_Bank,RECEIVED,50,-797.87,2021-07-21,2021-07-21 06:00:00,VALIDATED
164,CUST_BAL_20210126.csv,Custodian_Bank,RECEIVED,50,-731.23,2021-01-26,2021-01-26 06:00:00,VALIDATED
165,CUST_BAL_20220213.csv,Custodian_Bank,RECEIVED,50,-654.69,2022-02-13,2022-02-13 06:00:00,VALIDATED
166,CUST_BAL_20230527.csv,Custodian_Bank,RECEIVED,50,-760.11,2023-05-27,2023-05-27 06:00:00,VALIDATED
167,CUST_BAL_20231129.csv,Custodian_Bank,RECEIVED,50,-750.48,2023-11-29,2023-11-29 06:00:00,VALIDATED
168,CUST_BAL_20220407.csv,Custodian_Bank,RECEIVED,50,398.54,2022-04-07,2022-04-07 06:00:00,VALIDATED
169,CUST_BAL_20200601.csv,Custodian_Bank,RECEIVED,50,191.02,2020-06-01,2020-06-01 06:00:00,VALIDATED
170,CUST_BAL_20240429.csv,Custodian_Bank,RECEIVED,50,-602.48,2024-04-29,2024-04-29 06:00:00,VALIDATED
171,CUST_BAL_20210601.csv,Custodian_Bank,RECEIVED,50,-731.97,2021-06-01,2021-06-01 06:00:00,VALIDATED
172,CUST_BAL_20230427.csv,Custodian_Bank,RECEIVED,50,-736.85,2023-04-27,2023-04-27 06:00:00,VALIDATED
173,CUST_BAL_20220730.csv,Custodian_Bank,RECEIVED,50,205.29,2022-07-30,2022-07-30 06:00:00,VALIDATED
174,CUST_BAL_20221012.csv,Custodian_Bank,RECEIVED,50,-705.52,2022-10-12,2022-10-12 06:00:00,VALIDATED
175,CUST_BAL_20230112.csv,Custodian_Bank,RECEIVED,50,-798.17,2023-01-12,2023-01-12 06:00:00,VALIDATED
176,CUST_BAL_20240328.csv,Custodian_Bank,RECEIVED,50,-534.15,2024-03-28,2024-03-28 06:00:00,VALIDATED
177,CUST_BAL_20230907.csv,Custodian_Bank,RECEIVED,50,-761.02,2023-09-07,2023-09-07 06:00:00,VALIDATED
178,CUST_BAL_20221222.csv,Custodian_Bank,RECEIVED,50,-765.74,2022-12-22,2022-12-22 06:00:00,VALIDATED
179,CUST_BAL_20211202.csv,Custodian_Bank,RECEIVED,50,-746.52,2021-12-02,2021-12-02 06:00:00,VALIDATED
180,CUST_BAL_20211123.csv,Custodian_Bank,RECEIVED,50,-697.0,2021-11-23,2021-11-23 06:00:00,VALIDATED
181,CUST_BAL_20210106.csv,Custodian_Bank,RECEIVED,50,-680.44,2021-01-06,2021-01-06 06:00:00,VALIDATED
182,CUST_BAL_20230822.csv,Custodian_Bank,RECEIVED,50,-760.81,2023-08-22,2023-08-22 06:00:00,VALIDATED
183,CUST_BAL_20211118.csv,Custodian_Bank,RECEIVED,50,-676.86,2021-11-18,2021-11-18 06:00:00,VALIDATED
184,CUST_BAL_20201204.csv,Custodian_Bank,RECEIVED,50,-651.14,2020-12-04,2020-12-04 06:00:00,VALIDATED
185,CUST_BAL_20231107.csv,Custodian_Bank,RECEIVED,50,1179.36,2023-11-07,2023-11-07 06:00:00,VALIDATED
186,CUST_BAL_20221219.csv,Custodian_Bank,RECEIVED,50,-753.07,2022-12-19,2022-12-19 06:00:00,VALIDATED
187,CUST_BAL_20220103.csv,Custodian_Bank,RECEIVED,50,-655.66,2022-01-03,2022-01-03 06:00:00,VALIDATED
188,CUST_BAL_20200807.csv,Custodian_Bank,RECEIVED,50,17.58,2020-08-07,2020-08-07 06:00:00,VALIDATED
189,CUST_BAL_20210914.csv,Custodian_Bank,RECEIVED,50,-732.86,2021-09-14,2021-09-14 06:00:00,VALIDATED
190,CUST_BAL_20211030.csv,Custodian_Bank,RECEIVED,50,-759.85,2021-10-30,2021-10-30 06:00:00,VALIDATED
191,CUST_BAL_20211219.csv,Custodian_Bank,RECEIVED,50,-639.35,2021-12-19,2021-12-19 06:00:00,VALIDATED
192,CUST_BAL_20240126.csv,Custodian_Bank,RECEIVED,50,-670.41,2024-01-26,2024-01-26 06:00:00,VALIDATED
193,CUST_BAL_20230520.csv,Custodian_Bank,RECEIVED,50,-731.53,2023-05-20,2023-05-20 06:00:00,VALIDATED
194,CUST_BAL_20200721.csv,Custodian_Bank,RECEIVED,50,35.24,2020-07-21,2020-07-21 06:00:00,VALIDATED
195,CUST_BAL_20240409.csv,Custodian_Bank,RECEIVED,50,-655.71,2024-04-09,2024-04-09 06:00:00,VALIDATED
196,CUST_BAL_20240609.csv,Custodian_Bank,RECEIVED,50,-434.24,2024-06-09,2024-06-09 06:00:00,VALIDATED
197,CUST_BAL_20230905.csv,Custodian_Bank,RECEIVED,50,-670.06,2023-09-05,2023-09-05 06:00:00,VALIDATED
198,CUST_BAL_20210227.csv,Custodian_Bank,RECEIVED,50,-737.26,2021-02-27,2021-02-27 06:00:00,VALIDATED
199,CUST_BAL_20220301.csv,Custodian_Bank,RECEIVED,50,-756.88,2022-03-01,2022-03-01 06:00:00,VALIDATED
200,CUST_BAL_20220601.csv,Custodian_Bank,RECEIVED,50,-759.88,2022-06-01,2022-06-01 06:00:00,VALIDATED
201,CUST_BAL_20220705.csv,Custodian_Bank,RECEIVED,50,-792.78,2022-07-05,2022-07-05 06:00:00,VALIDATED
202,CUST_BAL_20240613.csv,Custodian_Bank,RECEIVED,50,-588.17,2024-06-13,2024-06-13 06:00:00,VALIDATED
203,CUST_BAL_20220204.csv,Custodian_Bank,RECEIVED,50,-666.81,2022-02-04,2022-02-04 06:00:00,VALIDATED
204,CUST_BAL_20221030.csv,Custodian_Bank,RECEIVED,50,-783.17,2022-10-30,2022-10-30 06:00:00,VALIDATED
205,CUST_BAL_20210818.csv,Custodian_Bank,RECEIVED,50,-795.05,2021-08-18,2021-08-18 06:00:00,VALIDATED
206,CUST_BAL_20200509.csv,Custodian_Bank,RECEIVED,50,138.86,2020-05-09,2020-05-09 06:00:00,VALIDATED
207,CUST_BAL_20240422.csv,Custodian_Bank,RECEIVED,50,-719.35,2024-04-22,2024-04-22 06:00:00,VALIDATED
208,CUST_BAL_20240303.csv,Custodian_Bank,RECEIVED,50,-694.25,2024-03-03,2024-03-03 06:00:00,VALIDATED
209,CUST_BAL_20211024.csv,Custodian_Bank,RECEIVED,50,-801.07,2021-10-24,2021-10-24 06:00:00,VALIDATED
210,CUST_BAL_20230614.csv,Custodian_Bank,RECEIVED,50,-459.03,2023-06-14,2023-06-14 06:00:00,VALIDATED
211,CUST_BAL_20220619.csv,Custodian_Bank,RECEIVED,50,-780.51,2022-06-19,2022-06-19 06:00:00,VALIDATED
212,CUST_BAL_20210920.csv,Custodian_Bank,RECEIVED,50,-803.68,2021-09-20,2021-09-20 06:00:00,VALIDATED
213,CUST_BAL_20210903.csv,Custodian_Bank,RECEIVED,50,-756.44,2021-09-03,2021-09-03 06:00:00,VALIDATED
214,CUST_BAL_20221023.csv,Custodian_Bank,RECEIVED,50,-574.12,2022-10-23,2022-10-23 06:00:00,VALIDATED
215,CUST_BAL_20210528.csv,Custodian_Bank,RECEIVED,50,-716.71,2021-05-28,2021-05-28 06:00:00,VALIDATED
216,CUST_BAL_20240128.csv,Custodian_Bank,RECEIVED,50,-670.39,2024-01-28,2024-01-28 06:00:00,VALIDATED
217,CUST_BAL_20230817.csv,Custodian_Bank,RECEIVED,50,-676.88,2023-08-17,2023-08-17 06:00:00,VALIDATED
218,CUST_BAL_20230208.csv,Custodian_Bank,RECEIVED,50,-777.67,2023-02-08,2023-02-08 06:00:00,VALIDATED
219,CUST_BAL_20230501.csv,Custodian_Bank,RECEIVED,50,-703.35,2023-05-01,2023-05-01 06:00:00,VALIDATED
220,CUST_BAL_20211207.csv,Custodian_Bank,RECEIVED,50,-738.36,2021-12-07,2021-12-07 06:00:00,VALIDATED
221,CUST_BAL_20230912.csv,Custodian_Bank,RECEIVED,50,-765.29,2023-09-12,2023-09-12 06:00:00,VALIDATED
222,CUST_BAL_20240326.csv,Custodian_Bank,RECEIVED,50,-660.21,2024-03-26,2024-03-26 06:00:00,VALIDATED
223,CUST_BAL_20201212.csv,Custodian_Bank,RECEIVED,50,-680.33,2020-12-12,2020-12-12 06:00:00,VALIDATED
224,CUST_BAL_20210830.csv,Custodian_Bank,RECEIVED,50,-743.29,2021-08-30,2021-08-30 06:00:00,VALIDATED
225,CUST_BAL_20240207.csv,Custodian_Bank,RECEIVED,50,-677.56,2024-02-07,2024-02-07 06:00:00,VALIDATED
226,CUST_BAL_20240425.csv,Custodian_Bank,RECEIVED,50,-719.35,2024-04-25,2024-04-25 06:00:00,VALIDATED
227,CUST_BAL_20210518.csv,Custodian_Bank,RECEIVED,50,-707.07,2021-05-18,2021-05-18 06:00:00,VALIDATED
228,CUST_BAL_20230619.csv,Custodian_Bank,RECEIVED,50,-331.86,2023-06-19,2023-06-19 06:00:00,VALIDATED
229,CUST_BAL_20210323.csv,Custodian_Bank,RECEIVED,50,-667.7,2021-03-23,2021-03-23 06:00:00,VALIDATED
230,CUST_BAL_20230322.csv,Custodian_Bank,RECEIVED,50,-781.94,2023-03-22,2023-03-22 06:00:00,VALIDATED
231,CUST_BAL_20210614.csv,Custodian_Bank,RECEIVED,50,-784.4,2021-06-14,2021-06-14 06:00:00,VALIDATED
232,CUST_BAL_20210413.csv,Custodian_Bank,RECEIVED,50,-715.22,2021-04-13,2021-04-13 06:00:00,VALIDATED
233,CUST_BAL_20230219.csv,Custodian_Bank,RECEIVED,50,-771.98,2023-02-19,2023-02-19 06:00:00,VALIDATED
234,CUST_BAL_20230825.csv,Custodian_Bank,RECEIVED,50,-778.14,2023-08-25,2023-08-25 06:00:00,VALIDATED
235,CUST_BAL_20220123.csv,Custodian_Bank,RECEIVED,50,-751.19,2022-01-23,2022-01-23 06:00:00,VALIDATED
236,CUST_BAL_20240221.csv,Custodian_Bank,RECEIVED,50,-663.51,2024-02-21,2024-02-21 06:00:00,VALIDATED
237,CUST_BAL_20221019.csv,Custodian_Bank,RECEIVED,50,-774.12,2022-10-19,2022-10-19 06:00:00,VALIDATED
238,CUST_BAL_20220218.csv,Custodian_Bank,RECEIVED,50,-547.88,2022-02-18,2022-02-18 06:00:00,VALIDATED
239,CUST_BAL_20220922.csv,Custodian_Bank,RECEIVED,50,-551.25,2022-09-22,2022-09-22 06:00:00,VALIDATED
240,CUST_BAL_20210324.csv,Custodian_Bank,RECEIVED,50,-667.7,2021-03-24,2021-03-24 06:00:00,VALIDATED
241,CUST_BAL_20210718.csv,Custodian_Bank,RECEIVED,50,-584.46,2021-07-18,2021-07-18 06:00:00,VALIDATED
242,CUST_BAL_20210925.csv,Custodian_Bank,RECEIVED,50,-370.14,2021-09-25,2021-09-25 06:00:00,VALIDATED
243,CUST_BAL_20220419.csv,Custodian_Bank,RECEIVED,50,-718.38,2022-04-19,2022-04-19 06:00:00,VALIDATED
244,CUST_BAL_20231118.csv,Custodian_Bank,RECEIVED,50,-779.78,2023-11-18,2023-11-18 06:00:00,VALIDATED
245,CUST_BAL_20230402.csv,Custodian_Bank,RECEIVED,50,-723.06,2023-04-02,2023-04-02 06:00:00,VALIDATED
246,CUST_BAL_20220824.csv,Custodian_Bank,RECEIVED,50,-777.57,2022-08-24,2022-08-24 06:00:00,VALIDATED
247,CUST_BAL_20200728.csv,Custodian_Bank,RECEIVED,50,35.24,2020-07-28,2020-07-28 06:00:00,VALIDATED
248,CUST_BAL_20230513.csv,Custodian_Bank,RECEIVED,50,-747.59,2023-05-13,2023-05-13 06:00:00,VALIDATED
249,CUST_BAL_20210628.csv,Custodian_Bank,RECEIVED,50,-776.47,2021-06-28,2021-06-28 06:00:00,VALIDATED
250,CUST_BAL_20201004.csv,Custodian_Bank,RECEIVED,50,44.72,2020-10-04,2020-10-04 06:00:00,VALIDATED
251,CUST_BAL_20220110.csv,Custodian_Bank,RECEIVED,50,-671.71,2022-01-10,2022-01-10 06:00:00,VALIDATED
252,CUST_BAL_20210220.csv,Custodian_Bank,RECEIVED,50,-732.21,2021-02-20,2021-02-20 06:00:00,VALIDATED
253,CUST_BAL_20230902.csv,Custodian_Bank,RECEIVED,50,-670.08,2023-09-02,2023-09-02 06:00:00,VALIDATED
254,CUST_BAL_20221213.csv,Custodian_Bank,RECEIVED,50,-755.39,2022-12-13,2022-12-13 06:00:00,VALIDATED
255,CUST_BAL_20240125.csv,Custodian_Bank,RECEIVED,50,-670.42,2024-01-25,2024-01-25 06:00:00,VALIDATED
256,CUST_BAL_20210211.csv,Custodian_Bank,RECEIVED,50,-685.85,2021-02-11,2021-02-11 06:00:00,VALIDATED
257,CUST_BAL_20211009.csv,Custodian_Bank,RECEIVED,50,-757.37,2021-10-09,2021-10-09 06:00:00,VALIDATED
258,CUST_BAL_20240327.csv,Custodian_Bank,RECEIVED,50,-585.05,2024-03-27,2024-03-27 06:00:00,VALIDATED
259,CUST_BAL_20211229.csv,Custodian_Bank,RECEIVED,50,-787.31,2021-12-29,2021-12-29 06:00:00,VALIDATED
260,CUST_BAL_20230220.csv,Custodian_Bank,RECEIVED,50,-746.13,2023-02-20,2023-02-20 06:00:00,VALIDATED
261,CUST_BAL_20210509.csv,Custodian_Bank,RECEIVED,50,-744.74,2021-05-09,2021-05-09 06:00:00,VALIDATED
262,CUST_BAL_20210712.csv,Custodian_Bank,RECEIVED,50,-755.0,2021-07-12,2021-07-12 06:00:00,VALIDATED
263,CUST_BAL_20201125.csv,Custodian_Bank,RECEIVED,50,-689.52,2020-11-25,2020-11-25 06:00:00,VALIDATED
264,CUST_BAL_20220613.csv,Custodian_Bank,RECEIVED,50,-756.04,2022-06-13,2022-06-13 06:00:00,VALIDATED
265,CUST_BAL_20201108.csv,Custodian_Bank,RECEIVED,50,-677.27,2020-11-08,2020-11-08 06:00:00,VALIDATED
266,CUST_BAL_20240304.csv,Custodian_Bank,RECEIVED,50,-689.03,2024-03-04,2024-03-04 06:00:00,VALIDATED
267,CUST_BAL_20210112.csv,Custodian_Bank,RECEIVED,50,-645.31,2021-01-12,2021-01-12 06:00:00,VALIDATED
268,CUST_BAL_20230910.csv,Custodian_Bank,RECEIVED,50,-751.3,2023-09-10,2023-09-10 06:00:00,VALIDATED
269,CUST_BAL_20210501.csv,Custodian_Bank,RECEIVED,50,-735.49,2021-05-01,2021-05-01 06:00:00,VALIDATED
270,CUST_BAL_20210605.csv,Custodian_Bank,RECEIVED,50,-705.94,2021-06-05,2021-06-05 06:00:00,VALIDATED
271,CUST_BAL_20220215.csv,Custodian_Bank,RECEIVED,50,-647.99,2022-02-15,2022-02-15 06:00:00,VALIDATED
272,CUST_BAL_20210904.csv,Custodian_Bank,RECEIVED,50,-756.44,2021-09-04,2021-09-04 06:00:00,VALIDATED
273,CUST_BAL_20221230.csv,Custodian_Bank,RECEIVED,50,-757.82,2022-12-30,2022-12-30 06:00:00,VALIDATED
274,CUST_BAL_20210312.csv,Custodian_Bank,RECEIVED,50,-734.85,2021-03-12,2021-03-12 06:00:00,VALIDATED
275,CUST_BAL_20201113.csv,Custodian_Bank,RECEIVED,50,-652.69,2020-11-13,2020-11-13 06:00:00,VALIDATED
276,CUST_BAL_20210326.csv,Custodian_Bank,RECEIVED,50,-682.39,2021-03-26,2021-03-26 06:00:00,VALIDATED
277,CUST_BAL_20231215.csv,Custodian_Bank,RECEIVED,50,-676.26,2023-12-15,2023-12-15 06:00:00,VALIDATED
278,CUST_BAL_20230925.csv,Custodian_Bank,RECEIVED,50,-750.84,2023-09-25,2023-09-25 06:00:00,VALIDATED
279,CUST_BAL_20211222.csv,Custodian_Bank,RECEIVED,50,-792.36,2021-12-22,2021-12-22 06:00:00,VALIDATED
280,CUST_BAL_20210905.csv,Custodian_Bank,RECEIVED,50,-756.44,2021-09-05,2021-09-05 06:00:00,VALIDATED
281,CUST_BAL_20230202.csv,Custodian_Bank,RECEIVED,50,-766.32,2023-02-02,2023-02-02 06:00:00,VALIDATED
282,CUST_BAL_20200928.csv,Custodian_Bank,RECEIVED,50,42.89,2020-09-28,2020-09-28 06:00:00,VALIDATED
283,CUST_BAL_20220130.csv,Custodian_Bank,RECEIVED,50,352.72,2022-01-30,2022-01-30 06:00:00,VALIDATED
284,CUST_BAL_20220315.csv,Custodian_Bank,RECEIVED,50,-670.81,2022-03-15,2022-03-15 06:00:00,VALIDATED
285,CUST_BAL_20220915.csv,Custodian_Bank,RECEIVED,50,-785.04,2022-09-15,2022-09-15 06:00:00,VALIDATED
286,CUST_BAL_20240502.csv,Custodian_Bank,RECEIVED,50,-572.75,2024-05-02,2024-05-02 06:00:00,VALIDATED
287,CUST_BAL_20210513.csv,Custodian_Bank,RECEIVED,50,-744.74,2021-05-13,2021-05-13 06:00:00,VALIDATED
288,CUST_BAL_20210531.csv,Custodian_Bank,RECEIVED,50,-716.71,2021-05-31,2021-05-31 06:00:00,VALIDATED
289,CUST_BAL_20201114.csv,Custodian_Bank,RECEIVED,50,-652.69,2020-11-14,2020-11-14 06:00:00,VALIDATED
290,CUST_BAL_20230131.csv,Custodian_Bank,RECEIVED,50,-781.14,2023-01-31,2023-01-31 06:00:00,VALIDATED
291,CUST_BAL_20201229.csv,Custodian_Bank,RECEIVED,50,-701.63,2020-12-29,2020-12-29 06:00:00,VALIDATED
292,CUST_BAL_20220706.csv,Custodian_Bank,RECEIVED,50,-792.78,2022-07-06,2022-07-06 06:00:00,VALIDATED
293,CUST_BAL_20220121.csv,Custodian_Bank,RECEIVED,50,-751.19,2022-01-21,2022-01-21 06:00:00,VALIDATED
294,CUST_BAL_20240623.csv,Custodian_Bank,RECEIVED,50,-670.7,2024-06-23,2024-06-23 06:00:00,VALIDATED
295,CUST_BAL_20210105.csv,Custodian_Bank,RECEIVED,50,-680.44,2021-01-05,2021-01-05 06:00:00,VALIDATED
296,CUST_BAL_20220416.csv,Custodian_Bank,RECEIVED,50,-760.39,2022-04-16,2022-04-16 06:00:00,VALIDATED
297,CUST_BAL_20231117.csv,Custodian_Bank,RECEIVED,50,-779.78,2023-11-17,2023-11-17 06:00:00,VALIDATED
298,CUST_BAL_20240226.csv,Custodian_Bank,RECEIVED,50,-663.51,2024-02-26,2024-02-26 06:00:00,VALIDATED
299,CUST_BAL_20200709.csv,Custodian_Bank,RECEIVED,50,35.24,2020-07-09,2020-07-09 06:00:00,VALIDATED
300,CUST_BAL_20210415.csv,Custodian_Bank,RECEIVED,50,-708.16,2021-04-15,2021-04-15 06:00:00,VALIDATED
301,CUST_BAL_20230305.csv,Custodian_Bank,RECEIVED,50,-723.05,2023-03-05,2023-03-05 06:00:00,VALIDATED
302,CUST_BAL_20210924.csv,Custodian_Bank,RECEIVED,50,-770.14,2021-09-24,2021-09-24 06:00:00,VALIDATED
303,CUST_BAL_20211006.csv,Custodian_Bank,RECEIVED,50,-783.81,2021-10-06,2021-10-06 06:00:00,VALIDATED
304,CUST_BAL_20220320.csv,Custodian_Bank,RECEIVED,50,-758.08,2022-03-20,2022-03-20 06:00:00,VALIDATED
305,CUST_BAL_20201007.csv,Custodian_Bank,RECEIVED,50,60.82,2020-10-07,2020-10-07 06:00:00,VALIDATED
306,CUST_BAL_20221110.csv,Custodian_Bank,RECEIVED,50,-756.26,2022-11-10,2022-11-10 06:00:00,VALIDATED
307,CUST_BAL_20211010.csv,Custodian_Bank,RECEIVED,50,-757.37,2021-10-10,2021-10-10 06:00:00,VALIDATED
308,CUST_BAL_20220304.csv,Custodian_Bank,RECEIVED,50,-736.09,2022-03-04,2022-03-04 06:00:00,VALIDATED
309,CUST_BAL_20230815.csv,Custodian_Bank,RECEIVED,50,-696.7,2023-08-15,2023-08-15 06:00:00,VALIDATED
310,CUST_BAL_20230712.csv,Custodian_Bank,RECEIVED,50,-770.25,2023-07-12,2023-07-12 06:00:00,VALIDATED
311,CUST_BAL_20220731.csv,Custodian_Bank,RECEIVED,50,205.29,2022-07-31,2022-07-31 06:00:00,VALIDATED
312,CUST_BAL_20210125.csv,Custodian_Bank,RECEIVED,50,-731.23,2021-01-25,2021-01-25 06:00:00,VALIDATED
313,CUST_BAL_20240531.csv,Custodian_Bank,RECEIVED,50,-483.24,2024-05-31,2024-05-31 06:00:00,VALIDATED
314,CUST_BAL_20220409.csv,Custodian_Bank,RECEIVED,50,-243.55,2022-04-09,2022-04-09 06:00:00,VALIDATED
315,CUST_BAL_20211105.csv,Custodian_Bank,RECEIVED,50,-788.87,2021-11-05,2021-11-05 06:00:00,VALIDATED
316,CUST_BAL_20230509.csv,Custodian_Bank,RECEIVED,50,-747.59,2023-05-09,2023-05-09 06:00:00,VALIDATED
317,CUST_BAL_20201127.csv,Custodian_Bank,RECEIVED,50,-719.98,2020-11-27,2020-11-27 06:00:00,VALIDATED
318,CUST_BAL_20220120.csv,Custodian_Bank,RECEIVED,50,-751.19,2022-01-20,2022-01-20 06:00:00,VALIDATED
319,CUST_BAL_20220330.csv,Custodian_Bank,RECEIVED,50,-792.14,2022-03-30,2022-03-30 06:00:00,VALIDATED
320,CUST_BAL_20230921.csv,Custodian_Bank,RECEIVED,50,-760.55,2023-09-21,2023-09-21 06:00:00,VALIDATED
321,CUST_BAL_20210417.csv,Custodian_Bank,RECEIVED,50,-720.34,2021-04-17,2021-04-17 06:00:00,VALIDATED
322,CUST_BAL_20210617.csv,Custodian_Bank,RECEIVED,50,-731.33,2021-06-17,2021-06-17 06:00:00,VALIDATED
323,CUST_BAL_20210429.csv,Custodian_Bank,RECEIVED,50,-740.99,2021-04-29,2021-04-29 06:00:00,VALIDATED
324,CUST_BAL_20220612.csv,Custodian_Bank,RECEIVED,50,-769.82,2022-06-12,2022-06-12 06:00:00,VALIDATED
325,CUST_BAL_20210606.csv,Custodian_Bank,RECEIVED,50,-705.94,2021-06-06,2021-06-06 06:00:00,VALIDATED
326,CUST_BAL_20211130.csv,Custodian_Bank,RECEIVED,50,-788.44,2021-11-30,2021-11-30 06:00:00,VALIDATED
327,CUST_BAL_20220312.csv,Custodian_Bank,RECEIVED,50,-697.89,2022-03-12,2022-03-12 06:00:00,VALIDATED
328,CUST_BAL_20221217.csv,Custodian_Bank,RECEIVED,50,-762.15,2022-12-17,2022-12-17 06:00:00,VALIDATED
329,CUST_BAL_20210421.csv,Custodian_Bank,RECEIVED,50,-717.67,2021-04-21,2021-04-21 06:00:00,VALIDATED
330,CUST_BAL_20211221.csv,Custodian_Bank,RECEIVED,50,-675.99,2021-12-21,2021-12-21 06:00:00,VALIDATED
331,CUST_BAL_20240229.csv,Custodian_Bank,RECEIVED,50,-728.45,2024-02-29,2024-02-29 06:00:00,VALIDATED
332,CUST_BAL_20230319.csv,Custodian_Bank,RECEIVED,50,-781.94,2023-03-19,2023-03-19 06:00:00,VALIDATED
333,CUST_BAL_20211127.csv,Custodian_Bank,RECEIVED,50,-384.92,2021-11-27,2021-11-27 06:00:00,VALIDATED
334,CUST_BAL_20231106.csv,Custodian_Bank,RECEIVED,50,-704.5,2023-11-06,2023-11-06 06:00:00,VALIDATED
335,CUST_BAL_20230430.csv,Custodian_Bank,RECEIVED,50,-756.17,2023-04-30,2023-04-30 06:00:00,VALIDATED
336,CUST_BAL_20220827.csv,Custodian_Bank,RECEIVED,50,-777.57,2022-08-27,2022-08-27 06:00:00,VALIDATED
337,CUST_BAL_20240618.csv,Custodian_Bank,RECEIVED,50,-670.7,2024-06-18,2024-06-18 06:00:00,VALIDATED
338,CUST_BAL_20231007.csv,Custodian_Bank,RECEIVED,50,-645.48,2023-10-07,2023-10-07 06:00:00,VALIDATED
339,CUST_BAL_20200626.csv,Custodian_Bank,RECEIVED,50,40.59,2020-06-26,2020-06-26 06:00:00,VALIDATED
340,CUST_BAL_20210212.csv,Custodian_Bank,RECEIVED,50,-694.59,2021-02-12,2021-02-12 06:00:00,VALIDATED
341,CUST_BAL_20211120.csv,Custodian_Bank,RECEIVED,50,-730.96,2021-11-20,2021-11-20 06:00:00,VALIDATED
342,CUST_BAL_20200705.csv,Custodian_Bank,RECEIVED,50,308.7,2020-07-05,2020-07-05 06:00:00,VALIDATED
343,CUST_BAL_20211228.csv,Custodian_Bank,RECEIVED,50,-790.79,2021-12-28,2021-12-28 06:00:00,VALIDATED
344,CUST_BAL_20220725.csv,Custodian_Bank,RECEIVED,50,-783.4,2022-07-25,2022-07-25 06:00:00,VALIDATED
345,CUST_BAL_20231010.csv,Custodian_Bank,RECEIVED,50,-782.46,2023-10-10,2023-10-10 06:00:00,VALIDATED
346,CUST_BAL_20220614.csv,Custodian_Bank,RECEIVED,50,-736.18,2022-06-14,2022-06-14 06:00:00,VALIDATED
347,CUST_BAL_20230529.csv,Custodian_Bank,RECEIVED,50,-760.11,2023-05-29,2023-05-29 06:00:00,VALIDATED
348,CUST_BAL_20240301.csv,Custodian_Bank,RECEIVED,50,-694.25,2024-03-01,2024-03-01 06:00:00,VALIDATED
349,CUST_BAL_20200708.csv,Custodian_Bank,RECEIVED,50,308.7,2020-07-08,2020-07-08 06:00:00,VALIDATED
350,CUST_BAL_20220201.csv,Custodian_Bank,RECEIVED,50,-716.39,2022-02-01,2022-02-01 06:00:00,VALIDATED
351,CUST_BAL_20210916.csv,Custodian_Bank,RECEIVED,50,-705.21,2021-09-16,2021-09-16 06:00:00,VALIDATED
352,CUST_BAL_20230116.csv,Custodian_Bank,RECEIVED,50,-509.35,2023-01-16,2023-01-16 06:00:00,VALIDATED
353,CUST_BAL_20220503.csv,Custodian_Bank,RECEIVED,50,-797.62,2022-05-03,2022-05-03 06:00:00,VALIDATED
354,CUST_BAL_20220311.csv,Custodian_Bank,RECEIVED,50,-697.89,2022-03-11,2022-03-11 06:00:00,VALIDATED
355,CUST_BAL_20220906.csv,Custodian_Bank,RECEIVED,50,-712.66,2022-09-06,2022-09-06 06:00:00,VALIDATED
356,CUST_BAL_20211116.csv,Custodian_Bank,RECEIVED,50,-759.49,2021-11-16,2021-11-16 06:00:00,VALIDATED
357,CUST_BAL_20210101.csv,Custodian_Bank,RECEIVED,50,-731.24,2021-01-01,2021-01-01 06:00:00,VALIDATED
358,CUST_BAL_20231125.csv,Custodian_Bank,RECEIVED,50,-726.55,2023-11-25,2023-11-25 06:00:00,VALIDATED
359,CUST_BAL_20231208.csv,Custodian_Bank,RECEIVED,50,-733.36,2023-12-08,2023-12-08 06:00:00,VALIDATED
360,CUST_BAL_20230412.csv,Custodian_Bank,RECEIVED,50,-798.66,2023-04-12,2023-04-12 06:00:00,VALIDATED
361,CUST_BAL_20211213.csv,Custodian_Bank,RECEIVED,50,-712.77,2021-12-13,2021-12-13 06:00:00,VALIDATED
362,CUST_BAL_20210514.csv,Custodian_Bank,RECEIVED,50,-744.74,2021-05-14,2021-05-14 06:00:00,VALIDATED
363,CUST_BAL_20210330.csv,Custodian_Bank,RECEIVED,50,-748.21,2021-03-30,2021-03-30 06:00:00,VALIDATED
364,CUST_BAL_20240602.csv,Custodian_Bank,RECEIVED,50,-483.24,2024-06-02,2024-06-02 06:00:00,VALIDATED
365,CUST_BAL_20230122.csv,Custodian_Bank,RECEIVED,50,-783.72,2023-01-22,2023-01-22 06:00:00,VALIDATED
366,CUST_BAL_20200829.csv,Custodian_Bank,RECEIVED,50,19.2,2020-08-29,2020-08-29 06:00:00,VALIDATED
367,CUST_BAL_20220724.csv,Custodian_Bank,RECEIVED,50,-783.4,2022-07-24,2022-07-24 06:00:00,VALIDATED
368,CUST_BAL_20230329.csv,Custodian_Bank,RECEIVED,50,-729.6,2023-03-29,2023-03-29 06:00:00,VALIDATED
369,CUST_BAL_20240608.csv,Custodian_Bank,RECEIVED,50,-434.24,2024-06-08,2024-06-08 06:00:00,VALIDATED
370,CUST_BAL_20231008.csv,Custodian_Bank,RECEIVED,50,-645.48,2023-10-08,2023-10-08 06:00:00,VALIDATED
371,CUST_BAL_20200616.csv,Custodian_Bank,RECEIVED,50,40.59,2020-06-16,2020-06-16 06:00:00,VALIDATED
372,CUST_BAL_20220224.csv,Custodian_Bank,RECEIVED,50,-783.41,2022-02-24,2022-02-24 06:00:00,VALIDATED
373,CUST_BAL_20231230.csv,Custodian_Bank,RECEIVED,50,-676.26,2023-12-30,2023-12-30 06:00:00,VALIDATED
374,CUST_BAL_20221014.csv,Custodian_Bank,RECEIVED,50,-775.05,2022-10-14,2022-10-14 06:00:00,VALIDATED
375,CUST_BAL_20201202.csv,Custodian_Bank,RECEIVED,50,-663.06,2020-12-02,2020-12-02 06:00:00,VALIDATED
376,CUST_BAL_20200921.csv,Custodian_Bank,RECEIVED,50,34.66,2020-09-21,2020-09-21 06:00:00,VALIDATED
377,CUST_BAL_20221123.csv,Custodian_Bank,RECEIVED,50,-766.42,2022-11-23,2022-11-23 06:00:00,VALIDATED
378,CUST_BAL_20240521.csv,Custodian_Bank,RECEIVED,50,-665.06,2024-05-21,2024-05-21 06:00:00,VALIDATED
379,CUST_BAL_20230314.csv,Custodian_Bank,RECEIVED,50,-780.55,2023-03-14,2023-03-14 06:00:00,VALIDATED
380,CUST_BAL_20230423.csv,Custodian_Bank,RECEIVED,50,-802.34,2023-04-23,2023-04-23 06:00:00,VALIDATED
381,CUST_BAL_20200711.csv,Custodian_Bank,RECEIVED,50,35.24,2020-07-11,2020-07-11 06:00:00,VALIDATED
382,CUST_BAL_20201207.csv,Custodian_Bank,RECEIVED,50,-651.14,2020-12-07,2020-12-07 06:00:00,VALIDATED
383,CUST_BAL_20240227.csv,Custodian_Bank,RECEIVED,50,-695.13,2024-02-27,2024-02-27 06:00:00,VALIDATED
384,CUST_BAL_20200818.csv,Custodian_Bank,RECEIVED,50,103.47,2020-08-18,2020-08-18 06:00:00,VALIDATED
385,CUST_BAL_20230203.csv,Custodian_Bank,RECEIVED,50,-780.61,2023-02-03,2023-02-03 06:00:00,VALIDATED
386,CUST_BAL_20210428.csv,Custodian_Bank,RECEIVED,50,-719.24,2021-04-28,2021-04-28 06:00:00,VALIDATED
387,CUST_BAL_20230217.csv,Custodian_Bank,RECEIVED,50,-771.98,2023-02-17,2023-02-17 06:00:00,VALIDATED
388,CUST_BAL_20220912.csv,Custodian_Bank,RECEIVED,50,-749.7,2022-09-12,2022-09-12 06:00:00,VALIDATED
389,CUST_BAL_20221011.csv,Custodian_Bank,RECEIVED,50,-737.92,2022-10-11,2022-10-11 06:00:00,VALIDATED
390,CUST_BAL_20220223.csv,Custodian_Bank,RECEIVED,50,-783.41,2022-02-23,2022-02-23 06:00:00,VALIDATED
391,CUST_BAL_20210521.csv,Custodian_Bank,RECEIVED,50,-721.24,2021-05-21,2021-05-21 06:00:00,VALIDATED
392,CUST_BAL_20200510.csv,Custodian_Bank,RECEIVED,50,138.86,2020-05-10,2020-05-10 06:00:00,VALIDATED
393,CUST_BAL_20210726.csv,Custodian_Bank,RECEIVED,50,-777.15,2021-07-26,2021-07-26 06:00:00,VALIDATED
394,CUST_BAL_20240110.csv,Custodian_Bank,RECEIVED,50,-533.02,2024-01-10,2024-01-10 06:00:00,VALIDATED
395,CUST_BAL_20200901.csv,Custodian_Bank,RECEIVED,50,19.2,2020-09-01,2020-09-01 06:00:00,VALIDATED
396,CUST_BAL_20230201.csv,Custodian_Bank,RECEIVED,50,-795.23,2023-02-01,2023-02-01 06:00:00,VALIDATED
397,CUST_BAL_20221028.csv,Custodian_Bank,RECEIVED,50,-783.17,2022-10-28,2022-10-28 06:00:00,VALIDATED
398,CUST_BAL_20220928.csv,Custodian_Bank,RECEIVED,50,-726.64,2022-09-28,2022-09-28 06:00:00,VALIDATED
399,CUST_BAL_20210622.csv,Custodian_Bank,RECEIVED,50,-785.95,2021-06-22,2021-06-22 06:00:00,VALIDATED
400,CUST_BAL_20201018.csv,Custodian_Bank,RECEIVED,50,92.95,2020-10-18,2020-10-18 06:00:00,VALIDATED
401,CUST_BAL_20220802.csv,Custodian_Bank,RECEIVED,50,-761.79,2022-08-02,2022-08-02 06:00:00,VALIDATED
402,CUST_BAL_20221126.csv,Custodian_Bank,RECEIVED,50,-766.42,2022-11-26,2022-11-26 06:00:00,VALIDATED
403,CUST_BAL_20230808.csv,Custodian_Bank,RECEIVED,50,-765.54,2023-08-08,2023-08-08 06:00:00,VALIDATED
404,CUST_BAL_20230823.csv,Custodian_Bank,RECEIVED,50,-778.14,2023-08-23,2023-08-23 06:00:00,VALIDATED
405,CUST_BAL_20221108.csv,Custodian_Bank,RECEIVED,50,-758.9,2022-11-08,2022-11-08 06:00:00,VALIDATED
406,CUST_BAL_20230518.csv,Custodian_Bank,RECEIVED,50,-737.61,2023-05-18,2023-05-18 06:00:00,VALIDATED
407,CUST_BAL_20230313.csv,Custodian_Bank,RECEIVED,50,-729.05,2023-03-13,2023-03-13 06:00:00,VALIDATED
408,CUST_BAL_20200513.csv,Custodian_Bank,RECEIVED,50,206.79,2020-05-13,2020-05-13 06:00:00,VALIDATED
409,CUST_BAL_20220211.csv,Custodian_Bank,RECEIVED,50,-654.69,2022-02-11,2022-02-11 06:00:00,VALIDATED
410,CUST_BAL_20240403.csv,Custodian_Bank,RECEIVED,50,-558.02,2024-04-03,2024-04-03 06:00:00,VALIDATED
411,CUST_BAL_20231109.csv,Custodian_Bank,RECEIVED,50,-661.15,2023-11-09,2023-11-09 06:00:00,VALIDATED
412,CUST_BAL_20210609.csv,Custodian_Bank,RECEIVED,50,-782.64,2021-06-09,2021-06-09 06:00:00,VALIDATED
413,CUST_BAL_20230612.csv,Custodian_Bank,RECEIVED,50,-736.64,2023-06-12,2023-06-12 06:00:00,VALIDATED
414,CUST_BAL_20220408.csv,Custodian_Bank,RECEIVED,50,-243.55,2022-04-08,2022-04-08 06:00:00,VALIDATED
415,CUST_BAL_20240410.csv,Custodian_Bank,RECEIVED,50,-655.71,2024-04-10,2024-04-10 06:00:00,VALIDATED
416,CUST_BAL_20201129.csv,Custodian_Bank,RECEIVED,50,-719.98,2020-11-29,2020-11-29 06:00:00,VALIDATED
417,CUST_BAL_20230206.csv,Custodian_Bank,RECEIVED,50,-777.67,2023-02-06,2023-02-06 06:00:00,VALIDATED
418,CUST_BAL_20220615.csv,Custodian_Bank,RECEIVED,50,-736.18,2022-06-15,2022-06-15 06:00:00,VALIDATED
419,CUST_BAL_20231004.csv,Custodian_Bank,RECEIVED,50,-780.34,2023-10-04,2023-10-04 06:00:00,VALIDATED
420,CUST_BAL_20220825.csv,Custodian_Bank,RECEIVED,50,-777.57,2022-08-25,2022-08-25 06:00:00,VALIDATED
421,CUST_BAL_20211210.csv,Custodian_Bank,RECEIVED,50,-725.49,2021-12-10,2021-12-10 06:00:00,VALIDATED
422,CUST_BAL_20211201.csv,Custodian_Bank,RECEIVED,50,-764.45,2021-12-01,2021-12-01 06:00:00,VALIDATED
423,CUST_BAL_20201026.csv,Custodian_Bank,RECEIVED,50,134.77,2020-10-26,2020-10-26 06:00:00,VALIDATED
424,CUST_BAL_20210927.csv,Custodian_Bank,RECEIVED,50,-778.42,2021-09-27,2021-09-27 06:00:00,VALIDATED
425,CUST_BAL_20240313.csv,Custodian_Bank,RECEIVED,50,-730.58,2024-03-13,2024-03-13 06:00:00,VALIDATED
426,CUST_BAL_20210130.csv,Custodian_Bank,RECEIVED,50,-674.45,2021-01-30,2021-01-30 06:00:00,VALIDATED
427,CUST_BAL_20201226.csv,Custodian_Bank,RECEIVED,50,-701.63,2020-12-26,2020-12-26 06:00:00,VALIDATED
428,CUST_BAL_20210725.csv,Custodian_Bank,RECEIVED,50,-797.87,2021-07-25,2021-07-25 06:00:00,VALIDATED
429,CUST_BAL_20230508.csv,Custodian_Bank,RECEIVED,50,-747.59,2023-05-08,2023-05-08 06:00:00,VALIDATED
430,CUST_BAL_20200908.csv,Custodian_Bank,RECEIVED,50,19.2,2020-09-08,2020-09-08 06:00:00,VALIDATED
431,CUST_BAL_20210802.csv,Custodian_Bank,RECEIVED,50,-248.13,2021-08-02,2021-08-02 06:00:00,VALIDATED
432,CUST_BAL_20211015.csv,Custodian_Bank,RECEIVED,50,-743.62,2021-10-15,2021-10-15 06:00:00,VALIDATED
433,CUST_BAL_20210823.csv,Custodian_Bank,RECEIVED,50,-748.53,2021-08-23,2021-08-23 06:00:00,VALIDATED
434,CUST_BAL_20210611.csv,Custodian_Bank,RECEIVED,50,-765.36,2021-06-11,2021-06-11 06:00:00,VALIDATED
435,CUST_BAL_20210223.csv,Custodian_Bank,RECEIVED,50,-734.63,2021-02-23,2021-02-23 06:00:00,VALIDATED
436,CUST_BAL_20220325.csv,Custodian_Bank,RECEIVED,50,-792.14,2022-03-25,2022-03-25 06:00:00,VALIDATED
437,CUST_BAL_20231202.csv,Custodian_Bank,RECEIVED,50,-766.38,2023-12-02,2023-12-02 06:00:00,VALIDATED
438,CUST_BAL_20200819.csv,Custodian_Bank,RECEIVED,50,109.24,2020-08-19,2020-08-19 06:00:00,VALIDATED
439,CUST_BAL_20200502.csv,Custodian_Bank,RECEIVED,50,493.04,2020-05-02,2020-05-02 06:00:00,VALIDATED
440,CUST_BAL_20230703.csv,Custodian_Bank,RECEIVED,50,-772.43,2023-07-03,2023-07-03 06:00:00,VALIDATED
441,CUST_BAL_20210702.csv,Custodian_Bank,RECEIVED,50,-785.2,2021-07-02,2021-07-02 06:00:00,VALIDATED
442,CUST_BAL_20210610.csv,Custodian_Bank,RECEIVED,50,-782.64,2021-06-10,2021-06-10 06:00:00,VALIDATED
443,CUST_BAL_20220510.csv,Custodian_Bank,RECEIVED,50,-797.62,2022-05-10,2022-05-10 06:00:00,VALIDATED
444,CUST_BAL_20221106.csv,Custodian_Bank,RECEIVED,50,-758.9,2022-11-06,2022-11-06 06:00:00,VALIDATED
445,CUST_BAL_20231031.csv,Custodian_Bank,RECEIVED,50,-539.94,2023-10-31,2023-10-31 06:00:00,VALIDATED
446,CUST_BAL_20230904.csv,Custodian_Bank,RECEIVED,50,-670.06,2023-09-04,2023-09-04 06:00:00,VALIDATED
447,CUST_BAL_20211111.csv,Custodian_Bank,RECEIVED,50,-798.22,2021-11-11,2021-11-11 06:00:00,VALIDATED
448,CUST_BAL_20221101.csv,Custodian_Bank,RECEIVED,50,-774.88,2022-11-01,2022-11-01 06:00:00,VALIDATED
449,CUST_BAL_20230603.csv,Custodian_Bank,RECEIVED,50,-759.47,2023-06-03,2023-06-03 06:00:00,VALIDATED
450,CUST_BAL_20230630.csv,Custodian_Bank,RECEIVED,50,-750.14,2023-06-30,2023-06-30 06:00:00,VALIDATED
451,CUST_BAL_20240223.csv,Custodian_Bank,RECEIVED,50,-663.51,2024-02-23,2024-02-23 06:00:00,VALIDATED
452,CUST_BAL_20221212.csv,Custodian_Bank,RECEIVED,50,-739.46,2022-12-12,2022-12-12 06:00:00,VALIDATED
453,CUST_BAL_20220210.csv,Custodian_Bank,RECEIVED,50,-659.1,2022-02-10,2022-02-10 06:00:00,VALIDATED
454,CUST_BAL_20231009.csv,Custodian_Bank,RECEIVED,50,-710.9,2023-10-09,2023-10-09 06:00:00,VALIDATED
455,CUST_BAL_20211115.csv,Custodian_Bank,RECEIVED,50,-783.31,2021-11-15,2021-11-15 06:00:00,VALIDATED
456,CUST_BAL_20220823.csv,Custodian_Bank,RECEIVED,50,-708.76,2022-08-23,2022-08-23 06:00:00,VALIDATED
457,CUST_BAL_20220313.csv,Custodian_Bank,RECEIVED,50,-697.89,2022-03-13,2022-03-13 06:00:00,VALIDATED
458,CUST_BAL_20230809.csv,Custodian_Bank,RECEIVED,50,-781.41,2023-08-09,2023-08-09 06:00:00,VALIDATED
459,CUST_BAL_20200923.csv,Custodian_Bank,RECEIVED,50,34.66,2020-09-23,2020-09-23 06:00:00,VALIDATED
460,CUST_BAL_20201006.csv,Custodian_Bank,RECEIVED,50,60.82,2020-10-06,2020-10-06 06:00:00,VALIDATED
461,CUST_BAL_20230119.csv,Custodian_Bank,RECEIVED,50,-775.49,2023-01-19,2023-01-19 06:00:00,VALIDATED
462,CUST_BAL_20230103.csv,Custodian_Bank,RECEIVED,50,-568.77,2023-01-03,2023-01-03 06:00:00,VALIDATED
463,CUST_BAL_20220207.csv,Custodian_Bank,RECEIVED,50,-666.81,2022-02-07,2022-02-07 06:00:00,VALIDATED
464,CUST_BAL_20240122.csv,Custodian_Bank,RECEIVED,50,-715.5,2024-01-22,2024-01-22 06:00:00,VALIDATED
465,CUST_BAL_20210603.csv,Custodian_Bank,RECEIVED,50,-711.56,2021-06-03,2021-06-03 06:00:00,VALIDATED
466,CUST_BAL_20211223.csv,Custodian_Bank,RECEIVED,50,-792.36,2021-12-23,2021-12-23 06:00:00,VALIDATED
467,CUST_BAL_20230117.csv,Custodian_Bank,RECEIVED,50,-779.51,2023-01-17,2023-01-17 06:00:00,VALIDATED
468,CUST_BAL_20200715.csv,Custodian_Bank,RECEIVED,50,35.24,2020-07-15,2020-07-15 06:00:00,VALIDATED
469,CUST_BAL_20211206.csv,Custodian_Bank,RECEIVED,50,-738.36,2021-12-06,2021-12-06 06:00:00,VALIDATED
470,CUST_BAL_20210715.csv,Custodian_Bank,RECEIVED,50,-734.46,2021-07-15,2021-07-15 06:00:00,VALIDATED
471,CUST_BAL_20220602.csv,Custodian_Bank,RECEIVED,50,-737.42,2022-06-02,2022-06-02 06:00:00,VALIDATED
472,CUST_BAL_20230906.csv,Custodian_Bank,RECEIVED,50,-761.03,2023-09-06,2023-09-06 06:00:00,VALIDATED
473,CUST_BAL_20200702.csv,Custodian_Bank,RECEIVED,50,308.7,2020-07-02,2020-07-02 06:00:00,VALIDATED
474,CUST_BAL_20230504.csv,Custodian_Bank,RECEIVED,50,-747.59,2023-05-04,2023-05-04 06:00:00,VALIDATED
475,CUST_BAL_20200717.csv,Custodian_Bank,RECEIVED,50,35.24,2020-07-17,2020-07-17 06:00:00,VALIDATED
476,CUST_BAL_20240601.csv,Custodian_Bank,RECEIVED,50,-483.24,2024-06-01,2024-06-01 06:00:00,VALIDATED
477,CUST_BAL_20230425.csv,Custodian_Bank,RECEIVED,50,-802.34,2023-04-25,2023-04-25 06:00:00,VALIDATED
478,CUST_BAL_20210704.csv,Custodian_Bank,RECEIVED,50,-785.2,2021-07-04,2021-07-04 06:00:00,VALIDATED
479,CUST_BAL_20200505.csv,Custodian_Bank,RECEIVED,50,138.86,2020-05-05,2020-05-05 06:00:00,VALIDATED
480,CUST_BAL_20220717.csv,Custodian_Bank,RECEIVED,50,-762.49,2022-07-17,2022-07-17 06:00:00,VALIDATED
481,CUST_BAL_20220424.csv,Custodian_Bank,RECEIVED,50,-782.84,2022-04-24,2022-04-24 06:00:00,VALIDATED
482,CUST_BAL_20230324.csv,Custodian_Bank,RECEIVED,50,-742.4,2023-03-24,2023-03-24 06:00:00,VALIDATED
483,CUST_BAL_20200618.csv,Custodian_Bank,RECEIVED,50,40.59,2020-06-18,2020-06-18 06:00:00,VALIDATED
484,CUST_BAL_20211113.csv,Custodian_Bank,RECEIVED,50,-798.22,2021-11-13,2021-11-13 06:00:00,VALIDATED
485,CUST_BAL_20210322.csv,Custodian_Bank,RECEIVED,50,-667.7,2021-03-22,2021-03-22 06:00:00,VALIDATED
486,CUST_BAL_20210404.csv,Custodian_Bank,RECEIVED,50,-726.03,2021-04-04,2021-04-04 06:00:00,VALIDATED
487,CUST_BAL_20240411.csv,Custodian_Bank,RECEIVED,50,-658.25,2024-04-11,2024-04-11 06:00:00,VALIDATED
488,CUST_BAL_20210720.csv,Custodian_Bank,RECEIVED,50,-788.09,2021-07-20,2021-07-20 06:00:00,VALIDATED
489,CUST_BAL_20210811.csv,Custodian_Bank,RECEIVED,50,-536.81,2021-08-11,2021-08-11 06:00:00,VALIDATED
490,CUST_BAL_20210119.csv,Custodian_Bank,RECEIVED,50,-630.18,2021-01-19,2021-01-19 06:00:00,VALIDATED
491,CUST_BAL_20230926.csv,Custodian_Bank,RECEIVED,50,-757.18,2023-09-26,2023-09-26 06:00:00,VALIDATED
492,CUST_BAL_20210922.csv,Custodian_Bank,RECEIVED,50,-779.86,2021-09-22,2021-09-22 06:00:00,VALIDATED
493,CUST_BAL_20210929.csv,Custodian_Bank,RECEIVED,50,-788.74,2021-09-29,2021-09-29 06:00:00,VALIDATED
494,CUST_BAL_20210719.csv,Custodian_Bank,RECEIVED,50,-802.94,2021-07-19,2021-07-19 06:00:00,VALIDATED
495,CUST_BAL_20220820.csv,Custodian_Bank,RECEIVED,50,-775.72,2022-08-20,2022-08-20 06:00:00,VALIDATED
496,CUST_BAL_20220829.csv,Custodian_Bank,RECEIVED,50,-777.57,2022-08-29,2022-08-29 06:00:00,VALIDATED
497,CUST_BAL_20221117.csv,Custodian_Bank,RECEIVED,50,-779.51,2022-11-17,2022-11-17 06:00:00,VALIDATED
498,CUST_BAL_20210809.csv,Custodian_Bank,RECEIVED,50,-536.81,2021-08-09,2021-08-09 06:00:00,VALIDATED
499,CUST_BAL_20210526.csv,Custodian_Bank,RECEIVED,50,-713.77,2021-05-26,2021-05-26 06:00:00,VALIDATED
500,CUST_BAL_20230918.csv,Custodian_Bank,RECEIVED,50,-770.4,2023-09-18,2023-09-18 06:00:00,VALIDATED
501,CUST_BAL_20230420.csv,Custodian_Bank,RECEIVED,50,-802.34,2023-04-20,2023-04-20 06:00:00,VALIDATED
502,CUST_BAL_20230403.csv,Custodian_Bank,RECEIVED,50,-631.75,2023-04-03,2023-04-03 06:00:00,VALIDATED
503,CUST_BAL_20230709.csv,Custodian_Bank,RECEIVED,50,-700.47,2023-07-09,2023-07-09 06:00:00,VALIDATED
504,CUST_BAL_20200905.csv,Custodian_Bank,RECEIVED,50,19.2,2020-09-05,2020-09-05 06:00:00,VALIDATED
505,CUST_BAL_20230304.csv,Custodian_Bank,RECEIVED,50,-723.05,2023-03-04,2023-03-04 06:00:00,VALIDATED
506,CUST_BAL_20210302.csv,Custodian_Bank,RECEIVED,50,-730.81,2021-03-02,2021-03-02 06:00:00,VALIDATED
507,CUST_BAL_20210217.csv,Custodian_Bank,RECEIVED,50,-723.67,2021-02-17,2021-02-17 06:00:00,VALIDATED
508,CUST_BAL_20200710.csv,Custodian_Bank,RECEIVED,50,35.24,2020-07-10,2020-07-10 06:00:00,VALIDATED
509,CUST_BAL_20240626.csv,Custodian_Bank,RECEIVED,50,-689.01,2024-06-26,2024-06-26 06:00:00,VALIDATED
510,CUST_BAL_20220502.csv,Custodian_Bank,RECEIVED,50,-637.65,2022-05-02,2022-05-02 06:00:00,VALIDATED
511,CUST_BAL_20210817.csv,Custodian_Bank,RECEIVED,50,-708.79,2021-08-17,2021-08-17 06:00:00,VALIDATED
512,CUST_BAL_20210707.csv,Custodian_Bank,RECEIVED,50,-775.25,2021-07-07,2021-07-07 06:00:00,VALIDATED
513,CUST_BAL_20210517.csv,Custodian_Bank,RECEIVED,50,-723.53,2021-05-17,2021-05-17 06:00:00,VALIDATED
514,CUST_BAL_20221214.csv,Custodian_Bank,RECEIVED,50,-755.39,2022-12-14,2022-12-14 06:00:00,VALIDATED
515,CUST_BAL_20200516.csv,Custodian_Bank,RECEIVED,50,206.79,2020-05-16,2020-05-16 06:00:00,VALIDATED
516,CUST_BAL_20230316.csv,Custodian_Bank,RECEIVED,50,-652.41,2023-03-16,2023-03-16 06:00:00,VALIDATED
517,CUST_BAL_20211023.csv,Custodian_Bank,RECEIVED,50,-801.07,2021-10-23,2021-10-23 06:00:00,VALIDATED
518,CUST_BAL_20201028.csv,Custodian_Bank,RECEIVED,50,175.5,2020-10-28,2020-10-28 06:00:00,VALIDATED
519,CUST_BAL_20230111.csv,Custodian_Bank,RECEIVED,50,-798.17,2023-01-11,2023-01-11 06:00:00,VALIDATED
520,CUST_BAL_20230608.csv,Custodian_Bank,RECEIVED,50,-736.65,2023-06-08,2023-06-08 06:00:00,VALIDATED
521,CUST_BAL_20240201.csv,Custodian_Bank,RECEIVED,50,-677.58,2024-02-01,2024-02-01 06:00:00,VALIDATED
522,CUST_BAL_20200811.csv,Custodian_Bank,RECEIVED,50,17.58,2020-08-11,2020-08-11 06:00:00,VALIDATED
523,CUST_BAL_20220718.csv,Custodian_Bank,RECEIVED,50,-676.73,2022-07-18,2022-07-18 06:00:00,VALIDATED
524,CUST_BAL_20220606.csv,Custodian_Bank,RECEIVED,50,-781.29,2022-06-06,2022-06-06 06:00:00,VALIDATED
525,CUST_BAL_20230617.csv,Custodian_Bank,RECEIVED,50,-341.18,2023-06-17,2023-06-17 06:00:00,VALIDATED
526,CUST_BAL_20211020.csv,Custodian_Bank,RECEIVED,50,-778.88,2021-10-20,2021-10-20 06:00:00,VALIDATED
527,CUST_BAL_20240622.csv,Custodian_Bank,RECEIVED,50,-670.7,2024-06-22,2024-06-22 06:00:00,VALIDATED
528,CUST_BAL_20201216.csv,Custodian_Bank,RECEIVED,50,-734.97,2020-12-16,2020-12-16 06:00:00,VALIDATED
529,CUST_BAL_20240515.csv,Custodian_Bank,RECEIVED,50,-621.67,2024-05-15,2024-05-15 06:00:00,VALIDATED
530,CUST_BAL_20210207.csv,Custodian_Bank,RECEIVED,50,-687.66,2021-02-07,2021-02-07 06:00:00,VALIDATED
531,CUST_BAL_20201115.csv,Custodian_Bank,RECEIVED,50,-652.69,2020-11-15,2020-11-15 06:00:00,VALIDATED
532,CUST_BAL_20210918.csv,Custodian_Bank,RECEIVED,50,-697.22,2021-09-18,2021-09-18 06:00:00,VALIDATED
533,CUST_BAL_20240605.csv,Custodian_Bank,RECEIVED,50,-470.06,2024-06-05,2024-06-05 06:00:00,VALIDATED
534,CUST_BAL_20240113.csv,Custodian_Bank,RECEIVED,50,-714.98,2024-01-13,2024-01-13 06:00:00,VALIDATED
535,CUST_BAL_20240406.csv,Custodian_Bank,RECEIVED,50,14557.7,2024-04-06,2024-04-06 06:00:00,VALIDATED
536,CUST_BAL_20200607.csv,Custodian_Bank,RECEIVED,50,40.59,2020-06-07,2020-06-07 06:00:00,VALIDATED
537,CUST_BAL_20220506.csv,Custodian_Bank,RECEIVED,50,-797.62,2022-05-06,2022-05-06 06:00:00,VALIDATED
538,CUST_BAL_20220105.csv,Custodian_Bank,RECEIVED,50,-703.13,2022-01-05,2022-01-05 06:00:00,VALIDATED
539,CUST_BAL_20201201.csv,Custodian_Bank,RECEIVED,50,-671.6,2020-12-01,2020-12-01 06:00:00,VALIDATED
540,CUST_BAL_20240505.csv,Custodian_Bank,RECEIVED,50,-572.75,2024-05-05,2024-05-05 06:00:00,VALIDATED
541,CUST_BAL_20200925.csv,Custodian_Bank,RECEIVED,50,42.89,2020-09-25,2020-09-25 06:00:00,VALIDATED
542,CUST_BAL_20240512.csv,Custodian_Bank,RECEIVED,50,-624.93,2024-05-12,2024-05-12 06:00:00,VALIDATED
543,CUST_BAL_20211011.csv,Custodian_Bank,RECEIVED,50,-743.62,2021-10-11,2021-10-11 06:00:00,VALIDATED
544,CUST_BAL_20231006.csv,Custodian_Bank,RECEIVED,50,-645.49,2023-10-06,2023-10-06 06:00:00,VALIDATED
545,CUST_BAL_20230903.csv,Custodian_Bank,RECEIVED,50,-670.08,2023-09-03,2023-09-03 06:00:00,VALIDATED
546,CUST_BAL_20231204.csv,Custodian_Bank,RECEIVED,50,-766.38,2023-12-04,2023-12-04 06:00:00,VALIDATED
547,CUST_BAL_20231030.csv,Custodian_Bank,RECEIVED,50,412.48,2023-10-30,2023-10-30 06:00:00,VALIDATED
548,CUST_BAL_20231121.csv,Custodian_Bank,RECEIVED,50,-756.75,2023-11-21,2023-11-21 06:00:00,VALIDATED
549,CUST_BAL_20220208.csv,Custodian_Bank,RECEIVED,50,-666.81,2022-02-08,2022-02-08 06:00:00,VALIDATED
550,CUST_BAL_20201014.csv,Custodian_Bank,RECEIVED,50,15.69,2020-10-14,2020-10-14 06:00:00,VALIDATED
551,CUST_BAL_20210329.csv,Custodian_Bank,RECEIVED,50,-686.77,2021-03-29,2021-03-29 06:00:00,VALIDATED
552,CUST_BAL_20210204.csv,Custodian_Bank,RECEIVED,50,-170.04,2021-02-04,2021-02-04 06:00:00,VALIDATED
553,CUST_BAL_20200729.csv,Custodian_Bank,RECEIVED,50,35.24,2020-07-29,2020-07-29 06:00:00,VALIDATED
554,CUST_BAL_20210604.csv,Custodian_Bank,RECEIVED,50,-705.94,2021-06-04,2021-06-04 06:00:00,VALIDATED
555,CUST_BAL_20220920.csv,Custodian_Bank,RECEIVED,50,-551.25,2022-09-20,2022-09-20 06:00:00,VALIDATED
556,CUST_BAL_20201118.csv,Custodian_Bank,RECEIVED,50,-642.57,2020-11-18,2020-11-18 06:00:00,VALIDATED
557,CUST_BAL_20230526.csv,Custodian_Bank,RECEIVED,50,-760.11,2023-05-26,2023-05-26 06:00:00,VALIDATED
558,CUST_BAL_20230320.csv,Custodian_Bank,RECEIVED,50,-781.94,2023-03-20,2023-03-20 06:00:00,VALIDATED
559,CUST_BAL_20210826.csv,Custodian_Bank,RECEIVED,50,-745.88,2021-08-26,2021-08-26 06:00:00,VALIDATED
560,CUST_BAL_20200521.csv,Custodian_Bank,RECEIVED,50,157.28,2020-05-21,2020-05-21 06:00:00,VALIDATED
561,CUST_BAL_20231214.csv,Custodian_Bank,RECEIVED,50,-676.26,2023-12-14,2023-12-14 06:00:00,VALIDATED
562,CUST_BAL_20230424.csv,Custodian_Bank,RECEIVED,50,-802.34,2023-04-24,2023-04-24 06:00:00,VALIDATED
563,CUST_BAL_20220318.csv,Custodian_Bank,RECEIVED,50,-758.08,2022-03-18,2022-03-18 06:00:00,VALIDATED
564,CUST_BAL_20220813.csv,Custodian_Bank,RECEIVED,50,-788.77,2022-08-13,2022-08-13 06:00:00,VALIDATED
565,CUST_BAL_20200527.csv,Custodian_Bank,RECEIVED,50,157.28,2020-05-27,2020-05-27 06:00:00,VALIDATED
566,CUST_BAL_20200813.csv,Custodian_Bank,RECEIVED,50,102.14,2020-08-13,2020-08-13 06:00:00,VALIDATED
567,CUST_BAL_20220723.csv,Custodian_Bank,RECEIVED,50,-783.4,2022-07-23,2022-07-23 06:00:00,VALIDATED
568,CUST_BAL_20230802.csv,Custodian_Bank,RECEIVED,50,-765.55,2023-08-02,2023-08-02 06:00:00,VALIDATED
569,CUST_BAL_20211104.csv,Custodian_Bank,RECEIVED,50,-788.87,2021-11-04,2021-11-04 06:00:00,VALIDATED
570,CUST_BAL_20221128.csv,Custodian_Bank,RECEIVED,50,-766.42,2022-11-28,2022-11-28 06:00:00,VALIDATED
571,CUST_BAL_20210629.csv,Custodian_Bank,RECEIVED,50,-788.73,2021-06-29,2021-06-29 06:00:00,VALIDATED
572,CUST_BAL_20220722.csv,Custodian_Bank,RECEIVED,50,-783.4,2022-07-22,2022-07-22 06:00:00,VALIDATED
573,CUST_BAL_20210304.csv,Custodian_Bank,RECEIVED,50,-730.81,2021-03-04,2021-03-04 06:00:00,VALIDATED
574,CUST_BAL_20220919.csv,Custodian_Bank,RECEIVED,50,-751.25,2022-09-19,2022-09-19 06:00:00,VALIDATED
575,CUST_BAL_20240121.csv,Custodian_Bank,RECEIVED,50,-609.68,2024-01-21,2024-01-21 06:00:00,VALIDATED
576,CUST_BAL_20221201.csv,Custodian_Bank,RECEIVED,50,-766.0,2022-12-01,2022-12-01 06:00:00,VALIDATED
577,CUST_BAL_20220112.csv,Custodian_Bank,RECEIVED,50,-775.54,2022-01-12,2022-01-12 06:00:00,VALIDATED
578,CUST_BAL_20200608.csv,Custodian_Bank,RECEIVED,50,40.59,2020-06-08,2020-06-08 06:00:00,VALIDATED
579,CUST_BAL_20220404.csv,Custodian_Bank,RECEIVED,50,385.3,2022-04-04,2022-04-04 06:00:00,VALIDATED
580,CUST_BAL_20201017.csv,Custodian_Bank,RECEIVED,50,92.95,2020-10-17,2020-10-17 06:00:00,VALIDATED
581,CUST_BAL_20221130.csv,Custodian_Bank,RECEIVED,50,-763.23,2022-11-30,2022-11-30 06:00:00,VALIDATED
582,CUST_BAL_20220114.csv,Custodian_Bank,RECEIVED,50,-775.54,2022-01-14,2022-01-14 06:00:00,VALIDATED
583,CUST_BAL_20211003.csv,Custodian_Bank,RECEIVED,50,-241.49,2021-10-03,2021-10-03 06:00:00,VALIDATED
584,CUST_BAL_20230106.csv,Custodian_Bank,RECEIVED,50,-535.76,2023-01-06,2023-01-06 06:00:00,VALIDATED
585,CUST_BAL_20240220.csv,Custodian_Bank,RECEIVED,50,-663.51,2024-02-20,2024-02-20 06:00:00,VALIDATED
586,CUST_BAL_20230531.csv,Custodian_Bank,RECEIVED,50,-749.4,2023-05-31,2023-05-31 06:00:00,VALIDATED
587,CUST_BAL_20240513.csv,Custodian_Bank,RECEIVED,50,-620.73,2024-05-13,2024-05-13 06:00:00,VALIDATED
588,CUST_BAL_20230724.csv,Custodian_Bank,RECEIVED,50,-755.93,2023-07-24,2023-07-24 06:00:00,VALIDATED
589,CUST_BAL_20240507.csv,Custodian_Bank,RECEIVED,50,-572.75,2024-05-07,2024-05-07 06:00:00,VALIDATED
590,CUST_BAL_20240217.csv,Custodian_Bank,RECEIVED,50,-693.37,2024-02-17,2024-02-17 06:00:00,VALIDATED
591,CUST_BAL_20230801.csv,Custodian_Bank,RECEIVED,50,-765.56,2023-08-01,2023-08-01 06:00:00,VALIDATED
592,CUST_BAL_20200724.csv,Custodian_Bank,RECEIVED,50,35.24,2020-07-24,2020-07-24 06:00:00,VALIDATED
593,CUST_BAL_20200820.csv,Custodian_Bank,RECEIVED,50,109.24,2020-08-20,2020-08-20 06:00:00,VALIDATED
594,CUST_BAL_20201227.csv,Custodian_Bank,RECEIVED,50,-701.63,2020-12-27,2020-12-27 06:00:00,VALIDATED
595,CUST_BAL_20220909.csv,Custodian_Bank,RECEIVED,50,-700.13,2022-09-09,2022-09-09 06:00:00,VALIDATED
596,CUST_BAL_20220126.csv,Custodian_Bank,RECEIVED,50,-755.21,2022-01-26,2022-01-26 06:00:00,VALIDATED
597,CUST_BAL_20210515.csv,Custodian_Bank,RECEIVED,50,-744.74,2021-05-15,2021-05-15 06:00:00,VALIDATED
598,CUST_BAL_20221029.csv,Custodian_Bank,RECEIVED,50,-783.17,2022-10-29,2022-10-29 06:00:00,VALIDATED
599,CUST_BAL_20211031.csv,Custodian_Bank,RECEIVED,50,-759.85,2021-10-31,2021-10-31 06:00:00,VALIDATED
600,CUST_BAL_20200620.csv,Custodian_Bank,RECEIVED,50,40.59,2020-06-20,2020-06-20 06:00:00,VALIDATED
601,CUST_BAL_20220904.csv,Custodian_Bank,RECEIVED,50,-723.53,2022-09-04,2022-09-04 06:00:00,VALIDATED
602,CUST_BAL_20240214.csv,Custodian_Bank,RECEIVED,50,-629.87,2024-02-14,2024-02-14 06:00:00,VALIDATED
603,CUST_BAL_20210612.csv,Custodian_Bank,RECEIVED,50,-565.36,2021-06-12,2021-06-12 06:00:00,VALIDATED
604,CUST_BAL_20230920.csv,Custodian_Bank,RECEIVED,50,-780.97,2023-09-20,2023-09-20 06:00:00,VALIDATED
605,CUST_BAL_20220504.csv,Custodian_Bank,RECEIVED,50,-797.62,2022-05-04,2022-05-04 06:00:00,VALIDATED
606,CUST_BAL_20220531.csv,Custodian_Bank,RECEIVED,50,-802.75,2022-05-31,2022-05-31 06:00:00,VALIDATED
607,CUST_BAL_20230909.csv,Custodian_Bank,RECEIVED,50,-751.3,2023-09-09,2023-09-09 06:00:00,VALIDATED
608,CUST_BAL_20240111.csv,Custodian_Bank,RECEIVED,50,-533.02,2024-01-11,2024-01-11 06:00:00,VALIDATED
609,CUST_BAL_20220327.csv,Custodian_Bank,RECEIVED,50,-792.14,2022-03-27,2022-03-27 06:00:00,VALIDATED
610,CUST_BAL_20220108.csv,Custodian_Bank,RECEIVED,50,-690.29,2022-01-08,2022-01-08 06:00:00,VALIDATED
611,CUST_BAL_20210820.csv,Custodian_Bank,RECEIVED,50,-432.51,2021-08-20,2021-08-20 06:00:00,VALIDATED
612,CUST_BAL_20221007.csv,Custodian_Bank,RECEIVED,50,-762.28,2022-10-07,2022-10-07 06:00:00,VALIDATED
613,CUST_BAL_20230725.csv,Custodian_Bank,RECEIVED,50,-724.66,2023-07-25,2023-07-25 06:00:00,VALIDATED
614,CUST_BAL_20230820.csv,Custodian_Bank,RECEIVED,50,-618.75,2023-08-20,2023-08-20 06:00:00,VALIDATED
615,CUST_BAL_20210114.csv,Custodian_Bank,RECEIVED,50,-660.58,2021-01-14,2021-01-14 06:00:00,VALIDATED
616,CUST_BAL_20231126.csv,Custodian_Bank,RECEIVED,50,-726.54,2023-11-26,2023-11-26 06:00:00,VALIDATED
617,CUST_BAL_20230706.csv,Custodian_Bank,RECEIVED,50,-744.74,2023-07-06,2023-07-06 06:00:00,VALIDATED
618,CUST_BAL_20220924.csv,Custodian_Bank,RECEIVED,50,-736.92,2022-09-24,2022-09-24 06:00:00,VALIDATED
619,CUST_BAL_20231013.csv,Custodian_Bank,RECEIVED,50,-449.9,2023-10-13,2023-10-13 06:00:00,VALIDATED
620,CUST_BAL_20230917.csv,Custodian_Bank,RECEIVED,50,-747.94,2023-09-17,2023-09-17 06:00:00,VALIDATED
621,CUST_BAL_20231119.csv,Custodian_Bank,RECEIVED,50,-779.78,2023-11-19,2023-11-19 06:00:00,VALIDATED
622,CUST_BAL_20210710.csv,Custodian_Bank,RECEIVED,50,-775.25,2021-07-10,2021-07-10 06:00:00,VALIDATED
623,CUST_BAL_20210624.csv,Custodian_Bank,RECEIVED,50,-786.03,2021-06-24,2021-06-24 06:00:00,VALIDATED
624,CUST_BAL_20210613.csv,Custodian_Bank,RECEIVED,50,-565.36,2021-06-13,2021-06-13 06:00:00,VALIDATED
625,CUST_BAL_20210908.csv,Custodian_Bank,RECEIVED,50,-741.98,2021-09-08,2021-09-08 06:00:00,VALIDATED
626,CUST_BAL_20230118.csv,Custodian_Bank,RECEIVED,50,-775.49,2023-01-18,2023-01-18 06:00:00,VALIDATED
627,CUST_BAL_20240331.csv,Custodian_Bank,RECEIVED,50,-421.7,2024-03-31,2024-03-31 06:00:00,VALIDATED
628,CUST_BAL_20200522.csv,Custodian_Bank,RECEIVED,50,157.28,2020-05-22,2020-05-22 06:00:00,VALIDATED
629,CUST_BAL_20210618.csv,Custodian_Bank,RECEIVED,50,-796.75,2021-06-18,2021-06-18 06:00:00,VALIDATED
630,CUST_BAL_20200529.csv,Custodian_Bank,RECEIVED,50,191.02,2020-05-29,2020-05-29 06:00:00,VALIDATED
631,CUST_BAL_20210206.csv,Custodian_Bank,RECEIVED,50,-687.66,2021-02-06,2021-02-06 06:00:00,VALIDATED
632,CUST_BAL_20230426.csv,Custodian_Bank,RECEIVED,50,-790.4,2023-04-26,2023-04-26 06:00:00,VALIDATED
633,CUST_BAL_20210117.csv,Custodian_Bank,RECEIVED,50,-660.58,2021-01-17,2021-01-17 06:00:00,VALIDATED
634,CUST_BAL_20220812.csv,Custodian_Bank,RECEIVED,50,-788.77,2022-08-12,2022-08-12 06:00:00,VALIDATED
635,CUST_BAL_20201023.csv,Custodian_Bank,RECEIVED,50,134.77,2020-10-23,2020-10-23 06:00:00,VALIDATED
636,CUST_BAL_20210626.csv,Custodian_Bank,RECEIVED,50,-776.47,2021-06-26,2021-06-26 06:00:00,VALIDATED
637,CUST_BAL_20220403.csv,Custodian_Bank,RECEIVED,50,381.34,2022-04-03,2022-04-03 06:00:00,VALIDATED
638,CUST_BAL_20240401.csv,Custodian_Bank,RECEIVED,50,-558.02,2024-04-01,2024-04-01 06:00:00,VALIDATED
639,CUST_BAL_20230626.csv,Custodian_Bank,RECEIVED,50,-699.73,2023-06-26,2023-06-26 06:00:00,VALIDATED
640,CUST_BAL_20240211.csv,Custodian_Bank,RECEIVED,50,-670.43,2024-02-11,2024-02-11 06:00:00,VALIDATED
641,CUST_BAL_20230613.csv,Custodian_Bank,RECEIVED,50,-659.04,2023-06-13,2023-06-13 06:00:00,VALIDATED
642,CUST_BAL_20210407.csv,Custodian_Bank,RECEIVED,50,-719.79,2021-04-07,2021-04-07 06:00:00,VALIDATED
643,CUST_BAL_20210203.csv,Custodian_Bank,RECEIVED,50,-725.35,2021-02-03,2021-02-03 06:00:00,VALIDATED
644,CUST_BAL_20240117.csv,Custodian_Bank,RECEIVED,50,-669.99,2024-01-17,2024-01-17 06:00:00,VALIDATED
645,CUST_BAL_20200906.csv,Custodian_Bank,RECEIVED,50,19.2,2020-09-06,2020-09-06 06:00:00,VALIDATED
646,CUST_BAL_20210915.csv,Custodian_Bank,RECEIVED,50,-717.39,2021-09-15,2021-09-15 06:00:00,VALIDATED
647,CUST_BAL_20231022.csv,Custodian_Bank,RECEIVED,50,-733.06,2023-10-22,2023-10-22 06:00:00,VALIDATED
648,CUST_BAL_20230715.csv,Custodian_Bank,RECEIVED,50,-735.4,2023-07-15,2023-07-15 06:00:00,VALIDATED
649,CUST_BAL_20200605.csv,Custodian_Bank,RECEIVED,50,40.59,2020-06-05,2020-06-05 06:00:00,VALIDATED
650,CUST_BAL_20211220.csv,Custodian_Bank,RECEIVED,50,-670.19,2021-12-20,2021-12-20 06:00:00,VALIDATED
651,CUST_BAL_20200430.csv,Custodian_Bank,RECEIVED,50,493.04,2020-04-30,2020-04-30 06:00:00,VALIDATED
652,CUST_BAL_20230218.csv,Custodian_Bank,RECEIVED,50,-771.98,2023-02-18,2023-02-18 06:00:00,VALIDATED
653,CUST_BAL_20240514.csv,Custodian_Bank,RECEIVED,50,-620.73,2024-05-14,2024-05-14 06:00:00,VALIDATED
654,CUST_BAL_20240127.csv,Custodian_Bank,RECEIVED,50,-670.41,2024-01-27,2024-01-27 06:00:00,VALIDATED
655,CUST_BAL_20230816.csv,Custodian_Bank,RECEIVED,50,-696.7,2023-08-16,2023-08-16 06:00:00,VALIDATED
656,CUST_BAL_20210730.csv,Custodian_Bank,RECEIVED,50,-748.13,2021-07-30,2021-07-30 06:00:00,VALIDATED
657,CUST_BAL_20230622.csv,Custodian_Bank,RECEIVED,50,-719.53,2023-06-22,2023-06-22 06:00:00,VALIDATED
658,CUST_BAL_20201224.csv,Custodian_Bank,RECEIVED,50,-701.63,2020-12-24,2020-12-24 06:00:00,VALIDATED
659,CUST_BAL_20231016.csv,Custodian_Bank,RECEIVED,50,-768.95,2023-10-16,2023-10-16 06:00:00,VALIDATED
660,CUST_BAL_20210131.csv,Custodian_Bank,RECEIVED,50,-674.45,2021-01-31,2021-01-31 06:00:00,VALIDATED
661,CUST_BAL_20221107.csv,Custodian_Bank,RECEIVED,50,-758.9,2022-11-07,2022-11-07 06:00:00,VALIDATED
662,CUST_BAL_20210807.csv,Custodian_Bank,RECEIVED,50,-536.81,2021-08-07,2021-08-07 06:00:00,VALIDATED
663,CUST_BAL_20240210.csv,Custodian_Bank,RECEIVED,50,-670.43,2024-02-10,2024-02-10 06:00:00,VALIDATED
664,CUST_BAL_20230213.csv,Custodian_Bank,RECEIVED,50,-764.32,2023-02-13,2023-02-13 06:00:00,VALIDATED
665,CUST_BAL_20201221.csv,Custodian_Bank,RECEIVED,50,-704.12,2020-12-21,2020-12-21 06:00:00,VALIDATED
666,CUST_BAL_20230104.csv,Custodian_Bank,RECEIVED,50,-568.77,2023-01-04,2023-01-04 06:00:00,VALIDATED
667,CUST_BAL_20230528.csv,Custodian_Bank,RECEIVED,50,-760.11,2023-05-28,2023-05-28 06:00:00,VALIDATED
668,CUST_BAL_20200801.csv,Custodian_Bank,RECEIVED,50,12.51,2020-08-01,2020-08-01 06:00:00,VALIDATED
669,CUST_BAL_20201024.csv,Custodian_Bank,RECEIVED,50,134.77,2020-10-24,2020-10-24 06:00:00,VALIDATED
670,CUST_BAL_20220226.csv,Custodian_Bank,RECEIVED,50,-780.75,2022-02-26,2022-02-26 06:00:00,VALIDATED
671,CUST_BAL_20221231.csv,Custodian_Bank,RECEIVED,50,-757.82,2022-12-31,2022-12-31 06:00:00,VALIDATED
672,CUST_BAL_20230524.csv,Custodian_Bank,RECEIVED,50,-760.11,2023-05-24,2023-05-24 06:00:00,VALIDATED
673,CUST_BAL_20200531.csv,Custodian_Bank,RECEIVED,50,191.02,2020-05-31,2020-05-31 06:00:00,VALIDATED
674,CUST_BAL_20210405.csv,Custodian_Bank,RECEIVED,50,-744.66,2021-04-05,2021-04-05 06:00:00,VALIDATED
675,CUST_BAL_20221015.csv,Custodian_Bank,RECEIVED,50,-775.05,2022-10-15,2022-10-15 06:00:00,VALIDATED
676,CUST_BAL_20230720.csv,Custodian_Bank,RECEIVED,50,-735.94,2023-07-20,2023-07-20 06:00:00,VALIDATED
677,CUST_BAL_20220111.csv,Custodian_Bank,RECEIVED,50,-671.71,2022-01-11,2022-01-11 06:00:00,VALIDATED
678,CUST_BAL_20240518.csv,Custodian_Bank,RECEIVED,50,-706.91,2024-05-18,2024-05-18 06:00:00,VALIDATED
679,CUST_BAL_20231020.csv,Custodian_Bank,RECEIVED,50,-733.06,2023-10-20,2023-10-20 06:00:00,VALIDATED
680,CUST_BAL_20200622.csv,Custodian_Bank,RECEIVED,50,40.59,2020-06-22,2020-06-22 06:00:00,VALIDATED
681,CUST_BAL_20221004.csv,Custodian_Bank,RECEIVED,50,-777.58,2022-10-04,2022-10-04 06:00:00,VALIDATED
682,CUST_BAL_20230323.csv,Custodian_Bank,RECEIVED,50,-781.94,2023-03-23,2023-03-23 06:00:00,VALIDATED
683,CUST_BAL_20210111.csv,Custodian_Bank,RECEIVED,50,-650.06,2021-01-11,2021-01-11 06:00:00,VALIDATED
684,CUST_BAL_20220214.csv,Custodian_Bank,RECEIVED,50,-647.99,2022-02-14,2022-02-14 06:00:00,VALIDATED
685,CUST_BAL_20201102.csv,Custodian_Bank,RECEIVED,50,79.53,2020-11-02,2020-11-02 06:00:00,VALIDATED
686,CUST_BAL_20230301.csv,Custodian_Bank,RECEIVED,50,-691.32,2023-03-01,2023-03-01 06:00:00,VALIDATED
687,CUST_BAL_20240318.csv,Custodian_Bank,RECEIVED,50,-712.3,2024-03-18,2024-03-18 06:00:00,VALIDATED
688,CUST_BAL_20230805.csv,Custodian_Bank,RECEIVED,50,-765.54,2023-08-05,2023-08-05 06:00:00,VALIDATED
689,CUST_BAL_20210902.csv,Custodian_Bank,RECEIVED,50,-784.6,2021-09-02,2021-09-02 06:00:00,VALIDATED
690,CUST_BAL_20240629.csv,Custodian_Bank,RECEIVED,50,-654.59,2024-06-29,2024-06-29 06:00:00,VALIDATED
691,CUST_BAL_20210703.csv,Custodian_Bank,RECEIVED,50,-785.2,2021-07-03,2021-07-03 06:00:00,VALIDATED
692,CUST_BAL_20220303.csv,Custodian_Bank,RECEIVED,50,-736.09,2022-03-03,2022-03-03 06:00:00,VALIDATED
693,CUST_BAL_20210218.csv,Custodian_Bank,RECEIVED,50,-708.45,2021-02-18,2021-02-18 06:00:00,VALIDATED
694,CUST_BAL_20210209.csv,Custodian_Bank,RECEIVED,50,-675.41,2021-02-09,2021-02-09 06:00:00,VALIDATED
695,CUST_BAL_20210224.csv,Custodian_Bank,RECEIVED,50,-731.69,2021-02-24,2021-02-24 06:00:00,VALIDATED
696,CUST_BAL_20200730.csv,Custodian_Bank,RECEIVED,50,35.24,2020-07-30,2020-07-30 06:00:00,VALIDATED
697,CUST_BAL_20240310.csv,Custodian_Bank,RECEIVED,50,-721.93,2024-03-10,2024-03-10 06:00:00,VALIDATED
698,CUST_BAL_20240108.csv,Custodian_Bank,RECEIVED,50,-648.76,2024-01-08,2024-01-08 06:00:00,VALIDATED
699,CUST_BAL_20231029.csv,Custodian_Bank,RECEIVED,50,-687.58,2023-10-29,2023-10-29 06:00:00,VALIDATED
700,CUST_BAL_20230418.csv,Custodian_Bank,RECEIVED,50,-802.34,2023-04-18,2023-04-18 06:00:00,VALIDATED
701,CUST_BAL_20210121.csv,Custodian_Bank,RECEIVED,50,-701.42,2021-01-21,2021-01-21 06:00:00,VALIDATED
702,CUST_BAL_20230523.csv,Custodian_Bank,RECEIVED,50,-705.7,2023-05-23,2023-05-23 06:00:00,VALIDATED
703,CUST_BAL_20200821.csv,Custodian_Bank,RECEIVED,50,18.48,2020-08-21,2020-08-21 06:00:00,VALIDATED
704,CUST_BAL_20200602.csv,Custodian_Bank,RECEIVED,50,511.02,2020-06-02,2020-06-02 06:00:00,VALIDATED
705,CUST_BAL_20210419.csv,Custodian_Bank,RECEIVED,50,-707.48,2021-04-19,2021-04-19 06:00:00,VALIDATED
706,CUST_BAL_20231019.csv,Custodian_Bank,RECEIVED,50,-789.15,2023-10-19,2023-10-19 06:00:00,VALIDATED
707,CUST_BAL_20240414.csv,Custodian_Bank,RECEIVED,50,-658.25,2024-04-14,2024-04-14 06:00:00,VALIDATED
708,CUST_BAL_20200614.csv,Custodian_Bank,RECEIVED,50,40.59,2020-06-14,2020-06-14 06:00:00,VALIDATED
709,CUST_BAL_20210928.csv,Custodian_Bank,RECEIVED,50,-772.71,2021-09-28,2021-09-28 06:00:00,VALIDATED
710,CUST_BAL_20230625.csv,Custodian_Bank,RECEIVED,50,-699.75,2023-06-25,2023-06-25 06:00:00,VALIDATED
711,CUST_BAL_20221118.csv,Custodian_Bank,RECEIVED,50,-779.51,2022-11-18,2022-11-18 06:00:00,VALIDATED
712,CUST_BAL_20231130.csv,Custodian_Bank,RECEIVED,50,-726.31,2023-11-30,2023-11-30 06:00:00,VALIDATED
713,CUST_BAL_20230704.csv,Custodian_Bank,RECEIVED,50,-772.43,2023-07-04,2023-07-04 06:00:00,VALIDATED
714,CUST_BAL_20220707.csv,Custodian_Bank,RECEIVED,50,-792.78,2022-07-07,2022-07-07 06:00:00,VALIDATED
715,CUST_BAL_20211026.csv,Custodian_Bank,RECEIVED,50,-768.99,2021-10-26,2021-10-26 06:00:00,VALIDATED
716,CUST_BAL_20210724.csv,Custodian_Bank,RECEIVED,50,-797.87,2021-07-24,2021-07-24 06:00:00,VALIDATED
717,CUST_BAL_20220331.csv,Custodian_Bank,RECEIVED,50,207.86,2022-03-31,2022-03-31 06:00:00,VALIDATED
718,CUST_BAL_20210504.csv,Custodian_Bank,RECEIVED,50,-732.11,2021-05-04,2021-05-04 06:00:00,VALIDATED
719,CUST_BAL_20220418.csv,Custodian_Bank,RECEIVED,50,-759.97,2022-04-18,2022-04-18 06:00:00,VALIDATED
720,CUST_BAL_20220406.csv,Custodian_Bank,RECEIVED,50,385.3,2022-04-06,2022-04-06 06:00:00,VALIDATED
721,CUST_BAL_20221119.csv,Custodian_Bank,RECEIVED,50,-779.51,2022-11-19,2022-11-19 06:00:00,VALIDATED
722,CUST_BAL_20221020.csv,Custodian_Bank,RECEIVED,50,-774.12,2022-10-20,2022-10-20 06:00:00,VALIDATED
723,CUST_BAL_20220122.csv,Custodian_Bank,RECEIVED,50,-751.19,2022-01-22,2022-01-22 06:00:00,VALIDATED
724,CUST_BAL_20201020.csv,Custodian_Bank,RECEIVED,50,92.95,2020-10-20,2020-10-20 06:00:00,VALIDATED
725,CUST_BAL_20231102.csv,Custodian_Bank,RECEIVED,50,-539.91,2023-11-02,2023-11-02 06:00:00,VALIDATED
726,CUST_BAL_20220925.csv,Custodian_Bank,RECEIVED,50,-736.92,2022-09-25,2022-09-25 06:00:00,VALIDATED
727,CUST_BAL_20210103.csv,Custodian_Bank,RECEIVED,50,-731.24,2021-01-03,2021-01-03 06:00:00,VALIDATED
728,CUST_BAL_20211110.csv,Custodian_Bank,RECEIVED,50,-788.87,2021-11-10,2021-11-10 06:00:00,VALIDATED
729,CUST_BAL_20240612.csv,Custodian_Bank,RECEIVED,50,-637.58,2024-06-12,2024-06-12 06:00:00,VALIDATED
730,CUST_BAL_20220405.csv,Custodian_Bank,RECEIVED,50,385.3,2022-04-05,2022-04-05 06:00:00,VALIDATED
731,CUST_BAL_20231226.csv,Custodian_Bank,RECEIVED,50,-676.26,2023-12-26,2023-12-26 06:00:00,VALIDATED
732,CUST_BAL_20240105.csv,Custodian_Bank,RECEIVED,50,-672.45,2024-01-05,2024-01-05 06:00:00,VALIDATED
733,CUST_BAL_20210423.csv,Custodian_Bank,RECEIVED,50,-710.42,2021-04-23,2021-04-23 06:00:00,VALIDATED
734,CUST_BAL_20230930.csv,Custodian_Bank,RECEIVED,50,-520.79,2023-09-30,2023-09-30 06:00:00,VALIDATED
735,CUST_BAL_20210803.csv,Custodian_Bank,RECEIVED,50,-760.72,2021-08-03,2021-08-03 06:00:00,VALIDATED
736,CUST_BAL_20220118.csv,Custodian_Bank,RECEIVED,50,-721.25,2022-01-18,2022-01-18 06:00:00,VALIDATED
737,CUST_BAL_20210917.csv,Custodian_Bank,RECEIVED,50,-697.22,2021-09-17,2021-09-17 06:00:00,VALIDATED
738,CUST_BAL_20211008.csv,Custodian_Bank,RECEIVED,50,-757.37,2021-10-08,2021-10-08 06:00:00,VALIDATED
739,CUST_BAL_20230125.csv,Custodian_Bank,RECEIVED,50,-783.72,2023-01-25,2023-01-25 06:00:00,VALIDATED
740,CUST_BAL_20230530.csv,Custodian_Bank,RECEIVED,50,-749.4,2023-05-30,2023-05-30 06:00:00,VALIDATED
741,CUST_BAL_20240219.csv,Custodian_Bank,RECEIVED,50,-693.37,2024-02-19,2024-02-19 06:00:00,VALIDATED
742,CUST_BAL_20240427.csv,Custodian_Bank,RECEIVED,50,-662.07,2024-04-27,2024-04-27 06:00:00,VALIDATED
743,CUST_BAL_20200824.csv,Custodian_Bank,RECEIVED,50,18.48,2020-08-24,2020-08-24 06:00:00,VALIDATED
744,CUST_BAL_20200611.csv,Custodian_Bank,RECEIVED,50,40.59,2020-06-11,2020-06-11 06:00:00,VALIDATED
745,CUST_BAL_20220129.csv,Custodian_Bank,RECEIVED,50,352.72,2022-01-29,2022-01-29 06:00:00,VALIDATED
746,CUST_BAL_20220516.csv,Custodian_Bank,RECEIVED,50,-728.58,2022-05-16,2022-05-16 06:00:00,VALIDATED
747,CUST_BAL_20210822.csv,Custodian_Bank,RECEIVED,50,-432.51,2021-08-22,2021-08-22 06:00:00,VALIDATED
748,CUST_BAL_20201019.csv,Custodian_Bank,RECEIVED,50,92.95,2020-10-19,2020-10-19 06:00:00,VALIDATED
749,CUST_BAL_20230606.csv,Custodian_Bank,RECEIVED,50,-748.88,2023-06-06,2023-06-06 06:00:00,VALIDATED
750,CUST_BAL_20200929.csv,Custodian_Bank,RECEIVED,50,29.17,2020-09-29,2020-09-29 06:00:00,VALIDATED
751,CUST_BAL_20220712.csv,Custodian_Bank,RECEIVED,50,-790.62,2022-07-12,2022-07-12 06:00:00,VALIDATED
752,CUST_BAL_20231005.csv,Custodian_Bank,RECEIVED,50,-711.48,2023-10-05,2023-10-05 06:00:00,VALIDATED
753,CUST_BAL_20231120.csv,Custodian_Bank,RECEIVED,50,-756.77,2023-11-20,2023-11-20 06:00:00,VALIDATED
754,CUST_BAL_20210310.csv,Custodian_Bank,RECEIVED,50,-735.67,2021-03-10,2021-03-10 06:00:00,VALIDATED
755,CUST_BAL_20220225.csv,Custodian_Bank,RECEIVED,50,-780.75,2022-02-25,2022-02-25 06:00:00,VALIDATED
756,CUST_BAL_20230810.csv,Custodian_Bank,RECEIVED,50,-781.41,2023-08-10,2023-08-10 06:00:00,VALIDATED
757,CUST_BAL_20240114.csv,Custodian_Bank,RECEIVED,50,-714.98,2024-01-14,2024-01-14 06:00:00,VALIDATED
758,CUST_BAL_20230302.csv,Custodian_Bank,RECEIVED,50,-669.12,2023-03-02,2023-03-02 06:00:00,VALIDATED
759,CUST_BAL_20230927.csv,Custodian_Bank,RECEIVED,50,-730.98,2023-09-27,2023-09-27 06:00:00,VALIDATED
760,CUST_BAL_20210225.csv,Custodian_Bank,RECEIVED,50,-212.97,2021-02-25,2021-02-25 06:00:00,VALIDATED
761,CUST_BAL_20220923.csv,Custodian_Bank,RECEIVED,50,-736.92,2022-09-23,2022-09-23 06:00:00,VALIDATED
762,CUST_BAL_20240204.csv,Custodian_Bank,RECEIVED,50,-677.58,2024-02-04,2024-02-04 06:00:00,VALIDATED
763,CUST_BAL_20220412.csv,Custodian_Bank,RECEIVED,50,-754.34,2022-04-12,2022-04-12 06:00:00,VALIDATED
764,CUST_BAL_20220702.csv,Custodian_Bank,RECEIVED,50,-575.07,2022-07-02,2022-07-02 06:00:00,VALIDATED
765,CUST_BAL_20201029.csv,Custodian_Bank,RECEIVED,50,79.53,2020-10-29,2020-10-29 06:00:00,VALIDATED
766,CUST_BAL_20220520.csv,Custodian_Bank,RECEIVED,50,-803.98,2022-05-20,2022-05-20 06:00:00,VALIDATED
767,CUST_BAL_20221204.csv,Custodian_Bank,RECEIVED,50,-744.34,2022-12-04,2022-12-04 06:00:00,VALIDATED
768,CUST_BAL_20201104.csv,Custodian_Bank,RECEIVED,50,155.36,2020-11-04,2020-11-04 06:00:00,VALIDATED
769,CUST_BAL_20221115.csv,Custodian_Bank,RECEIVED,50,-785.48,2022-11-15,2022-11-15 06:00:00,VALIDATED
770,CUST_BAL_20221025.csv,Custodian_Bank,RECEIVED,50,-779.21,2022-10-25,2022-10-25 06:00:00,VALIDATED
771,CUST_BAL_20201128.csv,Custodian_Bank,RECEIVED,50,-719.98,2020-11-28,2020-11-28 06:00:00,VALIDATED
772,CUST_BAL_20240131.csv,Custodian_Bank,RECEIVED,50,-644.8,2024-01-31,2024-01-31 06:00:00,VALIDATED
773,CUST_BAL_20230414.csv,Custodian_Bank,RECEIVED,50,-798.66,2023-04-14,2023-04-14 06:00:00,VALIDATED
774,CUST_BAL_20220611.csv,Custodian_Bank,RECEIVED,50,-769.82,2022-06-11,2022-06-11 06:00:00,VALIDATED
775,CUST_BAL_20210801.csv,Custodian_Bank,RECEIVED,50,-748.13,2021-08-01,2021-08-01 06:00:00,VALIDATED
776,CUST_BAL_20200926.csv,Custodian_Bank,RECEIVED,50,42.89,2020-09-26,2020-09-26 06:00:00,VALIDATED
777,CUST_BAL_20230620.csv,Custodian_Bank,RECEIVED,50,-719.55,2023-06-20,2023-06-20 06:00:00,VALIDATED
778,CUST_BAL_20231123.csv,Custodian_Bank,RECEIVED,50,-726.56,2023-11-23,2023-11-23 06:00:00,VALIDATED
779,CUST_BAL_20231228.csv,Custodian_Bank,RECEIVED,50,-676.26,2023-12-28,2023-12-28 06:00:00,VALIDATED
780,CUST_BAL_20210729.csv,Custodian_Bank,RECEIVED,50,-747.36,2021-07-29,2021-07-29 06:00:00,VALIDATED
781,CUST_BAL_20201120.csv,Custodian_Bank,RECEIVED,50,-651.45,2020-11-20,2020-11-20 06:00:00,VALIDATED
782,CUST_BAL_20201008.csv,Custodian_Bank,RECEIVED,50,13.92,2020-10-08,2020-10-08 06:00:00,VALIDATED
783,CUST_BAL_20200519.csv,Custodian_Bank,RECEIVED,50,157.28,2020-05-19,2020-05-19 06:00:00,VALIDATED
784,CUST_BAL_20220306.csv,Custodian_Bank,RECEIVED,50,-736.09,2022-03-06,2022-03-06 06:00:00,VALIDATED
785,CUST_BAL_20210222.csv,Custodian_Bank,RECEIVED,50,-709.88,2021-02-22,2021-02-22 06:00:00,VALIDATED
786,CUST_BAL_20240124.csv,Custodian_Bank,RECEIVED,50,-619.05,2024-01-24,2024-01-24 06:00:00,VALIDATED
787,CUST_BAL_20210523.csv,Custodian_Bank,RECEIVED,50,-721.24,2021-05-23,2021-05-23 06:00:00,VALIDATED
788,CUST_BAL_20211005.csv,Custodian_Bank,RECEIVED,50,-783.81,2021-10-05,2021-10-05 06:00:00,VALIDATED
789,CUST_BAL_20221002.csv,Custodian_Bank,RECEIVED,50,-776.1,2022-10-02,2022-10-02 06:00:00,VALIDATED
790,CUST_BAL_20200701.csv,Custodian_Bank,RECEIVED,50,308.7,2020-07-01,2020-07-01 06:00:00,VALIDATED
791,CUST_BAL_20221018.csv,Custodian_Bank,RECEIVED,50,-715.93,2022-10-18,2022-10-18 06:00:00,VALIDATED
792,CUST_BAL_20211216.csv,Custodian_Bank,RECEIVED,50,-664.17,2021-12-16,2021-12-16 06:00:00,VALIDATED
793,CUST_BAL_20240314.csv,Custodian_Bank,RECEIVED,50,-677.16,2024-03-14,2024-03-14 06:00:00,VALIDATED
794,CUST_BAL_20211101.csv,Custodian_Bank,RECEIVED,50,-659.78,2021-11-01,2021-11-01 06:00:00,VALIDATED
795,CUST_BAL_20220624.csv,Custodian_Bank,RECEIVED,50,-777.24,2022-06-24,2022-06-24 06:00:00,VALIDATED
796,CUST_BAL_20240212.csv,Custodian_Bank,RECEIVED,50,-676.75,2024-02-12,2024-02-12 06:00:00,VALIDATED
797,CUST_BAL_20201223.csv,Custodian_Bank,RECEIVED,50,-706.02,2020-12-23,2020-12-23 06:00:00,VALIDATED
798,CUST_BAL_20210303.csv,Custodian_Bank,RECEIVED,50,-730.81,2021-03-03,2021-03-03 06:00:00,VALIDATED
799,CUST_BAL_20201210.csv,Custodian_Bank,RECEIVED,50,-680.33,2020-12-10,2020-12-10 06:00:00,VALIDATED
800,CUST_BAL_20220715.csv,Custodian_Bank,RECEIVED,50,-762.49,2022-07-15,2022-07-15 06:00:00,VALIDATED
801,CUST_BAL_20210213.csv,Custodian_Bank,RECEIVED,50,-694.59,2021-02-13,2021-02-13 06:00:00,VALIDATED
802,CUST_BAL_20211129.csv,Custodian_Bank,RECEIVED,50,-788.44,2021-11-29,2021-11-29 06:00:00,VALIDATED
803,CUST_BAL_20220822.csv,Custodian_Bank,RECEIVED,50,-625.17,2022-08-22,2022-08-22 06:00:00,VALIDATED
804,CUST_BAL_20240320.csv,Custodian_Bank,RECEIVED,50,-685.9,2024-03-20,2024-03-20 06:00:00,VALIDATED
805,CUST_BAL_20201117.csv,Custodian_Bank,RECEIVED,50,-652.92,2020-11-17,2020-11-17 06:00:00,VALIDATED
806,CUST_BAL_20201217.csv,Custodian_Bank,RECEIVED,50,-734.97,2020-12-17,2020-12-17 06:00:00,VALIDATED
807,CUST_BAL_20220329.csv,Custodian_Bank,RECEIVED,50,-792.14,2022-03-29,2022-03-29 06:00:00,VALIDATED
808,CUST_BAL_20221224.csv,Custodian_Bank,RECEIVED,50,-765.74,2022-12-24,2022-12-24 06:00:00,VALIDATED
809,CUST_BAL_20201013.csv,Custodian_Bank,RECEIVED,50,15.69,2020-10-13,2020-10-13 06:00:00,VALIDATED
810,CUST_BAL_20220402.csv,Custodian_Bank,RECEIVED,50,381.34,2022-04-02,2022-04-02 06:00:00,VALIDATED
811,CUST_BAL_20220323.csv,Custodian_Bank,RECEIVED,50,-727.69,2022-03-23,2022-03-23 06:00:00,VALIDATED
812,CUST_BAL_20240419.csv,Custodian_Bank,RECEIVED,50,-358.55,2024-04-19,2024-04-19 06:00:00,VALIDATED
813,CUST_BAL_20220910.csv,Custodian_Bank,RECEIVED,50,-700.13,2022-09-10,2022-09-10 06:00:00,VALIDATED
814,CUST_BAL_20200606.csv,Custodian_Bank,RECEIVED,50,40.59,2020-06-06,2020-06-06 06:00:00,VALIDATED
815,CUST_BAL_20200809.csv,Custodian_Bank,RECEIVED,50,17.58,2020-08-09,2020-08-09 06:00:00,VALIDATED
816,CUST_BAL_20201002.csv,Custodian_Bank,RECEIVED,50,44.72,2020-10-02,2020-10-02 06:00:00,VALIDATED
817,CUST_BAL_20200726.csv,Custodian_Bank,RECEIVED,50,35.24,2020-07-26,2020-07-26 06:00:00,VALIDATED
818,CUST_BAL_20240511.csv,Custodian_Bank,RECEIVED,50,-624.93,2024-05-11,2024-05-11 06:00:00,VALIDATED
819,CUST_BAL_20210717.csv,Custodian_Bank,RECEIVED,50,-734.46,2021-07-17,2021-07-17 06:00:00,VALIDATED
820,CUST_BAL_20220411.csv,Custodian_Bank,RECEIVED,50,-776.15,2022-04-11,2022-04-11 06:00:00,VALIDATED
821,CUST_BAL_20211230.csv,Custodian_Bank,RECEIVED,50,-787.31,2021-12-30,2021-12-30 06:00:00,VALIDATED
822,CUST_BAL_20230505.csv,Custodian_Bank,RECEIVED,50,-747.59,2023-05-05,2023-05-05 06:00:00,VALIDATED
823,CUST_BAL_20221226.csv,Custodian_Bank,RECEIVED,50,-765.74,2022-12-26,2022-12-26 06:00:00,VALIDATED
824,CUST_BAL_20220410.csv,Custodian_Bank,RECEIVED,50,-243.55,2022-04-10,2022-04-10 06:00:00,VALIDATED
825,CUST_BAL_20211209.csv,Custodian_Bank,RECEIVED,50,-725.49,2021-12-09,2021-12-09 06:00:00,VALIDATED
826,CUST_BAL_20230404.csv,Custodian_Bank,RECEIVED,50,-627.1,2023-04-04,2023-04-04 06:00:00,VALIDATED
827,CUST_BAL_20211025.csv,Custodian_Bank,RECEIVED,50,-801.07,2021-10-25,2021-10-25 06:00:00,VALIDATED
828,CUST_BAL_20231223.csv,Custodian_Bank,RECEIVED,50,-676.26,2023-12-23,2023-12-23 06:00:00,VALIDATED
829,CUST_BAL_20230824.csv,Custodian_Bank,RECEIVED,50,-778.14,2023-08-24,2023-08-24 06:00:00,VALIDATED
830,CUST_BAL_20210116.csv,Custodian_Bank,RECEIVED,50,-660.58,2021-01-16,2021-01-16 06:00:00,VALIDATED
831,CUST_BAL_20221001.csv,Custodian_Bank,RECEIVED,50,-776.1,2022-10-01,2022-10-01 06:00:00,VALIDATED
832,CUST_BAL_20240415.csv,Custodian_Bank,RECEIVED,50,-620.56,2024-04-15,2024-04-15 06:00:00,VALIDATED
833,CUST_BAL_20240104.csv,Custodian_Bank,RECEIVED,50,-672.46,2024-01-04,2024-01-04 06:00:00,VALIDATED
834,CUST_BAL_20210714.csv,Custodian_Bank,RECEIVED,50,-734.46,2021-07-14,2021-07-14 06:00:00,VALIDATED
835,CUST_BAL_20201112.csv,Custodian_Bank,RECEIVED,50,-677.27,2020-11-12,2020-11-12 06:00:00,VALIDATED
836,CUST_BAL_20230109.csv,Custodian_Bank,RECEIVED,50,-739.27,2023-01-09,2023-01-09 06:00:00,VALIDATED
837,CUST_BAL_20201228.csv,Custodian_Bank,RECEIVED,50,-701.63,2020-12-28,2020-12-28 06:00:00,VALIDATED
838,CUST_BAL_20220310.csv,Custodian_Bank,RECEIVED,50,-710.79,2022-03-10,2022-03-10 06:00:00,VALIDATED
839,CUST_BAL_20230127.csv,Custodian_Bank,RECEIVED,50,-772.57,2023-01-27,2023-01-27 06:00:00,VALIDATED
840,CUST_BAL_20230628.csv,Custodian_Bank,RECEIVED,50,-699.73,2023-06-28,2023-06-28 06:00:00,VALIDATED
841,CUST_BAL_20220220.csv,Custodian_Bank,RECEIVED,50,-547.88,2022-02-20,2022-02-20 06:00:00,VALIDATED
842,CUST_BAL_20231207.csv,Custodian_Bank,RECEIVED,50,-733.37,2023-12-07,2023-12-07 06:00:00,VALIDATED
843,CUST_BAL_20200523.csv,Custodian_Bank,RECEIVED,50,157.28,2020-05-23,2020-05-23 06:00:00,VALIDATED
844,CUST_BAL_20230516.csv,Custodian_Bank,RECEIVED,50,-769.57,2023-05-16,2023-05-16 06:00:00,VALIDATED
845,CUST_BAL_20230627.csv,Custodian_Bank,RECEIVED,50,-699.73,2023-06-27,2023-06-27 06:00:00,VALIDATED
846,CUST_BAL_20220524.csv,Custodian_Bank,RECEIVED,50,-786.73,2022-05-24,2022-05-24 06:00:00,VALIDATED
847,CUST_BAL_20230223.csv,Custodian_Bank,RECEIVED,50,-791.85,2023-02-23,2023-02-23 06:00:00,VALIDATED
848,CUST_BAL_20230129.csv,Custodian_Bank,RECEIVED,50,-772.57,2023-01-29,2023-01-29 06:00:00,VALIDATED
849,CUST_BAL_20211225.csv,Custodian_Bank,RECEIVED,50,-792.35,2021-12-25,2021-12-25 06:00:00,VALIDATED
850,CUST_BAL_20220630.csv,Custodian_Bank,RECEIVED,50,-777.44,2022-06-30,2022-06-30 06:00:00,VALIDATED
851,CUST_BAL_20220826.csv,Custodian_Bank,RECEIVED,50,-777.57,2022-08-26,2022-08-26 06:00:00,VALIDATED
852,CUST_BAL_20210306.csv,Custodian_Bank,RECEIVED,50,-730.81,2021-03-06,2021-03-06 06:00:00,VALIDATED
853,CUST_BAL_20240527.csv,Custodian_Bank,RECEIVED,50,-404.58,2024-05-27,2024-05-27 06:00:00,VALIDATED
854,CUST_BAL_20221218.csv,Custodian_Bank,RECEIVED,50,-762.15,2022-12-18,2022-12-18 06:00:00,VALIDATED
855,CUST_BAL_20230511.csv,Custodian_Bank,RECEIVED,50,-747.59,2023-05-11,2023-05-11 06:00:00,VALIDATED
856,CUST_BAL_20230826.csv,Custodian_Bank,RECEIVED,50,-778.14,2023-08-26,2023-08-26 06:00:00,VALIDATED
857,CUST_BAL_20210127.csv,Custodian_Bank,RECEIVED,50,-731.23,2021-01-27,2021-01-27 06:00:00,VALIDATED
858,CUST_BAL_20231205.csv,Custodian_Bank,RECEIVED,50,-733.37,2023-12-05,2023-12-05 06:00:00,VALIDATED
859,CUST_BAL_20230101.csv,Custodian_Bank,RECEIVED,50,-757.82,2023-01-01,2023-01-01 06:00:00,VALIDATED
860,CUST_BAL_20220620.csv,Custodian_Bank,RECEIVED,50,-571.49,2022-06-20,2022-06-20 06:00:00,VALIDATED
861,CUST_BAL_20220627.csv,Custodian_Bank,RECEIVED,50,-777.24,2022-06-27,2022-06-27 06:00:00,VALIDATED
862,CUST_BAL_20200930.csv,Custodian_Bank,RECEIVED,50,29.17,2020-09-30,2020-09-30 06:00:00,VALIDATED
863,CUST_BAL_20240224.csv,Custodian_Bank,RECEIVED,50,-663.51,2024-02-24,2024-02-24 06:00:00,VALIDATED
864,CUST_BAL_20220530.csv,Custodian_Bank,RECEIVED,50,342.38,2022-05-30,2022-05-30 06:00:00,VALIDATED
865,CUST_BAL_20220916.csv,Custodian_Bank,RECEIVED,50,-751.25,2022-09-16,2022-09-16 06:00:00,VALIDATED
866,CUST_BAL_20230126.csv,Custodian_Bank,RECEIVED,50,-783.72,2023-01-26,2023-01-26 06:00:00,VALIDATED
867,CUST_BAL_20220604.csv,Custodian_Bank,RECEIVED,50,-791.23,2022-06-04,2022-06-04 06:00:00,VALIDATED
868,CUST_BAL_20210327.csv,Custodian_Bank,RECEIVED,50,-682.39,2021-03-27,2021-03-27 06:00:00,VALIDATED
869,CUST_BAL_20230110.csv,Custodian_Bank,RECEIVED,50,-715.79,2023-01-10,2023-01-10 06:00:00,VALIDATED
870,CUST_BAL_20240519.csv,Custodian_Bank,RECEIVED,50,-706.91,2024-05-19,2024-05-19 06:00:00,VALIDATED
871,CUST_BAL_20220115.csv,Custodian_Bank,RECEIVED,50,-775.54,2022-01-15,2022-01-15 06:00:00,VALIDATED
872,CUST_BAL_20220629.csv,Custodian_Bank,RECEIVED,50,-777.44,2022-06-29,2022-06-29 06:00:00,VALIDATED
873,CUST_BAL_20230130.csv,Custodian_Bank,RECEIVED,50,-761.3,2023-01-30,2023-01-30 06:00:00,VALIDATED
874,CUST_BAL_20220703.csv,Custodian_Bank,RECEIVED,50,-575.07,2022-07-03,2022-07-03 06:00:00,VALIDATED
875,CUST_BAL_20200903.csv,Custodian_Bank,RECEIVED,50,19.2,2020-09-03,2020-09-03 06:00:00,VALIDATED
876,CUST_BAL_20230609.csv,Custodian_Bank,RECEIVED,50,-736.65,2023-06-09,2023-06-09 06:00:00,VALIDATED
877,CUST_BAL_20220608.csv,Custodian_Bank,RECEIVED,50,-769.82,2022-06-08,2022-06-08 06:00:00,VALIDATED
878,CUST_BAL_20220427.csv,Custodian_Bank,RECEIVED,50,-787.6,2022-04-27,2022-04-27 06:00:00,VALIDATED
879,CUST_BAL_20211214.csv,Custodian_Bank,RECEIVED,50,-696.63,2021-12-14,2021-12-14 06:00:00,VALIDATED
880,CUST_BAL_20230929.csv,Custodian_Bank,RECEIVED,50,-520.81,2023-09-29,2023-09-29 06:00:00,VALIDATED
881,CUST_BAL_20210408.csv,Custodian_Bank,RECEIVED,50,-722.06,2021-04-08,2021-04-08 06:00:00,VALIDATED
882,CUST_BAL_20230731.csv,Custodian_Bank,RECEIVED,50,-769.47,2023-07-31,2023-07-31 06:00:00,VALIDATED
883,CUST_BAL_20230221.csv,Custodian_Bank,RECEIVED,50,-791.85,2023-02-21,2023-02-21 06:00:00,VALIDATED
884,CUST_BAL_20221209.csv,Custodian_Bank,RECEIVED,50,-739.46,2022-12-09,2022-12-09 06:00:00,VALIDATED
885,CUST_BAL_20230803.csv,Custodian_Bank,RECEIVED,50,-765.55,2023-08-03,2023-08-03 06:00:00,VALIDATED
886,CUST_BAL_20231206.csv,Custodian_Bank,RECEIVED,50,-733.37,2023-12-06,2023-12-06 06:00:00,VALIDATED
887,CUST_BAL_20221208.csv,Custodian_Bank,RECEIVED,50,-739.46,2022-12-08,2022-12-08 06:00:00,VALIDATED
888,CUST_BAL_20211211.csv,Custodian_Bank,RECEIVED,50,-725.49,2021-12-11,2021-12-11 06:00:00,VALIDATED
889,CUST_BAL_20210416.csv,Custodian_Bank,RECEIVED,50,-720.34,2021-04-16,2021-04-16 06:00:00,VALIDATED
890,CUST_BAL_20231218.csv,Custodian_Bank,RECEIVED,50,-676.26,2023-12-18,2023-12-18 06:00:00,VALIDATED
891,CUST_BAL_20200806.csv,Custodian_Bank,RECEIVED,50,17.58,2020-08-06,2020-08-06 06:00:00,VALIDATED
892,CUST_BAL_20240218.csv,Custodian_Bank,RECEIVED,50,-693.37,2024-02-18,2024-02-18 06:00:00,VALIDATED
893,CUST_BAL_20230303.csv,Custodian_Bank,RECEIVED,50,-723.05,2023-03-03,2023-03-03 06:00:00,VALIDATED
894,CUST_BAL_20220212.csv,Custodian_Bank,RECEIVED,50,-654.69,2022-02-12,2022-02-12 06:00:00,VALIDATED
895,CUST_BAL_20230811.csv,Custodian_Bank,RECEIVED,50,-761.34,2023-08-11,2023-08-11 06:00:00,VALIDATED
896,CUST_BAL_20201203.csv,Custodian_Bank,RECEIVED,50,-663.06,2020-12-03,2020-12-03 06:00:00,VALIDATED
897,CUST_BAL_20240418.csv,Custodian_Bank,RECEIVED,50,-333.75,2024-04-18,2024-04-18 06:00:00,VALIDATED
898,CUST_BAL_20240615.csv,Custodian_Bank,RECEIVED,50,-667.64,2024-06-15,2024-06-15 06:00:00,VALIDATED
899,CUST_BAL_20221207.csv,Custodian_Bank,RECEIVED,50,-739.46,2022-12-07,2022-12-07 06:00:00,VALIDATED
900,CUST_BAL_20210723.csv,Custodian_Bank,RECEIVED,50,-797.87,2021-07-23,2021-07-23 06:00:00,VALIDATED
901,CUST_BAL_20230416.csv,Custodian_Bank,RECEIVED,50,-798.66,2023-04-16,2023-04-16 06:00:00,VALIDATED
902,CUST_BAL_20230307.csv,Custodian_Bank,RECEIVED,50,-777.01,2023-03-07,2023-03-07 06:00:00,VALIDATED
903,CUST_BAL_20220131.csv,Custodian_Bank,RECEIVED,50,-792.56,2022-01-31,2022-01-31 06:00:00,VALIDATED
904,CUST_BAL_20230409.csv,Custodian_Bank,RECEIVED,50,-568.9,2023-04-09,2023-04-09 06:00:00,VALIDATED
905,CUST_BAL_20201214.csv,Custodian_Bank,RECEIVED,50,-734.97,2020-12-14,2020-12-14 06:00:00,VALIDATED
906,CUST_BAL_20201230.csv,Custodian_Bank,RECEIVED,50,-698.54,2020-12-30,2020-12-30 06:00:00,VALIDATED
907,CUST_BAL_20221010.csv,Custodian_Bank,RECEIVED,50,-737.92,2022-10-10,2022-10-10 06:00:00,VALIDATED
908,CUST_BAL_20220507.csv,Custodian_Bank,RECEIVED,50,-797.62,2022-05-07,2022-05-07 06:00:00,VALIDATED
909,CUST_BAL_20220911.csv,Custodian_Bank,RECEIVED,50,-700.13,2022-09-11,2022-09-11 06:00:00,VALIDATED
910,CUST_BAL_20201010.csv,Custodian_Bank,RECEIVED,50,13.92,2020-10-10,2020-10-10 06:00:00,VALIDATED
911,CUST_BAL_20220512.csv,Custodian_Bank,RECEIVED,50,-797.62,2022-05-12,2022-05-12 06:00:00,VALIDATED
912,CUST_BAL_20210828.csv,Custodian_Bank,RECEIVED,50,-759.26,2021-08-28,2021-08-28 06:00:00,VALIDATED
913,CUST_BAL_20210913.csv,Custodian_Bank,RECEIVED,50,-732.86,2021-09-13,2021-09-13 06:00:00,VALIDATED
914,CUST_BAL_20210328.csv,Custodian_Bank,RECEIVED,50,-682.39,2021-03-28,2021-03-28 06:00:00,VALIDATED
915,CUST_BAL_20210706.csv,Custodian_Bank,RECEIVED,50,-775.25,2021-07-06,2021-07-06 06:00:00,VALIDATED
916,CUST_BAL_20200917.csv,Custodian_Bank,RECEIVED,50,34.66,2020-09-17,2020-09-17 06:00:00,VALIDATED
917,CUST_BAL_20221031.csv,Custodian_Bank,RECEIVED,50,-761.18,2022-10-31,2022-10-31 06:00:00,VALIDATED
918,CUST_BAL_20220413.csv,Custodian_Bank,RECEIVED,50,-773.99,2022-04-13,2022-04-13 06:00:00,VALIDATED
919,CUST_BAL_20200916.csv,Custodian_Bank,RECEIVED,50,34.66,2020-09-16,2020-09-16 06:00:00,VALIDATED
920,CUST_BAL_20231101.csv,Custodian_Bank,RECEIVED,50,-539.92,2023-11-01,2023-11-01 06:00:00,VALIDATED
921,CUST_BAL_20200727.csv,Custodian_Bank,RECEIVED,50,35.24,2020-07-27,2020-07-27 06:00:00,VALIDATED
922,CUST_BAL_20210412.csv,Custodian_Bank,RECEIVED,50,-717.91,2021-04-12,2021-04-12 06:00:00,VALIDATED
923,CUST_BAL_20210911.csv,Custodian_Bank,RECEIVED,50,-732.86,2021-09-11,2021-09-11 06:00:00,VALIDATED
924,CUST_BAL_20201110.csv,Custodian_Bank,RECEIVED,50,-677.27,2020-11-10,2020-11-10 06:00:00,VALIDATED
925,CUST_BAL_20230512.csv,Custodian_Bank,RECEIVED,50,-747.59,2023-05-12,2023-05-12 06:00:00,VALIDATED
926,CUST_BAL_20220125.csv,Custodian_Bank,RECEIVED,50,-794.74,2022-01-25,2022-01-25 06:00:00,VALIDATED
927,CUST_BAL_20211016.csv,Custodian_Bank,RECEIVED,50,-743.62,2021-10-16,2021-10-16 06:00:00,VALIDATED
928,CUST_BAL_20230716.csv,Custodian_Bank,RECEIVED,50,-735.4,2023-07-16,2023-07-16 06:00:00,VALIDATED
929,CUST_BAL_20210615.csv,Custodian_Bank,RECEIVED,50,-784.4,2021-06-15,2021-06-15 06:00:00,VALIDATED
930,CUST_BAL_20231002.csv,Custodian_Bank,RECEIVED,50,-732.92,2023-10-02,2023-10-02 06:00:00,VALIDATED
931,CUST_BAL_20230519.csv,Custodian_Bank,RECEIVED,50,-731.53,2023-05-19,2023-05-19 06:00:00,VALIDATED
932,CUST_BAL_20220106.csv,Custodian_Bank,RECEIVED,50,-690.29,2022-01-06,2022-01-06 06:00:00,VALIDATED
933,CUST_BAL_20200518.csv,Custodian_Bank,RECEIVED,50,157.28,2020-05-18,2020-05-18 06:00:00,VALIDATED
934,CUST_BAL_20230407.csv,Custodian_Bank,RECEIVED,50,-568.9,2023-04-07,2023-04-07 06:00:00,VALIDATED
935,CUST_BAL_20220902.csv,Custodian_Bank,RECEIVED,50,-723.53,2022-09-02,2022-09-02 06:00:00,VALIDATED
936,CUST_BAL_20200504.csv,Custodian_Bank,RECEIVED,50,138.86,2020-05-04,2020-05-04 06:00:00,VALIDATED
937,CUST_BAL_20240625.csv,Custodian_Bank,RECEIVED,50,-689.01,2024-06-25,2024-06-25 06:00:00,VALIDATED
938,CUST_BAL_20231017.csv,Custodian_Bank,RECEIVED,50,-749.94,2023-10-17,2023-10-17 06:00:00,VALIDATED
939,CUST_BAL_20220814.csv,Custodian_Bank,RECEIVED,50,-788.77,2022-08-14,2022-08-14 06:00:00,VALIDATED
940,CUST_BAL_20201101.csv,Custodian_Bank,RECEIVED,50,79.53,2020-11-01,2020-11-01 06:00:00,VALIDATED
941,CUST_BAL_20210909.csv,Custodian_Bank,RECEIVED,50,-732.86,2021-09-09,2021-09-09 06:00:00,VALIDATED
942,CUST_BAL_20240107.csv,Custodian_Bank,RECEIVED,50,-672.45,2024-01-07,2024-01-07 06:00:00,VALIDATED
943,CUST_BAL_20220816.csv,Custodian_Bank,RECEIVED,50,-771.98,2022-08-16,2022-08-16 06:00:00,VALIDATED
944,CUST_BAL_20220421.csv,Custodian_Bank,RECEIVED,50,-529.67,2022-04-21,2022-04-21 06:00:00,VALIDATED
945,CUST_BAL_20220801.csv,Custodian_Bank,RECEIVED,50,-757.4,2022-08-01,2022-08-01 06:00:00,VALIDATED
946,CUST_BAL_20220422.csv,Custodian_Bank,RECEIVED,50,-782.84,2022-04-22,2022-04-22 06:00:00,VALIDATED
947,CUST_BAL_20200625.csv,Custodian_Bank,RECEIVED,50,40.59,2020-06-25,2020-06-25 06:00:00,VALIDATED
948,CUST_BAL_20220523.csv,Custodian_Bank,RECEIVED,50,-786.73,2022-05-23,2022-05-23 06:00:00,VALIDATED
949,CUST_BAL_20201209.csv,Custodian_Bank,RECEIVED,50,-680.33,2020-12-09,2020-12-09 06:00:00,VALIDATED
950,CUST_BAL_20240421.csv,Custodian_Bank,RECEIVED,50,-358.55,2024-04-21,2024-04-21 06:00:00,VALIDATED
951,CUST_BAL_20231210.csv,Custodian_Bank,RECEIVED,50,-733.34,2023-12-10,2023-12-10 06:00:00,VALIDATED
952,CUST_BAL_20240302.csv,Custodian_Bank,RECEIVED,50,-694.25,2024-03-02,2024-03-02 06:00:00,VALIDATED
953,CUST_BAL_20211231.csv,Custodian_Bank,RECEIVED,50,-753.81,2021-12-31,2021-12-31 06:00:00,VALIDATED
954,CUST_BAL_20201220.csv,Custodian_Bank,RECEIVED,50,-709.61,2020-12-20,2020-12-20 06:00:00,VALIDATED
955,CUST_BAL_20230422.csv,Custodian_Bank,RECEIVED,50,-802.34,2023-04-22,2023-04-22 06:00:00,VALIDATED
956,CUST_BAL_20220317.csv,Custodian_Bank,RECEIVED,50,-758.08,2022-03-17,2022-03-17 06:00:00,VALIDATED
957,CUST_BAL_20210308.csv,Custodian_Bank,RECEIVED,50,-717.77,2021-03-08,2021-03-08 06:00:00,VALIDATED
958,CUST_BAL_20230919.csv,Custodian_Bank,RECEIVED,50,-780.97,2023-09-19,2023-09-19 06:00:00,VALIDATED
959,CUST_BAL_20221125.csv,Custodian_Bank,RECEIVED,50,-766.42,2022-11-25,2022-11-25 06:00:00,VALIDATED
960,CUST_BAL_20211112.csv,Custodian_Bank,RECEIVED,50,-798.22,2021-11-12,2021-11-12 06:00:00,VALIDATED
961,CUST_BAL_20201011.csv,Custodian_Bank,RECEIVED,50,13.92,2020-10-11,2020-10-11 06:00:00,VALIDATED
962,CUST_BAL_20201005.csv,Custodian_Bank,RECEIVED,50,44.72,2020-10-05,2020-10-05 06:00:00,VALIDATED
963,CUST_BAL_20231011.csv,Custodian_Bank,RECEIVED,50,-763.06,2023-10-11,2023-10-11 06:00:00,VALIDATED
964,CUST_BAL_20231216.csv,Custodian_Bank,RECEIVED,50,-676.26,2023-12-16,2023-12-16 06:00:00,VALIDATED
965,CUST_BAL_20220305.csv,Custodian_Bank,RECEIVED,50,-736.09,2022-03-05,2022-03-05 06:00:00,VALIDATED
966,CUST_BAL_20210810.csv,Custodian_Bank,RECEIVED,50,-536.81,2021-08-10,2021-08-10 06:00:00,VALIDATED
967,CUST_BAL_20230410.csv,Custodian_Bank,RECEIVED,50,-775.36,2023-04-10,2023-04-10 06:00:00,VALIDATED
968,CUST_BAL_20230401.csv,Custodian_Bank,RECEIVED,50,-723.06,2023-04-01,2023-04-01 06:00:00,VALIDATED
969,CUST_BAL_20240222.csv,Custodian_Bank,RECEIVED,50,-663.51,2024-02-22,2024-02-22 06:00:00,VALIDATED
970,CUST_BAL_20240522.csv,Custodian_Bank,RECEIVED,50,-654.58,2024-05-22,2024-05-22 06:00:00,VALIDATED
971,CUST_BAL_20230330.csv,Custodian_Bank,RECEIVED,50,-749.87,2023-03-30,2023-03-30 06:00:00,VALIDATED
972,CUST_BAL_20240118.csv,Custodian_Bank,RECEIVED,50,-660.34,2024-01-18,2024-01-18 06:00:00,VALIDATED
973,CUST_BAL_20230813.csv,Custodian_Bank,RECEIVED,50,-761.34,2023-08-13,2023-08-13 06:00:00,VALIDATED
974,CUST_BAL_20220716.csv,Custodian_Bank,RECEIVED,50,-762.49,2022-07-16,2022-07-16 06:00:00,VALIDATED
975,CUST_BAL_20210221.csv,Custodian_Bank,RECEIVED,50,-732.21,2021-02-21,2021-02-21 06:00:00,VALIDATED
976,CUST_BAL_20210827.csv,Custodian_Bank,RECEIVED,50,-759.26,2021-08-27,2021-08-27 06:00:00,VALIDATED
977,CUST_BAL_20220206.csv,Custodian_Bank,RECEIVED,50,-666.81,2022-02-06,2022-02-06 06:00:00,VALIDATED
978,CUST_BAL_20210930.csv,Custodian_Bank,RECEIVED,50,-788.74,2021-09-30,2021-09-30 06:00:00,VALIDATED
979,CUST_BAL_20230908.csv,Custodian_Bank,RECEIVED,50,-751.3,2023-09-08,2023-09-08 06:00:00,VALIDATED
980,CUST_BAL_20240129.csv,Custodian_Bank,RECEIVED,50,-665.15,2024-01-29,2024-01-29 06:00:00,VALIDATED
981,CUST_BAL_20220803.csv,Custodian_Bank,RECEIVED,50,-761.79,2022-08-03,2022-08-03 06:00:00,VALIDATED
982,CUST_BAL_20221003.csv,Custodian_Bank,RECEIVED,50,-802.68,2022-10-03,2022-10-03 06:00:00,VALIDATED
983,CUST_BAL_20210804.csv,Custodian_Bank,RECEIVED,50,-627.45,2021-08-04,2021-08-04 06:00:00,VALIDATED
984,CUST_BAL_20220819.csv,Custodian_Bank,RECEIVED,50,-775.72,2022-08-19,2022-08-19 06:00:00,VALIDATED
985,CUST_BAL_20200911.csv,Custodian_Bank,RECEIVED,50,19.2,2020-09-11,2020-09-11 06:00:00,VALIDATED
986,CUST_BAL_20200812.csv,Custodian_Bank,RECEIVED,50,267.58,2020-08-12,2020-08-12 06:00:00,VALIDATED
987,CUST_BAL_20200825.csv,Custodian_Bank,RECEIVED,50,18.8,2020-08-25,2020-08-25 06:00:00,VALIDATED
988,CUST_BAL_20230923.csv,Custodian_Bank,RECEIVED,50,-750.85,2023-09-23,2023-09-23 06:00:00,VALIDATED
989,CUST_BAL_20220529.csv,Custodian_Bank,RECEIVED,50,-782.2,2022-05-29,2022-05-29 06:00:00,VALIDATED
990,CUST_BAL_20230911.csv,Custodian_Bank,RECEIVED,50,-751.3,2023-09-11,2023-09-11 06:00:00,VALIDATED
991,CUST_BAL_20240619.csv,Custodian_Bank,RECEIVED,50,-670.7,2024-06-19,2024-06-19 06:00:00,VALIDATED
992,CUST_BAL_20211109.csv,Custodian_Bank,RECEIVED,50,-788.87,2021-11-09,2021-11-09 06:00:00,VALIDATED
993,CUST_BAL_20210716.csv,Custodian_Bank,RECEIVED,50,-734.46,2021-07-16,2021-07-16 06:00:00,VALIDATED
994,CUST_BAL_20201109.csv,Custodian_Bank,RECEIVED,50,-677.27,2020-11-09,2020-11-09 06:00:00,VALIDATED
995,CUST_BAL_20220227.csv,Custodian_Bank,RECEIVED,50,-780.75,2022-02-27,2022-02-27 06:00:00,VALIDATED
996,CUST_BAL_20230914.csv,Custodian_Bank,RECEIVED,50,-771.62,2023-09-14,2023-09-14 06:00:00,VALIDATED
997,CUST_BAL_20221220.csv,Custodian_Bank,RECEIVED,50,-739.23,2022-12-20,2022-12-20 06:00:00,VALIDATED
998,CUST_BAL_20210620.csv,Custodian_Bank,RECEIVED,50,-796.75,2021-06-20,2021-06-20 06:00:00,VALIDATED
999,CUST_BAL_20201208.csv,Custodian_Bank,RECEIVED,50,-651.14,2020-12-08,2020-12-08 06:00:00,VALIDATED
1000,CUST_BAL_20211103.csv,Custodian_Bank,RECEIVED,50,-800.42,2021-11-03,2021-11-03 06:00:00,VALIDATED
1001,CUST_BAL_20231012.csv,Custodian_Bank,RECEIVED,50,-763.06,2023-10-12,2023-10-12 06:00:00,VALIDATED
1002,CUST_BAL_20230429.csv,Custodian_Bank,RECEIVED,50,-756.17,2023-04-29,2023-04-29 06:00:00,VALIDATED
1003,CUST_BAL_20230916.csv,Custodian_Bank,RECEIVED,50,-747.94,2023-09-16,2023-09-16 06:00:00,VALIDATED
1004,CUST_BAL_20210630.csv,Custodian_Bank,RECEIVED,50,-788.73,2021-06-30,2021-06-30 06:00:00,VALIDATED
1005,CUST_BAL_20220726.csv,Custodian_Bank,RECEIVED,50,-802.91,2022-07-26,2022-07-26 06:00:00,VALIDATED
1006,CUST_BAL_20240405.csv,Custodian_Bank,RECEIVED,50,14557.7,2024-04-05,2024-04-05 06:00:00,VALIDATED
1007,CUST_BAL_20221016.csv,Custodian_Bank,RECEIVED,50,-775.05,2022-10-16,2022-10-16 06:00:00,VALIDATED
1008,CUST_BAL_20211119.csv,Custodian_Bank,RECEIVED,50,-730.96,2021-11-19,2021-11-19 06:00:00,VALIDATED
1009,CUST_BAL_20220921.csv,Custodian_Bank,RECEIVED,50,-551.25,2022-09-21,2022-09-21 06:00:00,VALIDATED
1010,CUST_BAL_20201211.csv,Custodian_Bank,RECEIVED,50,-680.33,2020-12-11,2020-12-11 06:00:00,VALIDATED
1011,CUST_BAL_20220828.csv,Custodian_Bank,RECEIVED,50,-777.57,2022-08-28,2022-08-28 06:00:00,VALIDATED
1012,CUST_BAL_20231115.csv,Custodian_Bank,RECEIVED,50,-752.02,2023-11-15,2023-11-15 06:00:00,VALIDATED
1013,CUST_BAL_20220508.csv,Custodian_Bank,RECEIVED,50,-797.62,2022-05-08,2022-05-08 06:00:00,VALIDATED
1014,CUST_BAL_20240306.csv,Custodian_Bank,RECEIVED,50,-689.03,2024-03-06,2024-03-06 06:00:00,VALIDATED
1015,CUST_BAL_20240109.csv,Custodian_Bank,RECEIVED,50,-533.04,2024-01-09,2024-01-09 06:00:00,VALIDATED
1016,CUST_BAL_20211012.csv,Custodian_Bank,RECEIVED,50,-743.62,2021-10-12,2021-10-12 06:00:00,VALIDATED
1017,CUST_BAL_20220322.csv,Custodian_Bank,RECEIVED,50,-558.08,2022-03-22,2022-03-22 06:00:00,VALIDATED
1018,CUST_BAL_20201106.csv,Custodian_Bank,RECEIVED,50,-677.27,2020-11-06,2020-11-06 06:00:00,VALIDATED
1019,CUST_BAL_20210124.csv,Custodian_Bank,RECEIVED,50,-701.25,2021-01-24,2021-01-24 06:00:00,VALIDATED
1020,CUST_BAL_20240412.csv,Custodian_Bank,RECEIVED,50,-658.25,2024-04-12,2024-04-12 06:00:00,VALIDATED
1021,CUST_BAL_20210625.csv,Custodian_Bank,RECEIVED,50,-776.47,2021-06-25,2021-06-25 06:00:00,VALIDATED
1022,CUST_BAL_20200802.csv,Custodian_Bank,RECEIVED,50,12.51,2020-08-02,2020-08-02 06:00:00,VALIDATED
1023,CUST_BAL_20230604.csv,Custodian_Bank,RECEIVED,50,-759.47,2023-06-04,2023-06-04 06:00:00,VALIDATED
1024,CUST_BAL_20211204.csv,Custodian_Bank,RECEIVED,50,-746.52,2021-12-04,2021-12-04 06:00:00,VALIDATED
1025,CUST_BAL_20230804.csv,Custodian_Bank,RECEIVED,50,-765.54,2023-08-04,2023-08-04 06:00:00,VALIDATED
1026,CUST_BAL_20221210.csv,Custodian_Bank,RECEIVED,50,-739.46,2022-12-10,2022-12-10 06:00:00,VALIDATED
1027,CUST_BAL_20230726.csv,Custodian_Bank,RECEIVED,50,-766.97,2023-07-26,2023-07-26 06:00:00,VALIDATED
1028,CUST_BAL_20211029.csv,Custodian_Bank,RECEIVED,50,-759.85,2021-10-29,2021-10-29 06:00:00,VALIDATED
1029,CUST_BAL_20240205.csv,Custodian_Bank,RECEIVED,50,-677.56,2024-02-05,2024-02-05 06:00:00,VALIDATED
1030,CUST_BAL_20200904.csv,Custodian_Bank,RECEIVED,50,19.2,2020-09-04,2020-09-04 06:00:00,VALIDATED
1031,CUST_BAL_20230121.csv,Custodian_Bank,RECEIVED,50,-783.72,2023-01-21,2023-01-21 06:00:00,VALIDATED
1032,CUST_BAL_20210313.csv,Custodian_Bank,RECEIVED,50,-734.85,2021-03-13,2021-03-13 06:00:00,VALIDATED
1033,CUST_BAL_20220522.csv,Custodian_Bank,RECEIVED,50,-803.98,2022-05-22,2022-05-22 06:00:00,VALIDATED
1034,CUST_BAL_20240611.csv,Custodian_Bank,RECEIVED,50,-669.44,2024-06-11,2024-06-11 06:00:00,VALIDATED
1035,CUST_BAL_20221121.csv,Custodian_Bank,RECEIVED,50,-766.42,2022-11-21,2022-11-21 06:00:00,VALIDATED
1036,CUST_BAL_20220821.csv,Custodian_Bank,RECEIVED,50,-775.72,2022-08-21,2022-08-21 06:00:00,VALIDATED
1037,CUST_BAL_20211106.csv,Custodian_Bank,RECEIVED,50,-788.87,2021-11-06,2021-11-06 06:00:00,VALIDATED
1038,CUST_BAL_20221111.csv,Custodian_Bank,RECEIVED,50,-735.89,2022-11-11,2022-11-11 06:00:00,VALIDATED
1039,CUST_BAL_20220621.csv,Custodian_Bank,RECEIVED,50,-793.83,2022-06-21,2022-06-21 06:00:00,VALIDATED
1040,CUST_BAL_20240508.csv,Custodian_Bank,RECEIVED,50,-646.06,2024-05-08,2024-05-08 06:00:00,VALIDATED
1041,CUST_BAL_20240509.csv,Custodian_Bank,RECEIVED,50,-637.53,2024-05-09,2024-05-09 06:00:00,VALIDATED
1042,CUST_BAL_20220727.csv,Custodian_Bank,RECEIVED,50,-804.16,2022-07-27,2022-07-27 06:00:00,VALIDATED
1043,CUST_BAL_20240501.csv,Custodian_Bank,RECEIVED,50,-594.49,2024-05-01,2024-05-01 06:00:00,VALIDATED
1044,CUST_BAL_20231108.csv,Custodian_Bank,RECEIVED,50,-547.6,2023-11-08,2023-11-08 06:00:00,VALIDATED
1045,CUST_BAL_20231114.csv,Custodian_Bank,RECEIVED,50,-654.12,2023-11-14,2023-11-14 06:00:00,VALIDATED
1046,CUST_BAL_20230318.csv,Custodian_Bank,RECEIVED,50,-781.94,2023-03-18,2023-03-18 06:00:00,VALIDATED
1047,CUST_BAL_20221112.csv,Custodian_Bank,RECEIVED,50,-735.89,2022-11-12,2022-11-12 06:00:00,VALIDATED
1048,CUST_BAL_20200803.csv,Custodian_Bank,RECEIVED,50,12.51,2020-08-03,2020-08-03 06:00:00,VALIDATED
1049,CUST_BAL_20240324.csv,Custodian_Bank,RECEIVED,50,-660.21,2024-03-24,2024-03-24 06:00:00,VALIDATED
1050,CUST_BAL_20230621.csv,Custodian_Bank,RECEIVED,50,-719.54,2023-06-21,2023-06-21 06:00:00,VALIDATED
1051,CUST_BAL_20240307.csv,Custodian_Bank,RECEIVED,50,-102.32,2024-03-07,2024-03-07 06:00:00,VALIDATED
1052,CUST_BAL_20210508.csv,Custodian_Bank,RECEIVED,50,-744.74,2021-05-08,2021-05-08 06:00:00,VALIDATED
1053,CUST_BAL_20220302.csv,Custodian_Bank,RECEIVED,50,-736.09,2022-03-02,2022-03-02 06:00:00,VALIDATED
1054,CUST_BAL_20210305.csv,Custodian_Bank,RECEIVED,50,-730.81,2021-03-05,2021-03-05 06:00:00,VALIDATED
1055,CUST_BAL_20220903.csv,Custodian_Bank,RECEIVED,50,-723.53,2022-09-03,2022-09-03 06:00:00,VALIDATED
1056,CUST_BAL_20231122.csv,Custodian_Bank,RECEIVED,50,-726.56,2023-11-22,2023-11-22 06:00:00,VALIDATED
1057,CUST_BAL_20200720.csv,Custodian_Bank,RECEIVED,50,35.24,2020-07-20,2020-07-20 06:00:00,VALIDATED
1058,CUST_BAL_20200713.csv,Custodian_Bank,RECEIVED,50,35.24,2020-07-13,2020-07-13 06:00:00,VALIDATED
1059,CUST_BAL_20201105.csv,Custodian_Bank,RECEIVED,50,155.36,2020-11-05,2020-11-05 06:00:00,VALIDATED
1060,CUST_BAL_20230719.csv,Custodian_Bank,RECEIVED,50,-755.22,2023-07-19,2023-07-19 06:00:00,VALIDATED
1061,CUST_BAL_20230629.csv,Custodian_Bank,RECEIVED,50,-729.64,2023-06-29,2023-06-29 06:00:00,VALIDATED
1062,CUST_BAL_20230317.csv,Custodian_Bank,RECEIVED,50,-781.94,2023-03-17,2023-03-17 06:00:00,VALIDATED
1063,CUST_BAL_20221225.csv,Custodian_Bank,RECEIVED,50,-765.74,2022-12-25,2022-12-25 06:00:00,VALIDATED
1064,CUST_BAL_20210709.csv,Custodian_Bank,RECEIVED,50,-775.25,2021-07-09,2021-07-09 06:00:00,VALIDATED
1065,CUST_BAL_20240506.csv,Custodian_Bank,RECEIVED,50,-572.75,2024-05-06,2024-05-06 06:00:00,VALIDATED
1066,CUST_BAL_20240308.csv,Custodian_Bank,RECEIVED,50,-721.93,2024-03-08,2024-03-08 06:00:00,VALIDATED
1067,CUST_BAL_20230522.csv,Custodian_Bank,RECEIVED,50,-705.7,2023-05-22,2023-05-22 06:00:00,VALIDATED
1068,CUST_BAL_20200918.csv,Custodian_Bank,RECEIVED,50,34.66,2020-09-18,2020-09-18 06:00:00,VALIDATED
1069,CUST_BAL_20210926.csv,Custodian_Bank,RECEIVED,50,-370.14,2021-09-26,2021-09-26 06:00:00,VALIDATED
1070,CUST_BAL_20230214.csv,Custodian_Bank,RECEIVED,50,-764.32,2023-02-14,2023-02-14 06:00:00,VALIDATED
1071,CUST_BAL_20230114.csv,Custodian_Bank,RECEIVED,50,-798.17,2023-01-14,2023-01-14 06:00:00,VALIDATED
1072,CUST_BAL_20201016.csv,Custodian_Bank,RECEIVED,50,92.95,2020-10-16,2020-10-16 06:00:00,VALIDATED
1073,CUST_BAL_20231220.csv,Custodian_Bank,RECEIVED,50,-676.26,2023-12-20,2023-12-20 06:00:00,VALIDATED
1074,CUST_BAL_20240103.csv,Custodian_Bank,RECEIVED,50,-676.25,2024-01-03,2024-01-03 06:00:00,VALIDATED
1075,CUST_BAL_20221205.csv,Custodian_Bank,RECEIVED,50,-696.37,2022-12-05,2022-12-05 06:00:00,VALIDATED
1076,CUST_BAL_20201111.csv,Custodian_Bank,RECEIVED,50,-677.27,2020-11-11,2020-11-11 06:00:00,VALIDATED
1077,CUST_BAL_20230515.csv,Custodian_Bank,RECEIVED,50,-748.67,2023-05-15,2023-05-15 06:00:00,VALIDATED
1078,CUST_BAL_20201021.csv,Custodian_Bank,RECEIVED,50,92.95,2020-10-21,2020-10-21 06:00:00,VALIDATED
1079,CUST_BAL_20240315.csv,Custodian_Bank,RECEIVED,50,-662.63,2024-03-15,2024-03-15 06:00:00,VALIDATED
1080,CUST_BAL_20220901.csv,Custodian_Bank,RECEIVED,50,-746.52,2022-09-01,2022-09-01 06:00:00,VALIDATED
1081,CUST_BAL_20230124.csv,Custodian_Bank,RECEIVED,50,-783.72,2023-01-24,2023-01-24 06:00:00,VALIDATED
1082,CUST_BAL_20201116.csv,Custodian_Bank,RECEIVED,50,-654.23,2020-11-16,2020-11-16 06:00:00,VALIDATED
1083,CUST_BAL_20240525.csv,Custodian_Bank,RECEIVED,50,-654.58,2024-05-25,2024-05-25 06:00:00,VALIDATED
1084,CUST_BAL_20220205.csv,Custodian_Bank,RECEIVED,50,-666.81,2022-02-05,2022-02-05 06:00:00,VALIDATED
1085,CUST_BAL_20210711.csv,Custodian_Bank,RECEIVED,50,-775.25,2021-07-11,2021-07-11 06:00:00,VALIDATED
1086,CUST_BAL_20220926.csv,Custodian_Bank,RECEIVED,50,-726.64,2022-09-26,2022-09-26 06:00:00,VALIDATED
1087,CUST_BAL_20220509.csv,Custodian_Bank,RECEIVED,50,-797.62,2022-05-09,2022-05-09 06:00:00,VALIDATED
1088,CUST_BAL_20210619.csv,Custodian_Bank,RECEIVED,50,-796.75,2021-06-19,2021-06-19 06:00:00,VALIDATED
1089,CUST_BAL_20230701.csv,Custodian_Bank,RECEIVED,50,-750.13,2023-07-01,2023-07-01 06:00:00,VALIDATED
1090,CUST_BAL_20211122.csv,Custodian_Bank,RECEIVED,50,-697.0,2021-11-22,2021-11-22 06:00:00,VALIDATED
1091,CUST_BAL_20220810.csv,Custodian_Bank,RECEIVED,50,-794.71,2022-08-10,2022-08-10 06:00:00,VALIDATED
1092,CUST_BAL_20230525.csv,Custodian_Bank,RECEIVED,50,-760.11,2023-05-25,2023-05-25 06:00:00,VALIDATED
1093,CUST_BAL_20210214.csv,Custodian_Bank,RECEIVED,50,-694.59,2021-02-14,2021-02-14 06:00:00,VALIDATED
1094,CUST_BAL_20230102.csv,Custodian_Bank,RECEIVED,50,-568.77,2023-01-02,2023-01-02 06:00:00,VALIDATED
1095,CUST_BAL_20220720.csv,Custodian_Bank,RECEIVED,50,-560.91,2022-07-20,2022-07-20 06:00:00,VALIDATED
1096,CUST_BAL_20220505.csv,Custodian_Bank,RECEIVED,50,-797.62,2022-05-05,2022-05-05 06:00:00,VALIDATED
1097,CUST_BAL_20240520.csv,Custodian_Bank,RECEIVED,50,-683.07,2024-05-20,2024-05-20 06:00:00,VALIDATED
1098,CUST_BAL_20210708.csv,Custodian_Bank,RECEIVED,50,-775.25,2021-07-08,2021-07-08 06:00:00,VALIDATED
1099,CUST_BAL_20220617.csv,Custodian_Bank,RECEIVED,50,-780.51,2022-06-17,2022-06-17 06:00:00,VALIDATED
1100,CUST_BAL_20201123.csv,Custodian_Bank,RECEIVED,50,-651.45,2020-11-23,2020-11-23 06:00:00,VALIDATED
1101,CUST_BAL_20220704.csv,Custodian_Bank,RECEIVED,50,-570.8,2022-07-04,2022-07-04 06:00:00,VALIDATED
1102,CUST_BAL_20210414.csv,Custodian_Bank,RECEIVED,50,-703.83,2021-04-14,2021-04-14 06:00:00,VALIDATED
1103,CUST_BAL_20230615.csv,Custodian_Bank,RECEIVED,50,-427.5,2023-06-15,2023-06-15 06:00:00,VALIDATED
1104,CUST_BAL_20210109.csv,Custodian_Bank,RECEIVED,50,-665.94,2021-01-09,2021-01-09 06:00:00,VALIDATED
1105,CUST_BAL_20210527.csv,Custodian_Bank,RECEIVED,50,-716.71,2021-05-27,2021-05-27 06:00:00,VALIDATED
1106,CUST_BAL_20211007.csv,Custodian_Bank,RECEIVED,50,-772.01,2021-10-07,2021-10-07 06:00:00,VALIDATED
1107,CUST_BAL_20210607.csv,Custodian_Bank,RECEIVED,50,-705.94,2021-06-07,2021-06-07 06:00:00,VALIDATED
1108,CUST_BAL_20210816.csv,Custodian_Bank,RECEIVED,50,-770.86,2021-08-16,2021-08-16 06:00:00,VALIDATED
1109,CUST_BAL_20230819.csv,Custodian_Bank,RECEIVED,50,-618.76,2023-08-19,2023-08-19 06:00:00,VALIDATED
1110,CUST_BAL_20211212.csv,Custodian_Bank,RECEIVED,50,-725.49,2021-12-12,2021-12-12 06:00:00,VALIDATED
1111,CUST_BAL_20231112.csv,Custodian_Bank,RECEIVED,50,-708.23,2023-11-12,2023-11-12 06:00:00,VALIDATED
1112,CUST_BAL_20240604.csv,Custodian_Bank,RECEIVED,50,-470.06,2024-06-04,2024-06-04 06:00:00,VALIDATED
1113,CUST_BAL_20240216.csv,Custodian_Bank,RECEIVED,50,-693.37,2024-02-16,2024-02-16 06:00:00,VALIDATED
1114,CUST_BAL_20220401.csv,Custodian_Bank,RECEIVED,50,381.34,2022-04-01,2022-04-01 06:00:00,VALIDATED
1115,CUST_BAL_20230212.csv,Custodian_Bank,RECEIVED,50,-773.7,2023-02-12,2023-02-12 06:00:00,VALIDATED
1116,CUST_BAL_20220818.csv,Custodian_Bank,RECEIVED,50,-752.64,2022-08-18,2022-08-18 06:00:00,VALIDATED
1117,CUST_BAL_20220219.csv,Custodian_Bank,RECEIVED,50,-547.88,2022-02-19,2022-02-19 06:00:00,VALIDATED
1118,CUST_BAL_20240510.csv,Custodian_Bank,RECEIVED,50,-624.93,2024-05-10,2024-05-10 06:00:00,VALIDATED
1119,CUST_BAL_20220804.csv,Custodian_Bank,RECEIVED,50,-778.74,2022-08-04,2022-08-04 06:00:00,VALIDATED
1120,CUST_BAL_20230702.csv,Custodian_Bank,RECEIVED,50,-750.13,2023-07-02,2023-07-02 06:00:00,VALIDATED
1121,CUST_BAL_20220525.csv,Custodian_Bank,RECEIVED,50,-782.2,2022-05-25,2022-05-25 06:00:00,VALIDATED
1122,CUST_BAL_20201219.csv,Custodian_Bank,RECEIVED,50,-709.61,2020-12-19,2020-12-19 06:00:00,VALIDATED
1123,CUST_BAL_20210318.csv,Custodian_Bank,RECEIVED,50,-686.73,2021-03-18,2021-03-18 06:00:00,VALIDATED
1124,CUST_BAL_20221021.csv,Custodian_Bank,RECEIVED,50,-774.12,2022-10-21,2022-10-21 06:00:00,VALIDATED
1125,CUST_BAL_20221103.csv,Custodian_Bank,RECEIVED,50,-758.9,2022-11-03,2022-11-03 06:00:00,VALIDATED
1126,CUST_BAL_20200716.csv,Custodian_Bank,RECEIVED,50,35.24,2020-07-16,2020-07-16 06:00:00,VALIDATED
1127,CUST_BAL_20231027.csv,Custodian_Bank,RECEIVED,50,-687.59,2023-10-27,2023-10-27 06:00:00,VALIDATED
1128,CUST_BAL_20220618.csv,Custodian_Bank,RECEIVED,50,-780.51,2022-06-18,2022-06-18 06:00:00,VALIDATED
1129,CUST_BAL_20240329.csv,Custodian_Bank,RECEIVED,50,-421.7,2024-03-29,2024-03-29 06:00:00,VALIDATED
1130,CUST_BAL_20231127.csv,Custodian_Bank,RECEIVED,50,-763.14,2023-11-27,2023-11-27 06:00:00,VALIDATED
1131,CUST_BAL_20240416.csv,Custodian_Bank,RECEIVED,50,-543.56,2024-04-16,2024-04-16 06:00:00,VALIDATED
1132,CUST_BAL_20210208.csv,Custodian_Bank,RECEIVED,50,-675.41,2021-02-08,2021-02-08 06:00:00,VALIDATED
1133,CUST_BAL_20230311.csv,Custodian_Bank,RECEIVED,50,-740.7,2023-03-11,2023-03-11 06:00:00,VALIDATED
1134,CUST_BAL_20220616.csv,Custodian_Bank,RECEIVED,50,-760.97,2022-06-16,2022-06-16 06:00:00,VALIDATED
1135,CUST_BAL_20231110.csv,Custodian_Bank,RECEIVED,50,-708.25,2023-11-10,2023-11-10 06:00:00,VALIDATED
1136,CUST_BAL_20230215.csv,Custodian_Bank,RECEIVED,50,-751.25,2023-02-15,2023-02-15 06:00:00,VALIDATED
1137,CUST_BAL_20231105.csv,Custodian_Bank,RECEIVED,50,-653.49,2023-11-05,2023-11-05 06:00:00,VALIDATED
1138,CUST_BAL_20220609.csv,Custodian_Bank,RECEIVED,50,-769.82,2022-06-09,2022-06-09 06:00:00,VALIDATED
1139,CUST_BAL_20210912.csv,Custodian_Bank,RECEIVED,50,-732.86,2021-09-12,2021-09-12 06:00:00,VALIDATED
1140,CUST_BAL_20240620.csv,Custodian_Bank,RECEIVED,50,-670.7,2024-06-20,2024-06-20 06:00:00,VALIDATED
1141,CUST_BAL_20240526.csv,Custodian_Bank,RECEIVED,50,-654.58,2024-05-26,2024-05-26 06:00:00,VALIDATED
1142,CUST_BAL_20201218.csv,Custodian_Bank,RECEIVED,50,-709.61,2020-12-18,2020-12-18 06:00:00,VALIDATED
1143,CUST_BAL_20200629.csv,Custodian_Bank,RECEIVED,50,40.59,2020-06-29,2020-06-29 06:00:00,VALIDATED
1144,CUST_BAL_20210808.csv,Custodian_Bank,RECEIVED,50,-536.81,2021-08-08,2021-08-08 06:00:00,VALIDATED
1145,CUST_BAL_20221006.csv,Custodian_Bank,RECEIVED,50,-762.28,2022-10-06,2022-10-06 06:00:00,VALIDATED
1146,CUST_BAL_20200612.csv,Custodian_Bank,RECEIVED,50,40.59,2020-06-12,2020-06-12 06:00:00,VALIDATED
1147,CUST_BAL_20240112.csv,Custodian_Bank,RECEIVED,50,-714.98,2024-01-12,2024-01-12 06:00:00,VALIDATED
1148,CUST_BAL_20230616.csv,Custodian_Bank,RECEIVED,50,-341.2,2023-06-16,2023-06-16 06:00:00,VALIDATED
1149,CUST_BAL_20201215.csv,Custodian_Bank,RECEIVED,50,-734.97,2020-12-15,2020-12-15 06:00:00,VALIDATED
1150,CUST_BAL_20200525.csv,Custodian_Bank,RECEIVED,50,157.28,2020-05-25,2020-05-25 06:00:00,VALIDATED
1151,CUST_BAL_20220518.csv,Custodian_Bank,RECEIVED,50,-772.27,2022-05-18,2022-05-18 06:00:00,VALIDATED
1152,CUST_BAL_20240202.csv,Custodian_Bank,RECEIVED,50,-677.58,2024-02-02,2024-02-02 06:00:00,VALIDATED
1153,CUST_BAL_20200515.csv,Custodian_Bank,RECEIVED,50,206.79,2020-05-15,2020-05-15 06:00:00,VALIDATED
1154,CUST_BAL_20220527.csv,Custodian_Bank,RECEIVED,50,-782.2,2022-05-27,2022-05-27 06:00:00,VALIDATED
1155,CUST_BAL_20210409.csv,Custodian_Bank,RECEIVED,50,-723.09,2021-04-09,2021-04-09 06:00:00,VALIDATED
1156,CUST_BAL_20210512.csv,Custodian_Bank,RECEIVED,50,-744.74,2021-05-12,2021-05-12 06:00:00,VALIDATED
1157,CUST_BAL_20210522.csv,Custodian_Bank,RECEIVED,50,-721.24,2021-05-22,2021-05-22 06:00:00,VALIDATED
1158,CUST_BAL_20210511.csv,Custodian_Bank,RECEIVED,50,-744.74,2021-05-11,2021-05-11 06:00:00,VALIDATED
1159,CUST_BAL_20240524.csv,Custodian_Bank,RECEIVED,50,-654.58,2024-05-24,2024-05-24 06:00:00,VALIDATED
1160,CUST_BAL_20201231.csv,Custodian_Bank,RECEIVED,50,-731.24,2020-12-31,2020-12-31 06:00:00,VALIDATED
1161,CUST_BAL_20230610.csv,Custodian_Bank,RECEIVED,50,-736.64,2023-06-10,2023-06-10 06:00:00,VALIDATED
1162,CUST_BAL_20230521.csv,Custodian_Bank,RECEIVED,50,-731.53,2023-05-21,2023-05-21 06:00:00,VALIDATED
1163,CUST_BAL_20220528.csv,Custodian_Bank,RECEIVED,50,-782.2,2022-05-28,2022-05-28 06:00:00,VALIDATED
1164,CUST_BAL_20210616.csv,Custodian_Bank,RECEIVED,50,-749.05,2021-06-16,2021-06-16 06:00:00,VALIDATED
1165,CUST_BAL_20211121.csv,Custodian_Bank,RECEIVED,50,-730.96,2021-11-21,2021-11-21 06:00:00,VALIDATED
1166,CUST_BAL_20240503.csv,Custodian_Bank,RECEIVED,50,-572.75,2024-05-03,2024-05-03 06:00:00,VALIDATED
1167,CUST_BAL_20230607.csv,Custodian_Bank,RECEIVED,50,-736.65,2023-06-07,2023-06-07 06:00:00,VALIDATED
1168,CUST_BAL_20220817.csv,Custodian_Bank,RECEIVED,50,-752.64,2022-08-17,2022-08-17 06:00:00,VALIDATED
1169,CUST_BAL_20240517.csv,Custodian_Bank,RECEIVED,50,-706.91,2024-05-17,2024-05-17 06:00:00,VALIDATED
1170,CUST_BAL_20240621.csv,Custodian_Bank,RECEIVED,50,-670.7,2024-06-21,2024-06-21 06:00:00,VALIDATED
1171,CUST_BAL_20210410.csv,Custodian_Bank,RECEIVED,50,-723.09,2021-04-10,2021-04-10 06:00:00,VALIDATED
1172,CUST_BAL_20240203.csv,Custodian_Bank,RECEIVED,50,-677.58,2024-02-03,2024-02-03 06:00:00,VALIDATED
1173,CUST_BAL_20210722.csv,Custodian_Bank,RECEIVED,50,-797.87,2021-07-22,2021-07-22 06:00:00,VALIDATED
1174,CUST_BAL_20231211.csv,Custodian_Bank,RECEIVED,50,-708.74,2023-12-11,2023-12-11 06:00:00,VALIDATED
1175,CUST_BAL_20211203.csv,Custodian_Bank,RECEIVED,50,-746.52,2021-12-03,2021-12-03 06:00:00,VALIDATED
1176,CUST_BAL_20230325.csv,Custodian_Bank,RECEIVED,50,-742.4,2023-03-25,2023-03-25 06:00:00,VALIDATED
1177,CUST_BAL_20240630.csv,Custodian_Bank,RECEIVED,50,-654.59,2024-06-30,2024-06-30 06:00:00,VALIDATED
1178,CUST_BAL_20231209.csv,Custodian_Bank,RECEIVED,50,-733.35,2023-12-09,2023-12-09 06:00:00,VALIDATED
1179,CUST_BAL_20200604.csv,Custodian_Bank,RECEIVED,50,544.62,2020-06-04,2020-06-04 06:00:00,VALIDATED
1180,CUST_BAL_20220626.csv,Custodian_Bank,RECEIVED,50,-777.24,2022-06-26,2022-06-26 06:00:00,VALIDATED
1181,CUST_BAL_20221202.csv,Custodian_Bank,RECEIVED,50,-744.34,2022-12-02,2022-12-02 06:00:00,VALIDATED
1182,CUST_BAL_20220222.csv,Custodian_Bank,RECEIVED,50,-492.41,2022-02-22,2022-02-22 06:00:00,VALIDATED
1183,CUST_BAL_20200902.csv,Custodian_Bank,RECEIVED,50,19.2,2020-09-02,2020-09-02 06:00:00,VALIDATED
1184,CUST_BAL_20220423.csv,Custodian_Bank,RECEIVED,50,-782.84,2022-04-23,2022-04-23 06:00:00,VALIDATED
1185,CUST_BAL_20200603.csv,Custodian_Bank,RECEIVED,50,24.62,2020-06-03,2020-06-03 06:00:00,VALIDATED
1186,CUST_BAL_20210727.csv,Custodian_Bank,RECEIVED,50,-781.38,2021-07-27,2021-07-27 06:00:00,VALIDATED
1187,CUST_BAL_20210426.csv,Custodian_Bank,RECEIVED,50,-722.17,2021-04-26,2021-04-26 06:00:00,VALIDATED
1188,CUST_BAL_20221113.csv,Custodian_Bank,RECEIVED,50,-735.89,2022-11-13,2022-11-13 06:00:00,VALIDATED
1189,CUST_BAL_20230428.csv,Custodian_Bank,RECEIVED,50,-756.17,2023-04-28,2023-04-28 06:00:00,VALIDATED
1190,CUST_BAL_20211227.csv,Custodian_Bank,RECEIVED,50,-790.79,2021-12-27,2021-12-27 06:00:00,VALIDATED
1191,CUST_BAL_20231219.csv,Custodian_Bank,RECEIVED,50,-676.26,2023-12-19,2023-12-19 06:00:00,VALIDATED
1192,CUST_BAL_20231231.csv,Custodian_Bank,RECEIVED,50,-676.26,2023-12-31,2023-12-31 06:00:00,VALIDATED
1193,CUST_BAL_20230108.csv,Custodian_Bank,RECEIVED,50,-535.76,2023-01-08,2023-01-08 06:00:00,VALIDATED
1194,CUST_BAL_20200816.csv,Custodian_Bank,RECEIVED,50,103.47,2020-08-16,2020-08-16 06:00:00,VALIDATED
1195,CUST_BAL_20200617.csv,Custodian_Bank,RECEIVED,50,40.59,2020-06-17,2020-06-17 06:00:00,VALIDATED
1196,CUST_BAL_20220713.csv,Custodian_Bank,RECEIVED,50,-762.49,2022-07-13,2022-07-13 06:00:00,VALIDATED
1197,CUST_BAL_20210309.csv,Custodian_Bank,RECEIVED,50,-717.07,2021-03-09,2021-03-09 06:00:00,VALIDATED
1198,CUST_BAL_20230113.csv,Custodian_Bank,RECEIVED,50,-798.17,2023-01-13,2023-01-13 06:00:00,VALIDATED
1199,CUST_BAL_20200826.csv,Custodian_Bank,RECEIVED,50,18.8,2020-08-26,2020-08-26 06:00:00,VALIDATED
1200,CUST_BAL_20221124.csv,Custodian_Bank,RECEIVED,50,-766.42,2022-11-24,2022-11-24 06:00:00,VALIDATED
1201,CUST_BAL_20230506.csv,Custodian_Bank,RECEIVED,50,-747.59,2023-05-06,2023-05-06 06:00:00,VALIDATED
1202,CUST_BAL_20220319.csv,Custodian_Bank,RECEIVED,50,-758.08,2022-03-19,2022-03-19 06:00:00,VALIDATED
1203,CUST_BAL_20240606.csv,Custodian_Bank,RECEIVED,50,-510.69,2024-06-06,2024-06-06 06:00:00,VALIDATED
1204,CUST_BAL_20230327.csv,Custodian_Bank,RECEIVED,50,-732.68,2023-03-27,2023-03-27 06:00:00,VALIDATED
1205,CUST_BAL_20240120.csv,Custodian_Bank,RECEIVED,50,-609.68,2024-01-20,2024-01-20 06:00:00,VALIDATED
1206,CUST_BAL_20240516.csv,Custodian_Bank,RECEIVED,50,-706.91,2024-05-16,2024-05-16 06:00:00,VALIDATED
1207,CUST_BAL_20230306.csv,Custodian_Bank,RECEIVED,50,-777.01,2023-03-06,2023-03-06 06:00:00,VALIDATED
1208,CUST_BAL_20210524.csv,Custodian_Bank,RECEIVED,50,-736.97,2021-05-24,2021-05-24 06:00:00,VALIDATED
1209,CUST_BAL_20231014.csv,Custodian_Bank,RECEIVED,50,-449.88,2023-10-14,2023-10-14 06:00:00,VALIDATED
1210,CUST_BAL_20200714.csv,Custodian_Bank,RECEIVED,50,35.24,2020-07-14,2020-07-14 06:00:00,VALIDATED
1211,CUST_BAL_20210226.csv,Custodian_Bank,RECEIVED,50,-737.26,2021-02-26,2021-02-26 06:00:00,VALIDATED
1212,CUST_BAL_20210325.csv,Custodian_Bank,RECEIVED,50,-682.39,2021-03-25,2021-03-25 06:00:00,VALIDATED
1213,CUST_BAL_20220805.csv,Custodian_Bank,RECEIVED,50,-794.71,2022-08-05,2022-08-05 06:00:00,VALIDATED
1214,CUST_BAL_20240130.csv,Custodian_Bank,RECEIVED,50,-627.26,2024-01-30,2024-01-30 06:00:00,VALIDATED
1215,CUST_BAL_20221229.csv,Custodian_Bank,RECEIVED,50,-788.09,2022-12-29,2022-12-29 06:00:00,VALIDATED
1216,CUST_BAL_20210120.csv,Custodian_Bank,RECEIVED,50,-630.18,2021-01-20,2021-01-20 06:00:00,VALIDATED
1217,CUST_BAL_20240523.csv,Custodian_Bank,RECEIVED,50,-654.58,2024-05-23,2024-05-23 06:00:00,VALIDATED
1218,CUST_BAL_20220811.csv,Custodian_Bank,RECEIVED,50,-794.71,2022-08-11,2022-08-11 06:00:00,VALIDATED
1219,CUST_BAL_20230419.csv,Custodian_Bank,RECEIVED,50,-802.34,2023-04-19,2023-04-19 06:00:00,VALIDATED
1220,CUST_BAL_20230224.csv,Custodian_Bank,RECEIVED,50,-791.85,2023-02-24,2023-02-24 06:00:00,VALIDATED
1221,CUST_BAL_20200704.csv,Custodian_Bank,RECEIVED,50,308.7,2020-07-04,2020-07-04 06:00:00,VALIDATED
1222,CUST_BAL_20230602.csv,Custodian_Bank,RECEIVED,50,-759.47,2023-06-02,2023-06-02 06:00:00,VALIDATED
1223,CUST_BAL_20220107.csv,Custodian_Bank,RECEIVED,50,-690.29,2022-01-07,2022-01-07 06:00:00,VALIDATED
1224,CUST_BAL_20200508.csv,Custodian_Bank,RECEIVED,50,138.86,2020-05-08,2020-05-08 06:00:00,VALIDATED
1225,CUST_BAL_20240215.csv,Custodian_Bank,RECEIVED,50,-704.4,2024-02-15,2024-02-15 06:00:00,VALIDATED
1226,CUST_BAL_20200619.csv,Custodian_Bank,RECEIVED,50,40.59,2020-06-19,2020-06-19 06:00:00,VALIDATED
1227,CUST_BAL_20200530.csv,Custodian_Bank,RECEIVED,50,191.02,2020-05-30,2020-05-30 06:00:00,VALIDATED
1228,CUST_BAL_20231201.csv,Custodian_Bank,RECEIVED,50,-766.38,2023-12-01,2023-12-01 06:00:00,VALIDATED
1229,CUST_BAL_20210104.csv,Custodian_Bank,RECEIVED,50,-680.44,2021-01-04,2021-01-04 06:00:00,VALIDATED
1230,CUST_BAL_20211126.csv,Custodian_Bank,RECEIVED,50,-384.92,2021-11-26,2021-11-26 06:00:00,VALIDATED
1231,CUST_BAL_20200831.csv,Custodian_Bank,RECEIVED,50,19.2,2020-08-31,2020-08-31 06:00:00,VALIDATED
1232,CUST_BAL_20210812.csv,Custodian_Bank,RECEIVED,50,-536.81,2021-08-12,2021-08-12 06:00:00,VALIDATED
1233,CUST_BAL_20200719.csv,Custodian_Bank,RECEIVED,50,35.24,2020-07-19,2020-07-19 06:00:00,VALIDATED
1234,CUST_BAL_20220607.csv,Custodian_Bank,RECEIVED,50,-781.29,2022-06-07,2022-06-07 06:00:00,VALIDATED
1235,CUST_BAL_20210824.csv,Custodian_Bank,RECEIVED,50,-750.49,2021-08-24,2021-08-24 06:00:00,VALIDATED
1236,CUST_BAL_20240404.csv,Custodian_Bank,RECEIVED,50,14557.7,2024-04-04,2024-04-04 06:00:00,VALIDATED
1237,CUST_BAL_20240420.csv,Custodian_Bank,RECEIVED,50,-358.55,2024-04-20,2024-04-20 06:00:00,VALIDATED
1238,CUST_BAL_20220628.csv,Custodian_Bank,RECEIVED,50,-777.24,2022-06-28,2022-06-28 06:00:00,VALIDATED
1239,CUST_BAL_20210316.csv,Custodian_Bank,RECEIVED,50,-729.26,2021-03-16,2021-03-16 06:00:00,VALIDATED
1240,CUST_BAL_20230915.csv,Custodian_Bank,RECEIVED,50,-747.94,2023-09-15,2023-09-15 06:00:00,VALIDATED
1241,CUST_BAL_20231116.csv,Custodian_Bank,RECEIVED,50,3089.04,2023-11-16,2023-11-16 06:00:00,VALIDATED
1242,CUST_BAL_20201122.csv,Custodian_Bank,RECEIVED,50,-651.45,2020-11-22,2020-11-22 06:00:00,VALIDATED
1243,CUST_BAL_20210216.csv,Custodian_Bank,RECEIVED,50,-729.81,2021-02-16,2021-02-16 06:00:00,VALIDATED
1244,CUST_BAL_20201025.csv,Custodian_Bank,RECEIVED,50,134.77,2020-10-25,2020-10-25 06:00:00,VALIDATED
1245,CUST_BAL_20230831.csv,Custodian_Bank,RECEIVED,50,-703.58,2023-08-31,2023-08-31 06:00:00,VALIDATED
1246,CUST_BAL_20240106.csv,Custodian_Bank,RECEIVED,50,-672.45,2024-01-06,2024-01-06 06:00:00,VALIDATED
1247,CUST_BAL_20220426.csv,Custodian_Bank,RECEIVED,50,-787.6,2022-04-26,2022-04-26 06:00:00,VALIDATED
1248,CUST_BAL_20210425.csv,Custodian_Bank,RECEIVED,50,-710.42,2021-04-25,2021-04-25 06:00:00,VALIDATED
1249,CUST_BAL_20230624.csv,Custodian_Bank,RECEIVED,50,-699.75,2023-06-24,2023-06-24 06:00:00,VALIDATED
1250,CUST_BAL_20211102.csv,Custodian_Bank,RECEIVED,50,-800.42,2021-11-02,2021-11-02 06:00:00,VALIDATED
1251,CUST_BAL_20230123.csv,Custodian_Bank,RECEIVED,50,-783.72,2023-01-23,2023-01-23 06:00:00,VALIDATED
1252,CUST_BAL_20220929.csv,Custodian_Bank,RECEIVED,50,-795.86,2022-09-29,2022-09-29 06:00:00,VALIDATED
1253,CUST_BAL_20230728.csv,Custodian_Bank,RECEIVED,50,-754.62,2023-07-28,2023-07-28 06:00:00,VALIDATED
1254,CUST_BAL_20220113.csv,Custodian_Bank,RECEIVED,50,-775.54,2022-01-13,2022-01-13 06:00:00,VALIDATED
1255,CUST_BAL_20220102.csv,Custodian_Bank,RECEIVED,50,-753.81,2022-01-02,2022-01-02 06:00:00,VALIDATED
1256,CUST_BAL_20231015.csv,Custodian_Bank,RECEIVED,50,-449.86,2023-10-15,2023-10-15 06:00:00,VALIDATED
1257,CUST_BAL_20211128.csv,Custodian_Bank,RECEIVED,50,-384.92,2021-11-28,2021-11-28 06:00:00,VALIDATED
1258,CUST_BAL_20211018.csv,Custodian_Bank,RECEIVED,50,-689.5,2021-10-18,2021-10-18 06:00:00,VALIDATED
1259,CUST_BAL_20230211.csv,Custodian_Bank,RECEIVED,50,-773.7,2023-02-11,2023-02-11 06:00:00,VALIDATED
1260,CUST_BAL_20221116.csv,Custodian_Bank,RECEIVED,50,-779.51,2022-11-16,2022-11-16 06:00:00,VALIDATED
1261,CUST_BAL_20220221.csv,Custodian_Bank,RECEIVED,50,-492.41,2022-02-21,2022-02-21 06:00:00,VALIDATED
1262,CUST_BAL_20230222.csv,Custodian_Bank,RECEIVED,50,-791.85,2023-02-22,2023-02-22 06:00:00,VALIDATED
1263,CUST_BAL_20240402.csv,Custodian_Bank,RECEIVED,50,-558.02,2024-04-02,2024-04-02 06:00:00,VALIDATED
1264,CUST_BAL_20230708.csv,Custodian_Bank,RECEIVED,50,-700.49,2023-07-08,2023-07-08 06:00:00,VALIDATED
1265,CUST_BAL_20230120.csv,Custodian_Bank,RECEIVED,50,-783.72,2023-01-20,2023-01-20 06:00:00,VALIDATED
1266,CUST_BAL_20220104.csv,Custodian_Bank,RECEIVED,50,-703.13,2022-01-04,2022-01-04 06:00:00,VALIDATED
1267,CUST_BAL_20200628.csv,Custodian_Bank,RECEIVED,50,40.59,2020-06-28,2020-06-28 06:00:00,VALIDATED
1268,CUST_BAL_20200507.csv,Custodian_Bank,RECEIVED,50,138.86,2020-05-07,2020-05-07 06:00:00,VALIDATED
1269,CUST_BAL_20210321.csv,Custodian_Bank,RECEIVED,50,-586.73,2021-03-21,2021-03-21 06:00:00,VALIDATED
1270,CUST_BAL_20240312.csv,Custodian_Bank,RECEIVED,50,-646.83,2024-03-12,2024-03-12 06:00:00,VALIDATED
1271,CUST_BAL_20200920.csv,Custodian_Bank,RECEIVED,50,34.66,2020-09-20,2020-09-20 06:00:00,VALIDATED
1272,CUST_BAL_20220321.csv,Custodian_Bank,RECEIVED,50,-758.08,2022-03-21,2022-03-21 06:00:00,VALIDATED
1273,CUST_BAL_20220917.csv,Custodian_Bank,RECEIVED,50,-751.25,2022-09-17,2022-09-17 06:00:00,VALIDATED
1274,CUST_BAL_20220623.csv,Custodian_Bank,RECEIVED,50,-793.83,2022-06-23,2022-06-23 06:00:00,VALIDATED
1275,CUST_BAL_20220217.csv,Custodian_Bank,RECEIVED,50,-547.88,2022-02-17,2022-02-17 06:00:00,VALIDATED
1276,CUST_BAL_20221005.csv,Custodian_Bank,RECEIVED,50,-777.58,2022-10-05,2022-10-05 06:00:00,VALIDATED
1277,CUST_BAL_20230922.csv,Custodian_Bank,RECEIVED,50,-750.85,2023-09-22,2023-09-22 06:00:00,VALIDATED
1278,CUST_BAL_20230417.csv,Custodian_Bank,RECEIVED,50,-806.33,2023-04-17,2023-04-17 06:00:00,VALIDATED
1279,CUST_BAL_20211014.csv,Custodian_Bank,RECEIVED,50,-743.62,2021-10-14,2021-10-14 06:00:00,VALIDATED
1280,CUST_BAL_20220809.csv,Custodian_Bank,RECEIVED,50,-794.71,2022-08-09,2022-08-09 06:00:00,VALIDATED
1281,CUST_BAL_20240116.csv,Custodian_Bank,RECEIVED,50,-670.0,2024-01-16,2024-01-16 06:00:00,VALIDATED
1282,CUST_BAL_20220908.csv,Custodian_Bank,RECEIVED,50,-700.13,2022-09-08,2022-09-08 06:00:00,VALIDATED
1283,CUST_BAL_20221211.csv,Custodian_Bank,RECEIVED,50,-739.46,2022-12-11,2022-12-11 06:00:00,VALIDATED
1284,CUST_BAL_20230807.csv,Custodian_Bank,RECEIVED,50,-765.54,2023-08-07,2023-08-07 06:00:00,VALIDATED
1285,CUST_BAL_20220202.csv,Custodian_Bank,RECEIVED,50,-666.81,2022-02-02,2022-02-02 06:00:00,VALIDATED
1286,CUST_BAL_20240701.csv,Custodian_Bank,RECEIVED,50,-679.01,2024-07-01,2024-07-01 06:00:00,VALIDATED
1287,CUST_BAL_20231212.csv,Custodian_Bank,RECEIVED,50,-676.26,2023-12-12,2023-12-12 06:00:00,VALIDATED
1288,CUST_BAL_20220517.csv,Custodian_Bank,RECEIVED,50,-673.13,2022-05-17,2022-05-17 06:00:00,VALIDATED
1289,CUST_BAL_20221022.csv,Custodian_Bank,RECEIVED,50,-574.12,2022-10-22,2022-10-22 06:00:00,VALIDATED
1290,CUST_BAL_20200703.csv,Custodian_Bank,RECEIVED,50,308.7,2020-07-03,2020-07-03 06:00:00,VALIDATED
1291,CUST_BAL_20211001.csv,Custodian_Bank,RECEIVED,50,-741.49,2021-10-01,2021-10-01 06:00:00,VALIDATED
1292,CUST_BAL_20230321.csv,Custodian_Bank,RECEIVED,50,-781.94,2023-03-21,2023-03-21 06:00:00,VALIDATED
1293,CUST_BAL_20231021.csv,Custodian_Bank,RECEIVED,50,-733.06,2023-10-21,2023-10-21 06:00:00,VALIDATED
1294,CUST_BAL_20230207.csv,Custodian_Bank,RECEIVED,50,-777.67,2023-02-07,2023-02-07 06:00:00,VALIDATED
1295,CUST_BAL_20221008.csv,Custodian_Bank,RECEIVED,50,-762.28,2022-10-08,2022-10-08 06:00:00,VALIDATED
1296,CUST_BAL_20231025.csv,Custodian_Bank,RECEIVED,50,-733.04,2023-10-25,2023-10-25 06:00:00,VALIDATED
1297,CUST_BAL_20240325.csv,Custodian_Bank,RECEIVED,50,-660.21,2024-03-25,2024-03-25 06:00:00,VALIDATED
1298,CUST_BAL_20211224.csv,Custodian_Bank,RECEIVED,50,-792.35,2021-12-24,2021-12-24 06:00:00,VALIDATED
1299,CUST_BAL_20200526.csv,Custodian_Bank,RECEIVED,50,157.28,2020-05-26,2020-05-26 06:00:00,VALIDATED
1300,CUST_BAL_20200804.csv,Custodian_Bank,RECEIVED,50,17.58,2020-08-04,2020-08-04 06:00:00,VALIDATED
1301,CUST_BAL_20210301.csv,Custodian_Bank,RECEIVED,50,-730.81,2021-03-01,2021-03-01 06:00:00,VALIDATED
1302,CUST_BAL_20200919.csv,Custodian_Bank,RECEIVED,50,34.66,2020-09-19,2020-09-19 06:00:00,VALIDATED
1303,CUST_BAL_20231023.csv,Custodian_Bank,RECEIVED,50,-733.05,2023-10-23,2023-10-23 06:00:00,VALIDATED
1304,CUST_BAL_20230827.csv,Custodian_Bank,RECEIVED,50,-778.14,2023-08-27,2023-08-27 06:00:00,VALIDATED
1305,CUST_BAL_20220719.csv,Custodian_Bank,RECEIVED,50,-760.91,2022-07-19,2022-07-19 06:00:00,VALIDATED
1306,CUST_BAL_20200707.csv,Custodian_Bank,RECEIVED,50,308.7,2020-07-07,2020-07-07 06:00:00,VALIDATED
1307,CUST_BAL_20220625.csv,Custodian_Bank,RECEIVED,50,-777.24,2022-06-25,2022-06-25 06:00:00,VALIDATED
1308,CUST_BAL_20211017.csv,Custodian_Bank,RECEIVED,50,-743.62,2021-10-17,2021-10-17 06:00:00,VALIDATED
1309,CUST_BAL_20240208.csv,Custodian_Bank,RECEIVED,50,-677.55,2024-02-08,2024-02-08 06:00:00,VALIDATED
1310,CUST_BAL_20210819.csv,Custodian_Bank,RECEIVED,50,-743.94,2021-08-19,2021-08-19 06:00:00,VALIDATED
1311,CUST_BAL_20210219.csv,Custodian_Bank,RECEIVED,50,-732.21,2021-02-19,2021-02-19 06:00:00,VALIDATED
1312,CUST_BAL_20210608.csv,Custodian_Bank,RECEIVED,50,-705.94,2021-06-08,2021-06-08 06:00:00,VALIDATED
1313,CUST_BAL_20231217.csv,Custodian_Bank,RECEIVED,50,-676.26,2023-12-17,2023-12-17 06:00:00,VALIDATED
1314,CUST_BAL_20240607.csv,Custodian_Bank,RECEIVED,50,-434.24,2024-06-07,2024-06-07 06:00:00,VALIDATED
1315,CUST_BAL_20221216.csv,Custodian_Bank,RECEIVED,50,-762.15,2022-12-16,2022-12-16 06:00:00,VALIDATED
1316,CUST_BAL_20210210.csv,Custodian_Bank,RECEIVED,50,-685.85,2021-02-10,2021-02-10 06:00:00,VALIDATED
1317,CUST_BAL_20230107.csv,Custodian_Bank,RECEIVED,50,-535.76,2023-01-07,2023-01-07 06:00:00,VALIDATED
1318,CUST_BAL_20201030.csv,Custodian_Bank,RECEIVED,50,79.53,2020-10-30,2020-10-30 06:00:00,VALIDATED
1319,CUST_BAL_20240428.csv,Custodian_Bank,RECEIVED,50,-662.07,2024-04-28,2024-04-28 06:00:00,VALIDATED
1320,CUST_BAL_20220710.csv,Custodian_Bank,RECEIVED,50,-778.33,2022-07-10,2022-07-10 06:00:00,VALIDATED
1321,CUST_BAL_20230315.csv,Custodian_Bank,RECEIVED,50,-780.55,2023-03-15,2023-03-15 06:00:00,VALIDATED
1322,CUST_BAL_20220927.csv,Custodian_Bank,RECEIVED,50,-726.64,2022-09-27,2022-09-27 06:00:00,VALIDATED
1323,CUST_BAL_20201107.csv,Custodian_Bank,RECEIVED,50,-677.27,2020-11-07,2020-11-07 06:00:00,VALIDATED
1324,CUST_BAL_20230421.csv,Custodian_Bank,RECEIVED,50,-802.34,2023-04-21,2023-04-21 06:00:00,VALIDATED
1325,CUST_BAL_20210307.csv,Custodian_Bank,RECEIVED,50,-730.81,2021-03-07,2021-03-07 06:00:00,VALIDATED
1326,CUST_BAL_20200909.csv,Custodian_Bank,RECEIVED,50,19.2,2020-09-09,2020-09-09 06:00:00,VALIDATED
1327,CUST_BAL_20230605.csv,Custodian_Bank,RECEIVED,50,-748.88,2023-06-05,2023-06-05 06:00:00,VALIDATED
1328,CUST_BAL_20210205.csv,Custodian_Bank,RECEIVED,50,-687.66,2021-02-05,2021-02-05 06:00:00,VALIDATED
1329,CUST_BAL_20210731.csv,Custodian_Bank,RECEIVED,50,-748.13,2021-07-31,2021-07-31 06:00:00,VALIDATED
1330,CUST_BAL_20220324.csv,Custodian_Bank,RECEIVED,50,-727.69,2022-03-24,2022-03-24 06:00:00,VALIDATED
1331,CUST_BAL_20210923.csv,Custodian_Bank,RECEIVED,50,-779.86,2021-09-23,2021-09-23 06:00:00,VALIDATED
1332,CUST_BAL_20230928.csv,Custodian_Bank,RECEIVED,50,-777.52,2023-09-28,2023-09-28 06:00:00,VALIDATED
1333,CUST_BAL_20200913.csv,Custodian_Bank,RECEIVED,50,19.2,2020-09-13,2020-09-13 06:00:00,VALIDATED
1334,CUST_BAL_20220708.csv,Custodian_Bank,RECEIVED,50,-778.33,2022-07-08,2022-07-08 06:00:00,VALIDATED
1335,CUST_BAL_20200914.csv,Custodian_Bank,RECEIVED,50,19.2,2020-09-14,2020-09-14 06:00:00,VALIDATED
1336,CUST_BAL_20220316.csv,Custodian_Bank,RECEIVED,50,-771.31,2022-03-16,2022-03-16 06:00:00,VALIDATED
1337,CUST_BAL_20230210.csv,Custodian_Bank,RECEIVED,50,-773.7,2023-02-10,2023-02-10 06:00:00,VALIDATED
1338,CUST_BAL_20230502.csv,Custodian_Bank,RECEIVED,50,-747.59,2023-05-02,2023-05-02 06:00:00,VALIDATED
1339,CUST_BAL_20210228.csv,Custodian_Bank,RECEIVED,50,-737.26,2021-02-28,2021-02-28 06:00:00,VALIDATED
1340,CUST_BAL_20220117.csv,Custodian_Bank,RECEIVED,50,-721.25,2022-01-17,2022-01-17 06:00:00,VALIDATED
1341,CUST_BAL_20220808.csv,Custodian_Bank,RECEIVED,50,-794.71,2022-08-08,2022-08-08 06:00:00,VALIDATED
1342,CUST_BAL_20200924.csv,Custodian_Bank,RECEIVED,50,34.66,2020-09-24,2020-09-24 06:00:00,VALIDATED
1343,CUST_BAL_20230713.csv,Custodian_Bank,RECEIVED,50,-735.41,2023-07-13,2023-07-13 06:00:00,VALIDATED
1344,CUST_BAL_20240614.csv,Custodian_Bank,RECEIVED,50,-667.64,2024-06-14,2024-06-14 06:00:00,VALIDATED
1345,CUST_BAL_20221122.csv,Custodian_Bank,RECEIVED,50,-766.42,2022-11-22,2022-11-22 06:00:00,VALIDATED
1346,CUST_BAL_20210510.csv,Custodian_Bank,RECEIVED,50,-744.74,2021-05-10,2021-05-10 06:00:00,VALIDATED
1347,CUST_BAL_20230829.csv,Custodian_Bank,RECEIVED,50,-778.14,2023-08-29,2023-08-29 06:00:00,VALIDATED
1348,CUST_BAL_20210118.csv,Custodian_Bank,RECEIVED,50,-660.58,2021-01-18,2021-01-18 06:00:00,VALIDATED
1349,CUST_BAL_20240321.csv,Custodian_Bank,RECEIVED,50,-645.53,2024-03-21,2024-03-21 06:00:00,VALIDATED
1350,CUST_BAL_20220521.csv,Custodian_Bank,RECEIVED,50,-803.98,2022-05-21,2022-05-21 06:00:00,VALIDATED
1351,CUST_BAL_20230718.csv,Custodian_Bank,RECEIVED,50,-741.44,2023-07-18,2023-07-18 06:00:00,VALIDATED
1352,CUST_BAL_20210201.csv,Custodian_Bank,RECEIVED,50,-724.35,2021-02-01,2021-02-01 06:00:00,VALIDATED
1353,CUST_BAL_20200817.csv,Custodian_Bank,RECEIVED,50,103.47,2020-08-17,2020-08-17 06:00:00,VALIDATED
1354,CUST_BAL_20240424.csv,Custodian_Bank,RECEIVED,50,-719.35,2024-04-24,2024-04-24 06:00:00,VALIDATED
1355,CUST_BAL_20220414.csv,Custodian_Bank,RECEIVED,50,-773.99,2022-04-14,2022-04-14 06:00:00,VALIDATED
1356,CUST_BAL_20201205.csv,Custodian_Bank,RECEIVED,50,-651.14,2020-12-05,2020-12-05 06:00:00,VALIDATED
1357,CUST_BAL_20221203.csv,Custodian_Bank,RECEIVED,50,-744.34,2022-12-03,2022-12-03 06:00:00,VALIDATED
1358,CUST_BAL_20201031.csv,Custodian_Bank,RECEIVED,50,79.53,2020-10-31,2020-10-31 06:00:00,VALIDATED
1359,CUST_BAL_20210115.csv,Custodian_Bank,RECEIVED,50,-660.58,2021-01-15,2021-01-15 06:00:00,VALIDATED
1360,CUST_BAL_20211002.csv,Custodian_Bank,RECEIVED,50,-241.49,2021-10-02,2021-10-02 06:00:00,VALIDATED
1361,CUST_BAL_20210107.csv,Custodian_Bank,RECEIVED,50,-680.44,2021-01-07,2021-01-07 06:00:00,VALIDATED
1362,CUST_BAL_20200524.csv,Custodian_Bank,RECEIVED,50,157.28,2020-05-24,2020-05-24 06:00:00,VALIDATED
1363,CUST_BAL_20200624.csv,Custodian_Bank,RECEIVED,50,40.59,2020-06-24,2020-06-24 06:00:00,VALIDATED
1364,CUST_BAL_20220216.csv,Custodian_Bank,RECEIVED,50,-547.88,2022-02-16,2022-02-16 06:00:00,VALIDATED
1365,CUST_BAL_20210507.csv,Custodian_Bank,RECEIVED,50,-744.74,2021-05-07,2021-05-07 06:00:00,VALIDATED
1366,CUST_BAL_20230308.csv,Custodian_Bank,RECEIVED,50,-764.84,2023-03-08,2023-03-08 06:00:00,VALIDATED
1367,CUST_BAL_20240617.csv,Custodian_Bank,RECEIVED,50,-658.93,2024-06-17,2024-06-17 06:00:00,VALIDATED
1368,CUST_BAL_20210602.csv,Custodian_Bank,RECEIVED,50,-720.24,2021-06-02,2021-06-02 06:00:00,VALIDATED
1369,CUST_BAL_20211013.csv,Custodian_Bank,RECEIVED,50,-743.62,2021-10-13,2021-10-13 06:00:00,VALIDATED
1370,CUST_BAL_20201027.csv,Custodian_Bank,RECEIVED,50,134.77,2020-10-27,2020-10-27 06:00:00,VALIDATED
1371,CUST_BAL_20220907.csv,Custodian_Bank,RECEIVED,50,-700.13,2022-09-07,2022-09-07 06:00:00,VALIDATED
1372,CUST_BAL_20200506.csv,Custodian_Bank,RECEIVED,50,138.86,2020-05-06,2020-05-06 06:00:00,VALIDATED
1373,CUST_BAL_20221221.csv,Custodian_Bank,RECEIVED,50,-551.25,2022-12-21,2022-12-21 06:00:00,VALIDATED
1374,CUST_BAL_20221009.csv,Custodian_Bank,RECEIVED,50,-762.28,2022-10-09,2022-10-09 06:00:00,VALIDATED
1375,CUST_BAL_20200830.csv,Custodian_Bank,RECEIVED,50,19.2,2020-08-30,2020-08-30 06:00:00,VALIDATED
1376,CUST_BAL_20200725.csv,Custodian_Bank,RECEIVED,50,35.24,2020-07-25,2020-07-25 06:00:00,VALIDATED
1377,CUST_BAL_20221024.csv,Custodian_Bank,RECEIVED,50,-779.21,2022-10-24,2022-10-24 06:00:00,VALIDATED
1378,CUST_BAL_20210516.csv,Custodian_Bank,RECEIVED,50,-744.74,2021-05-16,2021-05-16 06:00:00,VALIDATED
1379,CUST_BAL_20221102.csv,Custodian_Bank,RECEIVED,50,-758.9,2022-11-02,2022-11-02 06:00:00,VALIDATED
1380,CUST_BAL_20201225.csv,Custodian_Bank,RECEIVED,50,-701.63,2020-12-25,2020-12-25 06:00:00,VALIDATED
1381,CUST_BAL_20240101.csv,Custodian_Bank,RECEIVED,50,-676.25,2024-01-01,2024-01-01 06:00:00,VALIDATED
1382,CUST_BAL_20210315.csv,Custodian_Bank,RECEIVED,50,-734.85,2021-03-15,2021-03-15 06:00:00,VALIDATED
1383,CUST_BAL_20230814.csv,Custodian_Bank,RECEIVED,50,-770.7,2023-08-14,2023-08-14 06:00:00,VALIDATED
1384,CUST_BAL_20220501.csv,Custodian_Bank,RECEIVED,50,-784.33,2022-05-01,2022-05-01 06:00:00,VALIDATED
1385,CUST_BAL_20210122.csv,Custodian_Bank,RECEIVED,50,-701.25,2021-01-22,2021-01-22 06:00:00,VALIDATED
1386,CUST_BAL_20220203.csv,Custodian_Bank,RECEIVED,50,-666.81,2022-02-03,2022-02-03 06:00:00,VALIDATED
1387,CUST_BAL_20221223.csv,Custodian_Bank,RECEIVED,50,-765.74,2022-12-23,2022-12-23 06:00:00,VALIDATED
1388,CUST_BAL_20221227.csv,Custodian_Bank,RECEIVED,50,-765.74,2022-12-27,2022-12-27 06:00:00,VALIDATED
1389,CUST_BAL_20200609.csv,Custodian_Bank,RECEIVED,50,40.59,2020-06-09,2020-06-09 06:00:00,VALIDATED
1390,CUST_BAL_20200910.csv,Custodian_Bank,RECEIVED,50,19.2,2020-09-10,2020-09-10 06:00:00,VALIDATED
1391,CUST_BAL_20200511.csv,Custodian_Bank,RECEIVED,50,206.79,2020-05-11,2020-05-11 06:00:00,VALIDATED
1392,CUST_BAL_20230503.csv,Custodian_Bank,RECEIVED,50,-747.59,2023-05-03,2023-05-03 06:00:00,VALIDATED
1393,CUST_BAL_20200712.csv,Custodian_Bank,RECEIVED,50,35.24,2020-07-12,2020-07-12 06:00:00,VALIDATED
1394,CUST_BAL_20201213.csv,Custodian_Bank,RECEIVED,50,-680.33,2020-12-13,2020-12-13 06:00:00,VALIDATED
1395,CUST_BAL_20200627.csv,Custodian_Bank,RECEIVED,50,40.59,2020-06-27,2020-06-27 06:00:00,VALIDATED
1396,CUST_BAL_20220511.csv,Custodian_Bank,RECEIVED,50,-797.62,2022-05-11,2022-05-11 06:00:00,VALIDATED
1397,CUST_BAL_20211022.csv,Custodian_Bank,RECEIVED,50,-801.07,2021-10-22,2021-10-22 06:00:00,VALIDATED
1398,CUST_BAL_20230128.csv,Custodian_Bank,RECEIVED,50,-772.57,2023-01-28,2023-01-28 06:00:00,VALIDATED
1399,CUST_BAL_20230205.csv,Custodian_Bank,RECEIVED,50,-780.61,2023-02-05,2023-02-05 06:00:00,VALIDATED
1400,CUST_BAL_20240317.csv,Custodian_Bank,RECEIVED,50,-662.63,2024-03-17,2024-03-17 06:00:00,VALIDATED
1401,CUST_BAL_20210108.csv,Custodian_Bank,RECEIVED,50,-665.94,2021-01-08,2021-01-08 06:00:00,VALIDATED
1402,CUST_BAL_20230714.csv,Custodian_Bank,RECEIVED,50,-735.41,2023-07-14,2023-07-14 06:00:00,VALIDATED
1403,CUST_BAL_20201206.csv,Custodian_Bank,RECEIVED,50,-651.14,2020-12-06,2020-12-06 06:00:00,VALIDATED
1404,CUST_BAL_20210319.csv,Custodian_Bank,RECEIVED,50,-586.73,2021-03-19,2021-03-19 06:00:00,VALIDATED
1405,CUST_BAL_20221109.csv,Custodian_Bank,RECEIVED,50,-756.26,2022-11-09,2022-11-09 06:00:00,VALIDATED
1406,CUST_BAL_20230507.csv,Custodian_Bank,RECEIVED,50,-747.59,2023-05-07,2023-05-07 06:00:00,VALIDATED
1407,CUST_BAL_20240616.csv,Custodian_Bank,RECEIVED,50,-667.64,2024-06-16,2024-06-16 06:00:00,VALIDATED
1408,CUST_BAL_20230723.csv,Custodian_Bank,RECEIVED,50,-755.94,2023-07-23,2023-07-23 06:00:00,VALIDATED
1409,CUST_BAL_20220914.csv,Custodian_Bank,RECEIVED,50,-796.58,2022-09-14,2022-09-14 06:00:00,VALIDATED
1410,CUST_BAL_20230618.csv,Custodian_Bank,RECEIVED,50,-341.16,2023-06-18,2023-06-18 06:00:00,VALIDATED
1411,CUST_BAL_20220128.csv,Custodian_Bank,RECEIVED,50,352.72,2022-01-28,2022-01-28 06:00:00,VALIDATED
1412,CUST_BAL_20230514.csv,Custodian_Bank,RECEIVED,50,-547.59,2023-05-14,2023-05-14 06:00:00,VALIDATED
1413,CUST_BAL_20210814.csv,Custodian_Bank,RECEIVED,50,-783.49,2021-08-14,2021-08-14 06:00:00,VALIDATED
1414,CUST_BAL_20240319.csv,Custodian_Bank,RECEIVED,50,-685.9,2024-03-19,2024-03-19 06:00:00,VALIDATED
1415,CUST_BAL_20220930.csv,Custodian_Bank,RECEIVED,50,-776.1,2022-09-30,2022-09-30 06:00:00,VALIDATED
1416,CUST_BAL_20240430.csv,Custodian_Bank,RECEIVED,50,-549.64,2024-04-30,2024-04-30 06:00:00,VALIDATED
1417,CUST_BAL_20230806.csv,Custodian_Bank,RECEIVED,50,-765.54,2023-08-06,2023-08-06 06:00:00,VALIDATED
1418,CUST_BAL_20230711.csv,Custodian_Bank,RECEIVED,50,-745.85,2023-07-11,2023-07-11 06:00:00,VALIDATED
1419,CUST_BAL_20201103.csv,Custodian_Bank,RECEIVED,50,95.52,2020-11-03,2020-11-03 06:00:00,VALIDATED
1420,CUST_BAL_20220831.csv,Custodian_Bank,RECEIVED,50,-796.68,2022-08-31,2022-08-31 06:00:00,VALIDATED
1421,CUST_BAL_20240610.csv,Custodian_Bank,RECEIVED,50,-417.33,2024-06-10,2024-06-10 06:00:00,VALIDATED
1422,CUST_BAL_20200610.csv,Custodian_Bank,RECEIVED,50,40.59,2020-06-10,2020-06-10 06:00:00,VALIDATED
1423,CUST_BAL_20210506.csv,Custodian_Bank,RECEIVED,50,-744.74,2021-05-06,2021-05-06 06:00:00,VALIDATED
1424,CUST_BAL_20240603.csv,Custodian_Bank,RECEIVED,50,-470.06,2024-06-03,2024-06-03 06:00:00,VALIDATED
1425,CUST_BAL_20210430.csv,Custodian_Bank,RECEIVED,50,-735.49,2021-04-30,2021-04-30 06:00:00,VALIDATED
1426,CUST_BAL_20220425.csv,Custodian_Bank,RECEIVED,50,-773.94,2022-04-25,2022-04-25 06:00:00,VALIDATED
1427,CUST_BAL_20200706.csv,Custodian_Bank,RECEIVED,50,308.7,2020-07-06,2020-07-06 06:00:00,VALIDATED
1428,CUST_BAL_20200512.csv,Custodian_Bank,RECEIVED,50,206.79,2020-05-12,2020-05-12 06:00:00,VALIDATED
1429,CUST_BAL_20231225.csv,Custodian_Bank,RECEIVED,50,-676.26,2023-12-25,2023-12-25 06:00:00,VALIDATED
1430,CUST_BAL_20240628.csv,Custodian_Bank,RECEIVED,50,-654.59,2024-06-28,2024-06-28 06:00:00,VALIDATED
1431,CUST_BAL_20210901.csv,Custodian_Bank,RECEIVED,50,-784.6,2021-09-01,2021-09-01 06:00:00,VALIDATED
1432,CUST_BAL_20230913.csv,Custodian_Bank,RECEIVED,50,-756.94,2023-09-13,2023-09-13 06:00:00,VALIDATED
1433,CUST_BAL_20220429.csv,Custodian_Bank,RECEIVED,50,-784.33,2022-04-29,2022-04-29 06:00:00,VALIDATED
1434,CUST_BAL_20201126.csv,Custodian_Bank,RECEIVED,50,-689.52,2020-11-26,2020-11-26 06:00:00,VALIDATED
1435,CUST_BAL_20230812.csv,Custodian_Bank,RECEIVED,50,-761.34,2023-08-12,2023-08-12 06:00:00,VALIDATED
1436,CUST_BAL_20220314.csv,Custodian_Bank,RECEIVED,50,-688.31,2022-03-14,2022-03-14 06:00:00,VALIDATED
1437,CUST_BAL_20240123.csv,Custodian_Bank,RECEIVED,50,-715.5,2024-01-23,2024-01-23 06:00:00,VALIDATED
1438,CUST_BAL_20210311.csv,Custodian_Bank,RECEIVED,50,-735.67,2021-03-11,2021-03-11 06:00:00,VALIDATED
1439,CUST_BAL_20230707.csv,Custodian_Bank,RECEIVED,50,-700.49,2023-07-07,2023-07-07 06:00:00,VALIDATED
1440,CUST_BAL_20210427.csv,Custodian_Bank,RECEIVED,50,-701.62,2021-04-27,2021-04-27 06:00:00,VALIDATED
1441,CUST_BAL_20220519.csv,Custodian_Bank,RECEIVED,50,-772.27,2022-05-19,2022-05-19 06:00:00,VALIDATED
1442,CUST_BAL_20220127.csv,Custodian_Bank,RECEIVED,50,-747.28,2022-01-27,2022-01-27 06:00:00,VALIDATED
1443,CUST_BAL_20220610.csv,Custodian_Bank,RECEIVED,50,-769.82,2022-06-10,2022-06-10 06:00:00,VALIDATED
1444,CUST_BAL_20221215.csv,Custodian_Bank,RECEIVED,50,-783.15,2022-12-15,2022-12-15 06:00:00,VALIDATED
1445,CUST_BAL_20240311.csv,Custodian_Bank,RECEIVED,50,-272.68,2024-03-11,2024-03-11 06:00:00,VALIDATED
1446,CUST_BAL_20200503.csv,Custodian_Bank,RECEIVED,50,493.04,2020-05-03,2020-05-03 06:00:00,VALIDATED
1447,CUST_BAL_20231113.csv,Custodian_Bank,RECEIVED,50,-654.13,2023-11-13,2023-11-13 06:00:00,VALIDATED
1448,CUST_BAL_20200810.csv,Custodian_Bank,RECEIVED,50,17.58,2020-08-10,2020-08-10 06:00:00,VALIDATED
1449,CUST_BAL_20230310.csv,Custodian_Bank,RECEIVED,50,-740.7,2023-03-10,2023-03-10 06:00:00,VALIDATED
1450,CUST_BAL_20200615.csv,Custodian_Bank,RECEIVED,50,40.59,2020-06-15,2020-06-15 06:00:00,VALIDATED
1451,CUST_BAL_20210129.csv,Custodian_Bank,RECEIVED,50,-674.45,2021-01-29,2021-01-29 06:00:00,VALIDATED
1452,CUST_BAL_20201121.csv,Custodian_Bank,RECEIVED,50,-651.45,2020-11-21,2020-11-21 06:00:00,VALIDATED
1453,CUST_BAL_20220308.csv,Custodian_Bank,RECEIVED,50,-736.09,2022-03-08,2022-03-08 06:00:00,VALIDATED
1454,CUST_BAL_20220709.csv,Custodian_Bank,RECEIVED,50,-778.33,2022-07-09,2022-07-09 06:00:00,VALIDATED
1455,CUST_BAL_20210728.csv,Custodian_Bank,RECEIVED,50,-753.46,2021-07-28,2021-07-28 06:00:00,VALIDATED
1456,CUST_BAL_20211226.csv,Custodian_Bank,RECEIVED,50,-792.35,2021-12-26,2021-12-26 06:00:00,VALIDATED
1457,CUST_BAL_20231111.csv,Custodian_Bank,RECEIVED,50,-708.24,2023-11-11,2023-11-11 06:00:00,VALIDATED
1458,CUST_BAL_20201012.csv,Custodian_Bank,RECEIVED,50,13.92,2020-10-12,2020-10-12 06:00:00,VALIDATED
1459,CUST_BAL_20230924.csv,Custodian_Bank,RECEIVED,50,-750.85,2023-09-24,2023-09-24 06:00:00,VALIDATED
1460,CUST_BAL_20220326.csv,Custodian_Bank,RECEIVED,50,-792.14,2022-03-26,2022-03-26 06:00:00,VALIDATED
1461,CUST_BAL_20240408.csv,Custodian_Bank,RECEIVED,50,-655.71,2024-04-08,2024-04-08 06:00:00,VALIDATED
1462,CUST_BAL_20230406.csv,Custodian_Bank,RECEIVED,50,-627.1,2023-04-06,2023-04-06 06:00:00,VALIDATED
1463,CUST_BAL_20240213.csv,Custodian_Bank,RECEIVED,50,-676.75,2024-02-13,2024-02-13 06:00:00,VALIDATED
1464,CUST_BAL_20220514.csv,Custodian_Bank,RECEIVED,50,-790.43,2022-05-14,2022-05-14 06:00:00,VALIDATED
1465,CUST_BAL_20240627.csv,Custodian_Bank,RECEIVED,50,-634.45,2024-06-27,2024-06-27 06:00:00,VALIDATED
1466,CUST_BAL_20210422.csv,Custodian_Bank,RECEIVED,50,-710.42,2021-04-22,2021-04-22 06:00:00,VALIDATED
1467,CUST_BAL_20230727.csv,Custodian_Bank,RECEIVED,50,-797.2,2023-07-27,2023-07-27 06:00:00,VALIDATED
1468,CUST_BAL_20210401.csv,Custodian_Bank,RECEIVED,50,-748.21,2021-04-01,2021-04-01 06:00:00,VALIDATED
1469,CUST_BAL_20211004.csv,Custodian_Bank,RECEIVED,50,-786.9,2021-10-04,2021-10-04 06:00:00,VALIDATED
1470,CUST_BAL_20230730.csv,Custodian_Bank,RECEIVED,50,-754.62,2023-07-30,2023-07-30 06:00:00,VALIDATED
1471,CUST_BAL_20221104.csv,Custodian_Bank,RECEIVED,50,-758.9,2022-11-04,2022-11-04 06:00:00,VALIDATED
1472,CUST_BAL_20211028.csv,Custodian_Bank,RECEIVED,50,-723.76,2021-10-28,2021-10-28 06:00:00,VALIDATED
1473,CUST_BAL_20230710.csv,Custodian_Bank,RECEIVED,50,-747.15,2023-07-10,2023-07-10 06:00:00,VALIDATED
1474,CUST_BAL_20240206.csv,Custodian_Bank,RECEIVED,50,-677.56,2024-02-06,2024-02-06 06:00:00,VALIDATED
1475,CUST_BAL_20230413.csv,Custodian_Bank,RECEIVED,50,-798.66,2023-04-13,2023-04-13 06:00:00,VALIDATED
1476,CUST_BAL_20231128.csv,Custodian_Bank,RECEIVED,50,-754.08,2023-11-28,2023-11-28 06:00:00,VALIDATED
1477,CUST_BAL_20200808.csv,Custodian_Bank,RECEIVED,50,17.58,2020-08-08,2020-08-08 06:00:00,VALIDATED
1478,CUST_BAL_20210406.csv,Custodian_Bank,RECEIVED,50,-709.07,2021-04-06,2021-04-06 06:00:00,VALIDATED
1479,CUST_BAL_20231229.csv,Custodian_Bank,RECEIVED,50,-676.26,2023-12-29,2023-12-29 06:00:00,VALIDATED
1480,CUST_BAL_20211205.csv,Custodian_Bank,RECEIVED,50,-746.52,2021-12-05,2021-12-05 06:00:00,VALIDATED
1481,CUST_BAL_20200927.csv,Custodian_Bank,RECEIVED,50,42.89,2020-09-27,2020-09-27 06:00:00,VALIDATED
1482,CUST_BAL_20240102.csv,Custodian_Bank,RECEIVED,50,-676.25,2024-01-02,2024-01-02 06:00:00,VALIDATED
1483,CUST_BAL_20210403.csv,Custodian_Bank,RECEIVED,50,-726.03,2021-04-03,2021-04-03 06:00:00,VALIDATED
1484,CUST_BAL_20230227.csv,Custodian_Bank,RECEIVED,50,-765.05,2023-02-27,2023-02-27 06:00:00,VALIDATED
1485,CUST_BAL_20240529.csv,Custodian_Bank,RECEIVED,50,-639.33,2024-05-29,2024-05-29 06:00:00,VALIDATED
1486,CUST_BAL_20210502.csv,Custodian_Bank,RECEIVED,50,-735.49,2021-05-02,2021-05-02 06:00:00,VALIDATED
1487,CUST_BAL_20211215.csv,Custodian_Bank,RECEIVED,50,-696.63,2021-12-15,2021-12-15 06:00:00,VALIDATED
1488,CUST_BAL_20230411.csv,Custodian_Bank,RECEIVED,50,-798.66,2023-04-11,2023-04-11 06:00:00,VALIDATED
1489,CUST_BAL_20231203.csv,Custodian_Bank,RECEIVED,50,-766.38,2023-12-03,2023-12-03 06:00:00,VALIDATED
1490,CUST_BAL_20230818.csv,Custodian_Bank,RECEIVED,50,-618.77,2023-08-18,2023-08-18 06:00:00,VALIDATED
1491,CUST_BAL_20220830.csv,Custodian_Bank,RECEIVED,50,-796.68,2022-08-30,2022-08-30 06:00:00,VALIDATED
1492,CUST_BAL_20230623.csv,Custodian_Bank,RECEIVED,50,-699.75,2023-06-23,2023-06-23 06:00:00,VALIDATED
1493,CUST_BAL_20240407.csv,Custodian_Bank,RECEIVED,50,14557.7,2024-04-07,2024-04-07 06:00:00,VALIDATED
1494,CUST_BAL_20240115.csv,Custodian_Bank,RECEIVED,50,-714.98,2024-01-15,2024-01-15 06:00:00,VALIDATED
1495,CUST_BAL_20200520.csv,Custodian_Bank,RECEIVED,50,157.28,2020-05-20,2020-05-20 06:00:00,VALIDATED
1496,CUST_BAL_20230115.csv,Custodian_Bank,RECEIVED,50,-798.17,2023-01-15,2023-01-15 06:00:00,VALIDATED
1497,CUST_BAL_20201001.csv,Custodian_Bank,RECEIVED,50,29.17,2020-10-01,2020-10-01 06:00:00,VALIDATED
1498,CUST_BAL_20210919.csv,Custodian_Bank,RECEIVED,50,-297.22,2021-09-19,2021-09-19 06:00:00,VALIDATED
1499,CUST_BAL_20230722.csv,Custodian_Bank,RECEIVED,50,-755.94,2023-07-22,2023-07-22 06:00:00,VALIDATED
1500,CUST_BAL_20211117.csv,Custodian_Bank,RECEIVED,50,-676.86,2021-11-17,2021-11-17 06:00:00,VALIDATED
1501,CUST_BAL_20230901.csv,Custodian_Bank,RECEIVED,50,-670.08,2023-09-01,2023-09-01 06:00:00,VALIDATED
1502,CUST_BAL_20200915.csv,Custodian_Bank,RECEIVED,50,25.3,2020-09-15,2020-09-15 06:00:00,VALIDATED
1503,CUST_BAL_20210503.csv,Custodian_Bank,RECEIVED,50,-683.91,2021-05-03,2021-05-03 06:00:00,VALIDATED
1504,CUST_BAL_20210113.csv,Custodian_Bank,RECEIVED,50,-641.49,2021-01-13,2021-01-13 06:00:00,VALIDATED
1505,CUST_BAL_20200731.csv,Custodian_Bank,RECEIVED,50,12.51,2020-07-31,2020-07-31 06:00:00,VALIDATED
1506,CUST_BAL_20210519.csv,Custodian_Bank,RECEIVED,50,-719.31,2021-05-19,2021-05-19 06:00:00,VALIDATED
1507,CUST_BAL_20210701.csv,Custodian_Bank,RECEIVED,50,-785.2,2021-07-01,2021-07-01 06:00:00,VALIDATED
1508,CUST_BAL_20230225.csv,Custodian_Bank,RECEIVED,50,-791.85,2023-02-25,2023-02-25 06:00:00,VALIDATED
1509,CUST_BAL_20201009.csv,Custodian_Bank,RECEIVED,50,13.92,2020-10-09,2020-10-09 06:00:00,VALIDATED
1510,CUST_BAL_20230309.csv,Custodian_Bank,RECEIVED,50,-737.72,2023-03-09,2023-03-09 06:00:00,VALIDATED
1511,CUST_BAL_20230328.csv,Custodian_Bank,RECEIVED,50,-729.6,2023-03-28,2023-03-28 06:00:00,VALIDATED
1512,CUST_BAL_20231024.csv,Custodian_Bank,RECEIVED,50,-733.04,2023-10-24,2023-10-24 06:00:00,VALIDATED
1513,CUST_BAL_20240119.csv,Custodian_Bank,RECEIVED,50,-609.7,2024-01-19,2024-01-19 06:00:00,VALIDATED
1514,CUST_BAL_20220701.csv,Custodian_Bank,RECEIVED,50,-575.07,2022-07-01,2022-07-01 06:00:00,VALIDATED
1515,CUST_BAL_20210829.csv,Custodian_Bank,RECEIVED,50,-759.26,2021-08-29,2021-08-29 06:00:00,VALIDATED
1516,CUST_BAL_20210314.csv,Custodian_Bank,RECEIVED,50,-734.85,2021-03-14,2021-03-14 06:00:00,VALIDATED
1517,CUST_BAL_20240624.csv,Custodian_Bank,RECEIVED,50,-670.7,2024-06-24,2024-06-24 06:00:00,VALIDATED
1518,CUST_BAL_20201119.csv,Custodian_Bank,RECEIVED,50,-649.36,2020-11-19,2020-11-19 06:00:00,VALIDATED
1519,CUST_BAL_20240417.csv,Custodian_Bank,RECEIVED,50,-343.56,2024-04-17,2024-04-17 06:00:00,VALIDATED
1520,CUST_BAL_20200828.csv,Custodian_Bank,RECEIVED,50,19.2,2020-08-28,2020-08-28 06:00:00,VALIDATED
1521,CUST_BAL_20231221.csv,Custodian_Bank,RECEIVED,50,-676.26,2023-12-21,2023-12-21 06:00:00,VALIDATED
1522,CUST_BAL_20200912.csv,Custodian_Bank,RECEIVED,50,19.2,2020-09-12,2020-09-12 06:00:00,VALIDATED
1523,CUST_BAL_20210317.csv,Custodian_Bank,RECEIVED,50,-704.47,2021-03-17,2021-03-17 06:00:00,VALIDATED
1524,CUST_POS_20200504.csv,Custodian_Bank,RECEIVED,3,66.0,2020-05-04,2020-05-04 06:00:00,VALIDATED
1525,CUST_POS_20200505.csv,Custodian_Bank,RECEIVED,3,66.0,2020-05-05,2020-05-05 06:00:00,VALIDATED
1526,CUST_POS_20200519.csv,Custodian_Bank,RECEIVED,5,83.5,2020-05-19,2020-05-19 06:00:00,VALIDATED
1527,CUST_POS_20200528.csv,Custodian_Bank,RECEIVED,5,83.5,2020-05-28,2020-05-28 06:00:00,VALIDATED
1528,CUST_POS_20200605.csv,Custodian_Bank,RECEIVED,9,116.0,2020-06-05,2020-06-05 06:00:00,VALIDATED
1529,CUST_POS_20200612.csv,Custodian_Bank,RECEIVED,9,116.0,2020-06-12,2020-06-12 06:00:00,VALIDATED
1530,CUST_POS_20200616.csv,Custodian_Bank,RECEIVED,9,116.0,2020-06-16,2020-06-16 06:00:00,VALIDATED
1531,CUST_POS_20200622.csv,Custodian_Bank,RECEIVED,9,116.0,2020-06-22,2020-06-22 06:00:00,VALIDATED
1532,CUST_POS_20200703.csv,Custodian_Bank,RECEIVED,20,206.0,2020-07-03,2020-07-03 06:00:00,VALIDATED
1533,CUST_POS_20200704.csv,Custodian_Bank,RECEIVED,20,206.0,2020-07-04,2020-07-04 06:00:00,VALIDATED
1534,CUST_POS_20200720.csv,Custodian_Bank,RECEIVED,21,209.5,2020-07-20,2020-07-20 06:00:00,VALIDATED
1535,CUST_POS_20200501.csv,Custodian_Bank,RECEIVED,1,50.0,2020-05-01,2020-05-01 06:00:00,VALIDATED
1536,CUST_POS_20200502.csv,Custodian_Bank,RECEIVED,1,50.0,2020-05-02,2020-05-02 06:00:00,VALIDATED
1537,CUST_POS_20200503.csv,Custodian_Bank,RECEIVED,1,50.0,2020-05-03,2020-05-03 06:00:00,VALIDATED
1538,CUST_POS_20200606.csv,Custodian_Bank,RECEIVED,9,116.0,2020-06-06,2020-06-06 06:00:00,VALIDATED
1539,CUST_POS_20200509.csv,Custodian_Bank,RECEIVED,3,66.0,2020-05-09,2020-05-09 06:00:00,VALIDATED
1540,CUST_POS_20200430.csv,Custodian_Bank,RECEIVED,1,50.0,2020-04-30,2020-04-30 06:00:00,VALIDATED
1541,CUST_POS_20200515.csv,Custodian_Bank,RECEIVED,4,68.5,2020-05-15,2020-05-15 06:00:00,VALIDATED
1542,CUST_POS_20200506.csv,Custodian_Bank,RECEIVED,3,66.0,2020-05-06,2020-05-06 06:00:00,VALIDATED
1543,CUST_POS_20200507.csv,Custodian_Bank,RECEIVED,3,66.0,2020-05-07,2020-05-07 06:00:00,VALIDATED
1544,CUST_POS_20200721.csv,Custodian_Bank,RECEIVED,21,209.5,2020-07-21,2020-07-21 06:00:00,VALIDATED
1545,CUST_POS_20200731.csv,Custodian_Bank,RECEIVED,26,222.3,2020-07-31,2020-07-31 06:00:00,VALIDATED
1546,CUST_POS_20200808.csv,Custodian_Bank,RECEIVED,26,222.3,2020-08-08,2020-08-08 06:00:00,VALIDATED
1547,CUST_POS_20200511.csv,Custodian_Bank,RECEIVED,4,68.5,2020-05-11,2020-05-11 06:00:00,VALIDATED
1548,CUST_POS_20200508.csv,Custodian_Bank,RECEIVED,3,66.0,2020-05-08,2020-05-08 06:00:00,VALIDATED
1549,CUST_POS_20200524.csv,Custodian_Bank,RECEIVED,5,83.5,2020-05-24,2020-05-24 06:00:00,VALIDATED
1550,CUST_POS_20200517.csv,Custodian_Bank,RECEIVED,4,68.5,2020-05-17,2020-05-17 06:00:00,VALIDATED
1551,CUST_POS_20200516.csv,Custodian_Bank,RECEIVED,4,68.5,2020-05-16,2020-05-16 06:00:00,VALIDATED
1552,CUST_POS_20200513.csv,Custodian_Bank,RECEIVED,4,68.5,2020-05-13,2020-05-13 06:00:00,VALIDATED
1553,CUST_POS_20200531.csv,Custodian_Bank,RECEIVED,7,94.0,2020-05-31,2020-05-31 06:00:00,VALIDATED
1554,CUST_POS_20200523.csv,Custodian_Bank,RECEIVED,5,83.5,2020-05-23,2020-05-23 06:00:00,VALIDATED
1555,CUST_POS_20200602.csv,Custodian_Bank,RECEIVED,7,94.0,2020-06-02,2020-06-02 06:00:00,VALIDATED
1556,CUST_POS_20200620.csv,Custodian_Bank,RECEIVED,9,116.0,2020-06-20,2020-06-20 06:00:00,VALIDATED
1557,CUST_POS_20200510.csv,Custodian_Bank,RECEIVED,3,66.0,2020-05-10,2020-05-10 06:00:00,VALIDATED
1558,CUST_POS_20200514.csv,Custodian_Bank,RECEIVED,4,68.5,2020-05-14,2020-05-14 06:00:00,VALIDATED
1559,CUST_POS_20200624.csv,Custodian_Bank,RECEIVED,9,116.0,2020-06-24,2020-06-24 06:00:00,VALIDATED
1560,CUST_POS_20200512.csv,Custodian_Bank,RECEIVED,4,68.5,2020-05-12,2020-05-12 06:00:00,VALIDATED
1561,CUST_POS_20200821.csv,Custodian_Bank,RECEIVED,28,227.3,2020-08-21,2020-08-21 06:00:00,VALIDATED
1562,CUST_POS_20200518.csv,Custodian_Bank,RECEIVED,5,83.5,2020-05-18,2020-05-18 06:00:00,VALIDATED
1563,CUST_POS_20200520.csv,Custodian_Bank,RECEIVED,5,83.5,2020-05-20,2020-05-20 06:00:00,VALIDATED
1564,CUST_POS_20200601.csv,Custodian_Bank,RECEIVED,7,94.0,2020-06-01,2020-06-01 06:00:00,VALIDATED
1565,CUST_POS_20200522.csv,Custodian_Bank,RECEIVED,5,83.5,2020-05-22,2020-05-22 06:00:00,VALIDATED
1566,CUST_POS_20200521.csv,Custodian_Bank,RECEIVED,5,83.5,2020-05-21,2020-05-21 06:00:00,VALIDATED
1567,CUST_POS_20200526.csv,Custodian_Bank,RECEIVED,5,83.5,2020-05-26,2020-05-26 06:00:00,VALIDATED
1568,CUST_POS_20200604.csv,Custodian_Bank,RECEIVED,8,114.0,2020-06-04,2020-06-04 06:00:00,VALIDATED
1569,CUST_POS_20200626.csv,Custodian_Bank,RECEIVED,9,116.0,2020-06-26,2020-06-26 06:00:00,VALIDATED
1570,CUST_POS_20200527.csv,Custodian_Bank,RECEIVED,5,83.5,2020-05-27,2020-05-27 06:00:00,VALIDATED
1571,CUST_POS_20200628.csv,Custodian_Bank,RECEIVED,9,116.0,2020-06-28,2020-06-28 06:00:00,VALIDATED
1572,CUST_POS_20200607.csv,Custodian_Bank,RECEIVED,9,116.0,2020-06-07,2020-06-07 06:00:00,VALIDATED
1573,CUST_POS_20200629.csv,Custodian_Bank,RECEIVED,9,116.0,2020-06-29,2020-06-29 06:00:00,VALIDATED
1574,CUST_POS_20200529.csv,Custodian_Bank,RECEIVED,7,94.0,2020-05-29,2020-05-29 06:00:00,VALIDATED
1575,CUST_POS_20200608.csv,Custodian_Bank,RECEIVED,9,116.0,2020-06-08,2020-06-08 06:00:00,VALIDATED
1576,CUST_POS_20200717.csv,Custodian_Bank,RECEIVED,21,209.5,2020-07-17,2020-07-17 06:00:00,VALIDATED
1577,CUST_POS_20200530.csv,Custodian_Bank,RECEIVED,7,94.0,2020-05-30,2020-05-30 06:00:00,VALIDATED
1578,CUST_POS_20200715.csv,Custodian_Bank,RECEIVED,21,209.5,2020-07-15,2020-07-15 06:00:00,VALIDATED
1579,CUST_POS_20200829.csv,Custodian_Bank,RECEIVED,34,243.8,2020-08-29,2020-08-29 06:00:00,VALIDATED
1580,CUST_POS_20200610.csv,Custodian_Bank,RECEIVED,9,116.0,2020-06-10,2020-06-10 06:00:00,VALIDATED
1581,CUST_POS_20200618.csv,Custodian_Bank,RECEIVED,9,116.0,2020-06-18,2020-06-18 06:00:00,VALIDATED
1582,CUST_POS_20200525.csv,Custodian_Bank,RECEIVED,5,83.5,2020-05-25,2020-05-25 06:00:00,VALIDATED
1583,CUST_POS_20200623.csv,Custodian_Bank,RECEIVED,9,116.0,2020-06-23,2020-06-23 06:00:00,VALIDATED
1584,CUST_POS_20200831.csv,Custodian_Bank,RECEIVED,34,243.8,2020-08-31,2020-08-31 06:00:00,VALIDATED
1585,CUST_POS_20200727.csv,Custodian_Bank,RECEIVED,21,209.5,2020-07-27,2020-07-27 06:00:00,VALIDATED
1586,CUST_POS_20200625.csv,Custodian_Bank,RECEIVED,9,116.0,2020-06-25,2020-06-25 06:00:00,VALIDATED
1587,CUST_POS_20200627.csv,Custodian_Bank,RECEIVED,9,116.0,2020-06-27,2020-06-27 06:00:00,VALIDATED
1588,CUST_POS_20200619.csv,Custodian_Bank,RECEIVED,9,116.0,2020-06-19,2020-06-19 06:00:00,VALIDATED
1589,CUST_POS_20200621.csv,Custodian_Bank,RECEIVED,9,116.0,2020-06-21,2020-06-21 06:00:00,VALIDATED
1590,CUST_POS_20200718.csv,Custodian_Bank,RECEIVED,21,209.5,2020-07-18,2020-07-18 06:00:00,VALIDATED
1591,CUST_POS_20200603.csv,Custodian_Bank,RECEIVED,8,114.0,2020-06-03,2020-06-03 06:00:00,VALIDATED
1592,CUST_POS_20200724.csv,Custodian_Bank,RECEIVED,21,209.5,2020-07-24,2020-07-24 06:00:00,VALIDATED
1593,CUST_POS_20200908.csv,Custodian_Bank,RECEIVED,34,243.8,2020-09-08,2020-09-08 06:00:00,VALIDATED
1594,CUST_POS_20200729.csv,Custodian_Bank,RECEIVED,21,209.5,2020-07-29,2020-07-29 06:00:00,VALIDATED
1595,CUST_POS_20200730.csv,Custodian_Bank,RECEIVED,21,209.5,2020-07-30,2020-07-30 06:00:00,VALIDATED
1596,CUST_POS_20200806.csv,Custodian_Bank,RECEIVED,26,222.3,2020-08-06,2020-08-06 06:00:00,VALIDATED
1597,CUST_POS_20200712.csv,Custodian_Bank,RECEIVED,21,209.5,2020-07-12,2020-07-12 06:00:00,VALIDATED
1598,CUST_POS_20200613.csv,Custodian_Bank,RECEIVED,9,116.0,2020-06-13,2020-06-13 06:00:00,VALIDATED
1599,CUST_POS_20200810.csv,Custodian_Bank,RECEIVED,26,222.3,2020-08-10,2020-08-10 06:00:00,VALIDATED
1600,CUST_POS_20200728.csv,Custodian_Bank,RECEIVED,21,209.5,2020-07-28,2020-07-28 06:00:00,VALIDATED
1601,CUST_POS_20200615.csv,Custodian_Bank,RECEIVED,9,116.0,2020-06-15,2020-06-15 06:00:00,VALIDATED
1602,CUST_POS_20200719.csv,Custodian_Bank,RECEIVED,21,209.5,2020-07-19,2020-07-19 06:00:00,VALIDATED
1603,CUST_POS_20200909.csv,Custodian_Bank,RECEIVED,34,243.8,2020-09-09,2020-09-09 06:00:00,VALIDATED
1604,CUST_POS_20200701.csv,Custodian_Bank,RECEIVED,20,206.0,2020-07-01,2020-07-01 06:00:00,VALIDATED
1605,CUST_POS_20200818.csv,Custodian_Bank,RECEIVED,27,223.3,2020-08-18,2020-08-18 06:00:00,VALIDATED
1606,CUST_POS_20200803.csv,Custodian_Bank,RECEIVED,26,222.3,2020-08-03,2020-08-03 06:00:00,VALIDATED
1607,CUST_POS_20200711.csv,Custodian_Bank,RECEIVED,21,209.5,2020-07-11,2020-07-11 06:00:00,VALIDATED
1608,CUST_POS_20200630.csv,Custodian_Bank,RECEIVED,16,172.0,2020-06-30,2020-06-30 06:00:00,VALIDATED
1609,CUST_POS_20200723.csv,Custodian_Bank,RECEIVED,21,209.5,2020-07-23,2020-07-23 06:00:00,VALIDATED
1610,CUST_POS_20200922.csv,Custodian_Bank,RECEIVED,37,247.8,2020-09-22,2020-09-22 06:00:00,VALIDATED
1611,CUST_POS_20200804.csv,Custodian_Bank,RECEIVED,26,222.3,2020-08-04,2020-08-04 06:00:00,VALIDATED
1612,CUST_POS_20200614.csv,Custodian_Bank,RECEIVED,9,116.0,2020-06-14,2020-06-14 06:00:00,VALIDATED
1613,CUST_POS_20200714.csv,Custodian_Bank,RECEIVED,21,209.5,2020-07-14,2020-07-14 06:00:00,VALIDATED
1614,CUST_POS_20200930.csv,Custodian_Bank,RECEIVED,43,282.8,2020-09-30,2020-09-30 06:00:00,VALIDATED
1615,CUST_POS_20200811.csv,Custodian_Bank,RECEIVED,26,222.3,2020-08-11,2020-08-11 06:00:00,VALIDATED
1616,CUST_POS_20200702.csv,Custodian_Bank,RECEIVED,20,206.0,2020-07-02,2020-07-02 06:00:00,VALIDATED
1617,CUST_POS_20201008.csv,Custodian_Bank,RECEIVED,45,322.8,2020-10-08,2020-10-08 06:00:00,VALIDATED
1618,CUST_POS_20200814.csv,Custodian_Bank,RECEIVED,27,223.3,2020-08-14,2020-08-14 06:00:00,VALIDATED
1619,CUST_POS_20200617.csv,Custodian_Bank,RECEIVED,9,116.0,2020-06-17,2020-06-17 06:00:00,VALIDATED
1620,CUST_POS_20200805.csv,Custodian_Bank,RECEIVED,26,222.3,2020-08-05,2020-08-05 06:00:00,VALIDATED
1621,CUST_POS_20200901.csv,Custodian_Bank,RECEIVED,34,243.8,2020-09-01,2020-09-01 06:00:00,VALIDATED
1622,CUST_POS_20200708.csv,Custodian_Bank,RECEIVED,20,206.0,2020-07-08,2020-07-08 06:00:00,VALIDATED
1623,CUST_POS_20200830.csv,Custodian_Bank,RECEIVED,34,243.8,2020-08-30,2020-08-30 06:00:00,VALIDATED
1624,CUST_POS_20201023.csv,Custodian_Bank,RECEIVED,47,338.8,2020-10-23,2020-10-23 06:00:00,VALIDATED
1625,CUST_POS_20200709.csv,Custodian_Bank,RECEIVED,21,209.5,2020-07-09,2020-07-09 06:00:00,VALIDATED
1626,CUST_POS_20200910.csv,Custodian_Bank,RECEIVED,34,243.8,2020-09-10,2020-09-10 06:00:00,VALIDATED
1627,CUST_POS_20200824.csv,Custodian_Bank,RECEIVED,28,227.3,2020-08-24,2020-08-24 06:00:00,VALIDATED
1628,CUST_POS_20200706.csv,Custodian_Bank,RECEIVED,20,206.0,2020-07-06,2020-07-06 06:00:00,VALIDATED
1629,CUST_POS_20200825.csv,Custodian_Bank,RECEIVED,28,227.3,2020-08-25,2020-08-25 06:00:00,VALIDATED
1630,CUST_POS_20200609.csv,Custodian_Bank,RECEIVED,9,116.0,2020-06-09,2020-06-09 06:00:00,VALIDATED
1631,CUST_POS_20200705.csv,Custodian_Bank,RECEIVED,20,206.0,2020-07-05,2020-07-05 06:00:00,VALIDATED
1632,CUST_POS_20201005.csv,Custodian_Bank,RECEIVED,43,282.8,2020-10-05,2020-10-05 06:00:00,VALIDATED
1633,CUST_POS_20200826.csv,Custodian_Bank,RECEIVED,28,227.3,2020-08-26,2020-08-26 06:00:00,VALIDATED
1634,CUST_POS_20200726.csv,Custodian_Bank,RECEIVED,21,209.5,2020-07-26,2020-07-26 06:00:00,VALIDATED
1635,CUST_POS_20200710.csv,Custodian_Bank,RECEIVED,21,209.5,2020-07-10,2020-07-10 06:00:00,VALIDATED
1636,CUST_POS_20201103.csv,Custodian_Bank,RECEIVED,54,418.8,2020-11-03,2020-11-03 06:00:00,VALIDATED
1637,CUST_POS_20200802.csv,Custodian_Bank,RECEIVED,26,222.3,2020-08-02,2020-08-02 06:00:00,VALIDATED
1638,CUST_POS_20200812.csv,Custodian_Bank,RECEIVED,26,222.3,2020-08-12,2020-08-12 06:00:00,VALIDATED
1639,CUST_POS_20200906.csv,Custodian_Bank,RECEIVED,34,243.8,2020-09-06,2020-09-06 06:00:00,VALIDATED
1640,CUST_POS_20200817.csv,Custodian_Bank,RECEIVED,27,223.3,2020-08-17,2020-08-17 06:00:00,VALIDATED
1641,CUST_POS_20200921.csv,Custodian_Bank,RECEIVED,37,247.8,2020-09-21,2020-09-21 06:00:00,VALIDATED
1642,CUST_POS_20200813.csv,Custodian_Bank,RECEIVED,27,223.3,2020-08-13,2020-08-13 06:00:00,VALIDATED
1643,CUST_POS_20200816.csv,Custodian_Bank,RECEIVED,27,223.3,2020-08-16,2020-08-16 06:00:00,VALIDATED
1644,CUST_POS_20201007.csv,Custodian_Bank,RECEIVED,44,320.8,2020-10-07,2020-10-07 06:00:00,VALIDATED
1645,CUST_POS_20200815.csv,Custodian_Bank,RECEIVED,27,223.3,2020-08-15,2020-08-15 06:00:00,VALIDATED
1646,CUST_POS_20200905.csv,Custodian_Bank,RECEIVED,34,243.8,2020-09-05,2020-09-05 06:00:00,VALIDATED
1647,CUST_POS_20200923.csv,Custodian_Bank,RECEIVED,37,247.8,2020-09-23,2020-09-23 06:00:00,VALIDATED
1648,CUST_POS_20200904.csv,Custodian_Bank,RECEIVED,34,243.8,2020-09-04,2020-09-04 06:00:00,VALIDATED
1649,CUST_POS_20200915.csv,Custodian_Bank,RECEIVED,36,245.8,2020-09-15,2020-09-15 06:00:00,VALIDATED
1650,CUST_POS_20201027.csv,Custodian_Bank,RECEIVED,47,338.8,2020-10-27,2020-10-27 06:00:00,VALIDATED
1651,CUST_POS_20200912.csv,Custodian_Bank,RECEIVED,34,243.8,2020-09-12,2020-09-12 06:00:00,VALIDATED
1652,CUST_POS_20200914.csv,Custodian_Bank,RECEIVED,34,243.8,2020-09-14,2020-09-14 06:00:00,VALIDATED
1653,CUST_POS_20200913.csv,Custodian_Bank,RECEIVED,34,243.8,2020-09-13,2020-09-13 06:00:00,VALIDATED
1654,CUST_POS_20200713.csv,Custodian_Bank,RECEIVED,21,209.5,2020-07-13,2020-07-13 06:00:00,VALIDATED
1655,CUST_POS_20200918.csv,Custodian_Bank,RECEIVED,37,247.8,2020-09-18,2020-09-18 06:00:00,VALIDATED
1656,CUST_POS_20201121.csv,Custodian_Bank,RECEIVED,67,558.8,2020-11-21,2020-11-21 06:00:00,VALIDATED
1657,CUST_POS_20201105.csv,Custodian_Bank,RECEIVED,54,418.8,2020-11-05,2020-11-05 06:00:00,VALIDATED
1658,CUST_POS_20201001.csv,Custodian_Bank,RECEIVED,43,282.8,2020-10-01,2020-10-01 06:00:00,VALIDATED
1659,CUST_POS_20200716.csv,Custodian_Bank,RECEIVED,21,209.5,2020-07-16,2020-07-16 06:00:00,VALIDATED
1660,CUST_POS_20200926.csv,Custodian_Bank,RECEIVED,37,247.8,2020-09-26,2020-09-26 06:00:00,VALIDATED
1661,CUST_POS_20200611.csv,Custodian_Bank,RECEIVED,9,116.0,2020-06-11,2020-06-11 06:00:00,VALIDATED
1662,CUST_POS_20200801.csv,Custodian_Bank,RECEIVED,26,222.3,2020-08-01,2020-08-01 06:00:00,VALIDATED
1663,CUST_POS_20201017.csv,Custodian_Bank,RECEIVED,46,327.8,2020-10-17,2020-10-17 06:00:00,VALIDATED
1664,CUST_POS_20200807.csv,Custodian_Bank,RECEIVED,26,222.3,2020-08-07,2020-08-07 06:00:00,VALIDATED
1665,CUST_POS_20200917.csv,Custodian_Bank,RECEIVED,37,247.8,2020-09-17,2020-09-17 06:00:00,VALIDATED
1666,CUST_POS_20200929.csv,Custodian_Bank,RECEIVED,43,282.8,2020-09-29,2020-09-29 06:00:00,VALIDATED
1667,CUST_POS_20200924.csv,Custodian_Bank,RECEIVED,37,247.8,2020-09-24,2020-09-24 06:00:00,VALIDATED
1668,CUST_POS_20201012.csv,Custodian_Bank,RECEIVED,45,322.8,2020-10-12,2020-10-12 06:00:00,VALIDATED
1669,CUST_POS_20201106.csv,Custodian_Bank,RECEIVED,58,473.8,2020-11-06,2020-11-06 06:00:00,VALIDATED
1670,CUST_POS_20201013.csv,Custodian_Bank,RECEIVED,45,322.8,2020-10-13,2020-10-13 06:00:00,VALIDATED
1671,CUST_POS_20200707.csv,Custodian_Bank,RECEIVED,20,206.0,2020-07-07,2020-07-07 06:00:00,VALIDATED
1672,CUST_POS_20201015.csv,Custodian_Bank,RECEIVED,46,327.8,2020-10-15,2020-10-15 06:00:00,VALIDATED
1673,CUST_POS_20201004.csv,Custodian_Bank,RECEIVED,43,282.8,2020-10-04,2020-10-04 06:00:00,VALIDATED
1674,CUST_POS_20201201.csv,Custodian_Bank,RECEIVED,78,655.8,2020-12-01,2020-12-01 06:00:00,VALIDATED
1675,CUST_POS_20201018.csv,Custodian_Bank,RECEIVED,46,327.8,2020-10-18,2020-10-18 06:00:00,VALIDATED
1676,CUST_POS_20200920.csv,Custodian_Bank,RECEIVED,37,247.8,2020-09-20,2020-09-20 06:00:00,VALIDATED
1677,CUST_POS_20200722.csv,Custodian_Bank,RECEIVED,21,209.5,2020-07-22,2020-07-22 06:00:00,VALIDATED
1678,CUST_POS_20201104.csv,Custodian_Bank,RECEIVED,54,418.8,2020-11-04,2020-11-04 06:00:00,VALIDATED
1679,CUST_POS_20201010.csv,Custodian_Bank,RECEIVED,45,322.8,2020-10-10,2020-10-10 06:00:00,VALIDATED
1680,CUST_POS_20200822.csv,Custodian_Bank,RECEIVED,28,227.3,2020-08-22,2020-08-22 06:00:00,VALIDATED
1681,CUST_POS_20200725.csv,Custodian_Bank,RECEIVED,21,209.5,2020-07-25,2020-07-25 06:00:00,VALIDATED
1682,CUST_POS_20201020.csv,Custodian_Bank,RECEIVED,46,327.8,2020-10-20,2020-10-20 06:00:00,VALIDATED
1683,CUST_POS_20200828.csv,Custodian_Bank,RECEIVED,34,243.8,2020-08-28,2020-08-28 06:00:00,VALIDATED
1684,CUST_POS_20201109.csv,Custodian_Bank,RECEIVED,58,473.8,2020-11-09,2020-11-09 06:00:00,VALIDATED
1685,CUST_POS_20201022.csv,Custodian_Bank,RECEIVED,47,338.8,2020-10-22,2020-10-22 06:00:00,VALIDATED
1686,CUST_POS_20201025.csv,Custodian_Bank,RECEIVED,47,338.8,2020-10-25,2020-10-25 06:00:00,VALIDATED
1687,CUST_POS_20201019.csv,Custodian_Bank,RECEIVED,46,327.8,2020-10-19,2020-10-19 06:00:00,VALIDATED
1688,CUST_POS_20200902.csv,Custodian_Bank,RECEIVED,34,243.8,2020-09-02,2020-09-02 06:00:00,VALIDATED
1689,CUST_POS_20201101.csv,Custodian_Bank,RECEIVED,54,418.8,2020-11-01,2020-11-01 06:00:00,VALIDATED
1690,CUST_POS_20200916.csv,Custodian_Bank,RECEIVED,37,247.8,2020-09-16,2020-09-16 06:00:00,VALIDATED
1691,CUST_POS_20201204.csv,Custodian_Bank,RECEIVED,80,660.8,2020-12-04,2020-12-04 06:00:00,VALIDATED
1692,CUST_POS_20201024.csv,Custodian_Bank,RECEIVED,47,338.8,2020-10-24,2020-10-24 06:00:00,VALIDATED
1693,CUST_POS_20200919.csv,Custodian_Bank,RECEIVED,37,247.8,2020-09-19,2020-09-19 06:00:00,VALIDATED
1694,CUST_POS_20201215.csv,Custodian_Bank,RECEIVED,88,697.8,2020-12-15,2020-12-15 06:00:00,VALIDATED
1695,CUST_POS_20201108.csv,Custodian_Bank,RECEIVED,58,473.8,2020-11-08,2020-11-08 06:00:00,VALIDATED
1696,CUST_POS_20201115.csv,Custodian_Bank,RECEIVED,59,497.8,2020-11-15,2020-11-15 06:00:00,VALIDATED
1697,CUST_POS_20201111.csv,Custodian_Bank,RECEIVED,58,473.8,2020-11-11,2020-11-11 06:00:00,VALIDATED
1698,CUST_POS_20201224.csv,Custodian_Bank,RECEIVED,94,731.0,2020-12-24,2020-12-24 06:00:00,VALIDATED
1699,CUST_POS_20201117.csv,Custodian_Bank,RECEIVED,62,533.8,2020-11-17,2020-11-17 06:00:00,VALIDATED
1700,CUST_POS_20201112.csv,Custodian_Bank,RECEIVED,58,473.8,2020-11-12,2020-11-12 06:00:00,VALIDATED
1701,CUST_POS_20201118.csv,Custodian_Bank,RECEIVED,62,533.8,2020-11-18,2020-11-18 06:00:00,VALIDATED
1702,CUST_POS_20201119.csv,Custodian_Bank,RECEIVED,63,537.8,2020-11-19,2020-11-19 06:00:00,VALIDATED
1703,CUST_POS_20201130.csv,Custodian_Bank,RECEIVED,75,644.8,2020-11-30,2020-11-30 06:00:00,VALIDATED
1704,CUST_POS_20201203.csv,Custodian_Bank,RECEIVED,79,654.8,2020-12-03,2020-12-03 06:00:00,VALIDATED
1705,CUST_POS_20210125.csv,Custodian_Bank,RECEIVED,104,784.0,2021-01-25,2021-01-25 06:00:00,VALIDATED
1706,CUST_POS_20200925.csv,Custodian_Bank,RECEIVED,37,247.8,2020-09-25,2020-09-25 06:00:00,VALIDATED
1707,CUST_POS_20201208.csv,Custodian_Bank,RECEIVED,80,660.8,2020-12-08,2020-12-08 06:00:00,VALIDATED
1708,CUST_POS_20201123.csv,Custodian_Bank,RECEIVED,67,558.8,2020-11-23,2020-11-23 06:00:00,VALIDATED
1709,CUST_POS_20200928.csv,Custodian_Bank,RECEIVED,37,247.8,2020-09-28,2020-09-28 06:00:00,VALIDATED
1710,CUST_POS_20201219.csv,Custodian_Bank,RECEIVED,91,715.8,2020-12-19,2020-12-19 06:00:00,VALIDATED
1711,CUST_POS_20201206.csv,Custodian_Bank,RECEIVED,80,660.8,2020-12-06,2020-12-06 06:00:00,VALIDATED
1712,CUST_POS_20201122.csv,Custodian_Bank,RECEIVED,67,558.8,2020-11-22,2020-11-22 06:00:00,VALIDATED
1713,CUST_POS_20210127.csv,Custodian_Bank,RECEIVED,104,784.0,2021-01-27,2021-01-27 06:00:00,VALIDATED
1714,CUST_POS_20201107.csv,Custodian_Bank,RECEIVED,58,473.8,2020-11-07,2020-11-07 06:00:00,VALIDATED
1715,CUST_POS_20210206.csv,Custodian_Bank,RECEIVED,111,808.0,2021-02-06,2021-02-06 06:00:00,VALIDATED
1716,CUST_POS_20201124.csv,Custodian_Bank,RECEIVED,69,623.8,2020-11-24,2020-11-24 06:00:00,VALIDATED
1717,CUST_POS_20201127.csv,Custodian_Bank,RECEIVED,75,644.8,2020-11-27,2020-11-27 06:00:00,VALIDATED
1718,CUST_POS_20200809.csv,Custodian_Bank,RECEIVED,26,222.3,2020-08-09,2020-08-09 06:00:00,VALIDATED
1719,CUST_POS_20201209.csv,Custodian_Bank,RECEIVED,82,667.8,2020-12-09,2020-12-09 06:00:00,VALIDATED
1720,CUST_POS_20201207.csv,Custodian_Bank,RECEIVED,80,660.8,2020-12-07,2020-12-07 06:00:00,VALIDATED
1721,CUST_POS_20201126.csv,Custodian_Bank,RECEIVED,69,623.8,2020-11-26,2020-11-26 06:00:00,VALIDATED
1722,CUST_POS_20201028.csv,Custodian_Bank,RECEIVED,48,356.8,2020-10-28,2020-10-28 06:00:00,VALIDATED
1723,CUST_POS_20201228.csv,Custodian_Bank,RECEIVED,94,731.0,2020-12-28,2020-12-28 06:00:00,VALIDATED
1724,CUST_POS_20201230.csv,Custodian_Bank,RECEIVED,94,731.0,2020-12-30,2020-12-30 06:00:00,VALIDATED
1725,CUST_POS_20210106.csv,Custodian_Bank,RECEIVED,98,758.0,2021-01-06,2021-01-06 06:00:00,VALIDATED
1726,CUST_POS_20200819.csv,Custodian_Bank,RECEIVED,27,223.3,2020-08-19,2020-08-19 06:00:00,VALIDATED
1727,CUST_POS_20210115.csv,Custodian_Bank,RECEIVED,100,779.0,2021-01-15,2021-01-15 06:00:00,VALIDATED
1728,CUST_POS_20201222.csv,Custodian_Bank,RECEIVED,91,720.8,2020-12-22,2020-12-22 06:00:00,VALIDATED
1729,CUST_POS_20201225.csv,Custodian_Bank,RECEIVED,94,731.0,2020-12-25,2020-12-25 06:00:00,VALIDATED
1730,CUST_POS_20210216.csv,Custodian_Bank,RECEIVED,119,824.0,2021-02-16,2021-02-16 06:00:00,VALIDATED
1731,CUST_POS_20201026.csv,Custodian_Bank,RECEIVED,47,338.8,2020-10-26,2020-10-26 06:00:00,VALIDATED
1732,CUST_POS_20210102.csv,Custodian_Bank,RECEIVED,95,733.0,2021-01-02,2021-01-02 06:00:00,VALIDATED
1733,CUST_POS_20201216.csv,Custodian_Bank,RECEIVED,88,697.8,2020-12-16,2020-12-16 06:00:00,VALIDATED
1734,CUST_POS_20201102.csv,Custodian_Bank,RECEIVED,54,418.8,2020-11-02,2020-11-02 06:00:00,VALIDATED
1735,CUST_POS_20201213.csv,Custodian_Bank,RECEIVED,82,667.8,2020-12-13,2020-12-13 06:00:00,VALIDATED
1736,CUST_POS_20200820.csv,Custodian_Bank,RECEIVED,27,223.3,2020-08-20,2020-08-20 06:00:00,VALIDATED
1737,CUST_POS_20210201.csv,Custodian_Bank,RECEIVED,110,804.0,2021-02-01,2021-02-01 06:00:00,VALIDATED
1738,CUST_POS_20210218.csv,Custodian_Bank,RECEIVED,174,2438.0,2021-02-18,2021-02-18 06:00:00,VALIDATED
1739,CUST_POS_20201003.csv,Custodian_Bank,RECEIVED,43,282.8,2020-10-03,2020-10-03 06:00:00,VALIDATED
1740,CUST_POS_20210319.csv,Custodian_Bank,RECEIVED,189,2587.0,2021-03-19,2021-03-19 06:00:00,VALIDATED
1741,CUST_POS_20201120.csv,Custodian_Bank,RECEIVED,67,558.8,2020-11-20,2020-11-20 06:00:00,VALIDATED
1742,CUST_POS_20201214.csv,Custodian_Bank,RECEIVED,88,697.8,2020-12-14,2020-12-14 06:00:00,VALIDATED
1743,CUST_POS_20210112.csv,Custodian_Bank,RECEIVED,99,773.0,2021-01-12,2021-01-12 06:00:00,VALIDATED
1744,CUST_POS_20210107.csv,Custodian_Bank,RECEIVED,98,758.0,2021-01-07,2021-01-07 06:00:00,VALIDATED
1745,CUST_POS_20210128.csv,Custodian_Bank,RECEIVED,108,799.0,2021-01-28,2021-01-28 06:00:00,VALIDATED
1746,CUST_POS_20201129.csv,Custodian_Bank,RECEIVED,75,644.8,2020-11-29,2020-11-29 06:00:00,VALIDATED
1747,CUST_POS_20210109.csv,Custodian_Bank,RECEIVED,99,773.0,2021-01-09,2021-01-09 06:00:00,VALIDATED
1748,CUST_POS_20201006.csv,Custodian_Bank,RECEIVED,44,320.8,2020-10-06,2020-10-06 06:00:00,VALIDATED
1749,CUST_POS_20201211.csv,Custodian_Bank,RECEIVED,82,667.8,2020-12-11,2020-12-11 06:00:00,VALIDATED
1750,CUST_POS_20201229.csv,Custodian_Bank,RECEIVED,94,731.0,2020-12-29,2020-12-29 06:00:00,VALIDATED
1751,CUST_POS_20210411.csv,Custodian_Bank,RECEIVED,220,2640.0,2021-04-11,2021-04-11 06:00:00,VALIDATED
1752,CUST_POS_20201009.csv,Custodian_Bank,RECEIVED,45,322.8,2020-10-09,2020-10-09 06:00:00,VALIDATED
1753,CUST_POS_20210123.csv,Custodian_Bank,RECEIVED,101,781.0,2021-01-23,2021-01-23 06:00:00,VALIDATED
1754,CUST_POS_20200823.csv,Custodian_Bank,RECEIVED,28,227.3,2020-08-23,2020-08-23 06:00:00,VALIDATED
1755,CUST_POS_20210413.csv,Custodian_Bank,RECEIVED,232,2640.0,2021-04-13,2021-04-13 06:00:00,VALIDATED
1756,CUST_POS_20201217.csv,Custodian_Bank,RECEIVED,88,697.8,2020-12-17,2020-12-17 06:00:00,VALIDATED
1757,CUST_POS_20201221.csv,Custodian_Bank,RECEIVED,91,715.8,2020-12-21,2020-12-21 06:00:00,VALIDATED
1758,CUST_POS_20201031.csv,Custodian_Bank,RECEIVED,54,418.8,2020-10-31,2020-10-31 06:00:00,VALIDATED
1759,CUST_POS_20210423.csv,Custodian_Bank,RECEIVED,261,2642.0,2021-04-23,2021-04-23 06:00:00,VALIDATED
1760,CUST_POS_20201227.csv,Custodian_Bank,RECEIVED,94,731.0,2020-12-27,2020-12-27 06:00:00,VALIDATED
1761,CUST_POS_20201223.csv,Custodian_Bank,RECEIVED,94,731.0,2020-12-23,2020-12-23 06:00:00,VALIDATED
1762,CUST_POS_20210117.csv,Custodian_Bank,RECEIVED,100,779.0,2021-01-17,2021-01-17 06:00:00,VALIDATED
1763,CUST_POS_20201116.csv,Custodian_Bank,RECEIVED,62,533.8,2020-11-16,2020-11-16 06:00:00,VALIDATED
1764,CUST_POS_20210211.csv,Custodian_Bank,RECEIVED,113,793.0,2021-02-11,2021-02-11 06:00:00,VALIDATED
1765,CUST_POS_20201011.csv,Custodian_Bank,RECEIVED,45,322.8,2020-10-11,2020-10-11 06:00:00,VALIDATED
1766,CUST_POS_20210101.csv,Custodian_Bank,RECEIVED,95,733.0,2021-01-01,2021-01-01 06:00:00,VALIDATED
1767,CUST_POS_20200827.csv,Custodian_Bank,RECEIVED,28,227.3,2020-08-27,2020-08-27 06:00:00,VALIDATED
1768,CUST_POS_20210119.csv,Custodian_Bank,RECEIVED,100,779.0,2021-01-19,2021-01-19 06:00:00,VALIDATED
1769,CUST_POS_20210205.csv,Custodian_Bank,RECEIVED,111,808.0,2021-02-05,2021-02-05 06:00:00,VALIDATED
1770,CUST_POS_20210212.csv,Custodian_Bank,RECEIVED,115,795.0,2021-02-12,2021-02-12 06:00:00,VALIDATED
1771,CUST_POS_20201210.csv,Custodian_Bank,RECEIVED,82,667.8,2020-12-10,2020-12-10 06:00:00,VALIDATED
1772,CUST_POS_20210427.csv,Custodian_Bank,RECEIVED,264,2645.0,2021-04-27,2021-04-27 06:00:00,VALIDATED
1773,CUST_POS_20201014.csv,Custodian_Bank,RECEIVED,45,322.8,2020-10-14,2020-10-14 06:00:00,VALIDATED
1774,CUST_POS_20201226.csv,Custodian_Bank,RECEIVED,94,731.0,2020-12-26,2020-12-26 06:00:00,VALIDATED
1775,CUST_POS_20210105.csv,Custodian_Bank,RECEIVED,98,758.0,2021-01-05,2021-01-05 06:00:00,VALIDATED
1776,CUST_POS_20210213.csv,Custodian_Bank,RECEIVED,115,795.0,2021-02-13,2021-02-13 06:00:00,VALIDATED
1777,CUST_POS_20210121.csv,Custodian_Bank,RECEIVED,101,781.0,2021-01-21,2021-01-21 06:00:00,VALIDATED
1778,CUST_POS_20210113.csv,Custodian_Bank,RECEIVED,99,773.0,2021-01-13,2021-01-13 06:00:00,VALIDATED
1779,CUST_POS_20210429.csv,Custodian_Bank,RECEIVED,275,2671.0,2021-04-29,2021-04-29 06:00:00,VALIDATED
1780,CUST_POS_20210219.csv,Custodian_Bank,RECEIVED,177,2444.0,2021-02-19,2021-02-19 06:00:00,VALIDATED
1781,CUST_POS_20210122.csv,Custodian_Bank,RECEIVED,101,781.0,2021-01-22,2021-01-22 06:00:00,VALIDATED
1782,CUST_POS_20200903.csv,Custodian_Bank,RECEIVED,34,243.8,2020-09-03,2020-09-03 06:00:00,VALIDATED
1783,CUST_POS_20201016.csv,Custodian_Bank,RECEIVED,46,327.8,2020-10-16,2020-10-16 06:00:00,VALIDATED
1784,CUST_POS_20210301.csv,Custodian_Bank,RECEIVED,188,2584.0,2021-03-01,2021-03-01 06:00:00,VALIDATED
1785,CUST_POS_20210310.csv,Custodian_Bank,RECEIVED,189,2587.0,2021-03-10,2021-03-10 06:00:00,VALIDATED
1786,CUST_POS_20210223.csv,Custodian_Bank,RECEIVED,179,2465.0,2021-02-23,2021-02-23 06:00:00,VALIDATED
1787,CUST_POS_20210517.csv,Custodian_Bank,RECEIVED,284,2711.0,2021-05-17,2021-05-17 06:00:00,VALIDATED
1788,CUST_POS_20210114.csv,Custodian_Bank,RECEIVED,100,779.0,2021-01-14,2021-01-14 06:00:00,VALIDATED
1789,CUST_POS_20210226.csv,Custodian_Bank,RECEIVED,186,2577.0,2021-02-26,2021-02-26 06:00:00,VALIDATED
1790,CUST_POS_20210227.csv,Custodian_Bank,RECEIVED,186,2577.0,2021-02-27,2021-02-27 06:00:00,VALIDATED
1791,CUST_POS_20210214.csv,Custodian_Bank,RECEIVED,115,795.0,2021-02-14,2021-02-14 06:00:00,VALIDATED
1792,CUST_POS_20210311.csv,Custodian_Bank,RECEIVED,189,2587.0,2021-03-11,2021-03-11 06:00:00,VALIDATED
1793,CUST_POS_20201030.csv,Custodian_Bank,RECEIVED,54,418.8,2020-10-30,2020-10-30 06:00:00,VALIDATED
1794,CUST_POS_20210103.csv,Custodian_Bank,RECEIVED,95,733.0,2021-01-03,2021-01-03 06:00:00,VALIDATED
1795,CUST_POS_20210315.csv,Custodian_Bank,RECEIVED,189,2587.0,2021-03-15,2021-03-15 06:00:00,VALIDATED
1796,CUST_POS_20210306.csv,Custodian_Bank,RECEIVED,188,2584.0,2021-03-06,2021-03-06 06:00:00,VALIDATED
1797,CUST_POS_20210305.csv,Custodian_Bank,RECEIVED,188,2584.0,2021-03-05,2021-03-05 06:00:00,VALIDATED
1798,CUST_POS_20210322.csv,Custodian_Bank,RECEIVED,190,2589.0,2021-03-22,2021-03-22 06:00:00,VALIDATED
1799,CUST_POS_20210104.csv,Custodian_Bank,RECEIVED,98,758.0,2021-01-04,2021-01-04 06:00:00,VALIDATED
1800,CUST_POS_20210126.csv,Custodian_Bank,RECEIVED,104,784.0,2021-01-26,2021-01-26 06:00:00,VALIDATED
1801,CUST_POS_20200907.csv,Custodian_Bank,RECEIVED,34,243.8,2020-09-07,2020-09-07 06:00:00,VALIDATED
1802,CUST_POS_20210404.csv,Custodian_Bank,RECEIVED,199,2618.0,2021-04-04,2021-04-04 06:00:00,VALIDATED
1803,CUST_POS_20210110.csv,Custodian_Bank,RECEIVED,99,773.0,2021-01-10,2021-01-10 06:00:00,VALIDATED
1804,CUST_POS_20210207.csv,Custodian_Bank,RECEIVED,111,808.0,2021-02-07,2021-02-07 06:00:00,VALIDATED
1805,CUST_POS_20200911.csv,Custodian_Bank,RECEIVED,34,243.8,2020-09-11,2020-09-11 06:00:00,VALIDATED
1806,CUST_POS_20210118.csv,Custodian_Bank,RECEIVED,100,779.0,2021-01-18,2021-01-18 06:00:00,VALIDATED
1807,CUST_POS_20210124.csv,Custodian_Bank,RECEIVED,101,781.0,2021-01-24,2021-01-24 06:00:00,VALIDATED
1808,CUST_POS_20210302.csv,Custodian_Bank,RECEIVED,188,2584.0,2021-03-02,2021-03-02 06:00:00,VALIDATED
1809,CUST_POS_20210220.csv,Custodian_Bank,RECEIVED,177,2444.0,2021-02-20,2021-02-20 06:00:00,VALIDATED
1810,CUST_POS_20210309.csv,Custodian_Bank,RECEIVED,188,2584.0,2021-03-09,2021-03-09 06:00:00,VALIDATED
1811,CUST_POS_20210414.csv,Custodian_Bank,RECEIVED,234,2640.0,2021-04-14,2021-04-14 06:00:00,VALIDATED
1812,CUST_POS_20201125.csv,Custodian_Bank,RECEIVED,69,623.8,2020-11-25,2020-11-25 06:00:00,VALIDATED
1813,CUST_POS_20200927.csv,Custodian_Bank,RECEIVED,37,247.8,2020-09-27,2020-09-27 06:00:00,VALIDATED
1814,CUST_POS_20210422.csv,Custodian_Bank,RECEIVED,261,2642.0,2021-04-22,2021-04-22 06:00:00,VALIDATED
1815,CUST_POS_20210314.csv,Custodian_Bank,RECEIVED,189,2587.0,2021-03-14,2021-03-14 06:00:00,VALIDATED
1816,CUST_POS_20210317.csv,Custodian_Bank,RECEIVED,189,2587.0,2021-03-17,2021-03-17 06:00:00,VALIDATED
1817,CUST_POS_20210318.csv,Custodian_Bank,RECEIVED,189,2587.0,2021-03-18,2021-03-18 06:00:00,VALIDATED
1818,CUST_POS_20210222.csv,Custodian_Bank,RECEIVED,179,2450.0,2021-02-22,2021-02-22 06:00:00,VALIDATED
1819,CUST_POS_20210308.csv,Custodian_Bank,RECEIVED,188,2584.0,2021-03-08,2021-03-08 06:00:00,VALIDATED
1820,CUST_POS_20210523.csv,Custodian_Bank,RECEIVED,287,2717.0,2021-05-23,2021-05-23 06:00:00,VALIDATED
1821,CUST_POS_20210406.csv,Custodian_Bank,RECEIVED,207,2640.0,2021-04-06,2021-04-06 06:00:00,VALIDATED
1822,CUST_POS_20210312.csv,Custodian_Bank,RECEIVED,189,2587.0,2021-03-12,2021-03-12 06:00:00,VALIDATED
1823,CUST_POS_20210202.csv,Custodian_Bank,RECEIVED,110,804.0,2021-02-02,2021-02-02 06:00:00,VALIDATED
1824,CUST_POS_20210325.csv,Custodian_Bank,RECEIVED,191,2593.0,2021-03-25,2021-03-25 06:00:00,VALIDATED
1825,CUST_POS_20201205.csv,Custodian_Bank,RECEIVED,80,660.8,2020-12-05,2020-12-05 06:00:00,VALIDATED
1826,CUST_POS_20210501.csv,Custodian_Bank,RECEIVED,275,2671.0,2021-05-01,2021-05-01 06:00:00,VALIDATED
1827,CUST_POS_20201220.csv,Custodian_Bank,RECEIVED,91,715.8,2020-12-20,2020-12-20 06:00:00,VALIDATED
1828,CUST_POS_20210131.csv,Custodian_Bank,RECEIVED,108,799.0,2021-01-31,2021-01-31 06:00:00,VALIDATED
1829,CUST_POS_20210407.csv,Custodian_Bank,RECEIVED,210,2640.0,2021-04-07,2021-04-07 06:00:00,VALIDATED
1830,CUST_POS_20210616.csv,Custodian_Bank,RECEIVED,305,2890.0,2021-06-16,2021-06-16 06:00:00,VALIDATED
1831,CUST_POS_20210224.csv,Custodian_Bank,RECEIVED,181,2515.0,2021-02-24,2021-02-24 06:00:00,VALIDATED
1832,CUST_POS_20210327.csv,Custodian_Bank,RECEIVED,191,2593.0,2021-03-27,2021-03-27 06:00:00,VALIDATED
1833,CUST_POS_20210412.csv,Custodian_Bank,RECEIVED,225,2640.0,2021-04-12,2021-04-12 06:00:00,VALIDATED
1834,CUST_POS_20210303.csv,Custodian_Bank,RECEIVED,188,2584.0,2021-03-03,2021-03-03 06:00:00,VALIDATED
1835,CUST_POS_20201002.csv,Custodian_Bank,RECEIVED,43,282.8,2020-10-02,2020-10-02 06:00:00,VALIDATED
1836,CUST_POS_20210208.csv,Custodian_Bank,RECEIVED,111,808.0,2021-02-08,2021-02-08 06:00:00,VALIDATED
1837,CUST_POS_20210307.csv,Custodian_Bank,RECEIVED,188,2584.0,2021-03-07,2021-03-07 06:00:00,VALIDATED
1838,CUST_POS_20210515.csv,Custodian_Bank,RECEIVED,284,2711.0,2021-05-15,2021-05-15 06:00:00,VALIDATED
1839,CUST_POS_20210108.csv,Custodian_Bank,RECEIVED,99,773.0,2021-01-08,2021-01-08 06:00:00,VALIDATED
1840,CUST_POS_20210604.csv,Custodian_Bank,RECEIVED,302,2833.0,2021-06-04,2021-06-04 06:00:00,VALIDATED
1841,CUST_POS_20210328.csv,Custodian_Bank,RECEIVED,191,2593.0,2021-03-28,2021-03-28 06:00:00,VALIDATED
1842,CUST_POS_20210210.csv,Custodian_Bank,RECEIVED,113,793.0,2021-02-10,2021-02-10 06:00:00,VALIDATED
1843,CUST_POS_20210618.csv,Custodian_Bank,RECEIVED,306,2900.0,2021-06-18,2021-06-18 06:00:00,VALIDATED
1844,CUST_POS_20201021.csv,Custodian_Bank,RECEIVED,46,327.8,2020-10-21,2020-10-21 06:00:00,VALIDATED
1845,CUST_POS_20210418.csv,Custodian_Bank,RECEIVED,245,2640.0,2021-04-18,2021-04-18 06:00:00,VALIDATED
1846,CUST_POS_20210313.csv,Custodian_Bank,RECEIVED,189,2587.0,2021-03-13,2021-03-13 06:00:00,VALIDATED
1847,CUST_POS_20210209.csv,Custodian_Bank,RECEIVED,111,808.0,2021-02-09,2021-02-09 06:00:00,VALIDATED
1848,CUST_POS_20210622.csv,Custodian_Bank,RECEIVED,308,2915.0,2021-06-22,2021-06-22 06:00:00,VALIDATED
1849,CUST_POS_20210330.csv,Custodian_Bank,RECEIVED,199,2618.0,2021-03-30,2021-03-30 06:00:00,VALIDATED
1850,CUST_POS_20210111.csv,Custodian_Bank,RECEIVED,99,773.0,2021-01-11,2021-01-11 06:00:00,VALIDATED
1851,CUST_POS_20210704.csv,Custodian_Bank,RECEIVED,319,3081.0,2021-07-04,2021-07-04 06:00:00,VALIDATED
1852,CUST_POS_20210403.csv,Custodian_Bank,RECEIVED,199,2618.0,2021-04-03,2021-04-03 06:00:00,VALIDATED
1853,CUST_POS_20210421.csv,Custodian_Bank,RECEIVED,255,2640.0,2021-04-21,2021-04-21 06:00:00,VALIDATED
1854,CUST_POS_20210705.csv,Custodian_Bank,RECEIVED,319,3081.0,2021-07-05,2021-07-05 06:00:00,VALIDATED
1855,CUST_POS_20210409.csv,Custodian_Bank,RECEIVED,220,2640.0,2021-04-09,2021-04-09 06:00:00,VALIDATED
1856,CUST_POS_20210424.csv,Custodian_Bank,RECEIVED,261,2642.0,2021-04-24,2021-04-24 06:00:00,VALIDATED
1857,CUST_POS_20210225.csv,Custodian_Bank,RECEIVED,182,2563.0,2021-02-25,2021-02-25 06:00:00,VALIDATED
1858,CUST_POS_20210410.csv,Custodian_Bank,RECEIVED,220,2640.0,2021-04-10,2021-04-10 06:00:00,VALIDATED
1859,CUST_POS_20210702.csv,Custodian_Bank,RECEIVED,319,3081.0,2021-07-02,2021-07-02 06:00:00,VALIDATED
1860,CUST_POS_20210116.csv,Custodian_Bank,RECEIVED,100,779.0,2021-01-16,2021-01-16 06:00:00,VALIDATED
1861,CUST_POS_20210316.csv,Custodian_Bank,RECEIVED,189,2587.0,2021-03-16,2021-03-16 06:00:00,VALIDATED
1862,CUST_POS_20201029.csv,Custodian_Bank,RECEIVED,54,418.8,2020-10-29,2020-10-29 06:00:00,VALIDATED
1863,CUST_POS_20210513.csv,Custodian_Bank,RECEIVED,284,2711.0,2021-05-13,2021-05-13 06:00:00,VALIDATED
1864,CUST_POS_20210405.csv,Custodian_Bank,RECEIVED,201,2623.0,2021-04-05,2021-04-05 06:00:00,VALIDATED
1865,CUST_POS_20210426.csv,Custodian_Bank,RECEIVED,264,2645.0,2021-04-26,2021-04-26 06:00:00,VALIDATED
1866,CUST_POS_20210304.csv,Custodian_Bank,RECEIVED,188,2584.0,2021-03-04,2021-03-04 06:00:00,VALIDATED
1867,CUST_POS_20210707.csv,Custodian_Bank,RECEIVED,321,3086.0,2021-07-07,2021-07-07 06:00:00,VALIDATED
1868,CUST_POS_20210428.csv,Custodian_Bank,RECEIVED,265,2646.0,2021-04-28,2021-04-28 06:00:00,VALIDATED
1869,CUST_POS_20210320.csv,Custodian_Bank,RECEIVED,189,2587.0,2021-03-20,2021-03-20 06:00:00,VALIDATED
1870,CUST_POS_20210420.csv,Custodian_Bank,RECEIVED,254,2640.0,2021-04-20,2021-04-20 06:00:00,VALIDATED
1871,CUST_POS_20210129.csv,Custodian_Bank,RECEIVED,108,799.0,2021-01-29,2021-01-29 06:00:00,VALIDATED
1872,CUST_POS_20210519.csv,Custodian_Bank,RECEIVED,286,2713.0,2021-05-19,2021-05-19 06:00:00,VALIDATED
1873,CUST_POS_20210425.csv,Custodian_Bank,RECEIVED,261,2642.0,2021-04-25,2021-04-25 06:00:00,VALIDATED
1874,CUST_POS_20210130.csv,Custodian_Bank,RECEIVED,108,799.0,2021-01-30,2021-01-30 06:00:00,VALIDATED
1875,CUST_POS_20210505.csv,Custodian_Bank,RECEIVED,284,2711.0,2021-05-05,2021-05-05 06:00:00,VALIDATED
1876,CUST_POS_20210520.csv,Custodian_Bank,RECEIVED,287,2717.0,2021-05-20,2021-05-20 06:00:00,VALIDATED
1877,CUST_POS_20210508.csv,Custodian_Bank,RECEIVED,284,2711.0,2021-05-08,2021-05-08 06:00:00,VALIDATED
1878,CUST_POS_20210527.csv,Custodian_Bank,RECEIVED,298,2775.0,2021-05-27,2021-05-27 06:00:00,VALIDATED
1879,CUST_POS_20201110.csv,Custodian_Bank,RECEIVED,58,473.8,2020-11-10,2020-11-10 06:00:00,VALIDATED
1880,CUST_POS_20210503.csv,Custodian_Bank,RECEIVED,275,2671.0,2021-05-03,2021-05-03 06:00:00,VALIDATED
1881,CUST_POS_20201113.csv,Custodian_Bank,RECEIVED,59,497.8,2020-11-13,2020-11-13 06:00:00,VALIDATED
1882,CUST_POS_20210507.csv,Custodian_Bank,RECEIVED,284,2711.0,2021-05-07,2021-05-07 06:00:00,VALIDATED
1883,CUST_POS_20210204.csv,Custodian_Bank,RECEIVED,110,804.0,2021-02-04,2021-02-04 06:00:00,VALIDATED
1884,CUST_POS_20210627.csv,Custodian_Bank,RECEIVED,311,2953.0,2021-06-27,2021-06-27 06:00:00,VALIDATED
1885,CUST_POS_20210321.csv,Custodian_Bank,RECEIVED,189,2587.0,2021-03-21,2021-03-21 06:00:00,VALIDATED
1886,CUST_POS_20210511.csv,Custodian_Bank,RECEIVED,284,2711.0,2021-05-11,2021-05-11 06:00:00,VALIDATED
1887,CUST_POS_20210606.csv,Custodian_Bank,RECEIVED,302,2833.0,2021-06-06,2021-06-06 06:00:00,VALIDATED
1888,CUST_POS_20210417.csv,Custodian_Bank,RECEIVED,245,2640.0,2021-04-17,2021-04-17 06:00:00,VALIDATED
1889,CUST_POS_20210512.csv,Custodian_Bank,RECEIVED,284,2711.0,2021-05-12,2021-05-12 06:00:00,VALIDATED
1890,CUST_POS_20201114.csv,Custodian_Bank,RECEIVED,59,497.8,2020-11-14,2020-11-14 06:00:00,VALIDATED
1891,CUST_POS_20210419.csv,Custodian_Bank,RECEIVED,250,2640.0,2021-04-19,2021-04-19 06:00:00,VALIDATED
1892,CUST_POS_20210331.csv,Custodian_Bank,RECEIVED,199,2618.0,2021-03-31,2021-03-31 06:00:00,VALIDATED
1893,CUST_POS_20201128.csv,Custodian_Bank,RECEIVED,75,644.8,2020-11-28,2020-11-28 06:00:00,VALIDATED
1894,CUST_POS_20210217.csv,Custodian_Bank,RECEIVED,172,2436.0,2021-02-17,2021-02-17 06:00:00,VALIDATED
1895,CUST_POS_20210522.csv,Custodian_Bank,RECEIVED,287,2717.0,2021-05-22,2021-05-22 06:00:00,VALIDATED
1896,CUST_POS_20210416.csv,Custodian_Bank,RECEIVED,245,2640.0,2021-04-16,2021-04-16 06:00:00,VALIDATED
1897,CUST_POS_20210714.csv,Custodian_Bank,RECEIVED,321,3086.0,2021-07-14,2021-07-14 06:00:00,VALIDATED
1898,CUST_POS_20201202.csv,Custodian_Bank,RECEIVED,79,654.8,2020-12-02,2020-12-02 06:00:00,VALIDATED
1899,CUST_POS_20210629.csv,Custodian_Bank,RECEIVED,317,3050.0,2021-06-29,2021-06-29 06:00:00,VALIDATED
1900,CUST_POS_20210506.csv,Custodian_Bank,RECEIVED,284,2711.0,2021-05-06,2021-05-06 06:00:00,VALIDATED
1901,CUST_POS_20210630.csv,Custodian_Bank,RECEIVED,317,3050.0,2021-06-30,2021-06-30 06:00:00,VALIDATED
1902,CUST_POS_20210529.csv,Custodian_Bank,RECEIVED,298,2775.0,2021-05-29,2021-05-29 06:00:00,VALIDATED
1903,CUST_POS_20210807.csv,Custodian_Bank,RECEIVED,337,3229.0,2021-08-07,2021-08-07 06:00:00,VALIDATED
1904,CUST_POS_20210723.csv,Custodian_Bank,RECEIVED,325,3109.0,2021-07-23,2021-07-23 06:00:00,VALIDATED
1905,CUST_POS_20210524.csv,Custodian_Bank,RECEIVED,290,2722.0,2021-05-24,2021-05-24 06:00:00,VALIDATED
1906,CUST_POS_20210601.csv,Custodian_Bank,RECEIVED,302,2833.0,2021-06-01,2021-06-01 06:00:00,VALIDATED
1907,CUST_POS_20201212.csv,Custodian_Bank,RECEIVED,82,667.8,2020-12-12,2020-12-12 06:00:00,VALIDATED
1908,CUST_POS_20210710.csv,Custodian_Bank,RECEIVED,321,3086.0,2021-07-10,2021-07-10 06:00:00,VALIDATED
1909,CUST_POS_20210819.csv,Custodian_Bank,RECEIVED,348,3249.0,2021-08-19,2021-08-19 06:00:00,VALIDATED
1910,CUST_POS_20210823.csv,Custodian_Bank,RECEIVED,351,3275.0,2021-08-23,2021-08-23 06:00:00,VALIDATED
1911,CUST_POS_20210712.csv,Custodian_Bank,RECEIVED,321,3086.0,2021-07-12,2021-07-12 06:00:00,VALIDATED
1912,CUST_POS_20210525.csv,Custodian_Bank,RECEIVED,290,2722.0,2021-05-25,2021-05-25 06:00:00,VALIDATED
1913,CUST_POS_20210719.csv,Custodian_Bank,RECEIVED,323,3099.0,2021-07-19,2021-07-19 06:00:00,VALIDATED
1914,CUST_POS_20201218.csv,Custodian_Bank,RECEIVED,91,715.8,2020-12-18,2020-12-18 06:00:00,VALIDATED
1915,CUST_POS_20210902.csv,Custodian_Bank,RECEIVED,374,3421.0,2021-09-02,2021-09-02 06:00:00,VALIDATED
1916,CUST_POS_20210602.csv,Custodian_Bank,RECEIVED,302,2833.0,2021-06-02,2021-06-02 06:00:00,VALIDATED
1917,CUST_POS_20210609.csv,Custodian_Bank,RECEIVED,303,2845.0,2021-06-09,2021-06-09 06:00:00,VALIDATED
1918,CUST_POS_20210722.csv,Custodian_Bank,RECEIVED,325,3109.0,2021-07-22,2021-07-22 06:00:00,VALIDATED
1919,CUST_POS_20210614.csv,Custodian_Bank,RECEIVED,305,2890.0,2021-06-14,2021-06-14 06:00:00,VALIDATED
1920,CUST_POS_20210731.csv,Custodian_Bank,RECEIVED,335,3205.0,2021-07-31,2021-07-31 06:00:00,VALIDATED
1921,CUST_POS_20210509.csv,Custodian_Bank,RECEIVED,284,2711.0,2021-05-09,2021-05-09 06:00:00,VALIDATED
1922,CUST_POS_20210620.csv,Custodian_Bank,RECEIVED,306,2900.0,2021-06-20,2021-06-20 06:00:00,VALIDATED
1923,CUST_POS_20210910.csv,Custodian_Bank,RECEIVED,374,3421.0,2021-09-10,2021-09-10 06:00:00,VALIDATED
1924,CUST_POS_20201231.csv,Custodian_Bank,RECEIVED,95,733.0,2020-12-31,2020-12-31 06:00:00,VALIDATED
1925,CUST_POS_20210510.csv,Custodian_Bank,RECEIVED,284,2711.0,2021-05-10,2021-05-10 06:00:00,VALIDATED
1926,CUST_POS_20210526.csv,Custodian_Bank,RECEIVED,290,2722.0,2021-05-26,2021-05-26 06:00:00,VALIDATED
1927,CUST_POS_20210825.csv,Custodian_Bank,RECEIVED,356,3305.0,2021-08-25,2021-08-25 06:00:00,VALIDATED
1928,CUST_POS_20210120.csv,Custodian_Bank,RECEIVED,100,779.0,2021-01-20,2021-01-20 06:00:00,VALIDATED
1929,CUST_POS_20210203.csv,Custodian_Bank,RECEIVED,110,804.0,2021-02-03,2021-02-03 06:00:00,VALIDATED
1930,CUST_POS_20210221.csv,Custodian_Bank,RECEIVED,177,2444.0,2021-02-21,2021-02-21 06:00:00,VALIDATED
1931,CUST_POS_20210624.csv,Custodian_Bank,RECEIVED,311,2953.0,2021-06-24,2021-06-24 06:00:00,VALIDATED
1932,CUST_POS_20210913.csv,Custodian_Bank,RECEIVED,374,3421.0,2021-09-13,2021-09-13 06:00:00,VALIDATED
1933,CUST_POS_20210820.csv,Custodian_Bank,RECEIVED,348,3249.0,2021-08-20,2021-08-20 06:00:00,VALIDATED
1934,CUST_POS_20210805.csv,Custodian_Bank,RECEIVED,337,3229.0,2021-08-05,2021-08-05 06:00:00,VALIDATED
1935,CUST_POS_20210826.csv,Custodian_Bank,RECEIVED,356,3305.0,2021-08-26,2021-08-26 06:00:00,VALIDATED
1936,CUST_POS_20210215.csv,Custodian_Bank,RECEIVED,115,795.0,2021-02-15,2021-02-15 06:00:00,VALIDATED
1937,CUST_POS_20210625.csv,Custodian_Bank,RECEIVED,311,2953.0,2021-06-25,2021-06-25 06:00:00,VALIDATED
1938,CUST_POS_20210608.csv,Custodian_Bank,RECEIVED,302,2833.0,2021-06-08,2021-06-08 06:00:00,VALIDATED
1939,CUST_POS_20210626.csv,Custodian_Bank,RECEIVED,311,2953.0,2021-06-26,2021-06-26 06:00:00,VALIDATED
1940,CUST_POS_20210326.csv,Custodian_Bank,RECEIVED,191,2593.0,2021-03-26,2021-03-26 06:00:00,VALIDATED
1941,CUST_POS_20211003.csv,Custodian_Bank,RECEIVED,388,3493.0,2021-10-03,2021-10-03 06:00:00,VALIDATED
1942,CUST_POS_20210926.csv,Custodian_Bank,RECEIVED,380,3447.0,2021-09-26,2021-09-26 06:00:00,VALIDATED
1943,CUST_POS_20210628.csv,Custodian_Bank,RECEIVED,311,2953.0,2021-06-28,2021-06-28 06:00:00,VALIDATED
1944,CUST_POS_20210228.csv,Custodian_Bank,RECEIVED,186,2577.0,2021-02-28,2021-02-28 06:00:00,VALIDATED
1945,CUST_POS_20210514.csv,Custodian_Bank,RECEIVED,284,2711.0,2021-05-14,2021-05-14 06:00:00,VALIDATED
1946,CUST_POS_20210801.csv,Custodian_Bank,RECEIVED,335,3205.0,2021-08-01,2021-08-01 06:00:00,VALIDATED
1947,CUST_POS_20210610.csv,Custodian_Bank,RECEIVED,303,2845.0,2021-06-10,2021-06-10 06:00:00,VALIDATED
1948,CUST_POS_20210808.csv,Custodian_Bank,RECEIVED,337,3229.0,2021-08-08,2021-08-08 06:00:00,VALIDATED
1949,CUST_POS_20210708.csv,Custodian_Bank,RECEIVED,321,3086.0,2021-07-08,2021-07-08 06:00:00,VALIDATED
1950,CUST_POS_20210930.csv,Custodian_Bank,RECEIVED,388,3493.0,2021-09-30,2021-09-30 06:00:00,VALIDATED
1951,CUST_POS_20211102.csv,Custodian_Bank,RECEIVED,410,3623.9999,2021-11-02,2021-11-02 06:00:00,VALIDATED
1952,CUST_POS_20211019.csv,Custodian_Bank,RECEIVED,394,3516.0,2021-10-19,2021-10-19 06:00:00,VALIDATED
1953,CUST_POS_20210329.csv,Custodian_Bank,RECEIVED,192,2594.0,2021-03-29,2021-03-29 06:00:00,VALIDATED
1954,CUST_POS_20211204.csv,Custodian_Bank,RECEIVED,426,3698.9999,2021-12-04,2021-12-04 06:00:00,VALIDATED
1955,CUST_POS_20210718.csv,Custodian_Bank,RECEIVED,321,3086.0,2021-07-18,2021-07-18 06:00:00,VALIDATED
1956,CUST_POS_20210516.csv,Custodian_Bank,RECEIVED,284,2711.0,2021-05-16,2021-05-16 06:00:00,VALIDATED
1957,CUST_POS_20210323.csv,Custodian_Bank,RECEIVED,190,2589.0,2021-03-23,2021-03-23 06:00:00,VALIDATED
1958,CUST_POS_20210729.csv,Custodian_Bank,RECEIVED,328,3123.0,2021-07-29,2021-07-29 06:00:00,VALIDATED
1959,CUST_POS_20210831.csv,Custodian_Bank,RECEIVED,370,3408.0,2021-08-31,2021-08-31 06:00:00,VALIDATED
1960,CUST_POS_20210518.csv,Custodian_Bank,RECEIVED,284,2711.0,2021-05-18,2021-05-18 06:00:00,VALIDATED
1961,CUST_POS_20210324.csv,Custodian_Bank,RECEIVED,190,2589.0,2021-03-24,2021-03-24 06:00:00,VALIDATED
1962,CUST_POS_20210812.csv,Custodian_Bank,RECEIVED,337,3229.0,2021-08-12,2021-08-12 06:00:00,VALIDATED
1963,CUST_POS_20210402.csv,Custodian_Bank,RECEIVED,199,2618.0,2021-04-02,2021-04-02 06:00:00,VALIDATED
1964,CUST_POS_20210401.csv,Custodian_Bank,RECEIVED,199,2618.0,2021-04-01,2021-04-01 06:00:00,VALIDATED
1965,CUST_POS_20211209.csv,Custodian_Bank,RECEIVED,426,3698.9999,2021-12-09,2021-12-09 06:00:00,VALIDATED
1966,CUST_POS_20210903.csv,Custodian_Bank,RECEIVED,374,3421.0,2021-09-03,2021-09-03 06:00:00,VALIDATED
1967,CUST_POS_20211119.csv,Custodian_Bank,RECEIVED,416,3641.9999,2021-11-19,2021-11-19 06:00:00,VALIDATED
1968,CUST_POS_20210802.csv,Custodian_Bank,RECEIVED,335,3205.0,2021-08-02,2021-08-02 06:00:00,VALIDATED
1969,CUST_POS_20210612.csv,Custodian_Bank,RECEIVED,303,2845.0,2021-06-12,2021-06-12 06:00:00,VALIDATED
1970,CUST_POS_20210815.csv,Custodian_Bank,RECEIVED,341,3233.0,2021-08-15,2021-08-15 06:00:00,VALIDATED
1971,CUST_POS_20210822.csv,Custodian_Bank,RECEIVED,348,3249.0,2021-08-22,2021-08-22 06:00:00,VALIDATED
1972,CUST_POS_20210531.csv,Custodian_Bank,RECEIVED,298,2775.0,2021-05-31,2021-05-31 06:00:00,VALIDATED
1973,CUST_POS_20210804.csv,Custodian_Bank,RECEIVED,337,3229.0,2021-08-04,2021-08-04 06:00:00,VALIDATED
1974,CUST_POS_20210613.csv,Custodian_Bank,RECEIVED,303,2845.0,2021-06-13,2021-06-13 06:00:00,VALIDATED
1975,CUST_POS_20210917.csv,Custodian_Bank,RECEIVED,374,3421.0,2021-09-17,2021-09-17 06:00:00,VALIDATED
1976,CUST_POS_20210925.csv,Custodian_Bank,RECEIVED,380,3447.0,2021-09-25,2021-09-25 06:00:00,VALIDATED
1977,CUST_POS_20210619.csv,Custodian_Bank,RECEIVED,306,2900.0,2021-06-19,2021-06-19 06:00:00,VALIDATED
1978,CUST_POS_20210701.csv,Custodian_Bank,RECEIVED,319,3081.0,2021-07-01,2021-07-01 06:00:00,VALIDATED
1979,CUST_POS_20210408.csv,Custodian_Bank,RECEIVED,214,2640.0,2021-04-08,2021-04-08 06:00:00,VALIDATED
1980,CUST_POS_20211005.csv,Custodian_Bank,RECEIVED,392,3500.0,2021-10-05,2021-10-05 06:00:00,VALIDATED
1981,CUST_POS_20210816.csv,Custodian_Bank,RECEIVED,345,3241.0,2021-08-16,2021-08-16 06:00:00,VALIDATED
1982,CUST_POS_20210828.csv,Custodian_Bank,RECEIVED,364,3422.0,2021-08-28,2021-08-28 06:00:00,VALIDATED
1983,CUST_POS_20210502.csv,Custodian_Bank,RECEIVED,275,2671.0,2021-05-02,2021-05-02 06:00:00,VALIDATED
1984,CUST_POS_20211123.csv,Custodian_Bank,RECEIVED,416,3641.9999,2021-11-23,2021-11-23 06:00:00,VALIDATED
1985,CUST_POS_20210817.csv,Custodian_Bank,RECEIVED,345,3241.0,2021-08-17,2021-08-17 06:00:00,VALIDATED
1986,CUST_POS_20210713.csv,Custodian_Bank,RECEIVED,321,3086.0,2021-07-13,2021-07-13 06:00:00,VALIDATED
1987,CUST_POS_20211201.csv,Custodian_Bank,RECEIVED,426,3698.9999,2021-12-01,2021-12-01 06:00:00,VALIDATED
1988,CUST_POS_20211020.csv,Custodian_Bank,RECEIVED,394,3516.0,2021-10-20,2021-10-20 06:00:00,VALIDATED
1989,CUST_POS_20210821.csv,Custodian_Bank,RECEIVED,348,3249.0,2021-08-21,2021-08-21 06:00:00,VALIDATED
1990,CUST_POS_20210824.csv,Custodian_Bank,RECEIVED,353,3290.0,2021-08-24,2021-08-24 06:00:00,VALIDATED
1991,CUST_POS_20211022.csv,Custodian_Bank,RECEIVED,397,3531.0,2021-10-22,2021-10-22 06:00:00,VALIDATED
1992,CUST_POS_20211027.csv,Custodian_Bank,RECEIVED,397,3544.0,2021-10-27,2021-10-27 06:00:00,VALIDATED
1993,CUST_POS_20210415.csv,Custodian_Bank,RECEIVED,242,2640.0,2021-04-15,2021-04-15 06:00:00,VALIDATED
1994,CUST_POS_20210901.csv,Custodian_Bank,MISSING,374,3421.0,2021-09-01,,FAILED
1995,CUST_POS_20210720.csv,Custodian_Bank,RECEIVED,323,3099.0,2021-07-20,2021-07-20 06:00:00,VALIDATED
1996,CUST_POS_20211206.csv,Custodian_Bank,RECEIVED,426,3698.9999,2021-12-06,2021-12-06 06:00:00,VALIDATED
1997,CUST_POS_20211111.csv,Custodian_Bank,RECEIVED,413,3635.9999,2021-11-11,2021-11-11 06:00:00,VALIDATED
1998,CUST_POS_20210905.csv,Custodian_Bank,RECEIVED,374,3421.0,2021-09-05,2021-09-05 06:00:00,VALIDATED
1999,CUST_POS_20210721.csv,Custodian_Bank,RECEIVED,325,3109.0,2021-07-21,2021-07-21 06:00:00,VALIDATED
2000,CUST_POS_20210430.csv,Custodian_Bank,RECEIVED,275,2671.0,2021-04-30,2021-04-30 06:00:00,VALIDATED
2001,CUST_POS_20211114.csv,Custodian_Bank,RECEIVED,413,3635.9999,2021-11-14,2021-11-14 06:00:00,VALIDATED
2002,CUST_POS_20210504.csv,Custodian_Bank,RECEIVED,281,2703.0,2021-05-04,2021-05-04 06:00:00,VALIDATED
2003,CUST_POS_20210605.csv,Custodian_Bank,RECEIVED,302,2833.0,2021-06-05,2021-06-05 06:00:00,VALIDATED
2004,CUST_POS_20210908.csv,Custodian_Bank,RECEIVED,374,3421.0,2021-09-08,2021-09-08 06:00:00,VALIDATED
2005,CUST_POS_20210911.csv,Custodian_Bank,RECEIVED,374,3421.0,2021-09-11,2021-09-11 06:00:00,VALIDATED
2006,CUST_POS_20211127.csv,Custodian_Bank,RECEIVED,417,3653.9999,2021-11-27,2021-11-27 06:00:00,VALIDATED
2007,CUST_POS_20210617.csv,Custodian_Bank,RECEIVED,305,2890.0,2021-06-17,2021-06-17 06:00:00,VALIDATED
2008,CUST_POS_20220131.csv,Custodian_Bank,RECEIVED,465,3841.9998,2022-01-31,2022-01-31 06:00:00,VALIDATED
2009,CUST_POS_20210921.csv,Custodian_Bank,RECEIVED,380,3447.0,2021-09-21,2021-09-21 06:00:00,VALIDATED
2010,CUST_POS_20211217.csv,Custodian_Bank,RECEIVED,426,3698.9999,2021-12-17,2021-12-17 06:00:00,VALIDATED
2011,CUST_POS_20210703.csv,Custodian_Bank,RECEIVED,319,3081.0,2021-07-03,2021-07-03 06:00:00,VALIDATED
2012,CUST_POS_20211016.csv,Custodian_Bank,RECEIVED,392,3500.0,2021-10-16,2021-10-16 06:00:00,VALIDATED
2013,CUST_POS_20210727.csv,Custodian_Bank,RECEIVED,328,3123.0,2021-07-27,2021-07-27 06:00:00,VALIDATED
2014,CUST_POS_20210724.csv,Custodian_Bank,RECEIVED,325,3109.0,2021-07-24,2021-07-24 06:00:00,VALIDATED
2015,CUST_POS_20210521.csv,Custodian_Bank,RECEIVED,287,2717.0,2021-05-21,2021-05-21 06:00:00,VALIDATED
2016,CUST_POS_20210528.csv,Custodian_Bank,RECEIVED,298,2775.0,2021-05-28,2021-05-28 06:00:00,VALIDATED
2017,CUST_POS_20210530.csv,Custodian_Bank,RECEIVED,298,2775.0,2021-05-30,2021-05-30 06:00:00,VALIDATED
2018,CUST_POS_20210603.csv,Custodian_Bank,RECEIVED,302,2833.0,2021-06-03,2021-06-03 06:00:00,VALIDATED
2019,CUST_POS_20210730.csv,Custodian_Bank,RECEIVED,335,3205.0,2021-07-30,2021-07-30 06:00:00,VALIDATED
2020,CUST_POS_20210607.csv,Custodian_Bank,RECEIVED,302,2833.0,2021-06-07,2021-06-07 06:00:00,VALIDATED
2021,CUST_POS_20210611.csv,Custodian_Bank,RECEIVED,303,2845.0,2021-06-11,2021-06-11 06:00:00,VALIDATED
2022,CUST_POS_20210728.csv,Custodian_Bank,RECEIVED,328,3123.0,2021-07-28,2021-07-28 06:00:00,VALIDATED
2023,CUST_POS_20210810.csv,Custodian_Bank,RECEIVED,337,3229.0,2021-08-10,2021-08-10 06:00:00,VALIDATED
2024,CUST_POS_20211207.csv,Custodian_Bank,RECEIVED,426,3698.9999,2021-12-07,2021-12-07 06:00:00,VALIDATED
2025,CUST_POS_20210920.csv,Custodian_Bank,RECEIVED,378,3444.0,2021-09-20,2021-09-20 06:00:00,VALIDATED
2026,CUST_POS_20210615.csv,Custodian_Bank,RECEIVED,305,2890.0,2021-06-15,2021-06-15 06:00:00,VALIDATED
2027,CUST_POS_20210623.csv,Custodian_Bank,RECEIVED,309,2918.0,2021-06-23,2021-06-23 06:00:00,VALIDATED
2028,CUST_POS_20211008.csv,Custodian_Bank,RECEIVED,392,3500.0,2021-10-08,2021-10-08 06:00:00,VALIDATED
2029,CUST_POS_20210811.csv,Custodian_Bank,RECEIVED,337,3229.0,2021-08-11,2021-08-11 06:00:00,VALIDATED
2030,CUST_POS_20220210.csv,Custodian_Bank,RECEIVED,465,3841.9998,2022-02-10,2022-02-10 06:00:00,VALIDATED
2031,CUST_POS_20210621.csv,Custodian_Bank,RECEIVED,308,2915.0,2021-06-21,2021-06-21 06:00:00,VALIDATED
2032,CUST_POS_20210706.csv,Custodian_Bank,RECEIVED,321,3086.0,2021-07-06,2021-07-06 06:00:00,VALIDATED
2033,CUST_POS_20211221.csv,Custodian_Bank,RECEIVED,438,3721.9999,2021-12-21,2021-12-21 06:00:00,VALIDATED
2034,CUST_POS_20210923.csv,Custodian_Bank,RECEIVED,380,3447.0,2021-09-23,2021-09-23 06:00:00,VALIDATED
2035,CUST_POS_20211001.csv,Custodian_Bank,RECEIVED,388,3493.0,2021-10-01,2021-10-01 06:00:00,VALIDATED
2036,CUST_POS_20210909.csv,Custodian_Bank,RECEIVED,374,3421.0,2021-09-09,2021-09-09 06:00:00,VALIDATED
2037,CUST_POS_20210709.csv,Custodian_Bank,RECEIVED,321,3086.0,2021-07-09,2021-07-09 06:00:00,VALIDATED
2038,CUST_POS_20210813.csv,Custodian_Bank,RECEIVED,341,3233.0,2021-08-13,2021-08-13 06:00:00,VALIDATED
2039,CUST_POS_20210916.csv,Custodian_Bank,RECEIVED,374,3421.0,2021-09-16,2021-09-16 06:00:00,VALIDATED
2040,CUST_POS_20210814.csv,Custodian_Bank,RECEIVED,341,3233.0,2021-08-14,2021-08-14 06:00:00,VALIDATED
2041,CUST_POS_20211230.csv,Custodian_Bank,RECEIVED,447,3807.9998,2021-12-30,2021-12-30 06:00:00,VALIDATED
2042,CUST_POS_20211229.csv,Custodian_Bank,RECEIVED,447,3807.9998,2021-12-29,2021-12-29 06:00:00,VALIDATED
2043,CUST_POS_20210715.csv,Custodian_Bank,RECEIVED,321,3086.0,2021-07-15,2021-07-15 06:00:00,VALIDATED
2044,CUST_POS_20211018.csv,Custodian_Bank,RECEIVED,392,3500.0,2021-10-18,2021-10-18 06:00:00,VALIDATED
2045,CUST_POS_20210919.csv,Custodian_Bank,RECEIVED,374,3421.0,2021-09-19,2021-09-19 06:00:00,VALIDATED
2046,CUST_POS_20210827.csv,Custodian_Bank,RECEIVED,364,3422.0,2021-08-27,2021-08-27 06:00:00,VALIDATED
2047,CUST_POS_20210904.csv,Custodian_Bank,RECEIVED,374,3421.0,2021-09-04,2021-09-04 06:00:00,VALIDATED
2048,CUST_POS_20210918.csv,Custodian_Bank,RECEIVED,374,3421.0,2021-09-18,2021-09-18 06:00:00,VALIDATED
2049,CUST_POS_20210711.csv,Custodian_Bank,RECEIVED,321,3086.0,2021-07-11,2021-07-11 06:00:00,VALIDATED
2050,CUST_POS_20210725.csv,Custodian_Bank,RECEIVED,325,3109.0,2021-07-25,2021-07-25 06:00:00,VALIDATED
2051,CUST_POS_20211010.csv,Custodian_Bank,RECEIVED,392,3500.0,2021-10-10,2021-10-10 06:00:00,VALIDATED
2052,CUST_POS_20210716.csv,Custodian_Bank,RECEIVED,321,3086.0,2021-07-16,2021-07-16 06:00:00,VALIDATED
2053,CUST_POS_20211012.csv,Custodian_Bank,RECEIVED,392,3500.0,2021-10-12,2021-10-12 06:00:00,VALIDATED
2054,CUST_POS_20210717.csv,Custodian_Bank,RECEIVED,321,3086.0,2021-07-17,2021-07-17 06:00:00,VALIDATED
2055,CUST_POS_20211024.csv,Custodian_Bank,RECEIVED,397,3531.0,2021-10-24,2021-10-24 06:00:00,VALIDATED
2056,CUST_POS_20211011.csv,Custodian_Bank,RECEIVED,392,3500.0,2021-10-11,2021-10-11 06:00:00,VALIDATED
2057,CUST_POS_20210803.csv,Custodian_Bank,RECEIVED,337,3229.0,2021-08-03,2021-08-03 06:00:00,VALIDATED
2058,CUST_POS_20211112.csv,Custodian_Bank,RECEIVED,413,3635.9999,2021-11-12,2021-11-12 06:00:00,VALIDATED
2059,CUST_POS_20211029.csv,Custodian_Bank,RECEIVED,406,3582.9999,2021-10-29,2021-10-29 06:00:00,VALIDATED
2060,CUST_POS_20211017.csv,Custodian_Bank,RECEIVED,392,3500.0,2021-10-17,2021-10-17 06:00:00,VALIDATED
2061,CUST_POS_20210726.csv,Custodian_Bank,RECEIVED,325,3109.0,2021-07-26,2021-07-26 06:00:00,VALIDATED
2062,CUST_POS_20220107.csv,Custodian_Bank,RECEIVED,451,3817.9998,2022-01-07,2022-01-07 06:00:00,VALIDATED
2063,CUST_POS_20211124.csv,Custodian_Bank,RECEIVED,416,3641.9999,2021-11-24,2021-11-24 06:00:00,VALIDATED
2064,CUST_POS_20211028.csv,Custodian_Bank,RECEIVED,397,3544.0,2021-10-28,2021-10-28 06:00:00,VALIDATED
2065,CUST_POS_20210924.csv,Custodian_Bank,RECEIVED,380,3447.0,2021-09-24,2021-09-24 06:00:00,VALIDATED
2066,CUST_POS_20211031.csv,Custodian_Bank,RECEIVED,406,3582.9999,2021-10-31,2021-10-31 06:00:00,VALIDATED
2067,CUST_POS_20210809.csv,Custodian_Bank,RECEIVED,337,3229.0,2021-08-09,2021-08-09 06:00:00,VALIDATED
2068,CUST_POS_20210929.csv,Custodian_Bank,RECEIVED,388,3493.0,2021-09-29,2021-09-29 06:00:00,VALIDATED
2069,CUST_POS_20211105.csv,Custodian_Bank,RECEIVED,410,3623.9999,2021-11-05,2021-11-05 06:00:00,VALIDATED
2070,CUST_POS_20220215.csv,Custodian_Bank,RECEIVED,465,3841.9998,2022-02-15,2022-02-15 06:00:00,VALIDATED
2071,CUST_POS_20220103.csv,Custodian_Bank,RECEIVED,447,3807.9998,2022-01-03,2022-01-03 06:00:00,VALIDATED
2072,CUST_POS_20220211.csv,Custodian_Bank,RECEIVED,465,3841.9998,2022-02-11,2022-02-11 06:00:00,VALIDATED
2073,CUST_POS_20210806.csv,Custodian_Bank,RECEIVED,337,3229.0,2021-08-06,2021-08-06 06:00:00,VALIDATED
2074,CUST_POS_20211203.csv,Custodian_Bank,RECEIVED,426,3698.9999,2021-12-03,2021-12-03 06:00:00,VALIDATED
2075,CUST_POS_20220214.csv,Custodian_Bank,RECEIVED,465,3841.9998,2022-02-14,2022-02-14 06:00:00,VALIDATED
2076,CUST_POS_20211101.csv,Custodian_Bank,RECEIVED,406,3582.9999,2021-11-01,2021-11-01 06:00:00,VALIDATED
2077,CUST_POS_20211108.csv,Custodian_Bank,RECEIVED,410,3623.9999,2021-11-08,2021-11-08 06:00:00,VALIDATED
2078,CUST_POS_20211215.csv,Custodian_Bank,RECEIVED,426,3698.9999,2021-12-15,2021-12-15 06:00:00,VALIDATED
2079,CUST_POS_20220109.csv,Custodian_Bank,RECEIVED,451,3817.9998,2022-01-09,2022-01-09 06:00:00,VALIDATED
2080,CUST_POS_20211107.csv,Custodian_Bank,RECEIVED,410,3623.9999,2021-11-07,2021-11-07 06:00:00,VALIDATED
2081,CUST_POS_20210818.csv,Custodian_Bank,RECEIVED,348,3249.0,2021-08-18,2021-08-18 06:00:00,VALIDATED
2082,CUST_POS_20220114.csv,Custodian_Bank,RECEIVED,452,3818.9998,2022-01-14,2022-01-14 06:00:00,VALIDATED
2083,CUST_POS_20211115.csv,Custodian_Bank,RECEIVED,413,3635.9999,2021-11-15,2021-11-15 06:00:00,VALIDATED
2084,CUST_POS_20211120.csv,Custodian_Bank,RECEIVED,416,3641.9999,2021-11-20,2021-11-20 06:00:00,VALIDATED
2085,CUST_POS_20211128.csv,Custodian_Bank,RECEIVED,417,3653.9999,2021-11-28,2021-11-28 06:00:00,VALIDATED
2086,CUST_POS_20211202.csv,Custodian_Bank,RECEIVED,426,3698.9999,2021-12-02,2021-12-02 06:00:00,VALIDATED
2087,CUST_POS_20220121.csv,Custodian_Bank,RECEIVED,455,3825.9998,2022-01-21,2022-01-21 06:00:00,VALIDATED
2088,CUST_POS_20220221.csv,Custodian_Bank,RECEIVED,465,3841.9998,2022-02-21,2022-02-21 06:00:00,VALIDATED
2089,CUST_POS_20211006.csv,Custodian_Bank,RECEIVED,392,3500.0,2021-10-06,2021-10-06 06:00:00,VALIDATED
2090,CUST_POS_20220125.csv,Custodian_Bank,RECEIVED,457,3834.9998,2022-01-25,2022-01-25 06:00:00,VALIDATED
2091,CUST_POS_20220119.csv,Custodian_Bank,RECEIVED,452,3818.9998,2022-01-19,2022-01-19 06:00:00,VALIDATED
2092,CUST_POS_20211103.csv,Custodian_Bank,RECEIVED,410,3623.9999,2021-11-03,2021-11-03 06:00:00,VALIDATED
2093,CUST_POS_20220122.csv,Custodian_Bank,RECEIVED,455,3825.9998,2022-01-22,2022-01-22 06:00:00,VALIDATED
2094,CUST_POS_20220130.csv,Custodian_Bank,RECEIVED,457,3834.9998,2022-01-30,2022-01-30 06:00:00,VALIDATED
2095,CUST_POS_20210830.csv,Custodian_Bank,RECEIVED,366,3413.0,2021-08-30,2021-08-30 06:00:00,VALIDATED
2096,CUST_POS_20220123.csv,Custodian_Bank,RECEIVED,455,3825.9998,2022-01-23,2022-01-23 06:00:00,VALIDATED
2097,CUST_POS_20220204.csv,Custodian_Bank,RECEIVED,465,3841.9998,2022-02-04,2022-02-04 06:00:00,VALIDATED
2098,CUST_POS_20211007.csv,Custodian_Bank,RECEIVED,392,3500.0,2021-10-07,2021-10-07 06:00:00,VALIDATED
2099,CUST_POS_20220124.csv,Custodian_Bank,RECEIVED,455,3825.9998,2022-01-24,2022-01-24 06:00:00,VALIDATED
2100,CUST_POS_20220307.csv,Custodian_Bank,RECEIVED,474,3896.9998,2022-03-07,2022-03-07 06:00:00,VALIDATED
2101,CUST_POS_20211014.csv,Custodian_Bank,RECEIVED,392,3500.0,2021-10-14,2021-10-14 06:00:00,VALIDATED
2102,CUST_POS_20211113.csv,Custodian_Bank,RECEIVED,413,3635.9999,2021-11-13,2021-11-13 06:00:00,VALIDATED
2103,CUST_POS_20220206.csv,Custodian_Bank,RECEIVED,465,3841.9998,2022-02-06,2022-02-06 06:00:00,VALIDATED
2104,CUST_POS_20211106.csv,Custodian_Bank,RECEIVED,410,3623.9999,2021-11-06,2021-11-06 06:00:00,VALIDATED
2105,CUST_POS_20220126.csv,Custodian_Bank,RECEIVED,457,3834.9998,2022-01-26,2022-01-26 06:00:00,VALIDATED
2106,CUST_POS_20220228.csv,Custodian_Bank,RECEIVED,474,3896.9998,2022-02-28,2022-02-28 06:00:00,VALIDATED
2107,CUST_POS_20220222.csv,Custodian_Bank,RECEIVED,465,3841.9998,2022-02-22,2022-02-22 06:00:00,VALIDATED
2108,CUST_POS_20211223.csv,Custodian_Bank,RECEIVED,445,3804.9998,2021-12-23,2021-12-23 06:00:00,VALIDATED
2109,CUST_POS_20211109.csv,Custodian_Bank,RECEIVED,410,3623.9999,2021-11-09,2021-11-09 06:00:00,VALIDATED
2110,CUST_POS_20211121.csv,Custodian_Bank,RECEIVED,416,3641.9999,2021-11-21,2021-11-21 06:00:00,VALIDATED
2111,CUST_POS_20220317.csv,Custodian_Bank,RECEIVED,475,3901.9998,2022-03-17,2022-03-17 06:00:00,VALIDATED
2112,CUST_POS_20211110.csv,Custodian_Bank,RECEIVED,410,3623.9999,2021-11-10,2021-11-10 06:00:00,VALIDATED
2113,CUST_POS_20220101.csv,Custodian_Bank,RECEIVED,447,3807.9998,2022-01-01,2022-01-01 06:00:00,VALIDATED
2114,CUST_POS_20211225.csv,Custodian_Bank,RECEIVED,445,3804.9998,2021-12-25,2021-12-25 06:00:00,VALIDATED
2115,CUST_POS_20220115.csv,Custodian_Bank,RECEIVED,452,3818.9998,2022-01-15,2022-01-15 06:00:00,VALIDATED
2116,CUST_POS_20220213.csv,Custodian_Bank,RECEIVED,465,3841.9998,2022-02-13,2022-02-13 06:00:00,VALIDATED
2117,CUST_POS_20220224.csv,Custodian_Bank,RECEIVED,469,3860.9998,2022-02-24,2022-02-24 06:00:00,VALIDATED
2118,CUST_POS_20211116.csv,Custodian_Bank,RECEIVED,413,3635.9999,2021-11-16,2021-11-16 06:00:00,VALIDATED
2119,CUST_POS_20211125.csv,Custodian_Bank,RECEIVED,416,3641.9999,2021-11-25,2021-11-25 06:00:00,VALIDATED
2120,CUST_POS_20220203.csv,Custodian_Bank,RECEIVED,465,3841.9998,2022-02-03,2022-02-03 06:00:00,VALIDATED
2121,CUST_POS_20211117.csv,Custodian_Bank,RECEIVED,413,3635.9999,2021-11-17,2021-11-17 06:00:00,VALIDATED
2122,CUST_POS_20220321.csv,Custodian_Bank,RECEIVED,475,3901.9998,2022-03-21,2022-03-21 06:00:00,VALIDATED
2123,CUST_POS_20220309.csv,Custodian_Bank,RECEIVED,474,3896.9998,2022-03-09,2022-03-09 06:00:00,VALIDATED
2124,CUST_POS_20220104.csv,Custodian_Bank,RECEIVED,451,3817.9998,2022-01-04,2022-01-04 06:00:00,VALIDATED
2125,CUST_POS_20220405.csv,Custodian_Bank,RECEIVED,480,3914.9998,2022-04-05,2022-04-05 06:00:00,VALIDATED
2126,CUST_POS_20220305.csv,Custodian_Bank,RECEIVED,474,3896.9998,2022-03-05,2022-03-05 06:00:00,VALIDATED
2127,CUST_POS_20220226.csv,Custodian_Bank,RECEIVED,474,3896.9998,2022-02-26,2022-02-26 06:00:00,VALIDATED
2128,CUST_POS_20211208.csv,Custodian_Bank,RECEIVED,426,3698.9999,2021-12-08,2021-12-08 06:00:00,VALIDATED
2129,CUST_POS_20211211.csv,Custodian_Bank,RECEIVED,426,3698.9999,2021-12-11,2021-12-11 06:00:00,VALIDATED
2130,CUST_POS_20220320.csv,Custodian_Bank,RECEIVED,475,3901.9998,2022-03-20,2022-03-20 06:00:00,VALIDATED
2131,CUST_POS_20220302.csv,Custodian_Bank,RECEIVED,474,3896.9998,2022-03-02,2022-03-02 06:00:00,VALIDATED
2132,CUST_POS_20220219.csv,Custodian_Bank,RECEIVED,465,3841.9998,2022-02-19,2022-02-19 06:00:00,VALIDATED
2133,CUST_POS_20211126.csv,Custodian_Bank,RECEIVED,417,3653.9999,2021-11-26,2021-11-26 06:00:00,VALIDATED
2134,CUST_POS_20210907.csv,Custodian_Bank,RECEIVED,374,3421.0,2021-09-07,2021-09-07 06:00:00,VALIDATED
2135,CUST_POS_20211222.csv,Custodian_Bank,RECEIVED,445,3804.9998,2021-12-22,2021-12-22 06:00:00,VALIDATED
2136,CUST_POS_20220314.csv,Custodian_Bank,RECEIVED,474,3896.9998,2022-03-14,2022-03-14 06:00:00,VALIDATED
2137,CUST_POS_20220412.csv,Custodian_Bank,RECEIVED,523,3947.6418,2022-04-12,2022-04-12 06:00:00,VALIDATED
2138,CUST_POS_20220113.csv,Custodian_Bank,RECEIVED,452,3818.9998,2022-01-13,2022-01-13 06:00:00,VALIDATED
2139,CUST_POS_20210829.csv,Custodian_Bank,RECEIVED,364,3422.0,2021-08-29,2021-08-29 06:00:00,VALIDATED
2140,CUST_POS_20211214.csv,Custodian_Bank,RECEIVED,426,3698.9999,2021-12-14,2021-12-14 06:00:00,VALIDATED
2141,CUST_POS_20220414.csv,Custodian_Bank,RECEIVED,528,3929.2723,2022-04-14,2022-04-14 06:00:00,VALIDATED
2142,CUST_POS_20220303.csv,Custodian_Bank,RECEIVED,474,3896.9998,2022-03-03,2022-03-03 06:00:00,VALIDATED
2143,CUST_POS_20220201.csv,Custodian_Bank,RECEIVED,465,3841.9998,2022-02-01,2022-02-01 06:00:00,VALIDATED
2144,CUST_POS_20211226.csv,Custodian_Bank,RECEIVED,445,3804.9998,2021-12-26,2021-12-26 06:00:00,VALIDATED
2145,CUST_POS_20220404.csv,Custodian_Bank,RECEIVED,480,3914.9998,2022-04-04,2022-04-04 06:00:00,VALIDATED
2146,CUST_POS_20220325.csv,Custodian_Bank,RECEIVED,480,3914.9998,2022-03-25,2022-03-25 06:00:00,VALIDATED
2147,CUST_POS_20220416.csv,Custodian_Bank,RECEIVED,528,3929.2723,2022-04-16,2022-04-16 06:00:00,VALIDATED
2148,CUST_POS_20220406.csv,Custodian_Bank,RECEIVED,480,3914.9998,2022-04-06,2022-04-06 06:00:00,VALIDATED
2149,CUST_POS_20210906.csv,Custodian_Bank,RECEIVED,374,3421.0,2021-09-06,2021-09-06 06:00:00,VALIDATED
2150,CUST_POS_20210927.csv,Custodian_Bank,RECEIVED,384,3473.0,2021-09-27,2021-09-27 06:00:00,VALIDATED
2151,CUST_POS_20220423.csv,Custodian_Bank,RECEIVED,531,3949.2723,2022-04-23,2022-04-23 06:00:00,VALIDATED
2152,CUST_POS_20220308.csv,Custodian_Bank,RECEIVED,474,3896.9998,2022-03-08,2022-03-08 06:00:00,VALIDATED
2153,CUST_POS_20220328.csv,Custodian_Bank,RECEIVED,480,3914.9998,2022-03-28,2022-03-28 06:00:00,VALIDATED
2154,CUST_POS_20211216.csv,Custodian_Bank,RECEIVED,426,3698.9999,2021-12-16,2021-12-16 06:00:00,VALIDATED
2155,CUST_POS_20220208.csv,Custodian_Bank,RECEIVED,465,3841.9998,2022-02-08,2022-02-08 06:00:00,VALIDATED
2156,CUST_POS_20211219.csv,Custodian_Bank,RECEIVED,426,3698.9999,2021-12-19,2021-12-19 06:00:00,VALIDATED
2157,CUST_POS_20220312.csv,Custodian_Bank,RECEIVED,474,3896.9998,2022-03-12,2022-03-12 06:00:00,VALIDATED
2158,CUST_POS_20220408.csv,Custodian_Bank,RECEIVED,481,3919.9998,2022-04-08,2022-04-08 06:00:00,VALIDATED
2159,CUST_POS_20220429.csv,Custodian_Bank,RECEIVED,540,4149.2719,2022-04-29,2022-04-29 06:00:00,VALIDATED
2160,CUST_POS_20210912.csv,Custodian_Bank,RECEIVED,374,3421.0,2021-09-12,2021-09-12 06:00:00,VALIDATED
2161,CUST_POS_20220410.csv,Custodian_Bank,RECEIVED,481,3919.9998,2022-04-10,2022-04-10 06:00:00,VALIDATED
2162,CUST_POS_20220417.csv,Custodian_Bank,RECEIVED,528,3929.2723,2022-04-17,2022-04-17 06:00:00,VALIDATED
2163,CUST_POS_20220102.csv,Custodian_Bank,RECEIVED,447,3807.9998,2022-01-02,2022-01-02 06:00:00,VALIDATED
2164,CUST_POS_20220425.csv,Custodian_Bank,RECEIVED,531,3949.2723,2022-04-25,2022-04-25 06:00:00,VALIDATED
2165,CUST_POS_20220217.csv,Custodian_Bank,RECEIVED,465,3841.9998,2022-02-17,2022-02-17 06:00:00,VALIDATED
2166,CUST_POS_20220503.csv,Custodian_Bank,RECEIVED,542,4203.2719,2022-05-03,2022-05-03 06:00:00,VALIDATED
2167,CUST_POS_20210914.csv,Custodian_Bank,RECEIVED,374,3421.0,2021-09-14,2021-09-14 06:00:00,VALIDATED
2168,CUST_POS_20220508.csv,Custodian_Bank,RECEIVED,542,4203.2719,2022-05-08,2022-05-08 06:00:00,VALIDATED
2169,CUST_POS_20220430.csv,Custodian_Bank,RECEIVED,540,4149.2719,2022-04-30,2022-04-30 06:00:00,VALIDATED
2170,CUST_POS_20220502.csv,Custodian_Bank,RECEIVED,540,4149.2719,2022-05-02,2022-05-02 06:00:00,VALIDATED
2171,CUST_POS_20220418.csv,Custodian_Bank,RECEIVED,528,3929.2723,2022-04-18,2022-04-18 06:00:00,VALIDATED
2172,CUST_POS_20220322.csv,Custodian_Bank,RECEIVED,475,3901.9998,2022-03-22,2022-03-22 06:00:00,VALIDATED
2173,CUST_POS_20220401.csv,Custodian_Bank,RECEIVED,480,3914.9998,2022-04-01,2022-04-01 06:00:00,VALIDATED
2174,CUST_POS_20220517.csv,Custodian_Bank,RECEIVED,544,4228.2719,2022-05-17,2022-05-17 06:00:00,VALIDATED
2175,CUST_POS_20211002.csv,Custodian_Bank,RECEIVED,388,3493.0,2021-10-02,2021-10-02 06:00:00,VALIDATED
2176,CUST_POS_20220110.csv,Custodian_Bank,RECEIVED,451,3817.9998,2022-01-10,2022-01-10 06:00:00,VALIDATED
2177,CUST_POS_20220605.csv,Custodian_Bank,RECEIVED,563,4325.2719,2022-06-05,2022-06-05 06:00:00,VALIDATED
2178,CUST_POS_20220507.csv,Custodian_Bank,RECEIVED,542,4203.2719,2022-05-07,2022-05-07 06:00:00,VALIDATED
2179,CUST_POS_20211224.csv,Custodian_Bank,RECEIVED,445,3804.9998,2021-12-24,2021-12-24 06:00:00,VALIDATED
2180,CUST_POS_20220120.csv,Custodian_Bank,RECEIVED,455,3825.9998,2022-01-20,2022-01-20 06:00:00,VALIDATED
2181,CUST_POS_20211004.csv,Custodian_Bank,RECEIVED,392,3500.0,2021-10-04,2021-10-04 06:00:00,VALIDATED
2182,CUST_POS_20220323.csv,Custodian_Bank,RECEIVED,477,3903.9998,2022-03-23,2022-03-23 06:00:00,VALIDATED
2183,CUST_POS_20220205.csv,Custodian_Bank,RECEIVED,465,3841.9998,2022-02-05,2022-02-05 06:00:00,VALIDATED
2184,CUST_POS_20211009.csv,Custodian_Bank,RECEIVED,392,3500.0,2021-10-09,2021-10-09 06:00:00,VALIDATED
2185,CUST_POS_20210915.csv,Custodian_Bank,RECEIVED,374,3421.0,2021-09-15,2021-09-15 06:00:00,VALIDATED
2186,CUST_POS_20220511.csv,Custodian_Bank,RECEIVED,542,4203.2719,2022-05-11,2022-05-11 06:00:00,VALIDATED
2187,CUST_POS_20211013.csv,Custodian_Bank,RECEIVED,392,3500.0,2021-10-13,2021-10-13 06:00:00,VALIDATED
2188,CUST_POS_20220331.csv,Custodian_Bank,RECEIVED,480,3914.9998,2022-03-31,2022-03-31 06:00:00,VALIDATED
2189,CUST_POS_20220602.csv,Custodian_Bank,RECEIVED,561,4323.2719,2022-06-02,2022-06-02 06:00:00,VALIDATED
2190,CUST_POS_20220706.csv,Custodian_Bank,RECEIVED,574,4596.2719,2022-07-06,2022-07-06 06:00:00,VALIDATED
2191,CUST_POS_20220220.csv,Custodian_Bank,RECEIVED,465,3841.9998,2022-02-20,2022-02-20 06:00:00,VALIDATED
2192,CUST_POS_20211231.csv,Custodian_Bank,RECEIVED,447,3807.9998,2021-12-31,2021-12-31 06:00:00,VALIDATED
2193,CUST_POS_20220225.csv,Custodian_Bank,RECEIVED,474,3896.9998,2022-02-25,2022-02-25 06:00:00,VALIDATED
2194,CUST_POS_20220310.csv,Custodian_Bank,RECEIVED,474,3896.9998,2022-03-10,2022-03-10 06:00:00,VALIDATED
2195,CUST_POS_20211021.csv,Custodian_Bank,RECEIVED,394,3516.0,2021-10-21,2021-10-21 06:00:00,VALIDATED
2196,CUST_POS_20220407.csv,Custodian_Bank,RECEIVED,480,3914.9998,2022-04-07,2022-04-07 06:00:00,VALIDATED
2197,CUST_POS_20210922.csv,Custodian_Bank,RECEIVED,380,3447.0,2021-09-22,2021-09-22 06:00:00,VALIDATED
2198,CUST_POS_20220422.csv,Custodian_Bank,RECEIVED,531,3949.2723,2022-04-22,2022-04-22 06:00:00,VALIDATED
2199,CUST_POS_20220105.csv,Custodian_Bank,RECEIVED,451,3817.9998,2022-01-05,2022-01-05 06:00:00,VALIDATED
2200,CUST_POS_20220530.csv,Custodian_Bank,RECEIVED,556,4243.2719,2022-05-30,2022-05-30 06:00:00,VALIDATED
2201,CUST_POS_20220617.csv,Custodian_Bank,RECEIVED,565,4346.2719,2022-06-17,2022-06-17 06:00:00,VALIDATED
2202,CUST_POS_20210928.csv,Custodian_Bank,RECEIVED,384,3473.0,2021-09-28,2021-09-28 06:00:00,VALIDATED
2203,CUST_POS_20220223.csv,Custodian_Bank,RECEIVED,469,3860.9998,2022-02-23,2022-02-23 06:00:00,VALIDATED
2204,CUST_POS_20220315.csv,Custodian_Bank,RECEIVED,474,3896.9998,2022-03-15,2022-03-15 06:00:00,VALIDATED
2205,CUST_POS_20220531.csv,Custodian_Bank,RECEIVED,561,4323.2719,2022-05-31,2022-05-31 06:00:00,VALIDATED
2206,CUST_POS_20220619.csv,Custodian_Bank,RECEIVED,565,4346.2719,2022-06-19,2022-06-19 06:00:00,VALIDATED
2207,CUST_POS_20211025.csv,Custodian_Bank,RECEIVED,397,3531.0,2021-10-25,2021-10-25 06:00:00,VALIDATED
2208,CUST_POS_20220713.csv,Custodian_Bank,RECEIVED,575,4597.2719,2022-07-13,2022-07-13 06:00:00,VALIDATED
2209,CUST_POS_20220715.csv,Custodian_Bank,RECEIVED,575,4597.2719,2022-07-15,2022-07-15 06:00:00,VALIDATED
2210,CUST_POS_20211122.csv,Custodian_Bank,RECEIVED,416,3641.9999,2021-11-22,2021-11-22 06:00:00,VALIDATED
2211,CUST_POS_20220811.csv,Custodian_Bank,RECEIVED,597,4918.2719,2022-08-11,2022-08-11 06:00:00,VALIDATED
2212,CUST_POS_20220420.csv,Custodian_Bank,RECEIVED,529,3931.2723,2022-04-20,2022-04-20 06:00:00,VALIDATED
2213,CUST_POS_20220501.csv,Custodian_Bank,RECEIVED,540,4149.2719,2022-05-01,2022-05-01 06:00:00,VALIDATED
2214,CUST_POS_20211015.csv,Custodian_Bank,RECEIVED,392,3500.0,2021-10-15,2021-10-15 06:00:00,VALIDATED
2215,CUST_POS_20211023.csv,Custodian_Bank,RECEIVED,397,3531.0,2021-10-23,2021-10-23 06:00:00,VALIDATED
2216,CUST_POS_20211026.csv,Custodian_Bank,RECEIVED,397,3544.0,2021-10-26,2021-10-26 06:00:00,VALIDATED
2217,CUST_POS_20211030.csv,Custodian_Bank,RECEIVED,406,3582.9999,2021-10-30,2021-10-30 06:00:00,VALIDATED
2218,CUST_POS_20211104.csv,Custodian_Bank,RECEIVED,410,3623.9999,2021-11-04,2021-11-04 06:00:00,VALIDATED
2219,CUST_POS_20211118.csv,Custodian_Bank,RECEIVED,413,3635.9999,2021-11-18,2021-11-18 06:00:00,VALIDATED
2220,CUST_POS_20211130.csv,Custodian_Bank,RECEIVED,426,3698.9999,2021-11-30,2021-11-30 06:00:00,VALIDATED
2221,CUST_POS_20220428.csv,Custodian_Bank,RECEIVED,540,4149.2719,2022-04-28,2022-04-28 06:00:00,VALIDATED
2222,CUST_POS_20220505.csv,Custodian_Bank,RECEIVED,542,4203.2719,2022-05-05,2022-05-05 06:00:00,VALIDATED
2223,CUST_POS_20220306.csv,Custodian_Bank,RECEIVED,474,3896.9998,2022-03-06,2022-03-06 06:00:00,VALIDATED
2224,CUST_POS_20220820.csv,Custodian_Bank,RECEIVED,599,4924.2719,2022-08-20,2022-08-20 06:00:00,VALIDATED
2225,CUST_POS_20220919.csv,Custodian_Bank,RECEIVED,607,5104.2719,2022-09-19,2022-09-19 06:00:00,VALIDATED
2226,CUST_POS_20220708.csv,Custodian_Bank,RECEIVED,574,4596.2719,2022-07-08,2022-07-08 06:00:00,VALIDATED
2227,CUST_POS_20220421.csv,Custodian_Bank,RECEIVED,529,3931.2723,2022-04-21,2022-04-21 06:00:00,VALIDATED
2228,CUST_POS_20211205.csv,Custodian_Bank,RECEIVED,426,3698.9999,2021-12-05,2021-12-05 06:00:00,VALIDATED
2229,CUST_POS_20220513.csv,Custodian_Bank,RECEIVED,544,4228.2719,2022-05-13,2022-05-13 06:00:00,VALIDATED
2230,CUST_POS_20220603.csv,Custodian_Bank,RECEIVED,563,4325.2719,2022-06-03,2022-06-03 06:00:00,VALIDATED
2231,CUST_POS_20220928.csv,Custodian_Bank,RECEIVED,609,5144.2719,2022-09-28,2022-09-28 06:00:00,VALIDATED
2232,CUST_POS_20220518.csv,Custodian_Bank,RECEIVED,552,4202.2719,2022-05-18,2022-05-18 06:00:00,VALIDATED
2233,CUST_POS_20220106.csv,Custodian_Bank,RECEIVED,451,3817.9998,2022-01-06,2022-01-06 06:00:00,VALIDATED
2234,CUST_POS_20220521.csv,Custodian_Bank,RECEIVED,554,4232.2719,2022-05-21,2022-05-21 06:00:00,VALIDATED
2235,CUST_POS_20220604.csv,Custodian_Bank,RECEIVED,563,4325.2719,2022-06-04,2022-06-04 06:00:00,VALIDATED
2236,CUST_POS_20220709.csv,Custodian_Bank,RECEIVED,574,4596.2719,2022-07-09,2022-07-09 06:00:00,VALIDATED
2237,CUST_POS_20220610.csv,Custodian_Bank,RECEIVED,563,4325.2719,2022-06-10,2022-06-10 06:00:00,VALIDATED
2238,CUST_POS_20220426.csv,Custodian_Bank,RECEIVED,533,3969.2723,2022-04-26,2022-04-26 06:00:00,VALIDATED
2239,CUST_POS_20220710.csv,Custodian_Bank,RECEIVED,574,4596.2719,2022-07-10,2022-07-10 06:00:00,VALIDATED
2240,CUST_POS_20220527.csv,Custodian_Bank,RECEIVED,556,4243.2719,2022-05-27,2022-05-27 06:00:00,VALIDATED
2241,CUST_POS_20220319.csv,Custodian_Bank,RECEIVED,475,3901.9998,2022-03-19,2022-03-19 06:00:00,VALIDATED
2242,CUST_POS_20220618.csv,Custodian_Bank,RECEIVED,565,4346.2719,2022-06-18,2022-06-18 06:00:00,VALIDATED
2243,CUST_POS_20220524.csv,Custodian_Bank,RECEIVED,554,4232.2719,2022-05-24,2022-05-24 06:00:00,VALIDATED
2244,CUST_POS_20221007.csv,Custodian_Bank,RECEIVED,617,5266.7719,2022-10-07,2022-10-07 06:00:00,VALIDATED
2245,CUST_POS_20220415.csv,Custodian_Bank,RECEIVED,528,3929.2723,2022-04-15,2022-04-15 06:00:00,VALIDATED
2246,CUST_POS_20220526.csv,Custodian_Bank,RECEIVED,556,4243.2719,2022-05-26,2022-05-26 06:00:00,VALIDATED
2247,CUST_POS_20220612.csv,Custodian_Bank,RECEIVED,563,4325.2719,2022-06-12,2022-06-12 06:00:00,VALIDATED
2248,CUST_POS_20220613.csv,Custodian_Bank,RECEIVED,563,4325.2719,2022-06-13,2022-06-13 06:00:00,VALIDATED
2249,CUST_POS_20220802.csv,Custodian_Bank,RECEIVED,594,4901.2719,2022-08-02,2022-08-02 06:00:00,VALIDATED
2250,CUST_POS_20220620.csv,Custodian_Bank,RECEIVED,565,4346.2719,2022-06-20,2022-06-20 06:00:00,VALIDATED
2251,CUST_POS_20211129.csv,Custodian_Bank,RECEIVED,426,3698.9999,2021-11-29,2021-11-29 06:00:00,VALIDATED
2252,CUST_POS_20220127.csv,Custodian_Bank,RECEIVED,457,3834.9998,2022-01-27,2022-01-27 06:00:00,VALIDATED
2253,CUST_POS_20220622.csv,Custodian_Bank,RECEIVED,568,4382.2719,2022-06-22,2022-06-22 06:00:00,VALIDATED
2254,CUST_POS_20220729.csv,Custodian_Bank,RECEIVED,586,4858.2719,2022-07-29,2022-07-29 06:00:00,VALIDATED
2255,CUST_POS_20220202.csv,Custodian_Bank,RECEIVED,465,3841.9998,2022-02-02,2022-02-02 06:00:00,VALIDATED
2256,CUST_POS_20221030.csv,Custodian_Bank,RECEIVED,628,5341.7719,2022-10-30,2022-10-30 06:00:00,VALIDATED
2257,CUST_POS_20220216.csv,Custodian_Bank,RECEIVED,465,3841.9998,2022-02-16,2022-02-16 06:00:00,VALIDATED
2258,CUST_POS_20220731.csv,Custodian_Bank,RECEIVED,586,4858.2719,2022-07-31,2022-07-31 06:00:00,VALIDATED
2259,CUST_POS_20220716.csv,Custodian_Bank,RECEIVED,575,4597.2719,2022-07-16,2022-07-16 06:00:00,VALIDATED
2260,CUST_POS_20220313.csv,Custodian_Bank,RECEIVED,474,3896.9998,2022-03-13,2022-03-13 06:00:00,VALIDATED
2261,CUST_POS_20220804.csv,Custodian_Bank,RECEIVED,595,4902.2719,2022-08-04,2022-08-04 06:00:00,VALIDATED
2262,CUST_POS_20220719.csv,Custodian_Bank,RECEIVED,576,4632.2719,2022-07-19,2022-07-19 06:00:00,VALIDATED
2263,CUST_POS_20220318.csv,Custodian_Bank,RECEIVED,475,3901.9998,2022-03-18,2022-03-18 06:00:00,VALIDATED
2264,CUST_POS_20220821.csv,Custodian_Bank,RECEIVED,599,4924.2719,2022-08-21,2022-08-21 06:00:00,VALIDATED
2265,CUST_POS_20220724.csv,Custodian_Bank,RECEIVED,578,4640.2719,2022-07-24,2022-07-24 06:00:00,VALIDATED
2266,CUST_POS_20220326.csv,Custodian_Bank,RECEIVED,480,3914.9998,2022-03-26,2022-03-26 06:00:00,VALIDATED
2267,CUST_POS_20220822.csv,Custodian_Bank,RECEIVED,599,4924.2719,2022-08-22,2022-08-22 06:00:00,VALIDATED
2268,CUST_POS_20220813.csv,Custodian_Bank,RECEIVED,597,4918.2719,2022-08-13,2022-08-13 06:00:00,VALIDATED
2269,CUST_POS_20220330.csv,Custodian_Bank,RECEIVED,480,3914.9998,2022-03-30,2022-03-30 06:00:00,VALIDATED
2270,CUST_POS_20220823.csv,Custodian_Bank,RECEIVED,599,4927.2719,2022-08-23,2022-08-23 06:00:00,VALIDATED
2271,CUST_POS_20220402.csv,Custodian_Bank,RECEIVED,480,3914.9998,2022-04-02,2022-04-02 06:00:00,VALIDATED
2272,CUST_POS_20220814.csv,Custodian_Bank,RECEIVED,597,4918.2719,2022-08-14,2022-08-14 06:00:00,VALIDATED
2273,CUST_POS_20220826.csv,Custodian_Bank,RECEIVED,600,4931.2719,2022-08-26,2022-08-26 06:00:00,VALIDATED
2274,CUST_POS_20220409.csv,Custodian_Bank,RECEIVED,481,3919.9998,2022-04-09,2022-04-09 06:00:00,VALIDATED
2275,CUST_POS_20220903.csv,Custodian_Bank,RECEIVED,602,5064.2719,2022-09-03,2022-09-03 06:00:00,VALIDATED
2276,CUST_POS_20220902.csv,Custodian_Bank,RECEIVED,602,5064.2719,2022-09-02,2022-09-02 06:00:00,VALIDATED
2277,CUST_POS_20220413.csv,Custodian_Bank,RECEIVED,528,3929.2723,2022-04-13,2022-04-13 06:00:00,VALIDATED
2278,CUST_POS_20220514.csv,Custodian_Bank,RECEIVED,544,4228.2719,2022-05-14,2022-05-14 06:00:00,VALIDATED
2279,CUST_POS_20220515.csv,Custodian_Bank,RECEIVED,544,4228.2719,2022-05-15,2022-05-15 06:00:00,VALIDATED
2280,CUST_POS_20220522.csv,Custodian_Bank,RECEIVED,554,4232.2719,2022-05-22,2022-05-22 06:00:00,VALIDATED
2281,CUST_POS_20221112.csv,Custodian_Bank,RECEIVED,635,5356.7719,2022-11-12,2022-11-12 06:00:00,VALIDATED
2282,CUST_POS_20220609.csv,Custodian_Bank,RECEIVED,563,4325.2719,2022-06-09,2022-06-09 06:00:00,VALIDATED
2283,CUST_POS_20221114.csv,Custodian_Bank,RECEIVED,635,5356.7719,2022-11-14,2022-11-14 06:00:00,VALIDATED
2284,CUST_POS_20220621.csv,Custodian_Bank,RECEIVED,568,4382.2719,2022-06-21,2022-06-21 06:00:00,VALIDATED
2285,CUST_POS_20211213.csv,Custodian_Bank,RECEIVED,426,3698.9999,2021-12-13,2021-12-13 06:00:00,VALIDATED
2286,CUST_POS_20221205.csv,Custodian_Bank,RECEIVED,649,5440.772,2022-12-05,2022-12-05 06:00:00,VALIDATED
2287,CUST_POS_20211218.csv,Custodian_Bank,RECEIVED,426,3698.9999,2021-12-18,2021-12-18 06:00:00,VALIDATED
2288,CUST_POS_20221207.csv,Custodian_Bank,RECEIVED,650,5442.772,2022-12-07,2022-12-07 06:00:00,VALIDATED
2289,CUST_POS_20211228.csv,Custodian_Bank,RECEIVED,447,3807.9998,2021-12-28,2021-12-28 06:00:00,VALIDATED
2290,CUST_POS_20220626.csv,Custodian_Bank,RECEIVED,568,4382.2719,2022-06-26,2022-06-26 06:00:00,VALIDATED
2291,CUST_POS_20221228.csv,Custodian_Bank,RECEIVED,661,5498.772,2022-12-28,2022-12-28 06:00:00,VALIDATED
2292,CUST_POS_20220117.csv,Custodian_Bank,RECEIVED,452,3818.9998,2022-01-17,2022-01-17 06:00:00,VALIDATED
2293,CUST_POS_20230106.csv,Custodian_Bank,RECEIVED,661,5498.772,2023-01-06,2023-01-06 06:00:00,VALIDATED
2294,CUST_POS_20220718.csv,Custodian_Bank,RECEIVED,575,4597.2719,2022-07-18,2022-07-18 06:00:00,VALIDATED
2295,CUST_POS_20220218.csv,Custodian_Bank,RECEIVED,465,3841.9998,2022-02-18,2022-02-18 06:00:00,VALIDATED
2296,CUST_POS_20230115.csv,Custodian_Bank,RECEIVED,665,5510.772,2023-01-15,2023-01-15 06:00:00,VALIDATED
2297,CUST_POS_20220808.csv,Custodian_Bank,RECEIVED,597,4918.2719,2022-08-08,2022-08-08 06:00:00,VALIDATED
2298,CUST_POS_20220227.csv,Custodian_Bank,RECEIVED,474,3896.9998,2022-02-27,2022-02-27 06:00:00,VALIDATED
2299,CUST_POS_20230203.csv,Custodian_Bank,RECEIVED,677,5560.772,2023-02-03,2023-02-03 06:00:00,VALIDATED
2300,CUST_POS_20220914.csv,Custodian_Bank,RECEIVED,605,5075.2719,2022-09-14,2022-09-14 06:00:00,VALIDATED
2301,CUST_POS_20221018.csv,Custodian_Bank,RECEIVED,620,5293.7719,2022-10-18,2022-10-18 06:00:00,VALIDATED
2302,CUST_POS_20221021.csv,Custodian_Bank,RECEIVED,621,5299.7719,2022-10-21,2022-10-21 06:00:00,VALIDATED
2303,CUST_POS_20221108.csv,Custodian_Bank,RECEIVED,631,5349.7719,2022-11-08,2022-11-08 06:00:00,VALIDATED
2304,CUST_POS_20221117.csv,Custodian_Bank,RECEIVED,636,5375.7719,2022-11-17,2022-11-17 06:00:00,VALIDATED
2305,CUST_POS_20221215.csv,Custodian_Bank,RECEIVED,652,5445.772,2022-12-15,2022-12-15 06:00:00,VALIDATED
2306,CUST_POS_20221219.csv,Custodian_Bank,RECEIVED,655,5456.772,2022-12-19,2022-12-19 06:00:00,VALIDATED
2307,CUST_POS_20221221.csv,Custodian_Bank,RECEIVED,658,5493.772,2022-12-21,2022-12-21 06:00:00,VALIDATED
2308,CUST_POS_20221229.csv,Custodian_Bank,RECEIVED,661,5498.772,2022-12-29,2022-12-29 06:00:00,VALIDATED
2309,CUST_POS_20230104.csv,Custodian_Bank,RECEIVED,661,5498.772,2023-01-04,2023-01-04 06:00:00,VALIDATED
2310,CUST_POS_20230110.csv,Custodian_Bank,RECEIVED,663,5507.772,2023-01-10,2023-01-10 06:00:00,VALIDATED
2311,CUST_POS_20230125.csv,Custodian_Bank,RECEIVED,667,5524.772,2023-01-25,2023-01-25 06:00:00,VALIDATED
2312,CUST_POS_20230210.csv,Custodian_Bank,RECEIVED,687,5545.772,2023-02-10,2023-02-10 06:00:00,VALIDATED
2313,CUST_POS_20230212.csv,Custodian_Bank,RECEIVED,687,5545.772,2023-02-12,2023-02-12 06:00:00,VALIDATED
2314,CUST_POS_20230213.csv,Custodian_Bank,RECEIVED,687,5545.772,2023-02-13,2023-02-13 06:00:00,VALIDATED
2315,CUST_POS_20230223.csv,Custodian_Bank,RECEIVED,689,5569.772,2023-02-23,2023-02-23 06:00:00,VALIDATED
2316,CUST_POS_20230227.csv,Custodian_Bank,RECEIVED,694,5597.772,2023-02-27,2023-02-27 06:00:00,VALIDATED
2317,CUST_POS_20230301.csv,Custodian_Bank,RECEIVED,694,5597.772,2023-03-01,2023-03-01 06:00:00,VALIDATED
2318,CUST_POS_20230302.csv,Custodian_Bank,RECEIVED,694,5597.772,2023-03-02,2023-03-02 06:00:00,VALIDATED
2319,CUST_POS_20230328.csv,Custodian_Bank,RECEIVED,702,5559.272,2023-03-28,2023-03-28 06:00:00,VALIDATED
2320,CUST_POS_20230407.csv,Custodian_Bank,RECEIVED,714,5589.272,2023-04-07,2023-04-07 06:00:00,VALIDATED
2321,CUST_POS_20230408.csv,Custodian_Bank,RECEIVED,714,5589.272,2023-04-08,2023-04-08 06:00:00,VALIDATED
2322,CUST_POS_20230413.csv,Custodian_Bank,RECEIVED,740,5628.272,2023-04-13,2023-04-13 06:00:00,VALIDATED
2323,CUST_POS_20230417.csv,Custodian_Bank,RECEIVED,743,5689.6757,2023-04-17,2023-04-17 06:00:00,VALIDATED
2324,CUST_POS_20230424.csv,Custodian_Bank,RECEIVED,743,5689.6757,2023-04-24,2023-04-24 06:00:00,VALIDATED
2325,CUST_POS_20230425.csv,Custodian_Bank,RECEIVED,743,5689.6757,2023-04-25,2023-04-25 06:00:00,VALIDATED
2326,CUST_POS_20230508.csv,Custodian_Bank,RECEIVED,762,5962.3657,2023-05-08,2023-05-08 06:00:00,VALIDATED
2327,CUST_POS_20230511.csv,Custodian_Bank,RECEIVED,762,5962.3657,2023-05-11,2023-05-11 06:00:00,VALIDATED
2328,CUST_POS_20230606.csv,Custodian_Bank,RECEIVED,772,6132.3657,2023-06-06,2023-06-06 06:00:00,VALIDATED
2329,CUST_POS_20230608.csv,Custodian_Bank,RECEIVED,772,6132.3657,2023-06-08,2023-06-08 06:00:00,VALIDATED
2330,CUST_POS_20230613.csv,Custodian_Bank,RECEIVED,772,6132.3657,2023-06-13,2023-06-13 06:00:00,VALIDATED
2331,CUST_POS_20230616.csv,Custodian_Bank,RECEIVED,772,6132.3657,2023-06-16,2023-06-16 06:00:00,VALIDATED
2332,CUST_POS_20220815.csv,Custodian_Bank,RECEIVED,597,4918.2719,2022-08-15,2022-08-15 06:00:00,VALIDATED
2333,CUST_POS_20230719.csv,Custodian_Bank,RECEIVED,806,5549.3657,2023-07-19,2023-07-19 06:00:00,VALIDATED
2334,CUST_POS_20211210.csv,Custodian_Bank,RECEIVED,426,3698.9999,2021-12-10,2021-12-10 06:00:00,VALIDATED
2335,CUST_POS_20230723.csv,Custodian_Bank,RECEIVED,806,5551.3657,2023-07-23,2023-07-23 06:00:00,VALIDATED
2336,CUST_POS_20230730.csv,Custodian_Bank,RECEIVED,815,5524.3657,2023-07-30,2023-07-30 06:00:00,VALIDATED
2337,CUST_POS_20230808.csv,Custodian_Bank,RECEIVED,815,5537.3657,2023-08-08,2023-08-08 06:00:00,VALIDATED
2338,CUST_POS_20230823.csv,Custodian_Bank,RECEIVED,858,5398.3657,2023-08-23,2023-08-23 06:00:00,VALIDATED
2339,CUST_POS_20230827.csv,Custodian_Bank,RECEIVED,858,5398.3657,2023-08-27,2023-08-27 06:00:00,VALIDATED
2340,CUST_POS_20230902.csv,Custodian_Bank,RECEIVED,861,5410.3657,2023-09-02,2023-09-02 06:00:00,VALIDATED
2341,CUST_POS_20211212.csv,Custodian_Bank,RECEIVED,426,3698.9999,2021-12-12,2021-12-12 06:00:00,VALIDATED
2342,CUST_POS_20220419.csv,Custodian_Bank,RECEIVED,528,3929.2723,2022-04-19,2022-04-19 06:00:00,VALIDATED
2343,CUST_POS_20220911.csv,Custodian_Bank,RECEIVED,602,5064.2719,2022-09-11,2022-09-11 06:00:00,VALIDATED
2344,CUST_POS_20230215.csv,Custodian_Bank,RECEIVED,687,5553.772,2023-02-15,2023-02-15 06:00:00,VALIDATED
2345,CUST_POS_20220301.csv,Custodian_Bank,RECEIVED,474,3896.9998,2022-03-01,2022-03-01 06:00:00,VALIDATED
2346,CUST_POS_20220628.csv,Custodian_Bank,RECEIVED,568,4382.2719,2022-06-28,2022-06-28 06:00:00,VALIDATED
2347,CUST_POS_20220828.csv,Custodian_Bank,RECEIVED,600,4931.2719,2022-08-28,2022-08-28 06:00:00,VALIDATED
2348,CUST_POS_20220630.csv,Custodian_Bank,RECEIVED,572,4531.2719,2022-06-30,2022-06-30 06:00:00,VALIDATED
2349,CUST_POS_20220918.csv,Custodian_Bank,RECEIVED,607,5104.2719,2022-09-18,2022-09-18 06:00:00,VALIDATED
2350,CUST_POS_20211220.csv,Custodian_Bank,RECEIVED,430,3702.9999,2021-12-20,2021-12-20 06:00:00,VALIDATED
2351,CUST_POS_20220913.csv,Custodian_Bank,RECEIVED,605,5075.2719,2022-09-13,2022-09-13 06:00:00,VALIDATED
2352,CUST_POS_20221024.csv,Custodian_Bank,RECEIVED,622,5313.7719,2022-10-24,2022-10-24 06:00:00,VALIDATED
2353,CUST_POS_20211227.csv,Custodian_Bank,RECEIVED,447,3807.9998,2021-12-27,2021-12-27 06:00:00,VALIDATED
2354,CUST_POS_20221027.csv,Custodian_Bank,RECEIVED,623,5315.7719,2022-10-27,2022-10-27 06:00:00,VALIDATED
2355,CUST_POS_20221031.csv,Custodian_Bank,RECEIVED,629,5343.7719,2022-10-31,2022-10-31 06:00:00,VALIDATED
2356,CUST_POS_20220427.csv,Custodian_Bank,RECEIVED,533,3969.2723,2022-04-27,2022-04-27 06:00:00,VALIDATED
2357,CUST_POS_20220509.csv,Custodian_Bank,RECEIVED,542,4203.2719,2022-05-09,2022-05-09 06:00:00,VALIDATED
2358,CUST_POS_20220516.csv,Custodian_Bank,RECEIVED,544,4228.2719,2022-05-16,2022-05-16 06:00:00,VALIDATED
2359,CUST_POS_20221106.csv,Custodian_Bank,RECEIVED,631,5349.7719,2022-11-06,2022-11-06 06:00:00,VALIDATED
2360,CUST_POS_20220629.csv,Custodian_Bank,RECEIVED,572,4531.2719,2022-06-29,2022-06-29 06:00:00,VALIDATED
2361,CUST_POS_20220704.csv,Custodian_Bank,RECEIVED,572,4531.2719,2022-07-04,2022-07-04 06:00:00,VALIDATED
2362,CUST_POS_20220705.csv,Custodian_Bank,RECEIVED,574,4596.2719,2022-07-05,2022-07-05 06:00:00,VALIDATED
2363,CUST_POS_20221113.csv,Custodian_Bank,RECEIVED,635,5356.7719,2022-11-13,2022-11-13 06:00:00,VALIDATED
2364,CUST_POS_20221003.csv,Custodian_Bank,RECEIVED,617,5266.7719,2022-10-03,2022-10-03 06:00:00,VALIDATED
2365,CUST_POS_20221011.csv,Custodian_Bank,RECEIVED,617,5266.7719,2022-10-11,2022-10-11 06:00:00,VALIDATED
2366,CUST_POS_20221016.csv,Custodian_Bank,RECEIVED,618,5271.7719,2022-10-16,2022-10-16 06:00:00,VALIDATED
2367,CUST_POS_20221017.csv,Custodian_Bank,RECEIVED,620,5293.7719,2022-10-17,2022-10-17 06:00:00,VALIDATED
2368,CUST_POS_20221022.csv,Custodian_Bank,RECEIVED,621,5299.7719,2022-10-22,2022-10-22 06:00:00,VALIDATED
2369,CUST_POS_20221103.csv,Custodian_Bank,RECEIVED,631,5349.7719,2022-11-03,2022-11-03 06:00:00,VALIDATED
2370,CUST_POS_20221211.csv,Custodian_Bank,RECEIVED,650,5442.772,2022-12-11,2022-12-11 06:00:00,VALIDATED
2371,CUST_POS_20221223.csv,Custodian_Bank,RECEIVED,660,5497.772,2022-12-23,2022-12-23 06:00:00,VALIDATED
2372,CUST_POS_20220702.csv,Custodian_Bank,RECEIVED,572,4531.2719,2022-07-02,2022-07-02 06:00:00,VALIDATED
2373,CUST_POS_20221105.csv,Custodian_Bank,RECEIVED,631,5349.7719,2022-11-05,2022-11-05 06:00:00,VALIDATED
2374,CUST_POS_20230219.csv,Custodian_Bank,RECEIVED,689,5563.772,2023-02-19,2023-02-19 06:00:00,VALIDATED
2375,CUST_POS_20230907.csv,Custodian_Bank,RECEIVED,875,5392.3657,2023-09-07,2023-09-07 06:00:00,VALIDATED
2376,CUST_POS_20220807.csv,Custodian_Bank,RECEIVED,597,4918.2719,2022-08-07,2022-08-07 06:00:00,VALIDATED
2377,CUST_POS_20220108.csv,Custodian_Bank,RECEIVED,451,3817.9998,2022-01-08,2022-01-08 06:00:00,VALIDATED
2378,CUST_POS_20220607.csv,Custodian_Bank,RECEIVED,563,4325.2719,2022-06-07,2022-06-07 06:00:00,VALIDATED
2379,CUST_POS_20220311.csv,Custodian_Bank,RECEIVED,474,3896.9998,2022-03-11,2022-03-11 06:00:00,VALIDATED
2380,CUST_POS_20221226.csv,Custodian_Bank,RECEIVED,660,5497.772,2022-12-26,2022-12-26 06:00:00,VALIDATED
2381,CUST_POS_20220707.csv,Custodian_Bank,RECEIVED,574,4596.2719,2022-07-07,2022-07-07 06:00:00,VALIDATED
2382,CUST_POS_20220111.csv,Custodian_Bank,RECEIVED,451,3817.9998,2022-01-11,2022-01-11 06:00:00,VALIDATED
2383,CUST_POS_20220810.csv,Custodian_Bank,RECEIVED,597,4918.2719,2022-08-10,2022-08-10 06:00:00,VALIDATED
2384,CUST_POS_20221115.csv,Custodian_Bank,RECEIVED,635,5370.7719,2022-11-15,2022-11-15 06:00:00,VALIDATED
2385,CUST_POS_20220616.csv,Custodian_Bank,RECEIVED,564,4326.2719,2022-06-16,2022-06-16 06:00:00,VALIDATED
2386,CUST_POS_20230222.csv,Custodian_Bank,RECEIVED,689,5569.772,2023-02-22,2023-02-22 06:00:00,VALIDATED
2387,CUST_POS_20220723.csv,Custodian_Bank,RECEIVED,578,4640.2719,2022-07-23,2022-07-23 06:00:00,VALIDATED
2388,CUST_POS_20220112.csv,Custodian_Bank,RECEIVED,452,3818.9998,2022-01-12,2022-01-12 06:00:00,VALIDATED
2389,CUST_POS_20220812.csv,Custodian_Bank,RECEIVED,597,4918.2719,2022-08-12,2022-08-12 06:00:00,VALIDATED
2390,CUST_POS_20221126.csv,Custodian_Bank,RECEIVED,637,5383.7719,2022-11-26,2022-11-26 06:00:00,VALIDATED
2391,CUST_POS_20230109.csv,Custodian_Bank,RECEIVED,663,5507.772,2023-01-09,2023-01-09 06:00:00,VALIDATED
2392,CUST_POS_20220324.csv,Custodian_Bank,RECEIVED,477,3903.9998,2022-03-24,2022-03-24 06:00:00,VALIDATED
2393,CUST_POS_20220720.csv,Custodian_Bank,RECEIVED,576,4632.2719,2022-07-20,2022-07-20 06:00:00,VALIDATED
2394,CUST_POS_20221127.csv,Custodian_Bank,RECEIVED,637,5383.7719,2022-11-27,2022-11-27 06:00:00,VALIDATED
2395,CUST_POS_20230226.csv,Custodian_Bank,RECEIVED,689,5569.772,2023-02-26,2023-02-26 06:00:00,VALIDATED
2396,CUST_POS_20220830.csv,Custodian_Bank,RECEIVED,602,5064.2719,2022-08-30,2022-08-30 06:00:00,VALIDATED
2397,CUST_POS_20230207.csv,Custodian_Bank,RECEIVED,686,5533.772,2023-02-07,2023-02-07 06:00:00,VALIDATED
2398,CUST_POS_20230312.csv,Custodian_Bank,RECEIVED,697,5553.772,2023-03-12,2023-03-12 06:00:00,VALIDATED
2399,CUST_POS_20221206.csv,Custodian_Bank,RECEIVED,650,5442.772,2022-12-06,2022-12-06 06:00:00,VALIDATED
2400,CUST_POS_20220116.csv,Custodian_Bank,RECEIVED,452,3818.9998,2022-01-16,2022-01-16 06:00:00,VALIDATED
2401,CUST_POS_20220728.csv,Custodian_Bank,RECEIVED,586,4858.2719,2022-07-28,2022-07-28 06:00:00,VALIDATED
2402,CUST_POS_20230108.csv,Custodian_Bank,RECEIVED,661,5498.772,2023-01-08,2023-01-08 06:00:00,VALIDATED
2403,CUST_POS_20230211.csv,Custodian_Bank,RECEIVED,687,5545.772,2023-02-11,2023-02-11 06:00:00,VALIDATED
2404,CUST_POS_20220801.csv,Custodian_Bank,RECEIVED,593,4899.2719,2022-08-01,2022-08-01 06:00:00,VALIDATED
2405,CUST_POS_20220327.csv,Custodian_Bank,RECEIVED,480,3914.9998,2022-03-27,2022-03-27 06:00:00,VALIDATED
2406,CUST_POS_20220817.csv,Custodian_Bank,RECEIVED,598,4919.2719,2022-08-17,2022-08-17 06:00:00,VALIDATED
2407,CUST_POS_20230915.csv,Custodian_Bank,RECEIVED,885,5336.3657,2023-09-15,2023-09-15 06:00:00,VALIDATED
2408,CUST_POS_20220712.csv,Custodian_Bank,RECEIVED,575,4597.2719,2022-07-12,2022-07-12 06:00:00,VALIDATED
2409,CUST_POS_20220904.csv,Custodian_Bank,RECEIVED,602,5064.2719,2022-09-04,2022-09-04 06:00:00,VALIDATED
2410,CUST_POS_20220819.csv,Custodian_Bank,RECEIVED,599,4924.2719,2022-08-19,2022-08-19 06:00:00,VALIDATED
2411,CUST_POS_20230319.csv,Custodian_Bank,RECEIVED,702,5564.272,2023-03-19,2023-03-19 06:00:00,VALIDATED
2412,CUST_POS_20220806.csv,Custodian_Bank,RECEIVED,597,4918.2719,2022-08-06,2022-08-06 06:00:00,VALIDATED
2413,CUST_POS_20230216.csv,Custodian_Bank,RECEIVED,689,5563.772,2023-02-16,2023-02-16 06:00:00,VALIDATED
2414,CUST_POS_20220329.csv,Custodian_Bank,RECEIVED,480,3914.9998,2022-03-29,2022-03-29 06:00:00,VALIDATED
2415,CUST_POS_20220118.csv,Custodian_Bank,RECEIVED,452,3818.9998,2022-01-18,2022-01-18 06:00:00,VALIDATED
2416,CUST_POS_20220714.csv,Custodian_Bank,RECEIVED,575,4597.2719,2022-07-14,2022-07-14 06:00:00,VALIDATED
2417,CUST_POS_20220809.csv,Custodian_Bank,RECEIVED,597,4918.2719,2022-08-09,2022-08-09 06:00:00,VALIDATED
2418,CUST_POS_20230322.csv,Custodian_Bank,RECEIVED,702,5564.272,2023-03-22,2023-03-22 06:00:00,VALIDATED
2419,CUST_POS_20220403.csv,Custodian_Bank,RECEIVED,480,3914.9998,2022-04-03,2022-04-03 06:00:00,VALIDATED
2420,CUST_POS_20220128.csv,Custodian_Bank,RECEIVED,457,3834.9998,2022-01-28,2022-01-28 06:00:00,VALIDATED
2421,CUST_POS_20220906.csv,Custodian_Bank,RECEIVED,602,5064.2719,2022-09-06,2022-09-06 06:00:00,VALIDATED
2422,CUST_POS_20220424.csv,Custodian_Bank,RECEIVED,531,3949.2723,2022-04-24,2022-04-24 06:00:00,VALIDATED
2423,CUST_POS_20220129.csv,Custodian_Bank,RECEIVED,457,3834.9998,2022-01-29,2022-01-29 06:00:00,VALIDATED
2424,CUST_POS_20230118.csv,Custodian_Bank,RECEIVED,667,5520.772,2023-01-18,2023-01-18 06:00:00,VALIDATED
2425,CUST_POS_20220910.csv,Custodian_Bank,RECEIVED,602,5064.2719,2022-09-10,2022-09-10 06:00:00,VALIDATED
2426,CUST_POS_20230308.csv,Custodian_Bank,RECEIVED,695,5599.772,2023-03-08,2023-03-08 06:00:00,VALIDATED
2427,CUST_POS_20220916.csv,Custodian_Bank,RECEIVED,607,5104.2719,2022-09-16,2022-09-16 06:00:00,VALIDATED
2428,CUST_POS_20220829.csv,Custodian_Bank,RECEIVED,600,4931.2719,2022-08-29,2022-08-29 06:00:00,VALIDATED
2429,CUST_POS_20230130.csv,Custodian_Bank,RECEIVED,675,5553.772,2023-01-30,2023-01-30 06:00:00,VALIDATED
2430,CUST_POS_20230202.csv,Custodian_Bank,RECEIVED,677,5559.772,2023-02-02,2023-02-02 06:00:00,VALIDATED
2431,CUST_POS_20230206.csv,Custodian_Bank,RECEIVED,686,5533.772,2023-02-06,2023-02-06 06:00:00,VALIDATED
2432,CUST_POS_20230314.csv,Custodian_Bank,RECEIVED,700,5559.272,2023-03-14,2023-03-14 06:00:00,VALIDATED
2433,CUST_POS_20230329.csv,Custodian_Bank,RECEIVED,701,5559.272,2023-03-29,2023-03-29 06:00:00,VALIDATED
2434,CUST_POS_20230402.csv,Custodian_Bank,RECEIVED,706,5573.272,2023-04-02,2023-04-02 06:00:00,VALIDATED
2435,CUST_POS_20230403.csv,Custodian_Bank,RECEIVED,714,5589.272,2023-04-03,2023-04-03 06:00:00,VALIDATED
2436,CUST_POS_20230504.csv,Custodian_Bank,RECEIVED,762,5962.3657,2023-05-04,2023-05-04 06:00:00,VALIDATED
2437,CUST_POS_20220510.csv,Custodian_Bank,RECEIVED,542,4203.2719,2022-05-10,2022-05-10 06:00:00,VALIDATED
2438,CUST_POS_20220512.csv,Custodian_Bank,RECEIVED,542,4203.2719,2022-05-12,2022-05-12 06:00:00,VALIDATED
2439,CUST_POS_20220907.csv,Custodian_Bank,RECEIVED,602,5064.2719,2022-09-07,2022-09-07 06:00:00,VALIDATED
2440,CUST_POS_20220207.csv,Custodian_Bank,RECEIVED,465,3841.9998,2022-02-07,2022-02-07 06:00:00,VALIDATED
2441,CUST_POS_20221006.csv,Custodian_Bank,RECEIVED,617,5266.7719,2022-10-06,2022-10-06 06:00:00,VALIDATED
2442,CUST_POS_20230921.csv,Custodian_Bank,RECEIVED,891,5372.1657,2023-09-21,2023-09-21 06:00:00,VALIDATED
2443,CUST_POS_20230321.csv,Custodian_Bank,RECEIVED,702,5564.272,2023-03-21,2023-03-21 06:00:00,VALIDATED
2444,CUST_POS_20231003.csv,Custodian_Bank,RECEIVED,906,5516.3657,2023-10-03,2023-10-03 06:00:00,VALIDATED
2445,CUST_POS_20231004.csv,Custodian_Bank,RECEIVED,906,5516.3657,2023-10-04,2023-10-04 06:00:00,VALIDATED
2446,CUST_POS_20230325.csv,Custodian_Bank,RECEIVED,702,5564.272,2023-03-25,2023-03-25 06:00:00,VALIDATED
2447,CUST_POS_20231012.csv,Custodian_Bank,RECEIVED,936,5295.3657,2023-10-12,2023-10-12 06:00:00,VALIDATED
2448,CUST_POS_20230326.csv,Custodian_Bank,RECEIVED,702,5564.272,2023-03-26,2023-03-26 06:00:00,VALIDATED
2449,CUST_POS_20220730.csv,Custodian_Bank,RECEIVED,586,4858.2719,2022-07-30,2022-07-30 06:00:00,VALIDATED
2450,CUST_POS_20231028.csv,Custodian_Bank,RECEIVED,956,5266.3657,2023-10-28,2023-10-28 06:00:00,VALIDATED
2451,CUST_POS_20220520.csv,Custodian_Bank,RECEIVED,554,4232.2719,2022-05-20,2022-05-20 06:00:00,VALIDATED
2452,CUST_POS_20230506.csv,Custodian_Bank,RECEIVED,762,5962.3657,2023-05-06,2023-05-06 06:00:00,VALIDATED
2453,CUST_POS_20220209.csv,Custodian_Bank,RECEIVED,465,3841.9998,2022-02-09,2022-02-09 06:00:00,VALIDATED
2454,CUST_POS_20220831.csv,Custodian_Bank,RECEIVED,602,5064.2719,2022-08-31,2022-08-31 06:00:00,VALIDATED
2455,CUST_POS_20220803.csv,Custodian_Bank,RECEIVED,594,4901.2719,2022-08-03,2022-08-03 06:00:00,VALIDATED
2456,CUST_POS_20220805.csv,Custodian_Bank,RECEIVED,597,4918.2719,2022-08-05,2022-08-05 06:00:00,VALIDATED
2457,CUST_POS_20220529.csv,Custodian_Bank,RECEIVED,556,4243.2719,2022-05-29,2022-05-29 06:00:00,VALIDATED
2458,CUST_POS_20220212.csv,Custodian_Bank,RECEIVED,465,3841.9998,2022-02-12,2022-02-12 06:00:00,VALIDATED
2459,CUST_POS_20230411.csv,Custodian_Bank,RECEIVED,740,5628.272,2023-04-11,2023-04-11 06:00:00,VALIDATED
2460,CUST_POS_20230419.csv,Custodian_Bank,RECEIVED,743,5689.6757,2023-04-19,2023-04-19 06:00:00,VALIDATED
2461,CUST_POS_20230421.csv,Custodian_Bank,RECEIVED,743,5689.6757,2023-04-21,2023-04-21 06:00:00,VALIDATED
2462,CUST_POS_20230429.csv,Custodian_Bank,RECEIVED,760,5929.2657,2023-04-29,2023-04-29 06:00:00,VALIDATED
2463,CUST_POS_20230331.csv,Custodian_Bank,RECEIVED,706,5573.272,2023-03-31,2023-03-31 06:00:00,VALIDATED
2464,CUST_POS_20230401.csv,Custodian_Bank,RECEIVED,706,5573.272,2023-04-01,2023-04-01 06:00:00,VALIDATED
2465,CUST_POS_20230409.csv,Custodian_Bank,RECEIVED,714,5589.272,2023-04-09,2023-04-09 06:00:00,VALIDATED
2466,CUST_POS_20230412.csv,Custodian_Bank,RECEIVED,740,5628.272,2023-04-12,2023-04-12 06:00:00,VALIDATED
2467,CUST_POS_20220908.csv,Custodian_Bank,RECEIVED,602,5064.2719,2022-09-08,2022-09-08 06:00:00,VALIDATED
2468,CUST_POS_20220923.csv,Custodian_Bank,RECEIVED,609,5144.2719,2022-09-23,2022-09-23 06:00:00,VALIDATED
2469,CUST_POS_20230415.csv,Custodian_Bank,RECEIVED,740,5628.272,2023-04-15,2023-04-15 06:00:00,VALIDATED
2470,CUST_POS_20220818.csv,Custodian_Bank,RECEIVED,598,4919.2719,2022-08-18,2022-08-18 06:00:00,VALIDATED
2471,CUST_POS_20220909.csv,Custodian_Bank,RECEIVED,602,5064.2719,2022-09-09,2022-09-09 06:00:00,VALIDATED
2472,CUST_POS_20230420.csv,Custodian_Bank,RECEIVED,743,5689.6757,2023-04-20,2023-04-20 06:00:00,VALIDATED
2473,CUST_POS_20220606.csv,Custodian_Bank,RECEIVED,563,4325.2719,2022-06-06,2022-06-06 06:00:00,VALIDATED
2474,CUST_POS_20230426.csv,Custodian_Bank,RECEIVED,743,5701.7357,2023-04-26,2023-04-26 06:00:00,VALIDATED
2475,CUST_POS_20221101.csv,Custodian_Bank,RECEIVED,631,5349.7719,2022-11-01,2022-11-01 06:00:00,VALIDATED
2476,CUST_POS_20220926.csv,Custodian_Bank,RECEIVED,609,5144.2719,2022-09-26,2022-09-26 06:00:00,VALIDATED
2477,CUST_POS_20220608.csv,Custodian_Bank,RECEIVED,563,4325.2719,2022-06-08,2022-06-08 06:00:00,VALIDATED
2478,CUST_POS_20230510.csv,Custodian_Bank,RECEIVED,762,5962.3657,2023-05-10,2023-05-10 06:00:00,VALIDATED
2479,CUST_POS_20220304.csv,Custodian_Bank,RECEIVED,474,3896.9998,2022-03-04,2022-03-04 06:00:00,VALIDATED
2480,CUST_POS_20230521.csv,Custodian_Bank,RECEIVED,763,6040.3657,2023-05-21,2023-05-21 06:00:00,VALIDATED
2481,CUST_POS_20230428.csv,Custodian_Bank,RECEIVED,760,5929.2657,2023-04-28,2023-04-28 06:00:00,VALIDATED
2482,CUST_POS_20220615.csv,Custodian_Bank,RECEIVED,563,4325.2719,2022-06-15,2022-06-15 06:00:00,VALIDATED
2483,CUST_POS_20220316.csv,Custodian_Bank,RECEIVED,475,3901.9998,2022-03-16,2022-03-16 06:00:00,VALIDATED
2484,CUST_POS_20220624.csv,Custodian_Bank,RECEIVED,568,4382.2719,2022-06-24,2022-06-24 06:00:00,VALIDATED
2485,CUST_POS_20220930.csv,Custodian_Bank,RECEIVED,615,5248.7719,2022-09-30,2022-09-30 06:00:00,VALIDATED
2486,CUST_POS_20230502.csv,Custodian_Bank,RECEIVED,762,5962.3657,2023-05-02,2023-05-02 06:00:00,VALIDATED
2487,CUST_POS_20220703.csv,Custodian_Bank,RECEIVED,572,4531.2719,2022-07-03,2022-07-03 06:00:00,VALIDATED
2488,CUST_POS_20230517.csv,Custodian_Bank,RECEIVED,763,6040.3657,2023-05-17,2023-05-17 06:00:00,VALIDATED
2489,CUST_POS_20230525.csv,Custodian_Bank,RECEIVED,763,6052.3657,2023-05-25,2023-05-25 06:00:00,VALIDATED
2490,CUST_POS_20221102.csv,Custodian_Bank,RECEIVED,631,5349.7719,2022-11-02,2022-11-02 06:00:00,VALIDATED
2491,CUST_POS_20220915.csv,Custodian_Bank,RECEIVED,606,5090.2719,2022-09-15,2022-09-15 06:00:00,VALIDATED
2492,CUST_POS_20221116.csv,Custodian_Bank,RECEIVED,636,5375.7719,2022-11-16,2022-11-16 06:00:00,VALIDATED
2493,CUST_POS_20230621.csv,Custodian_Bank,RECEIVED,772,6168.3657,2023-06-21,2023-06-21 06:00:00,VALIDATED
2494,CUST_POS_20220717.csv,Custodian_Bank,RECEIVED,575,4597.2719,2022-07-17,2022-07-17 06:00:00,VALIDATED
2495,CUST_POS_20221104.csv,Custodian_Bank,RECEIVED,631,5349.7719,2022-11-04,2022-11-04 06:00:00,VALIDATED
2496,CUST_POS_20230528.csv,Custodian_Bank,RECEIVED,763,6052.3657,2023-05-28,2023-05-28 06:00:00,VALIDATED
2497,CUST_POS_20221209.csv,Custodian_Bank,RECEIVED,650,5442.772,2022-12-09,2022-12-09 06:00:00,VALIDATED
2498,CUST_POS_20221002.csv,Custodian_Bank,RECEIVED,615,5248.7719,2022-10-02,2022-10-02 06:00:00,VALIDATED
2499,CUST_POS_20220721.csv,Custodian_Bank,RECEIVED,578,4640.2719,2022-07-21,2022-07-21 06:00:00,VALIDATED
2500,CUST_POS_20221210.csv,Custodian_Bank,RECEIVED,650,5442.772,2022-12-10,2022-12-10 06:00:00,VALIDATED
2501,CUST_POS_20230626.csv,Custodian_Bank,RECEIVED,772,6168.3657,2023-06-26,2023-06-26 06:00:00,VALIDATED
2502,CUST_POS_20220722.csv,Custodian_Bank,RECEIVED,578,4640.2719,2022-07-22,2022-07-22 06:00:00,VALIDATED
2503,CUST_POS_20231029.csv,Custodian_Bank,RECEIVED,956,5266.3657,2023-10-29,2023-10-29 06:00:00,VALIDATED
2504,CUST_POS_20221220.csv,Custodian_Bank,RECEIVED,655,5456.772,2022-12-20,2022-12-20 06:00:00,VALIDATED
2505,CUST_POS_20220411.csv,Custodian_Bank,RECEIVED,523,3947.6418,2022-04-11,2022-04-11 06:00:00,VALIDATED
2506,CUST_POS_20220726.csv,Custodian_Bank,RECEIVED,579,4658.2719,2022-07-26,2022-07-26 06:00:00,VALIDATED
2507,CUST_POS_20220504.csv,Custodian_Bank,RECEIVED,542,4203.2719,2022-05-04,2022-05-04 06:00:00,VALIDATED
2508,CUST_POS_20220727.csv,Custodian_Bank,RECEIVED,586,4858.2719,2022-07-27,2022-07-27 06:00:00,VALIDATED
2509,CUST_POS_20230629.csv,Custodian_Bank,RECEIVED,776,6204.3657,2023-06-29,2023-06-29 06:00:00,VALIDATED
2510,CUST_POS_20220506.csv,Custodian_Bank,RECEIVED,542,4203.2719,2022-05-06,2022-05-06 06:00:00,VALIDATED
2511,CUST_POS_20221222.csv,Custodian_Bank,RECEIVED,660,5497.772,2022-12-22,2022-12-22 06:00:00,VALIDATED
2512,CUST_POS_20230119.csv,Custodian_Bank,RECEIVED,667,5520.772,2023-01-19,2023-01-19 06:00:00,VALIDATED
2513,CUST_POS_20231108.csv,Custodian_Bank,RECEIVED,974,5150.3657,2023-11-08,2023-11-08 06:00:00,VALIDATED
2514,CUST_POS_20220519.csv,Custodian_Bank,RECEIVED,552,4202.2719,2022-05-19,2022-05-19 06:00:00,VALIDATED
2515,CUST_POS_20230120.csv,Custodian_Bank,RECEIVED,667,5524.772,2023-01-20,2023-01-20 06:00:00,VALIDATED
2516,CUST_POS_20230704.csv,Custodian_Bank,RECEIVED,779,6234.3657,2023-07-04,2023-07-04 06:00:00,VALIDATED
2517,CUST_POS_20230503.csv,Custodian_Bank,RECEIVED,762,5962.3657,2023-05-03,2023-05-03 06:00:00,VALIDATED
2518,CUST_POS_20231109.csv,Custodian_Bank,RECEIVED,975,5151.3657,2023-11-09,2023-11-09 06:00:00,VALIDATED
2519,CUST_POS_20230507.csv,Custodian_Bank,RECEIVED,762,5962.3657,2023-05-07,2023-05-07 06:00:00,VALIDATED
2520,CUST_POS_20220523.csv,Custodian_Bank,RECEIVED,554,4232.2719,2022-05-23,2022-05-23 06:00:00,VALIDATED
2521,CUST_POS_20231219.csv,Custodian_Bank,RECEIVED,1025,4880.3657,2023-12-19,2023-12-19 06:00:00,VALIDATED
2522,CUST_POS_20230706.csv,Custodian_Bank,RECEIVED,802,5523.3657,2023-07-06,2023-07-06 06:00:00,VALIDATED
2523,CUST_POS_20220525.csv,Custodian_Bank,RECEIVED,556,4243.2719,2022-05-25,2022-05-25 06:00:00,VALIDATED
2524,CUST_POS_20220921.csv,Custodian_Bank,RECEIVED,607,5104.2719,2022-09-21,2022-09-21 06:00:00,VALIDATED
2525,CUST_POS_20230123.csv,Custodian_Bank,RECEIVED,667,5524.772,2023-01-23,2023-01-23 06:00:00,VALIDATED
2526,CUST_POS_20220824.csv,Custodian_Bank,RECEIVED,600,4931.2719,2022-08-24,2022-08-24 06:00:00,VALIDATED
2527,CUST_POS_20221005.csv,Custodian_Bank,RECEIVED,617,5266.7719,2022-10-05,2022-10-05 06:00:00,VALIDATED
2528,CUST_POS_20230311.csv,Custodian_Bank,RECEIVED,697,5553.772,2023-03-11,2023-03-11 06:00:00,VALIDATED
2529,CUST_POS_20230612.csv,Custodian_Bank,RECEIVED,772,6132.3657,2023-06-12,2023-06-12 06:00:00,VALIDATED
2530,CUST_POS_20230622.csv,Custodian_Bank,RECEIVED,772,6168.3657,2023-06-22,2023-06-22 06:00:00,VALIDATED
2531,CUST_POS_20220827.csv,Custodian_Bank,RECEIVED,600,4931.2719,2022-08-27,2022-08-27 06:00:00,VALIDATED
2532,CUST_POS_20221013.csv,Custodian_Bank,RECEIVED,618,5271.7719,2022-10-13,2022-10-13 06:00:00,VALIDATED
2533,CUST_POS_20230530.csv,Custodian_Bank,RECEIVED,771,6122.3657,2023-05-30,2023-05-30 06:00:00,VALIDATED
2534,CUST_POS_20220917.csv,Custodian_Bank,RECEIVED,607,5104.2719,2022-09-17,2022-09-17 06:00:00,VALIDATED
2535,CUST_POS_20220922.csv,Custodian_Bank,RECEIVED,607,5104.2719,2022-09-22,2022-09-22 06:00:00,VALIDATED
2536,CUST_POS_20230604.csv,Custodian_Bank,RECEIVED,772,6132.3657,2023-06-04,2023-06-04 06:00:00,VALIDATED
2537,CUST_POS_20220528.csv,Custodian_Bank,RECEIVED,556,4243.2719,2022-05-28,2022-05-28 06:00:00,VALIDATED
2538,CUST_POS_20220924.csv,Custodian_Bank,RECEIVED,609,5144.2719,2022-09-24,2022-09-24 06:00:00,VALIDATED
2539,CUST_POS_20230722.csv,Custodian_Bank,RECEIVED,806,5551.3657,2023-07-22,2023-07-22 06:00:00,VALIDATED
2540,CUST_POS_20231229.csv,Custodian_Bank,RECEIVED,1025,4880.3657,2023-12-29,2023-12-29 06:00:00,VALIDATED
2541,CUST_POS_20221015.csv,Custodian_Bank,RECEIVED,618,5271.7719,2022-10-15,2022-10-15 06:00:00,VALIDATED
2542,CUST_POS_20221107.csv,Custodian_Bank,RECEIVED,631,5349.7719,2022-11-07,2022-11-07 06:00:00,VALIDATED
2543,CUST_POS_20231231.csv,Custodian_Bank,RECEIVED,1025,4880.3657,2023-12-31,2023-12-31 06:00:00,VALIDATED
2544,CUST_POS_20220925.csv,Custodian_Bank,RECEIVED,609,5144.2719,2022-09-25,2022-09-25 06:00:00,VALIDATED
2545,CUST_POS_20221020.csv,Custodian_Bank,RECEIVED,621,5299.7719,2022-10-20,2022-10-20 06:00:00,VALIDATED
2546,CUST_POS_20230804.csv,Custodian_Bank,RECEIVED,815,5537.3657,2023-08-04,2023-08-04 06:00:00,VALIDATED
2547,CUST_POS_20230701.csv,Custodian_Bank,RECEIVED,777,6205.3657,2023-07-01,2023-07-01 06:00:00,VALIDATED
2548,CUST_POS_20230703.csv,Custodian_Bank,RECEIVED,779,6234.3657,2023-07-03,2023-07-03 06:00:00,VALIDATED
2549,CUST_POS_20230707.csv,Custodian_Bank,RECEIVED,802,5523.3657,2023-07-07,2023-07-07 06:00:00,VALIDATED
2550,CUST_POS_20230815.csv,Custodian_Bank,RECEIVED,827,5517.3657,2023-08-15,2023-08-15 06:00:00,VALIDATED
2551,CUST_POS_20230731.csv,Custodian_Bank,RECEIVED,815,5535.3657,2023-07-31,2023-07-31 06:00:00,VALIDATED
2552,CUST_POS_20230817.csv,Custodian_Bank,RECEIVED,828,5518.3657,2023-08-17,2023-08-17 06:00:00,VALIDATED
2553,CUST_POS_20230926.csv,Custodian_Bank,RECEIVED,891,5378.3657,2023-09-26,2023-09-26 06:00:00,VALIDATED
2554,CUST_POS_20231111.csv,Custodian_Bank,RECEIVED,987,4849.3657,2023-11-11,2023-11-11 06:00:00,VALIDATED
2555,CUST_POS_20230826.csv,Custodian_Bank,RECEIVED,858,5398.3657,2023-08-26,2023-08-26 06:00:00,VALIDATED
2556,CUST_POS_20221025.csv,Custodian_Bank,RECEIVED,622,5313.7719,2022-10-25,2022-10-25 06:00:00,VALIDATED
2557,CUST_POS_20230904.csv,Custodian_Bank,RECEIVED,861,5410.3657,2023-09-04,2023-09-04 06:00:00,VALIDATED
2558,CUST_POS_20231119.csv,Custodian_Bank,RECEIVED,1002,4882.3657,2023-11-19,2023-11-19 06:00:00,VALIDATED
2559,CUST_POS_20220929.csv,Custodian_Bank,RECEIVED,615,5248.7719,2022-09-29,2022-09-29 06:00:00,VALIDATED
2560,CUST_POS_20221110.csv,Custodian_Bank,RECEIVED,635,5356.7719,2022-11-10,2022-11-10 06:00:00,VALIDATED
2561,CUST_POS_20240112.csv,Custodian_Bank,RECEIVED,1031,4906.3657,2024-01-12,2024-01-12 06:00:00,VALIDATED
2562,CUST_POS_20220601.csv,Custodian_Bank,RECEIVED,561,4323.2719,2022-06-01,2022-06-01 06:00:00,VALIDATED
2563,CUST_POS_20231125.csv,Custodian_Bank,RECEIVED,1002,4882.3657,2023-11-25,2023-11-25 06:00:00,VALIDATED
2564,CUST_POS_20230718.csv,Custodian_Bank,RECEIVED,805,5547.3657,2023-07-18,2023-07-18 06:00:00,VALIDATED
2565,CUST_POS_20220611.csv,Custodian_Bank,RECEIVED,563,4325.2719,2022-06-11,2022-06-11 06:00:00,VALIDATED
2566,CUST_POS_20230318.csv,Custodian_Bank,RECEIVED,702,5564.272,2023-03-18,2023-03-18 06:00:00,VALIDATED
2567,CUST_POS_20221122.csv,Custodian_Bank,RECEIVED,637,5383.7719,2022-11-22,2022-11-22 06:00:00,VALIDATED
2568,CUST_POS_20230720.csv,Custodian_Bank,RECEIVED,806,5549.3657,2023-07-20,2023-07-20 06:00:00,VALIDATED
2569,CUST_POS_20230323.csv,Custodian_Bank,RECEIVED,702,5564.272,2023-03-23,2023-03-23 06:00:00,VALIDATED
2570,CUST_POS_20221026.csv,Custodian_Bank,RECEIVED,622,5313.7719,2022-10-26,2022-10-26 06:00:00,VALIDATED
2571,CUST_POS_20221004.csv,Custodian_Bank,RECEIVED,617,5266.7719,2022-10-04,2022-10-04 06:00:00,VALIDATED
2572,CUST_POS_20230324.csv,Custodian_Bank,RECEIVED,702,5564.272,2023-03-24,2023-03-24 06:00:00,VALIDATED
2573,CUST_POS_20221130.csv,Custodian_Bank,RECEIVED,643,5406.7719,2022-11-30,2022-11-30 06:00:00,VALIDATED
2574,CUST_POS_20230724.csv,Custodian_Bank,RECEIVED,806,5551.3657,2023-07-24,2023-07-24 06:00:00,VALIDATED
2575,CUST_POS_20230406.csv,Custodian_Bank,RECEIVED,714,5589.272,2023-04-06,2023-04-06 06:00:00,VALIDATED
2576,CUST_POS_20231130.csv,Custodian_Bank,RECEIVED,1018,4900.3657,2023-11-30,2023-11-30 06:00:00,VALIDATED
2577,CUST_POS_20240117.csv,Custodian_Bank,RECEIVED,1031,4906.3657,2024-01-17,2024-01-17 06:00:00,VALIDATED
2578,CUST_POS_20221119.csv,Custodian_Bank,RECEIVED,636,5375.7719,2022-11-19,2022-11-19 06:00:00,VALIDATED
2579,CUST_POS_20230531.csv,Custodian_Bank,RECEIVED,771,6122.3657,2023-05-31,2023-05-31 06:00:00,VALIDATED
2580,CUST_POS_20221009.csv,Custodian_Bank,RECEIVED,617,5266.7719,2022-10-09,2022-10-09 06:00:00,VALIDATED
2581,CUST_POS_20230801.csv,Custodian_Bank,RECEIVED,815,5537.3657,2023-08-01,2023-08-01 06:00:00,VALIDATED
2582,CUST_POS_20221111.csv,Custodian_Bank,RECEIVED,635,5356.7719,2022-11-11,2022-11-11 06:00:00,VALIDATED
2583,CUST_POS_20221128.csv,Custodian_Bank,RECEIVED,637,5383.7719,2022-11-28,2022-11-28 06:00:00,VALIDATED
2584,CUST_POS_20221202.csv,Custodian_Bank,RECEIVED,645,5409.7719,2022-12-02,2022-12-02 06:00:00,VALIDATED
2585,CUST_POS_20230802.csv,Custodian_Bank,RECEIVED,815,5537.3657,2023-08-02,2023-08-02 06:00:00,VALIDATED
2586,CUST_POS_20221121.csv,Custodian_Bank,RECEIVED,637,5383.7719,2022-11-21,2022-11-21 06:00:00,VALIDATED
2587,CUST_POS_20220614.csv,Custodian_Bank,RECEIVED,563,4325.2719,2022-06-14,2022-06-14 06:00:00,VALIDATED
2588,CUST_POS_20221231.csv,Custodian_Bank,RECEIVED,661,5498.772,2022-12-31,2022-12-31 06:00:00,VALIDATED
2589,CUST_POS_20221010.csv,Custodian_Bank,RECEIVED,617,5266.7719,2022-10-10,2022-10-10 06:00:00,VALIDATED
2590,CUST_POS_20230820.csv,Custodian_Bank,RECEIVED,828,5518.3657,2023-08-20,2023-08-20 06:00:00,VALIDATED
2591,CUST_POS_20221124.csv,Custodian_Bank,RECEIVED,637,5383.7719,2022-11-24,2022-11-24 06:00:00,VALIDATED
2592,CUST_POS_20221208.csv,Custodian_Bank,RECEIVED,650,5442.772,2022-12-08,2022-12-08 06:00:00,VALIDATED
2593,CUST_POS_20240120.csv,Custodian_Bank,RECEIVED,1031,4906.3657,2024-01-20,2024-01-20 06:00:00,VALIDATED
2594,CUST_POS_20230829.csv,Custodian_Bank,RECEIVED,858,5398.3657,2023-08-29,2023-08-29 06:00:00,VALIDATED
2595,CUST_POS_20221203.csv,Custodian_Bank,RECEIVED,645,5409.7719,2022-12-03,2022-12-03 06:00:00,VALIDATED
2596,CUST_POS_20240221.csv,Custodian_Bank,RECEIVED,1047,4974.3657,2024-02-21,2024-02-21 06:00:00,VALIDATED
2597,CUST_POS_20230103.csv,Custodian_Bank,RECEIVED,661,5498.772,2023-01-03,2023-01-03 06:00:00,VALIDATED
2598,CUST_POS_20220623.csv,Custodian_Bank,RECEIVED,568,4382.2719,2022-06-23,2022-06-23 06:00:00,VALIDATED
2599,CUST_POS_20240302.csv,Custodian_Bank,RECEIVED,1055,4957.3657,2024-03-02,2024-03-02 06:00:00,VALIDATED
2600,CUST_POS_20221019.csv,Custodian_Bank,RECEIVED,621,5299.7719,2022-10-19,2022-10-19 06:00:00,VALIDATED
2601,CUST_POS_20221214.csv,Custodian_Bank,RECEIVED,651,5444.772,2022-12-14,2022-12-14 06:00:00,VALIDATED
2602,CUST_POS_20240318.csv,Custodian_Bank,RECEIVED,1131,4025.2719,2024-03-18,2024-03-18 06:00:00,VALIDATED
2603,CUST_POS_20230912.csv,Custodian_Bank,RECEIVED,884,5326.3657,2023-09-12,2023-09-12 06:00:00,VALIDATED
2604,CUST_POS_20221028.csv,Custodian_Bank,RECEIVED,628,5341.7719,2022-10-28,2022-10-28 06:00:00,VALIDATED
2605,CUST_POS_20221227.csv,Custodian_Bank,RECEIVED,660,5497.772,2022-12-27,2022-12-27 06:00:00,VALIDATED
2606,CUST_POS_20230603.csv,Custodian_Bank,RECEIVED,772,6132.3657,2023-06-03,2023-06-03 06:00:00,VALIDATED
2607,CUST_POS_20220625.csv,Custodian_Bank,RECEIVED,568,4382.2719,2022-06-25,2022-06-25 06:00:00,VALIDATED
2608,CUST_POS_20230101.csv,Custodian_Bank,RECEIVED,661,5498.772,2023-01-01,2023-01-01 06:00:00,VALIDATED
2609,CUST_POS_20240404.csv,Custodian_Bank,RECEIVED,1139,3981.2719,2024-04-04,2024-04-04 06:00:00,VALIDATED
2610,CUST_POS_20230116.csv,Custodian_Bank,RECEIVED,665,5510.772,2023-01-16,2023-01-16 06:00:00,VALIDATED
2611,CUST_POS_20230906.csv,Custodian_Bank,RECEIVED,875,5392.3657,2023-09-06,2023-09-06 06:00:00,VALIDATED
2612,CUST_POS_20230916.csv,Custodian_Bank,RECEIVED,885,5336.3657,2023-09-16,2023-09-16 06:00:00,VALIDATED
2613,CUST_POS_20230105.csv,Custodian_Bank,RECEIVED,661,5498.772,2023-01-05,2023-01-05 06:00:00,VALIDATED
2614,CUST_POS_20220627.csv,Custodian_Bank,RECEIVED,568,4382.2719,2022-06-27,2022-06-27 06:00:00,VALIDATED
2615,CUST_POS_20230919.csv,Custodian_Bank,RECEIVED,891,5372.1657,2023-09-19,2023-09-19 06:00:00,VALIDATED
2616,CUST_POS_20240104.csv,Custodian_Bank,RECEIVED,1027,4891.3657,2024-01-04,2024-01-04 06:00:00,VALIDATED
2617,CUST_POS_20230930.csv,Custodian_Bank,RECEIVED,902,5489.3657,2023-09-30,2023-09-30 06:00:00,VALIDATED
2618,CUST_POS_20231006.csv,Custodian_Bank,RECEIVED,913,5445.3657,2023-10-06,2023-10-06 06:00:00,VALIDATED
2619,CUST_POS_20220701.csv,Custodian_Bank,RECEIVED,572,4531.2719,2022-07-01,2022-07-01 06:00:00,VALIDATED
2620,CUST_POS_20221029.csv,Custodian_Bank,RECEIVED,628,5341.7719,2022-10-29,2022-10-29 06:00:00,VALIDATED
2621,CUST_POS_20230607.csv,Custodian_Bank,RECEIVED,772,6132.3657,2023-06-07,2023-06-07 06:00:00,VALIDATED
2622,CUST_POS_20221218.csv,Custodian_Bank,RECEIVED,655,5456.772,2022-12-18,2022-12-18 06:00:00,VALIDATED
2623,CUST_POS_20231008.csv,Custodian_Bank,RECEIVED,913,5445.3657,2023-10-08,2023-10-08 06:00:00,VALIDATED
2624,CUST_POS_20220711.csv,Custodian_Bank,RECEIVED,574,4596.2719,2022-07-11,2022-07-11 06:00:00,VALIDATED
2625,CUST_POS_20220725.csv,Custodian_Bank,RECEIVED,578,4640.2719,2022-07-25,2022-07-25 06:00:00,VALIDATED
2626,CUST_POS_20231015.csv,Custodian_Bank,RECEIVED,944,5288.3657,2023-10-15,2023-10-15 06:00:00,VALIDATED
2627,CUST_POS_20231016.csv,Custodian_Bank,RECEIVED,951,5290.3657,2023-10-16,2023-10-16 06:00:00,VALIDATED
2628,CUST_POS_20231118.csv,Custodian_Bank,RECEIVED,1002,4882.3657,2023-11-18,2023-11-18 06:00:00,VALIDATED
2629,CUST_POS_20231126.csv,Custodian_Bank,RECEIVED,1002,4882.3657,2023-11-26,2023-11-26 06:00:00,VALIDATED
2630,CUST_POS_20230614.csv,Custodian_Bank,RECEIVED,772,6132.3657,2023-06-14,2023-06-14 06:00:00,VALIDATED
2631,CUST_POS_20230615.csv,Custodian_Bank,RECEIVED,772,6132.3657,2023-06-15,2023-06-15 06:00:00,VALIDATED
2632,CUST_POS_20231202.csv,Custodian_Bank,RECEIVED,1021,4895.3657,2023-12-02,2023-12-02 06:00:00,VALIDATED
2633,CUST_POS_20231011.csv,Custodian_Bank,RECEIVED,936,5295.3657,2023-10-11,2023-10-11 06:00:00,VALIDATED
2634,CUST_POS_20231204.csv,Custodian_Bank,RECEIVED,1021,4895.3657,2023-12-04,2023-12-04 06:00:00,VALIDATED
2635,CUST_POS_20230117.csv,Custodian_Bank,RECEIVED,667,5520.772,2023-01-17,2023-01-17 06:00:00,VALIDATED
2636,CUST_POS_20231206.csv,Custodian_Bank,RECEIVED,1025,4880.3657,2023-12-06,2023-12-06 06:00:00,VALIDATED
2637,CUST_POS_20231211.csv,Custodian_Bank,RECEIVED,1025,4880.3657,2023-12-11,2023-12-11 06:00:00,VALIDATED
2638,CUST_POS_20231227.csv,Custodian_Bank,RECEIVED,1025,4880.3657,2023-12-27,2023-12-27 06:00:00,VALIDATED
2639,CUST_POS_20240101.csv,Custodian_Bank,RECEIVED,1025,4880.3657,2024-01-01,2024-01-01 06:00:00,VALIDATED
2640,CUST_POS_20240102.csv,Custodian_Bank,RECEIVED,1025,4880.3657,2024-01-02,2024-01-02 06:00:00,VALIDATED
2641,CUST_POS_20240126.csv,Custodian_Bank,RECEIVED,1042,4937.3657,2024-01-26,2024-01-26 06:00:00,VALIDATED
2642,CUST_POS_20240214.csv,Custodian_Bank,RECEIVED,1046,4962.3657,2024-02-14,2024-02-14 06:00:00,VALIDATED
2643,CUST_POS_20240218.csv,Custodian_Bank,RECEIVED,1047,4974.3657,2024-02-18,2024-02-18 06:00:00,VALIDATED
2644,CUST_POS_20240105.csv,Custodian_Bank,RECEIVED,1027,4891.3657,2024-01-05,2024-01-05 06:00:00,VALIDATED
2645,CUST_POS_20240311.csv,Custodian_Bank,RECEIVED,1093,4330.0069,2024-03-11,2024-03-11 06:00:00,VALIDATED
2646,CUST_POS_20240316.csv,Custodian_Bank,RECEIVED,1126,4012.2719,2024-03-16,2024-03-16 06:00:00,VALIDATED
2647,CUST_POS_20240317.csv,Custodian_Bank,RECEIVED,1126,4012.2719,2024-03-17,2024-03-17 06:00:00,VALIDATED
2648,CUST_POS_20240321.csv,Custodian_Bank,RECEIVED,1131,4025.2719,2024-03-21,2024-03-21 06:00:00,VALIDATED
2649,CUST_POS_20240322.csv,Custodian_Bank,RECEIVED,1132,4030.2719,2024-03-22,2024-03-22 06:00:00,VALIDATED
2650,CUST_POS_20231013.csv,Custodian_Bank,RECEIVED,944,5288.3657,2023-10-13,2023-10-13 06:00:00,VALIDATED
2651,CUST_POS_20221109.csv,Custodian_Bank,RECEIVED,635,5356.7719,2022-11-09,2022-11-09 06:00:00,VALIDATED
2652,CUST_POS_20230113.csv,Custodian_Bank,RECEIVED,665,5510.772,2023-01-13,2023-01-13 06:00:00,VALIDATED
2653,CUST_POS_20240324.csv,Custodian_Bank,RECEIVED,1132,4030.2719,2024-03-24,2024-03-24 06:00:00,VALIDATED
2654,CUST_POS_20230128.csv,Custodian_Bank,RECEIVED,667,5527.772,2023-01-28,2023-01-28 06:00:00,VALIDATED
2655,CUST_POS_20240407.csv,Custodian_Bank,RECEIVED,1139,3981.2719,2024-04-07,2024-04-07 06:00:00,VALIDATED
2656,CUST_POS_20221118.csv,Custodian_Bank,RECEIVED,636,5375.7719,2022-11-18,2022-11-18 06:00:00,VALIDATED
2657,CUST_POS_20240106.csv,Custodian_Bank,RECEIVED,1027,4891.3657,2024-01-06,2024-01-06 06:00:00,VALIDATED
2658,CUST_POS_20221129.csv,Custodian_Bank,RECEIVED,643,5406.7719,2022-11-29,2022-11-29 06:00:00,VALIDATED
2659,CUST_POS_20240406.csv,Custodian_Bank,RECEIVED,1139,3981.2719,2024-04-06,2024-04-06 06:00:00,VALIDATED
2660,CUST_POS_20230619.csv,Custodian_Bank,RECEIVED,772,6132.3657,2023-06-19,2023-06-19 06:00:00,VALIDATED
2661,CUST_POS_20230131.csv,Custodian_Bank,RECEIVED,676,5555.772,2023-01-31,2023-01-31 06:00:00,VALIDATED
2662,CUST_POS_20240409.csv,Custodian_Bank,RECEIVED,1144,4034.2719,2024-04-09,2024-04-09 06:00:00,VALIDATED
2663,CUST_POS_20230124.csv,Custodian_Bank,RECEIVED,667,5524.772,2023-01-24,2023-01-24 06:00:00,VALIDATED
2664,CUST_POS_20240122.csv,Custodian_Bank,RECEIVED,1037,4927.3657,2024-01-22,2024-01-22 06:00:00,VALIDATED
2665,CUST_POS_20240504.csv,Custodian_Bank,RECEIVED,1166,3895.2719,2024-05-04,2024-05-04 06:00:00,VALIDATED
2666,CUST_POS_20231030.csv,Custodian_Bank,RECEIVED,956,5266.3657,2023-10-30,2023-10-30 06:00:00,VALIDATED
2667,CUST_POS_20240125.csv,Custodian_Bank,RECEIVED,1042,4937.3657,2024-01-25,2024-01-25 06:00:00,VALIDATED
2668,CUST_POS_20221201.csv,Custodian_Bank,RECEIVED,645,5409.7719,2022-12-01,2022-12-01 06:00:00,VALIDATED
2669,CUST_POS_20230623.csv,Custodian_Bank,RECEIVED,772,6168.3657,2023-06-23,2023-06-23 06:00:00,VALIDATED
2670,CUST_POS_20240129.csv,Custodian_Bank,RECEIVED,1043,4952.3657,2024-01-29,2024-01-29 06:00:00,VALIDATED
2671,CUST_POS_20221225.csv,Custodian_Bank,RECEIVED,660,5497.772,2022-12-25,2022-12-25 06:00:00,VALIDATED
2672,CUST_POS_20230814.csv,Custodian_Bank,RECEIVED,826,5510.3657,2023-08-14,2023-08-14 06:00:00,VALIDATED
2673,CUST_POS_20240422.csv,Custodian_Bank,RECEIVED,1148,4037.2719,2024-04-22,2024-04-22 06:00:00,VALIDATED
2674,CUST_POS_20221204.csv,Custodian_Bank,RECEIVED,645,5409.7719,2022-12-04,2022-12-04 06:00:00,VALIDATED
2675,CUST_POS_20220816.csv,Custodian_Bank,RECEIVED,598,4919.2719,2022-08-16,2022-08-16 06:00:00,VALIDATED
2676,CUST_POS_20230821.csv,Custodian_Bank,RECEIVED,829,5524.3657,2023-08-21,2023-08-21 06:00:00,VALIDATED
2677,CUST_POS_20231107.csv,Custodian_Bank,RECEIVED,969,5145.3657,2023-11-07,2023-11-07 06:00:00,VALIDATED
2678,CUST_POS_20220825.csv,Custodian_Bank,RECEIVED,600,4931.2719,2022-08-25,2022-08-25 06:00:00,VALIDATED
2679,CUST_POS_20230928.csv,Custodian_Bank,RECEIVED,902,5489.3657,2023-09-28,2023-09-28 06:00:00,VALIDATED
2680,CUST_POS_20240206.csv,Custodian_Bank,RECEIVED,1045,4955.3657,2024-02-06,2024-02-06 06:00:00,VALIDATED
2681,CUST_POS_20230204.csv,Custodian_Bank,RECEIVED,677,5560.772,2023-02-04,2023-02-04 06:00:00,VALIDATED
2682,CUST_POS_20230929.csv,Custodian_Bank,RECEIVED,902,5489.3657,2023-09-29,2023-09-29 06:00:00,VALIDATED
2683,CUST_POS_20240208.csv,Custodian_Bank,RECEIVED,1045,4955.3657,2024-02-08,2024-02-08 06:00:00,VALIDATED
2684,CUST_POS_20240430.csv,Custodian_Bank,RECEIVED,1160,3978.2719,2024-04-30,2024-04-30 06:00:00,VALIDATED
2685,CUST_POS_20231001.csv,Custodian_Bank,RECEIVED,902,5489.3657,2023-10-01,2023-10-01 06:00:00,VALIDATED
2686,CUST_POS_20221213.csv,Custodian_Bank,RECEIVED,651,5444.772,2022-12-13,2022-12-13 06:00:00,VALIDATED
2687,CUST_POS_20231114.csv,Custodian_Bank,RECEIVED,989,4850.3657,2023-11-14,2023-11-14 06:00:00,VALIDATED
2688,CUST_POS_20230129.csv,Custodian_Bank,RECEIVED,667,5527.772,2023-01-29,2023-01-29 06:00:00,VALIDATED
2689,CUST_POS_20220901.csv,Custodian_Bank,RECEIVED,602,5064.2719,2022-09-01,2022-09-01 06:00:00,VALIDATED
2690,CUST_POS_20231216.csv,Custodian_Bank,RECEIVED,1025,4880.3657,2023-12-16,2023-12-16 06:00:00,VALIDATED
2691,CUST_POS_20240211.csv,Custodian_Bank,RECEIVED,1045,4955.3657,2024-02-11,2024-02-11 06:00:00,VALIDATED
2692,CUST_POS_20231017.csv,Custodian_Bank,RECEIVED,955,5260.3657,2023-10-17,2023-10-17 06:00:00,VALIDATED
2693,CUST_POS_20230209.csv,Custodian_Bank,RECEIVED,686,5533.772,2023-02-09,2023-02-09 06:00:00,VALIDATED
2694,CUST_POS_20240502.csv,Custodian_Bank,RECEIVED,1166,3895.2719,2024-05-02,2024-05-02 06:00:00,VALIDATED
2695,CUST_POS_20231026.csv,Custodian_Bank,RECEIVED,956,5266.3657,2023-10-26,2023-10-26 06:00:00,VALIDATED
2696,CUST_POS_20221230.csv,Custodian_Bank,RECEIVED,661,5498.772,2022-12-30,2022-12-30 06:00:00,VALIDATED
2697,CUST_POS_20231226.csv,Custodian_Bank,RECEIVED,1025,4880.3657,2023-12-26,2023-12-26 06:00:00,VALIDATED
2698,CUST_POS_20240523.csv,Custodian_Bank,RECEIVED,1186,3900.2719,2024-05-23,2024-05-23 06:00:00,VALIDATED
2699,CUST_POS_20231101.csv,Custodian_Bank,RECEIVED,959,5275.3657,2023-11-01,2023-11-01 06:00:00,VALIDATED
2700,CUST_POS_20220905.csv,Custodian_Bank,RECEIVED,602,5064.2719,2022-09-05,2022-09-05 06:00:00,VALIDATED
2701,CUST_POS_20240121.csv,Custodian_Bank,RECEIVED,1031,4906.3657,2024-01-21,2024-01-21 06:00:00,VALIDATED
2702,CUST_POS_20230221.csv,Custodian_Bank,RECEIVED,689,5569.772,2023-02-21,2023-02-21 06:00:00,VALIDATED
2703,CUST_POS_20221216.csv,Custodian_Bank,RECEIVED,655,5456.772,2022-12-16,2022-12-16 06:00:00,VALIDATED
2704,CUST_POS_20230107.csv,Custodian_Bank,RECEIVED,661,5498.772,2023-01-07,2023-01-07 06:00:00,VALIDATED
2705,CUST_POS_20240506.csv,Custodian_Bank,RECEIVED,1166,3895.2719,2024-05-06,2024-05-06 06:00:00,VALIDATED
2706,CUST_POS_20231102.csv,Custodian_Bank,RECEIVED,959,5275.3657,2023-11-02,2023-11-02 06:00:00,VALIDATED
2707,CUST_POS_20240225.csv,Custodian_Bank,RECEIVED,1047,4974.3657,2024-02-25,2024-02-25 06:00:00,VALIDATED
2708,CUST_POS_20230228.csv,Custodian_Bank,RECEIVED,694,5597.772,2023-02-28,2023-02-28 06:00:00,VALIDATED
2709,CUST_POS_20240227.csv,Custodian_Bank,RECEIVED,1052,4988.3657,2024-02-27,2024-02-27 06:00:00,VALIDATED
2710,CUST_POS_20220912.csv,Custodian_Bank,RECEIVED,603,5067.2719,2022-09-12,2022-09-12 06:00:00,VALIDATED
2711,CUST_POS_20231112.csv,Custodian_Bank,RECEIVED,987,4849.3657,2023-11-12,2023-11-12 06:00:00,VALIDATED
2712,CUST_POS_20240510.csv,Custodian_Bank,RECEIVED,1166,3897.2719,2024-05-10,2024-05-10 06:00:00,VALIDATED
2713,CUST_POS_20240603.csv,Custodian_Bank,RECEIVED,1217,3860.2719,2024-06-03,2024-06-03 06:00:00,VALIDATED
2714,CUST_POS_20240528.csv,Custodian_Bank,RECEIVED,1192,3883.2719,2024-05-28,2024-05-28 06:00:00,VALIDATED
2715,CUST_POS_20230304.csv,Custodian_Bank,RECEIVED,694,5598.772,2023-03-04,2023-03-04 06:00:00,VALIDATED
2716,CUST_POS_20240401.csv,Custodian_Bank,RECEIVED,1135,4036.2719,2024-04-01,2024-04-01 06:00:00,VALIDATED
2717,CUST_POS_20221217.csv,Custodian_Bank,RECEIVED,655,5456.772,2022-12-17,2022-12-17 06:00:00,VALIDATED
2718,CUST_POS_20230114.csv,Custodian_Bank,RECEIVED,665,5510.772,2023-01-14,2023-01-14 06:00:00,VALIDATED
2719,CUST_POS_20240212.csv,Custodian_Bank,RECEIVED,1046,4962.3657,2024-02-12,2024-02-12 06:00:00,VALIDATED
2720,CUST_POS_20240413.csv,Custodian_Bank,RECEIVED,1145,4036.2719,2024-04-13,2024-04-13 06:00:00,VALIDATED
2721,CUST_POS_20231113.csv,Custodian_Bank,RECEIVED,989,4850.3657,2023-11-13,2023-11-13 06:00:00,VALIDATED
2722,CUST_POS_20230122.csv,Custodian_Bank,RECEIVED,667,5524.772,2023-01-22,2023-01-22 06:00:00,VALIDATED
2723,CUST_POS_20230201.csv,Custodian_Bank,RECEIVED,677,5559.772,2023-02-01,2023-02-01 06:00:00,VALIDATED
2724,CUST_POS_20230214.csv,Custodian_Bank,RECEIVED,687,5545.772,2023-02-14,2023-02-14 06:00:00,VALIDATED
2725,CUST_POS_20240222.csv,Custodian_Bank,RECEIVED,1047,4974.3657,2024-02-22,2024-02-22 06:00:00,VALIDATED
2726,CUST_POS_20240604.csv,Custodian_Bank,RECEIVED,1217,3860.2719,2024-06-04,2024-06-04 06:00:00,VALIDATED
2727,CUST_POS_20230102.csv,Custodian_Bank,RECEIVED,661,5498.772,2023-01-02,2023-01-02 06:00:00,VALIDATED
2728,CUST_POS_20230305.csv,Custodian_Bank,RECEIVED,694,5598.772,2023-03-05,2023-03-05 06:00:00,VALIDATED
2729,CUST_POS_20230225.csv,Custodian_Bank,RECEIVED,689,5569.772,2023-02-25,2023-02-25 06:00:00,VALIDATED
2730,CUST_POS_20240416.csv,Custodian_Bank,RECEIVED,1145,4036.2719,2024-04-16,2024-04-16 06:00:00,VALIDATED
2731,CUST_POS_20230111.csv,Custodian_Bank,RECEIVED,665,5510.772,2023-01-11,2023-01-11 06:00:00,VALIDATED
2732,CUST_POS_20240531.csv,Custodian_Bank,RECEIVED,1217,3860.2719,2024-05-31,2024-05-31 06:00:00,VALIDATED
2733,CUST_POS_20240505.csv,Custodian_Bank,RECEIVED,1166,3895.2719,2024-05-05,2024-05-05 06:00:00,VALIDATED
2734,CUST_POS_20240306.csv,Custodian_Bank,RECEIVED,1058,4916.3657,2024-03-06,2024-03-06 06:00:00,VALIDATED
2735,CUST_POS_20230121.csv,Custodian_Bank,RECEIVED,667,5524.772,2023-01-21,2023-01-21 06:00:00,VALIDATED
2736,CUST_POS_20230205.csv,Custodian_Bank,RECEIVED,677,5560.772,2023-02-05,2023-02-05 06:00:00,VALIDATED
2737,CUST_POS_20240525.csv,Custodian_Bank,RECEIVED,1186,3900.2719,2024-05-25,2024-05-25 06:00:00,VALIDATED
2738,CUST_POS_20240606.csv,Custodian_Bank,RECEIVED,1220,3864.2719,2024-06-06,2024-06-06 06:00:00,VALIDATED
2739,CUST_POS_20240615.csv,Custodian_Bank,RECEIVED,1227,3873.2719,2024-06-15,2024-06-15 06:00:00,VALIDATED
2740,CUST_POS_20230303.csv,Custodian_Bank,RECEIVED,694,5598.772,2023-03-03,2023-03-03 06:00:00,VALIDATED
2741,CUST_POS_20230220.csv,Custodian_Bank,RECEIVED,689,5563.772,2023-02-20,2023-02-20 06:00:00,VALIDATED
2742,CUST_POS_20240617.csv,Custodian_Bank,RECEIVED,1227,3873.2719,2024-06-17,2024-06-17 06:00:00,VALIDATED
2743,CUST_POS_20240622.csv,Custodian_Bank,RECEIVED,1232,3872.2719,2024-06-22,2024-06-22 06:00:00,VALIDATED
2744,CUST_POS_20230316.csv,Custodian_Bank,RECEIVED,701,5560.272,2023-03-16,2023-03-16 06:00:00,VALIDATED
2745,CUST_POS_20230126.csv,Custodian_Bank,RECEIVED,667,5524.772,2023-01-26,2023-01-26 06:00:00,VALIDATED
2746,CUST_POS_20240623.csv,Custodian_Bank,RECEIVED,1232,3872.2719,2024-06-23,2024-06-23 06:00:00,VALIDATED
2747,CUST_POS_20231208.csv,Custodian_Bank,RECEIVED,1025,4880.3657,2023-12-08,2023-12-08 06:00:00,VALIDATED
2748,CUST_POS_20230320.csv,Custodian_Bank,RECEIVED,702,5564.272,2023-03-20,2023-03-20 06:00:00,VALIDATED
2749,CUST_POS_20240314.csv,Custodian_Bank,RECEIVED,1121,4027.2719,2024-03-14,2024-03-14 06:00:00,VALIDATED
2750,CUST_POS_20220920.csv,Custodian_Bank,RECEIVED,607,5104.2719,2022-09-20,2022-09-20 06:00:00,VALIDATED
2751,CUST_POS_20240414.csv,Custodian_Bank,RECEIVED,1145,4036.2719,2024-04-14,2024-04-14 06:00:00,VALIDATED
2752,CUST_POS_20230427.csv,Custodian_Bank,RECEIVED,753,5801.3757,2023-04-27,2023-04-27 06:00:00,VALIDATED
2753,CUST_POS_20230317.csv,Custodian_Bank,RECEIVED,702,5564.272,2023-03-17,2023-03-17 06:00:00,VALIDATED
2754,CUST_POS_20240417.csv,Custodian_Bank,RECEIVED,1145,4036.2719,2024-04-17,2024-04-17 06:00:00,VALIDATED
2755,CUST_POS_20220927.csv,Custodian_Bank,RECEIVED,609,5144.2719,2022-09-27,2022-09-27 06:00:00,VALIDATED
2756,CUST_POS_20230218.csv,Custodian_Bank,RECEIVED,689,5563.772,2023-02-18,2023-02-18 06:00:00,VALIDATED
2757,CUST_POS_20230501.csv,Custodian_Bank,RECEIVED,762,5952.2657,2023-05-01,2023-05-01 06:00:00,VALIDATED
2758,CUST_POS_20221001.csv,Custodian_Bank,RECEIVED,615,5248.7719,2022-10-01,2022-10-01 06:00:00,VALIDATED
2759,CUST_POS_20240625.csv,Custodian_Bank,RECEIVED,1237,3874.2719,2024-06-25,2024-06-25 06:00:00,VALIDATED
2760,CUST_POS_20240628.csv,Custodian_Bank,RECEIVED,1246,3892.2719,2024-06-28,2024-06-28 06:00:00,VALIDATED
2761,CUST_POS_20221008.csv,Custodian_Bank,RECEIVED,617,5266.7719,2022-10-08,2022-10-08 06:00:00,VALIDATED
2762,CUST_POS_20230526.csv,Custodian_Bank,RECEIVED,763,6052.3657,2023-05-26,2023-05-26 06:00:00,VALIDATED
2763,CUST_POS_20240418.csv,Custodian_Bank,RECEIVED,1145,4036.2719,2024-04-18,2024-04-18 06:00:00,VALIDATED
2764,CUST_POS_20231213.csv,Custodian_Bank,RECEIVED,1025,4880.3657,2023-12-13,2023-12-13 06:00:00,VALIDATED
2765,CUST_POS_20230702.csv,Custodian_Bank,RECEIVED,777,6205.3657,2023-07-02,2023-07-02 06:00:00,VALIDATED
2766,CUST_POS_20240626.csv,Custodian_Bank,RECEIVED,1237,3874.2719,2024-06-26,2024-06-26 06:00:00,VALIDATED
2767,CUST_POS_20230705.csv,Custodian_Bank,RECEIVED,799,5427.3657,2023-07-05,2023-07-05 06:00:00,VALIDATED
2768,CUST_POS_20230306.csv,Custodian_Bank,RECEIVED,695,5599.772,2023-03-06,2023-03-06 06:00:00,VALIDATED
2769,CUST_POS_20240517.csv,Custodian_Bank,RECEIVED,1181,3898.2719,2024-05-17,2024-05-17 06:00:00,VALIDATED
2770,CUST_POS_20240629.csv,Custodian_Bank,RECEIVED,1246,3892.2719,2024-06-29,2024-06-29 06:00:00,VALIDATED
2771,CUST_POS_20230708.csv,Custodian_Bank,RECEIVED,802,5523.3657,2023-07-08,2023-07-08 06:00:00,VALIDATED
2772,CUST_POS_20230410.csv,Custodian_Bank,RECEIVED,737,5617.272,2023-04-10,2023-04-10 06:00:00,VALIDATED
2773,CUST_POS_20230309.csv,Custodian_Bank,RECEIVED,695,5599.772,2023-03-09,2023-03-09 06:00:00,VALIDATED
2774,CUST_POS_20230416.csv,Custodian_Bank,RECEIVED,740,5628.272,2023-04-16,2023-04-16 06:00:00,VALIDATED
2775,CUST_POS_20240519.csv,Custodian_Bank,RECEIVED,1181,3898.2719,2024-05-19,2024-05-19 06:00:00,VALIDATED
2776,CUST_POS_20230714.csv,Custodian_Bank,RECEIVED,805,5534.3657,2023-07-14,2023-07-14 06:00:00,VALIDATED
2777,CUST_POS_20230422.csv,Custodian_Bank,RECEIVED,743,5689.6757,2023-04-22,2023-04-22 06:00:00,VALIDATED
2778,CUST_POS_20230313.csv,Custodian_Bank,RECEIVED,699,5555.772,2023-03-13,2023-03-13 06:00:00,VALIDATED
2779,CUST_POS_20221012.csv,Custodian_Bank,RECEIVED,617,5266.7719,2022-10-12,2022-10-12 06:00:00,VALIDATED
2780,CUST_POS_20230520.csv,Custodian_Bank,RECEIVED,763,6040.3657,2023-05-20,2023-05-20 06:00:00,VALIDATED
2781,CUST_POS_20230330.csv,Custodian_Bank,RECEIVED,706,5573.272,2023-03-30,2023-03-30 06:00:00,VALIDATED
2782,CUST_POS_20231224.csv,Custodian_Bank,RECEIVED,1025,4880.3657,2023-12-24,2023-12-24 06:00:00,VALIDATED
2783,CUST_POS_20230524.csv,Custodian_Bank,RECEIVED,763,6052.3657,2023-05-24,2023-05-24 06:00:00,VALIDATED
2784,CUST_POS_20240601.csv,Custodian_Bank,RECEIVED,1217,3860.2719,2024-06-01,2024-06-01 06:00:00,VALIDATED
2785,CUST_POS_20230529.csv,Custodian_Bank,RECEIVED,763,6052.3657,2023-05-29,2023-05-29 06:00:00,VALIDATED
2786,CUST_POS_20221014.csv,Custodian_Bank,RECEIVED,618,5271.7719,2022-10-14,2022-10-14 06:00:00,VALIDATED
2787,CUST_POS_20230605.csv,Custodian_Bank,RECEIVED,772,6132.3657,2023-06-05,2023-06-05 06:00:00,VALIDATED
2788,CUST_POS_20230327.csv,Custodian_Bank,RECEIVED,702,5564.272,2023-03-27,2023-03-27 06:00:00,VALIDATED
2789,CUST_POS_20230618.csv,Custodian_Bank,RECEIVED,772,6132.3657,2023-06-18,2023-06-18 06:00:00,VALIDATED
2790,CUST_POS_20230717.csv,Custodian_Bank,RECEIVED,805,5547.3657,2023-07-17,2023-07-17 06:00:00,VALIDATED
2791,CUST_POS_20230710.csv,Custodian_Bank,RECEIVED,804,5524.3657,2023-07-10,2023-07-10 06:00:00,VALIDATED
2792,CUST_POS_20230805.csv,Custodian_Bank,RECEIVED,815,5537.3657,2023-08-05,2023-08-05 06:00:00,VALIDATED
2793,CUST_POS_20221023.csv,Custodian_Bank,RECEIVED,621,5299.7719,2022-10-23,2022-10-23 06:00:00,VALIDATED
2794,CUST_POS_20230818.csv,Custodian_Bank,RECEIVED,828,5518.3657,2023-08-18,2023-08-18 06:00:00,VALIDATED
2795,CUST_POS_20230404.csv,Custodian_Bank,RECEIVED,714,5589.272,2023-04-04,2023-04-04 06:00:00,VALIDATED
2796,CUST_POS_20240109.csv,Custodian_Bank,RECEIVED,1027,4891.3657,2024-01-09,2024-01-09 06:00:00,VALIDATED
2797,CUST_POS_20240602.csv,Custodian_Bank,RECEIVED,1217,3860.2719,2024-06-02,2024-06-02 06:00:00,VALIDATED
2798,CUST_POS_20240110.csv,Custodian_Bank,RECEIVED,1027,4891.3657,2024-01-10,2024-01-10 06:00:00,VALIDATED
2799,CUST_POS_20230901.csv,Custodian_Bank,RECEIVED,861,5410.3657,2023-09-01,2023-09-01 06:00:00,VALIDATED
2800,CUST_POS_20230505.csv,Custodian_Bank,RECEIVED,762,5962.3657,2023-05-05,2023-05-05 06:00:00,VALIDATED
2801,CUST_POS_20240123.csv,Custodian_Bank,RECEIVED,1037,4927.3657,2024-01-23,2024-01-23 06:00:00,VALIDATED
2802,CUST_POS_20230512.csv,Custodian_Bank,RECEIVED,762,5962.3657,2023-05-12,2023-05-12 06:00:00,VALIDATED
2803,CUST_POS_20230414.csv,Custodian_Bank,RECEIVED,740,5628.272,2023-04-14,2023-04-14 06:00:00,VALIDATED
2804,CUST_POS_20230925.csv,Custodian_Bank,RECEIVED,891,5372.1657,2023-09-25,2023-09-25 06:00:00,VALIDATED
2805,CUST_POS_20240613.csv,Custodian_Bank,RECEIVED,1226,3872.2719,2024-06-13,2024-06-13 06:00:00,VALIDATED
2806,CUST_POS_20231014.csv,Custodian_Bank,RECEIVED,944,5288.3657,2023-10-14,2023-10-14 06:00:00,VALIDATED
2807,CUST_POS_20221120.csv,Custodian_Bank,RECEIVED,636,5375.7719,2022-11-20,2022-11-20 06:00:00,VALIDATED
2808,CUST_POS_20240621.csv,Custodian_Bank,RECEIVED,1232,3872.2719,2024-06-21,2024-06-21 06:00:00,VALIDATED
2809,CUST_POS_20230522.csv,Custodian_Bank,RECEIVED,763,6040.3657,2023-05-22,2023-05-22 06:00:00,VALIDATED
2810,CUST_POS_20240124.csv,Custodian_Bank,RECEIVED,1039,4927.3657,2024-01-24,2024-01-24 06:00:00,VALIDATED
2811,CUST_POS_20230430.csv,Custodian_Bank,RECEIVED,760,5929.2657,2023-04-30,2023-04-30 06:00:00,VALIDATED
2812,CUST_POS_20240127.csv,Custodian_Bank,RECEIVED,1042,4937.3657,2024-01-27,2024-01-27 06:00:00,VALIDATED
2813,CUST_POS_20230712.csv,Custodian_Bank,RECEIVED,805,5534.3657,2023-07-12,2023-07-12 06:00:00,VALIDATED
2814,CUST_POS_20230527.csv,Custodian_Bank,RECEIVED,763,6052.3657,2023-05-27,2023-05-27 06:00:00,VALIDATED
2815,CUST_POS_20221123.csv,Custodian_Bank,RECEIVED,637,5383.7719,2022-11-23,2022-11-23 06:00:00,VALIDATED
2816,CUST_POS_20230728.csv,Custodian_Bank,RECEIVED,815,5524.3657,2023-07-28,2023-07-28 06:00:00,VALIDATED
2817,CUST_POS_20230601.csv,Custodian_Bank,RECEIVED,771,6122.3657,2023-06-01,2023-06-01 06:00:00,VALIDATED
2818,CUST_POS_20221125.csv,Custodian_Bank,RECEIVED,637,5383.7719,2022-11-25,2022-11-25 06:00:00,VALIDATED
2819,CUST_POS_20231021.csv,Custodian_Bank,RECEIVED,956,5266.3657,2023-10-21,2023-10-21 06:00:00,VALIDATED
2820,CUST_POS_20230729.csv,Custodian_Bank,RECEIVED,815,5524.3657,2023-07-29,2023-07-29 06:00:00,VALIDATED
2821,CUST_POS_20221212.csv,Custodian_Bank,RECEIVED,650,5442.772,2022-12-12,2022-12-12 06:00:00,VALIDATED
2822,CUST_POS_20230824.csv,Custodian_Bank,RECEIVED,858,5398.3657,2023-08-24,2023-08-24 06:00:00,VALIDATED
2823,CUST_POS_20230509.csv,Custodian_Bank,RECEIVED,762,5962.3657,2023-05-09,2023-05-09 06:00:00,VALIDATED
2824,CUST_POS_20230905.csv,Custodian_Bank,RECEIVED,861,5410.3657,2023-09-05,2023-09-05 06:00:00,VALIDATED
2825,CUST_POS_20230513.csv,Custodian_Bank,RECEIVED,762,5962.3657,2023-05-13,2023-05-13 06:00:00,VALIDATED
2826,CUST_POS_20230911.csv,Custodian_Bank,RECEIVED,875,5392.3657,2023-09-11,2023-09-11 06:00:00,VALIDATED
2827,CUST_POS_20230602.csv,Custodian_Bank,RECEIVED,772,6132.3657,2023-06-02,2023-06-02 06:00:00,VALIDATED
2828,CUST_POS_20231023.csv,Custodian_Bank,RECEIVED,956,5266.3657,2023-10-23,2023-10-23 06:00:00,VALIDATED
2829,CUST_POS_20231027.csv,Custodian_Bank,RECEIVED,956,5266.3657,2023-10-27,2023-10-27 06:00:00,VALIDATED
2830,CUST_POS_20230609.csv,Custodian_Bank,RECEIVED,772,6132.3657,2023-06-09,2023-06-09 06:00:00,VALIDATED
2831,CUST_POS_20231031.csv,Custodian_Bank,RECEIVED,959,5275.3657,2023-10-31,2023-10-31 06:00:00,VALIDATED
2832,CUST_POS_20230610.csv,Custodian_Bank,RECEIVED,772,6132.3657,2023-06-10,2023-06-10 06:00:00,VALIDATED
2833,CUST_POS_20221224.csv,Custodian_Bank,RECEIVED,660,5497.772,2022-12-24,2022-12-24 06:00:00,VALIDATED
2834,CUST_POS_20230914.csv,Custodian_Bank,RECEIVED,885,5331.3657,2023-09-14,2023-09-14 06:00:00,VALIDATED
2835,CUST_POS_20230112.csv,Custodian_Bank,RECEIVED,665,5510.772,2023-01-12,2023-01-12 06:00:00,VALIDATED
2836,CUST_POS_20240131.csv,Custodian_Bank,RECEIVED,1045,4947.3657,2024-01-31,2024-01-31 06:00:00,VALIDATED
2837,CUST_POS_20230630.csv,Custodian_Bank,RECEIVED,777,6205.3657,2023-06-30,2023-06-30 06:00:00,VALIDATED
2838,CUST_POS_20240215.csv,Custodian_Bank,RECEIVED,1047,4974.3657,2024-02-15,2024-02-15 06:00:00,VALIDATED
2839,CUST_POS_20230711.csv,Custodian_Bank,RECEIVED,804,5530.3657,2023-07-11,2023-07-11 06:00:00,VALIDATED
2840,CUST_POS_20231106.csv,Custodian_Bank,RECEIVED,969,5212.3657,2023-11-06,2023-11-06 06:00:00,VALIDATED
2841,CUST_POS_20240217.csv,Custodian_Bank,RECEIVED,1047,4974.3657,2024-02-17,2024-02-17 06:00:00,VALIDATED
2842,CUST_POS_20231207.csv,Custodian_Bank,RECEIVED,1025,4880.3657,2023-12-07,2023-12-07 06:00:00,VALIDATED
2843,CUST_POS_20230515.csv,Custodian_Bank,RECEIVED,763,5990.3657,2023-05-15,2023-05-15 06:00:00,VALIDATED
2844,CUST_POS_20231209.csv,Custodian_Bank,RECEIVED,1025,4880.3657,2023-12-09,2023-12-09 06:00:00,VALIDATED
2845,CUST_POS_20240226.csv,Custodian_Bank,RECEIVED,1047,4974.3657,2024-02-26,2024-02-26 06:00:00,VALIDATED
2846,CUST_POS_20230721.csv,Custodian_Bank,RECEIVED,806,5551.3657,2023-07-21,2023-07-21 06:00:00,VALIDATED
2847,CUST_POS_20240304.csv,Custodian_Bank,RECEIVED,1058,4916.3657,2024-03-04,2024-03-04 06:00:00,VALIDATED
2848,CUST_POS_20230727.csv,Custodian_Bank,RECEIVED,811,5502.3657,2023-07-27,2023-07-27 06:00:00,VALIDATED
2849,CUST_POS_20230924.csv,Custodian_Bank,RECEIVED,891,5372.1657,2023-09-24,2023-09-24 06:00:00,VALIDATED
2850,CUST_POS_20240309.csv,Custodian_Bank,RECEIVED,1087,4541.3656,2024-03-09,2024-03-09 06:00:00,VALIDATED
2851,CUST_POS_20230519.csv,Custodian_Bank,RECEIVED,763,6040.3657,2023-05-19,2023-05-19 06:00:00,VALIDATED
2852,CUST_POS_20231221.csv,Custodian_Bank,RECEIVED,1025,4880.3657,2023-12-21,2023-12-21 06:00:00,VALIDATED
2853,CUST_POS_20230523.csv,Custodian_Bank,RECEIVED,763,6040.3657,2023-05-23,2023-05-23 06:00:00,VALIDATED
2854,CUST_POS_20231228.csv,Custodian_Bank,RECEIVED,1025,4880.3657,2023-12-28,2023-12-28 06:00:00,VALIDATED
2855,CUST_POS_20230611.csv,Custodian_Bank,RECEIVED,772,6132.3657,2023-06-11,2023-06-11 06:00:00,VALIDATED
2856,CUST_POS_20240108.csv,Custodian_Bank,RECEIVED,1027,4891.3657,2024-01-08,2024-01-08 06:00:00,VALIDATED
2857,CUST_POS_20240319.csv,Custodian_Bank,RECEIVED,1131,4025.2719,2024-03-19,2024-03-19 06:00:00,VALIDATED
2858,CUST_POS_20231002.csv,Custodian_Bank,RECEIVED,906,5514.3657,2023-10-02,2023-10-02 06:00:00,VALIDATED
2859,CUST_POS_20240320.csv,Custodian_Bank,RECEIVED,1131,4025.2719,2024-03-20,2024-03-20 06:00:00,VALIDATED
2860,CUST_POS_20230617.csv,Custodian_Bank,RECEIVED,772,6132.3657,2023-06-17,2023-06-17 06:00:00,VALIDATED
2861,CUST_POS_20240323.csv,Custodian_Bank,RECEIVED,1132,4030.2719,2024-03-23,2024-03-23 06:00:00,VALIDATED
2862,CUST_POS_20230803.csv,Custodian_Bank,RECEIVED,815,5537.3657,2023-08-03,2023-08-03 06:00:00,VALIDATED
2863,CUST_POS_20240325.csv,Custodian_Bank,RECEIVED,1132,4030.2719,2024-03-25,2024-03-25 06:00:00,VALIDATED
2864,CUST_POS_20231005.csv,Custodian_Bank,RECEIVED,906,5516.3657,2023-10-05,2023-10-05 06:00:00,VALIDATED
2865,CUST_POS_20240205.csv,Custodian_Bank,RECEIVED,1045,4955.3657,2024-02-05,2024-02-05 06:00:00,VALIDATED
2866,CUST_POS_20230127.csv,Custodian_Bank,RECEIVED,667,5527.772,2023-01-27,2023-01-27 06:00:00,VALIDATED
2867,CUST_POS_20240209.csv,Custodian_Bank,RECEIVED,1045,4955.3657,2024-02-09,2024-02-09 06:00:00,VALIDATED
2868,CUST_POS_20240327.csv,Custodian_Bank,RECEIVED,1134,4035.2719,2024-03-27,2024-03-27 06:00:00,VALIDATED
2869,CUST_POS_20240210.csv,Custodian_Bank,RECEIVED,1045,4955.3657,2024-02-10,2024-02-10 06:00:00,VALIDATED
2870,CUST_POS_20230620.csv,Custodian_Bank,RECEIVED,772,6168.3657,2023-06-20,2023-06-20 06:00:00,VALIDATED
2871,CUST_POS_20240220.csv,Custodian_Bank,RECEIVED,1047,4974.3657,2024-02-20,2024-02-20 06:00:00,VALIDATED
2872,CUST_POS_20230807.csv,Custodian_Bank,RECEIVED,815,5537.3657,2023-08-07,2023-08-07 06:00:00,VALIDATED
2873,CUST_POS_20230208.csv,Custodian_Bank,RECEIVED,686,5533.772,2023-02-08,2023-02-08 06:00:00,VALIDATED
2874,CUST_POS_20240312.csv,Custodian_Bank,RECEIVED,1104,4210.2719,2024-03-12,2024-03-12 06:00:00,VALIDATED
2875,CUST_POS_20231019.csv,Custodian_Bank,RECEIVED,955,5264.3657,2023-10-19,2023-10-19 06:00:00,VALIDATED
2876,CUST_POS_20230625.csv,Custodian_Bank,RECEIVED,772,6168.3657,2023-06-25,2023-06-25 06:00:00,VALIDATED
2877,CUST_POS_20240329.csv,Custodian_Bank,RECEIVED,1134,4035.2719,2024-03-29,2024-03-29 06:00:00,VALIDATED
2878,CUST_POS_20230809.csv,Custodian_Bank,RECEIVED,819,5528.3657,2023-08-09,2023-08-09 06:00:00,VALIDATED
2879,CUST_POS_20240402.csv,Custodian_Bank,RECEIVED,1135,4036.2719,2024-04-02,2024-04-02 06:00:00,VALIDATED
2880,CUST_POS_20231020.csv,Custodian_Bank,RECEIVED,956,5266.3657,2023-10-20,2023-10-20 06:00:00,VALIDATED
2881,CUST_POS_20240420.csv,Custodian_Bank,RECEIVED,1146,4031.2719,2024-04-20,2024-04-20 06:00:00,VALIDATED
2882,CUST_POS_20230217.csv,Custodian_Bank,RECEIVED,689,5563.772,2023-02-17,2023-02-17 06:00:00,VALIDATED
2883,CUST_POS_20230224.csv,Custodian_Bank,RECEIVED,689,5569.772,2023-02-24,2023-02-24 06:00:00,VALIDATED
2884,CUST_POS_20230819.csv,Custodian_Bank,RECEIVED,828,5518.3657,2023-08-19,2023-08-19 06:00:00,VALIDATED
2885,CUST_POS_20240425.csv,Custodian_Bank,RECEIVED,1148,4037.2719,2024-04-25,2024-04-25 06:00:00,VALIDATED
2886,CUST_POS_20230828.csv,Custodian_Bank,RECEIVED,858,5398.3657,2023-08-28,2023-08-28 06:00:00,VALIDATED
2887,CUST_POS_20230627.csv,Custodian_Bank,RECEIVED,772,6168.3657,2023-06-27,2023-06-27 06:00:00,VALIDATED
2888,CUST_POS_20230307.csv,Custodian_Bank,RECEIVED,695,5599.772,2023-03-07,2023-03-07 06:00:00,VALIDATED
2889,CUST_POS_20230709.csv,Custodian_Bank,RECEIVED,802,5523.3657,2023-07-09,2023-07-09 06:00:00,VALIDATED
2890,CUST_POS_20230310.csv,Custodian_Bank,RECEIVED,697,5553.772,2023-03-10,2023-03-10 06:00:00,VALIDATED
2891,CUST_POS_20230713.csv,Custodian_Bank,RECEIVED,805,5534.3657,2023-07-13,2023-07-13 06:00:00,VALIDATED
2892,CUST_POS_20230831.csv,Custodian_Bank,RECEIVED,861,5410.3657,2023-08-31,2023-08-31 06:00:00,VALIDATED
2893,CUST_POS_20231022.csv,Custodian_Bank,RECEIVED,956,5266.3657,2023-10-22,2023-10-22 06:00:00,VALIDATED
2894,CUST_POS_20230315.csv,Custodian_Bank,RECEIVED,700,5559.272,2023-03-15,2023-03-15 06:00:00,VALIDATED
2895,CUST_POS_20231024.csv,Custodian_Bank,RECEIVED,956,5266.3657,2023-10-24,2023-10-24 06:00:00,VALIDATED
2896,CUST_POS_20230716.csv,Custodian_Bank,RECEIVED,805,5534.3657,2023-07-16,2023-07-16 06:00:00,VALIDATED
2897,CUST_POS_20240421.csv,Custodian_Bank,RECEIVED,1146,4031.2719,2024-04-21,2024-04-21 06:00:00,VALIDATED
2898,CUST_POS_20230903.csv,Custodian_Bank,RECEIVED,861,5410.3657,2023-09-03,2023-09-03 06:00:00,VALIDATED
2899,CUST_POS_20240424.csv,Custodian_Bank,RECEIVED,1148,4037.2719,2024-04-24,2024-04-24 06:00:00,VALIDATED
2900,CUST_POS_20230913.csv,Custodian_Bank,RECEIVED,885,5330.3657,2023-09-13,2023-09-13 06:00:00,VALIDATED
2901,CUST_POS_20230725.csv,Custodian_Bank,RECEIVED,809,5490.3657,2023-07-25,2023-07-25 06:00:00,VALIDATED
2902,CUST_POS_20230918.csv,Custodian_Bank,RECEIVED,886,5342.1657,2023-09-18,2023-09-18 06:00:00,VALIDATED
2903,CUST_POS_20240429.csv,Custodian_Bank,RECEIVED,1150,4043.2719,2024-04-29,2024-04-29 06:00:00,VALIDATED
2904,CUST_POS_20230920.csv,Custodian_Bank,RECEIVED,891,5372.1657,2023-09-20,2023-09-20 06:00:00,VALIDATED
2905,CUST_POS_20240503.csv,Custodian_Bank,RECEIVED,1166,3895.2719,2024-05-03,2024-05-03 06:00:00,VALIDATED
2906,CUST_POS_20230816.csv,Custodian_Bank,RECEIVED,827,5517.3657,2023-08-16,2023-08-16 06:00:00,VALIDATED
2907,CUST_POS_20240501.csv,Custodian_Bank,RECEIVED,1163,3932.2719,2024-05-01,2024-05-01 06:00:00,VALIDATED
2908,CUST_POS_20231105.csv,Custodian_Bank,RECEIVED,960,5276.3657,2023-11-05,2023-11-05 06:00:00,VALIDATED
2909,CUST_POS_20230405.csv,Custodian_Bank,RECEIVED,714,5589.272,2023-04-05,2023-04-05 06:00:00,VALIDATED
2910,CUST_POS_20240508.csv,Custodian_Bank,RECEIVED,1166,3897.2719,2024-05-08,2024-05-08 06:00:00,VALIDATED
2911,CUST_POS_20231116.csv,Custodian_Bank,RECEIVED,993,4818.3657,2023-11-16,2023-11-16 06:00:00,VALIDATED
2912,CUST_POS_20230922.csv,Custodian_Bank,RECEIVED,891,5372.1657,2023-09-22,2023-09-22 06:00:00,VALIDATED
2913,CUST_POS_20240511.csv,Custodian_Bank,RECEIVED,1166,3897.2719,2024-05-11,2024-05-11 06:00:00,VALIDATED
2914,CUST_POS_20230822.csv,Custodian_Bank,RECEIVED,829,5524.3657,2023-08-22,2023-08-22 06:00:00,VALIDATED
2915,CUST_POS_20240512.csv,Custodian_Bank,RECEIVED,1166,3897.2719,2024-05-12,2024-05-12 06:00:00,VALIDATED
2916,CUST_POS_20230825.csv,Custodian_Bank,RECEIVED,858,5398.3657,2023-08-25,2023-08-25 06:00:00,VALIDATED
2917,CUST_POS_20240509.csv,Custodian_Bank,RECEIVED,1166,3897.2719,2024-05-09,2024-05-09 06:00:00,VALIDATED
2918,CUST_POS_20230917.csv,Custodian_Bank,RECEIVED,885,5336.3657,2023-09-17,2023-09-17 06:00:00,VALIDATED
2919,CUST_POS_20240515.csv,Custodian_Bank,RECEIVED,1178,3896.2719,2024-05-15,2024-05-15 06:00:00,VALIDATED
2920,CUST_POS_20230923.csv,Custodian_Bank,RECEIVED,891,5372.1657,2023-09-23,2023-09-23 06:00:00,VALIDATED
2921,CUST_POS_20231007.csv,Custodian_Bank,RECEIVED,913,5445.3657,2023-10-07,2023-10-07 06:00:00,VALIDATED
2922,CUST_POS_20230927.csv,Custodian_Bank,RECEIVED,898,5434.3657,2023-09-27,2023-09-27 06:00:00,VALIDATED
2923,CUST_POS_20231203.csv,Custodian_Bank,RECEIVED,1021,4895.3657,2023-12-03,2023-12-03 06:00:00,VALIDATED
2924,CUST_POS_20231115.csv,Custodian_Bank,RECEIVED,991,4855.3657,2023-11-15,2023-11-15 06:00:00,VALIDATED
2925,CUST_POS_20240513.csv,Custodian_Bank,RECEIVED,1170,3896.2719,2024-05-13,2024-05-13 06:00:00,VALIDATED
2926,CUST_POS_20240111.csv,Custodian_Bank,RECEIVED,1027,4891.3657,2024-01-11,2024-01-11 06:00:00,VALIDATED
2927,CUST_POS_20240529.csv,Custodian_Bank,RECEIVED,1202,3873.2719,2024-05-29,2024-05-29 06:00:00,VALIDATED
2928,CUST_POS_20240113.csv,Custodian_Bank,RECEIVED,1031,4906.3657,2024-01-13,2024-01-13 06:00:00,VALIDATED
2929,CUST_POS_20240620.csv,Custodian_Bank,RECEIVED,1232,3872.2719,2024-06-20,2024-06-20 06:00:00,VALIDATED
2930,CUST_POS_20231120.csv,Custodian_Bank,RECEIVED,1002,4882.3657,2023-11-20,2023-11-20 06:00:00,VALIDATED
2931,CUST_POS_20240627.csv,Custodian_Bank,RECEIVED,1243,3896.2719,2024-06-27,2024-06-27 06:00:00,VALIDATED
2932,CUST_POS_20240118.csv,Custodian_Bank,RECEIVED,1031,4906.3657,2024-01-18,2024-01-18 06:00:00,VALIDATED
2933,CUST_POS_20230418.csv,Custodian_Bank,RECEIVED,743,5689.6757,2023-04-18,2023-04-18 06:00:00,VALIDATED
2934,CUST_POS_20231124.csv,Custodian_Bank,RECEIVED,1002,4882.3657,2023-11-24,2023-11-24 06:00:00,VALIDATED
2935,CUST_POS_20240130.csv,Custodian_Bank,RECEIVED,1045,4943.3657,2024-01-30,2024-01-30 06:00:00,VALIDATED
2936,CUST_POS_20231128.csv,Custodian_Bank,RECEIVED,1012,4887.3657,2023-11-28,2023-11-28 06:00:00,VALIDATED
2937,CUST_POS_20231010.csv,Custodian_Bank,RECEIVED,931,5318.3657,2023-10-10,2023-10-10 06:00:00,VALIDATED
2938,CUST_POS_20231215.csv,Custodian_Bank,RECEIVED,1025,4880.3657,2023-12-15,2023-12-15 06:00:00,VALIDATED
2939,CUST_POS_20240216.csv,Custodian_Bank,RECEIVED,1047,4974.3657,2024-02-16,2024-02-16 06:00:00,VALIDATED
2940,CUST_POS_20231222.csv,Custodian_Bank,RECEIVED,1025,4880.3657,2023-12-22,2023-12-22 06:00:00,VALIDATED
2941,CUST_POS_20240328.csv,Custodian_Bank,RECEIVED,1134,4035.2719,2024-03-28,2024-03-28 06:00:00,VALIDATED
2942,CUST_POS_20230423.csv,Custodian_Bank,RECEIVED,743,5689.6757,2023-04-23,2023-04-23 06:00:00,VALIDATED
2943,CUST_POS_20240403.csv,Custodian_Bank,RECEIVED,1135,4036.2719,2024-04-03,2024-04-03 06:00:00,VALIDATED
2944,CUST_POS_20230514.csv,Custodian_Bank,RECEIVED,762,5962.3657,2023-05-14,2023-05-14 06:00:00,VALIDATED
2945,CUST_POS_20231230.csv,Custodian_Bank,RECEIVED,1025,4880.3657,2023-12-30,2023-12-30 06:00:00,VALIDATED
2946,CUST_POS_20240408.csv,Custodian_Bank,RECEIVED,1144,4034.2719,2024-04-08,2024-04-08 06:00:00,VALIDATED
2947,CUST_POS_20240115.csv,Custodian_Bank,RECEIVED,1031,4906.3657,2024-01-15,2024-01-15 06:00:00,VALIDATED
2948,CUST_POS_20240609.csv,Custodian_Bank,RECEIVED,1220,3865.2719,2024-06-09,2024-06-09 06:00:00,VALIDATED
2949,CUST_POS_20240119.csv,Custodian_Bank,RECEIVED,1031,4906.3657,2024-01-19,2024-01-19 06:00:00,VALIDATED
2950,CUST_POS_20240410.csv,Custodian_Bank,RECEIVED,1144,4034.2719,2024-04-10,2024-04-10 06:00:00,VALIDATED
2951,CUST_POS_20240415.csv,Custodian_Bank,RECEIVED,1145,4036.2719,2024-04-15,2024-04-15 06:00:00,VALIDATED
2952,CUST_POS_20230516.csv,Custodian_Bank,RECEIVED,763,6040.3657,2023-05-16,2023-05-16 06:00:00,VALIDATED
2953,CUST_POS_20240426.csv,Custodian_Bank,RECEIVED,1148,4037.2719,2024-04-26,2024-04-26 06:00:00,VALIDATED
2954,CUST_POS_20230518.csv,Custodian_Bank,RECEIVED,763,6040.3657,2023-05-18,2023-05-18 06:00:00,VALIDATED
2955,CUST_POS_20240516.csv,Custodian_Bank,RECEIVED,1181,3898.2719,2024-05-16,2024-05-16 06:00:00,VALIDATED
2956,CUST_POS_20230624.csv,Custodian_Bank,RECEIVED,772,6168.3657,2023-06-24,2023-06-24 06:00:00,VALIDATED
2957,CUST_POS_20240521.csv,Custodian_Bank,RECEIVED,1183,3900.2719,2024-05-21,2024-05-21 06:00:00,VALIDATED
2958,CUST_POS_20230628.csv,Custodian_Bank,RECEIVED,772,6168.3657,2023-06-28,2023-06-28 06:00:00,VALIDATED
2959,CUST_POS_20240527.csv,Custodian_Bank,RECEIVED,1186,3900.2719,2024-05-27,2024-05-27 06:00:00,VALIDATED
2960,CUST_POS_20230715.csv,Custodian_Bank,RECEIVED,805,5534.3657,2023-07-15,2023-07-15 06:00:00,VALIDATED
2961,CUST_POS_20240128.csv,Custodian_Bank,RECEIVED,1042,4937.3657,2024-01-28,2024-01-28 06:00:00,VALIDATED
2962,CUST_POS_20230726.csv,Custodian_Bank,RECEIVED,810,5492.3657,2023-07-26,2023-07-26 06:00:00,VALIDATED
2963,CUST_POS_20240202.csv,Custodian_Bank,RECEIVED,1045,4955.3657,2024-02-02,2024-02-02 06:00:00,VALIDATED
2964,CUST_POS_20230806.csv,Custodian_Bank,RECEIVED,815,5537.3657,2023-08-06,2023-08-06 06:00:00,VALIDATED
2965,CUST_POS_20240530.csv,Custodian_Bank,RECEIVED,1211,3870.2719,2024-05-30,2024-05-30 06:00:00,VALIDATED
2966,CUST_POS_20230810.csv,Custodian_Bank,RECEIVED,819,5528.3657,2023-08-10,2023-08-10 06:00:00,VALIDATED
2967,CUST_POS_20240203.csv,Custodian_Bank,RECEIVED,1045,4955.3657,2024-02-03,2024-02-03 06:00:00,VALIDATED
2968,CUST_POS_20230811.csv,Custodian_Bank,RECEIVED,820,5530.3657,2023-08-11,2023-08-11 06:00:00,VALIDATED
2969,CUST_POS_20240605.csv,Custodian_Bank,RECEIVED,1217,3860.2719,2024-06-05,2024-06-05 06:00:00,VALIDATED
2970,CUST_POS_20230812.csv,Custodian_Bank,RECEIVED,820,5530.3657,2023-08-12,2023-08-12 06:00:00,VALIDATED
2971,CUST_POS_20230813.csv,Custodian_Bank,RECEIVED,820,5530.3657,2023-08-13,2023-08-13 06:00:00,VALIDATED
2972,CUST_POS_20240204.csv,Custodian_Bank,RECEIVED,1045,4955.3657,2024-02-04,2024-02-04 06:00:00,VALIDATED
2973,CUST_POS_20230830.csv,Custodian_Bank,RECEIVED,861,5403.3657,2023-08-30,2023-08-30 06:00:00,VALIDATED
2974,CUST_POS_20240610.csv,Custodian_Bank,RECEIVED,1220,3865.2719,2024-06-10,2024-06-10 06:00:00,VALIDATED
2975,CUST_POS_20231018.csv,Custodian_Bank,RECEIVED,955,5264.3657,2023-10-18,2023-10-18 06:00:00,VALIDATED
2976,CUST_POS_20230908.csv,Custodian_Bank,RECEIVED,875,5392.3657,2023-09-08,2023-09-08 06:00:00,VALIDATED
2977,CUST_POS_20230909.csv,Custodian_Bank,RECEIVED,875,5392.3657,2023-09-09,2023-09-09 06:00:00,VALIDATED
2978,CUST_POS_20231025.csv,Custodian_Bank,RECEIVED,956,5266.3657,2023-10-25,2023-10-25 06:00:00,VALIDATED
2979,CUST_POS_20231103.csv,Custodian_Bank,RECEIVED,960,5276.3657,2023-11-03,2023-11-03 06:00:00,VALIDATED
2980,CUST_POS_20231104.csv,Custodian_Bank,RECEIVED,960,5276.3657,2023-11-04,2023-11-04 06:00:00,VALIDATED
2981,CUST_POS_20231129.csv,Custodian_Bank,RECEIVED,1018,4900.3657,2023-11-29,2023-11-29 06:00:00,VALIDATED
2982,CUST_POS_20231210.csv,Custodian_Bank,RECEIVED,1025,4880.3657,2023-12-10,2023-12-10 06:00:00,VALIDATED
2983,CUST_POS_20231223.csv,Custodian_Bank,RECEIVED,1025,4880.3657,2023-12-23,2023-12-23 06:00:00,VALIDATED
2984,CUST_POS_20231225.csv,Custodian_Bank,RECEIVED,1025,4880.3657,2023-12-25,2023-12-25 06:00:00,VALIDATED
2985,CUST_POS_20240303.csv,Custodian_Bank,RECEIVED,1055,4957.3657,2024-03-03,2024-03-03 06:00:00,VALIDATED
2986,CUST_POS_20240313.csv,Custodian_Bank,RECEIVED,1111,4185.2719,2024-03-13,2024-03-13 06:00:00,VALIDATED
2987,CUST_POS_20240611.csv,Custodian_Bank,RECEIVED,1224,3870.2719,2024-06-11,2024-06-11 06:00:00,VALIDATED
2988,CUST_POS_20230910.csv,Custodian_Bank,RECEIVED,875,5392.3657,2023-09-10,2023-09-10 06:00:00,VALIDATED
2989,CUST_POS_20240405.csv,Custodian_Bank,RECEIVED,1139,3981.2719,2024-04-05,2024-04-05 06:00:00,VALIDATED
2990,CUST_POS_20240427.csv,Custodian_Bank,RECEIVED,1148,4037.2719,2024-04-27,2024-04-27 06:00:00,VALIDATED
2991,CUST_POS_20240507.csv,Custodian_Bank,RECEIVED,1166,3895.2719,2024-05-07,2024-05-07 06:00:00,VALIDATED
2992,CUST_POS_20240520.csv,Custodian_Bank,RECEIVED,1182,3900.2719,2024-05-20,2024-05-20 06:00:00,VALIDATED
2993,CUST_POS_20240522.csv,Custodian_Bank,RECEIVED,1186,3900.2719,2024-05-22,2024-05-22 06:00:00,VALIDATED
2994,CUST_POS_20240524.csv,Custodian_Bank,RECEIVED,1186,3900.2719,2024-05-24,2024-05-24 06:00:00,VALIDATED
2995,CUST_POS_20240616.csv,Custodian_Bank,RECEIVED,1227,3873.2719,2024-06-16,2024-06-16 06:00:00,VALIDATED
2996,CUST_POS_20231009.csv,Custodian_Bank,RECEIVED,922,5305.3657,2023-10-09,2023-10-09 06:00:00,VALIDATED
2997,CUST_POS_20240619.csv,Custodian_Bank,RECEIVED,1232,3872.2719,2024-06-19,2024-06-19 06:00:00,VALIDATED
2998,CUST_POS_20240701.csv,Custodian_Bank,RECEIVED,1251,3889.2719,2024-07-01,2024-07-01 06:00:00,VALIDATED
2999,CUST_POS_20240612.csv,Custodian_Bank,RECEIVED,1226,3872.2719,2024-06-12,2024-06-12 06:00:00,VALIDATED
3000,CUST_POS_20231110.csv,Custodian_Bank,RECEIVED,987,4849.3657,2023-11-10,2023-11-10 06:00:00,VALIDATED
3001,CUST_POS_20231117.csv,Custodian_Bank,RECEIVED,1002,4882.3657,2023-11-17,2023-11-17 06:00:00,VALIDATED
3002,CUST_POS_20231121.csv,Custodian_Bank,RECEIVED,1002,4882.3657,2023-11-21,2023-11-21 06:00:00,VALIDATED
3003,CUST_POS_20240618.csv,Custodian_Bank,RECEIVED,1232,3872.2719,2024-06-18,2024-06-18 06:00:00,VALIDATED
3004,CUST_POS_20231122.csv,Custodian_Bank,RECEIVED,1002,4882.3657,2023-11-22,2023-11-22 06:00:00,VALIDATED
3005,CUST_POS_20231123.csv,Custodian_Bank,RECEIVED,1002,4882.3657,2023-11-23,2023-11-23 06:00:00,VALIDATED
3006,CUST_POS_20240114.csv,Custodian_Bank,RECEIVED,1031,4906.3657,2024-01-14,2024-01-14 06:00:00,VALIDATED
3007,CUST_POS_20231127.csv,Custodian_Bank,RECEIVED,1007,4877.3657,2023-11-27,2023-11-27 06:00:00,VALIDATED
3008,CUST_POS_20231201.csv,Custodian_Bank,RECEIVED,1021,4895.3657,2023-12-01,2023-12-01 06:00:00,VALIDATED
3009,CUST_POS_20240201.csv,Custodian_Bank,RECEIVED,1045,4955.3657,2024-02-01,2024-02-01 06:00:00,VALIDATED
3010,CUST_POS_20231205.csv,Custodian_Bank,RECEIVED,1025,4880.3657,2023-12-05,2023-12-05 06:00:00,VALIDATED
3011,CUST_POS_20231212.csv,Custodian_Bank,RECEIVED,1025,4880.3657,2023-12-12,2023-12-12 06:00:00,VALIDATED
3012,CUST_POS_20240224.csv,Custodian_Bank,RECEIVED,1047,4974.3657,2024-02-24,2024-02-24 06:00:00,VALIDATED
3013,CUST_POS_20240228.csv,Custodian_Bank,RECEIVED,1052,4988.3657,2024-02-28,2024-02-28 06:00:00,VALIDATED
3014,CUST_POS_20240301.csv,Custodian_Bank,RECEIVED,1055,4957.3657,2024-03-01,2024-03-01 06:00:00,VALIDATED
3015,CUST_POS_20240305.csv,Custodian_Bank,RECEIVED,1058,4916.3657,2024-03-05,2024-03-05 06:00:00,VALIDATED
3016,CUST_POS_20231214.csv,Custodian_Bank,RECEIVED,1025,4880.3657,2023-12-14,2023-12-14 06:00:00,VALIDATED
3017,CUST_POS_20231217.csv,Custodian_Bank,RECEIVED,1025,4880.3657,2023-12-17,2023-12-17 06:00:00,VALIDATED
3018,CUST_POS_20231218.csv,Custodian_Bank,RECEIVED,1025,4880.3657,2023-12-18,2023-12-18 06:00:00,VALIDATED
3019,CUST_POS_20240307.csv,Custodian_Bank,RECEIVED,1080,4637.5306,2024-03-07,2024-03-07 06:00:00,VALIDATED
3020,CUST_POS_20240308.csv,Custodian_Bank,RECEIVED,1087,4541.3656,2024-03-08,2024-03-08 06:00:00,VALIDATED
3021,CUST_POS_20240310.csv,Custodian_Bank,RECEIVED,1087,4541.3656,2024-03-10,2024-03-10 06:00:00,VALIDATED
3022,CUST_POS_20240315.csv,Custodian_Bank,RECEIVED,1126,4012.2719,2024-03-15,2024-03-15 06:00:00,VALIDATED
3023,CUST_POS_20240326.csv,Custodian_Bank,RECEIVED,1132,4030.2719,2024-03-26,2024-03-26 06:00:00,VALIDATED
3024,CUST_POS_20231220.csv,Custodian_Bank,RECEIVED,1025,4880.3657,2023-12-20,2023-12-20 06:00:00,VALIDATED
3025,CUST_POS_20240331.csv,Custodian_Bank,RECEIVED,1134,4035.2719,2024-03-31,2024-03-31 06:00:00,VALIDATED
3026,CUST_POS_20240103.csv,Custodian_Bank,RECEIVED,1025,4880.3657,2024-01-03,2024-01-03 06:00:00,VALIDATED
3027,CUST_POS_20240107.csv,Custodian_Bank,RECEIVED,1027,4891.3657,2024-01-07,2024-01-07 06:00:00,VALIDATED
3028,CUST_POS_20240116.csv,Custodian_Bank,RECEIVED,1031,4906.3657,2024-01-16,2024-01-16 06:00:00,VALIDATED
3029,CUST_POS_20240207.csv,Custodian_Bank,RECEIVED,1045,4955.3657,2024-02-07,2024-02-07 06:00:00,VALIDATED
3030,CUST_POS_20240213.csv,Custodian_Bank,RECEIVED,1046,4962.3657,2024-02-13,2024-02-13 06:00:00,VALIDATED
3031,CUST_POS_20240219.csv,Custodian_Bank,RECEIVED,1047,4974.3657,2024-02-19,2024-02-19 06:00:00,VALIDATED
3032,CUST_POS_20240412.csv,Custodian_Bank,RECEIVED,1145,4036.2719,2024-04-12,2024-04-12 06:00:00,VALIDATED
3033,CUST_POS_20240423.csv,Custodian_Bank,RECEIVED,1148,4037.2719,2024-04-23,2024-04-23 06:00:00,VALIDATED
3034,CUST_POS_20240428.csv,Custodian_Bank,RECEIVED,1148,4037.2719,2024-04-28,2024-04-28 06:00:00,VALIDATED
3035,CUST_POS_20240514.csv,Custodian_Bank,RECEIVED,1170,3896.2719,2024-05-14,2024-05-14 06:00:00,VALIDATED
3036,CUST_POS_20240607.csv,Custodian_Bank,RECEIVED,1220,3865.2719,2024-06-07,2024-06-07 06:00:00,VALIDATED
3037,CUST_POS_20240608.csv,Custodian_Bank,RECEIVED,1220,3865.2719,2024-06-08,2024-06-08 06:00:00,VALIDATED
3038,CUST_POS_20240630.csv,Custodian_Bank,RECEIVED,1246,3892.2719,2024-06-30,2024-06-30 06:00:00,VALIDATED
3039,CUST_POS_20240223.csv,Custodian_Bank,RECEIVED,1047,4974.3657,2024-02-23,2024-02-23 06:00:00,VALIDATED
3040,CUST_POS_20240229.csv,Custodian_Bank,RECEIVED,1052,4994.3657,2024-02-29,2024-02-29 06:00:00,VALIDATED
3041,CUST_POS_20240330.csv,Custodian_Bank,RECEIVED,1134,4035.2719,2024-03-30,2024-03-30 06:00:00,VALIDATED
3042,CUST_POS_20240411.csv,Custodian_Bank,RECEIVED,1145,4036.2719,2024-04-11,2024-04-11 06:00:00,VALIDATED
3043,CUST_POS_20240419.csv,Custodian_Bank,RECEIVED,1146,4031.2719,2024-04-19,2024-04-19 06:00:00,VALIDATED
3044,CUST_POS_20240518.csv,Custodian_Bank,RECEIVED,1181,3898.2719,2024-05-18,2024-05-18 06:00:00,VALIDATED
3045,CUST_POS_20240526.csv,Custodian_Bank,RECEIVED,1186,3900.2719,2024-05-26,2024-05-26 06:00:00,VALIDATED
3046,CUST_POS_20240614.csv,Custodian_Bank,RECEIVED,1227,3873.2719,2024-06-14,2024-06-14 06:00:00,VALIDATED
3047,CUST_POS_20240624.csv,Custodian_Bank,RECEIVED,1232,3872.2719,2024-06-24,2024-06-24 06:00:00,VALIDATED
